bcr_patient_barcode,age,AJCC,N,ER,PR,HER2pos,grade3_reviewed,grade3_imputed,duration,event,lp_clinical,lp_guideline_reviewed,lp_guideline_imputed
TCGA-3C-AALI,50.0,2.0,1.0,1.0,1.0,1.0,0.0,0.08373941752746798,131.5811088295688,0.0,3.3976311458337505,2.761145091190817,2.8002077105010628
TCGA-3C-AALJ,62.0,2.0,1.0,1.0,1.0,,1.0,,48.427104722792606,0.0,3.807651862299839,,
TCGA-3C-AALK,52.0,1.0,0.0,1.0,1.0,1.0,0.0,0.0735309648272533,47.572895277207394,0.0,2.6049522525794253,1.9412454926216764,1.9755460904926836
TCGA-4H-AAAK,50.0,3.0,2.0,1.0,1.0,,0.0,,11.433264887063656,0.0,4.258646825165757,,
TCGA-5L-AAT0,42.0,2.0,0.0,1.0,1.0,0.0,,0.14861896308794892,48.525667351129364,0.0,3.091464136750726,,2.5742804744744836
TCGA-5T-A9QA,52.0,2.0,,1.0,0.0,0.0,0.0,0.1142453454230199,9.95482546201232,0.0,,3.3799766842688745,3.4332696563003924
TCGA-A1-A0SB,70.0,1.0,0.0,1.0,0.0,0.0,0.0,0.11465238687557566,8.509240246406572,0.0,3.219983327278558,3.221996003376133,3.2754788514036175
TCGA-A1-A0SD,59.0,2.0,0.0,1.0,1.0,0.0,0.0,0.16920021164080423,14.35728952772074,0.0,3.6723268184110185,3.208241806488426,3.287170029894921
TCGA-A1-A0SE,56.0,1.0,0.0,1.0,1.0,0.0,0.0,0.1445833306264104,43.40041067761807,0.0,2.741625824734788,2.1814925461454107,2.2489375292803158
TCGA-A1-A0SF,54.0,2.0,0.0,1.0,1.0,0.0,0.0,0.16292146221043954,48.06570841889117,0.0,3.501484853216815,3.0013921447145515,3.0773914678971788
TCGA-A1-A0SG,61.0,2.0,1.0,1.0,1.0,0.0,,0.17176513207247598,14.258726899383984,0.0,3.773483469260998,,3.371106374271297
TCGA-A1-A0SH,39.0,2.0,0.0,0.0,1.0,0.0,1.0,0.42437209546123694,47.21149897330596,0.0,2.988958957634204,3.4238601623842047,3.155342248559732
TCGA-A1-A0SI,52.0,2.0,1.0,1.0,1.0,0.0,1.0,0.1604630163769178,20.862422997946613,0.0,3.4659679319114316,3.3851305582594744,2.993504791608025
TCGA-A1-A0SJ,39.0,3.0,1.0,1.0,1.0,0.0,1.0,0.16610882994123968,13.66735112936345,0.0,3.849974636966211,3.7499609009260917,3.360968783665473
TCGA-A1-A0SK,54.0,2.0,0.0,0.0,0.0,0.0,1.0,0.36305592703964173,31.770020533880903,1.0,3.501484853216815,4.505733551969702,4.208612977470763
TCGA-A1-A0SN,50.0,2.0,1.0,1.0,1.0,1.0,1.0,0.08373941752746798,39.29363449691992,0.0,3.3976311458337505,3.2276233694452903,2.8002077105010628
TCGA-A1-A0SO,67.0,2.0,1.0,0.0,0.0,0.0,,0.3907330652890865,27.991786447638603,0.0,3.978493827494043,,4.759332881880449
TCGA-A1-A0SQ,45.0,2.0,1.0,1.0,1.0,0.0,0.0,0.15209439800424063,18.20123203285421,0.0,3.226789180639547,2.629062753521577,2.7000114864347458
TCGA-A2-A04N,66.0,1.0,0.0,1.0,1.0,0.0,0.0,0.15616476035115556,143.04722792607802,0.0,3.083309755123196,2.59519186969316,2.6680393382257894
TCGA-A2-A04P,36.0,3.0,3.0,0.0,0.0,0.0,1.0,0.36212771037125363,18.0041067761807,1.0,3.8131091873942853,4.663714232862445,4.366160665450188
TCGA-A2-A04Q,48.0,1.0,0.0,0.0,0.0,0.0,1.0,0.3152349434123642,78.35728952772074,0.0,2.4682786804240626,3.3548744945623614,3.035446469956534
TCGA-A2-A04R,36.0,1.0,0.0,1.0,1.0,0.0,1.0,0.12356375940628711,121.85626283367556,0.0,2.058257963957974,1.8205721773043844,1.411733708792406
TCGA-A2-A04T,62.0,2.0,0.0,0.0,0.0,0.0,1.0,0.37999360701908813,73.7905544147844,0.0,3.7748319975275404,4.836693010807902,4.547473496103399
TCGA-A2-A04U,47.0,2.0,0.0,0.0,0.0,1.0,1.0,0.206644347903603,87.19507186858316,0.0,3.2623061019449295,4.141376701381644,3.7712935227482616
TCGA-A2-A04V,39.0,2.0,0.0,1.0,1.0,0.0,0.0,0.14520934322512138,63.08008213552361,1.0,2.988958957634204,2.380843159392927,2.4485801638070446
TCGA-A2-A04W,50.0,2.0,1.0,0.0,0.0,1.0,0.0,0.21114018733073128,101.91375770020534,0.0,3.3976311458337505,3.799008220191495,3.8975005312478617
TCGA-A2-A04X,34.0,2.0,0.0,1.0,1.0,1.0,0.0,0.07325783364535109,55.39219712525667,0.0,2.8181169924400002,2.0992261735144178,2.133399361621954
TCGA-A2-A04Y,53.0,2.0,1.0,1.0,1.0,0.0,0.0,0.16168846800720055,36.106776180698155,0.0,3.5001363249502724,2.9600222123597764,3.0354463705293786
TCGA-A2-A0CK,60.0,3.0,2.0,1.0,1.0,0.0,0.0,0.1941890456770226,136.64065708418892,0.0,4.600330755554165,4.152251202121892,4.242836173805189
TCGA-A2-A0CL,37.0,3.0,2.0,1.0,1.0,0.0,0.0,0.16361168824511535,99.05544147843942,0.0,3.814457715660828,3.200742757962068,3.277064056596957
TCGA-A2-A0CM,40.0,2.0,0.0,0.0,0.0,0.0,1.0,0.33423625722532585,24.772073921971252,1.0,3.023127350673045,3.926554499002853,3.615990174549069
TCGA-A2-A0CO,85.0,2.0,0.0,1.0,1.0,0.0,0.0,0.2049693956998025,114.72689938398358,1.0,4.5607050374208775,4.283860047712574,4.379473818513477
TCGA-A2-A0CP,60.0,1.0,0.0,1.0,1.0,0.0,0.0,0.1491278541665475,92.41889117043121,0.0,2.878299396890151,2.3469722755645104,2.4165371802159057
TCGA-A2-A0CQ,62.0,1.0,0.0,1.0,1.0,0.0,0.0,0.15144396203507826,88.54209445585215,0.0,2.9466361829678327,2.4297121402740602,2.5003574589362194
TCGA-A2-A0CR,54.0,2.0,0.0,1.0,1.0,0.0,0.0,0.16292146221043954,107.86036960985626,0.0,3.501484853216815,3.0013921447145515,3.0773914678971788
TCGA-A2-A0CT,71.0,2.0,0.0,1.0,0.0,0.0,0.0,0.13287360596095865,75.20328542094455,0.0,4.0823475348771066,4.166005399009599,4.22798804994373
TCGA-A2-A0CU,73.0,2.0,0.0,1.0,1.0,0.0,0.0,0.1878037696200606,5.190965092402464,1.0,4.150684320954788,3.787420859455275,3.8750272385573408
TCGA-A2-A0CV,41.0,2.0,1.0,1.0,1.0,0.0,0.0,0.14747514074986018,98.92402464065708,0.0,3.090115608484184,2.463583024102477,2.532376973844808
TCGA-A2-A0CW,67.0,2.0,1.0,1.0,1.0,0.0,1.0,0.17964469867604846,107.86036960985626,0.0,3.978493827494043,4.005679543581099,3.6230016150625723
TCGA-A2-A0CX,52.0,2.0,0.0,1.0,0.0,1.0,1.0,0.05909153012436226,56.772073921971256,0.0,3.4331480671391335,3.7716876384187135,3.3327742753960754
TCGA-A2-A0CY,63.0,2.0,1.0,1.0,1.0,0.0,1.0,0.17436077417979073,54.965092402464066,0.0,3.8418202553386798,3.8401998141619984,3.455057049642031
TCGA-A2-A0CZ,46.0,2.0,0.0,1.0,1.0,0.0,1.0,0.15326760643419451,53.09240246406571,0.0,3.2281377089060888,3.136910964130825,2.741928695037959
TCGA-A2-A0D0,60.0,2.0,0.0,0.0,0.0,0.0,1.0,0.37572986063398445,67.28542094455852,0.0,3.7064952114498593,4.753953146098352,4.462744686321213
TCGA-A2-A0D1,76.0,2.0,0.0,0.0,0.0,1.0,1.0,0.25307476920696753,34.52977412731006,0.0,4.2531895000713105,5.341104739670118,4.992680344024959
TCGA-A2-A0D2,45.0,2.0,0.0,0.0,0.0,0.0,,0.34440085996741165,33.74127310061601,0.0,3.193969315867248,,3.8275814027092125
TCGA-A2-A0D3,42.0,1.0,0.0,1.0,1.0,0.0,0.0,0.12957807576843988,61.53593429158111,0.0,2.263268322191018,1.602313493178561,1.6627588508625506
TCGA-A2-A0D4,37.0,2.0,1.0,1.0,1.0,0.0,1.0,0.14297251918707463,25.19917864476386,0.0,2.953442036328821,2.7645815729378502,2.3647968692714683
TCGA-A2-A0EM,73.0,1.0,0.0,1.0,1.0,0.0,0.0,0.16471383364819364,101.65092402464066,0.0,3.3224885063950804,2.8847813961765842,2.9616168217014875
TCGA-A2-A0EN,70.0,2.0,0.0,1.0,1.0,0.0,0.0,0.18368912952213948,134.30800821355237,0.0,4.048179141838267,3.6633110623909504,3.748998051264501
TCGA-A2-A0EO,54.0,1.0,0.0,1.0,1.0,0.0,0.0,0.1423545438201415,80.22997946611909,0.0,2.673289038657107,2.098752681435861,2.1651579839387813
TCGA-A2-A0EP,56.0,1.0,0.0,1.0,0.0,0.0,0.0,0.10238166406866026,118.37371663244353,0.0,2.741625824734788,2.642816950409284,2.6905757727888604
TCGA-A2-A0EQ,64.0,2.0,0.0,0.0,0.0,0.0,1.0,0.3842759543562812,79.70431211498973,0.0,3.843168783605222,4.919432875517452,4.632210982825692
TCGA-A2-A0ER,63.0,1.0,1.0,1.0,1.0,0.0,0.0,0.15261305625389832,74.34907597535934,0.0,3.0136244407789716,2.4710820726288345,2.542272748349306
TCGA-A2-A0ES,52.0,2.0,0.0,1.0,1.0,0.0,0.0,0.1604630163769178,71.95071868583162,0.0,3.4331480671391335,2.918652280005001,2.993504791608025
TCGA-A2-A0ET,58.0,3.0,2.0,1.0,1.0,0.0,1.0,0.19136664354295466,35.02258726899384,0.0,4.531993969476483,4.535989615666816,4.1587797198075975
TCGA-A2-A0EU,79.0,1.0,0.0,1.0,1.0,0.0,1.0,0.1723372357354153,34.26694045174538,0.0,3.527498864628125,3.5994792685597075,3.213392567310226
TCGA-A2-A0EV,80.0,1.0,0.0,1.0,1.0,0.0,0.0,0.17363461520538054,31.802874743326488,0.0,3.561667257666966,3.1743709226600094,3.2553676990063933
TCGA-A2-A0EW,53.0,3.0,3.0,1.0,1.0,0.0,,0.1844479520590623,61.89733059548254,1.0,4.393971869054577,,3.948702638742543
TCGA-A2-A0EX,46.0,2.0,0.0,1.0,1.0,0.0,0.0,0.15326760643419451,24.706365503080082,0.0,3.2281377089060888,2.6704326858763516,2.741928695037959
TCGA-A2-A0EY,62.0,2.0,1.0,1.0,0.0,1.0,1.0,0.06433996254927277,63.24435318275154,0.0,3.807651862299839,4.185386961966463,3.748921878664932
TCGA-A2-A0ST,62.0,2.0,1.0,0.0,0.0,0.0,0.0,0.37999360701908813,99.1211498973306,0.0,3.807651862299839,4.370214732553428,4.547473496103399
TCGA-A2-A0SU,66.0,2.0,0.0,1.0,1.0,0.0,0.0,0.17831210241234222,54.60369609856263,0.0,3.9115055696829035,3.4978313329718507,3.5810100554970954
TCGA-A2-A0SX,48.0,1.0,0.0,0.0,0.0,0.0,1.0,0.3152349434123642,50.39835728952772,0.0,2.4682786804240626,3.3548744945623614,3.035446469956534
TCGA-A2-A0SY,62.0,3.0,1.0,1.0,1.0,1.0,0.0,0.10673385463578142,44.25462012320329,0.0,4.635847676859547,4.160223742726808,4.210012767468771
TCGA-A2-A0T0,59.0,2.0,1.0,0.0,0.0,0.0,1.0,0.37360514315917415,17.51129363449692,0.0,3.705146683183317,4.712583213743577,4.420383619417011
TCGA-A2-A0T1,55.0,3.0,3.0,0.0,0.0,1.0,0.0,0.24721850974533874,17.117043121149898,0.0,4.462308655132259,4.9084973452440614,5.023819410022704
TCGA-A2-A0T3,37.0,1.0,1.0,1.0,1.0,0.0,0.0,0.12454921856371333,49.80698151950719,0.0,2.125246221769113,1.395463831404686,1.4535633364382272
TCGA-A2-A0T4,62.0,2.0,0.0,1.0,1.0,0.0,0.0,0.17305910520523335,20.501026694045173,0.0,3.7748319975275404,3.332351603552751,3.413079916985148
TCGA-A2-A0T5,39.0,2.0,0.0,1.0,1.0,0.0,0.0,0.14520934322512138,17.44558521560575,0.0,2.988958957634204,2.380843159392927,2.4485801638070446
TCGA-A2-A0T6,50.0,2.0,0.0,1.0,1.0,0.0,0.0,0.1580346641761739,18.8911704312115,0.0,3.364811281061452,2.8359124152954513,2.909632153344877
TCGA-A2-A0T7,51.0,2.0,0.0,1.0,1.0,0.0,0.0,0.1592450882502065,20.73100616016427,0.0,3.3989796741002927,2.8772823476502265,2.9515667222376645
TCGA-A2-A0YC,59.0,2.0,1.0,1.0,1.0,0.0,0.0,0.16920021164080423,32.525667351129364,0.0,3.705146683183317,3.208241806488426,3.287170029894921
TCGA-A2-A0YD,63.0,2.0,0.0,1.0,1.0,0.0,0.0,0.17436077417979073,25.26488706365503,0.0,3.809000390566381,3.373721535907525,3.455057049642031
TCGA-A2-A0YE,48.0,2.0,1.0,0.0,0.0,0.0,0.0,0.35056942836603305,18.20123203285421,0.0,3.329294359756069,3.7910356795865794,3.9545687029394214
TCGA-A2-A0YF,67.0,1.0,0.0,1.0,0.0,0.0,0.0,0.11191958995523182,50.431211498973305,0.0,3.1174781481620366,3.0978862063118084,3.1500942639370715
TCGA-A2-A0YG,63.0,3.0,3.0,1.0,1.0,1.0,0.0,0.10760156897381878,21.880903490759753,0.0,4.735655799442984,4.2015936750815825,4.251787469713969
TCGA-A2-A0YH,53.0,3.0,2.0,1.0,1.0,0.0,1.0,0.1844479520590623,21.650924024640656,0.0,4.361152004282279,4.329139953892941,3.948702638742543
TCGA-A2-A0YI,62.0,1.0,0.0,1.0,1.0,0.0,0.0,0.15144396203507826,49.445585215605746,0.0,2.9466361829678327,2.4297121402740602,2.5003574589362194
TCGA-A2-A0YJ,39.0,3.0,2.0,1.0,0.0,0.0,1.0,0.1184945313244737,18.595482546201232,0.0,3.882794501738509,4.211285305189965,3.800082151890303
TCGA-A2-A0YK,61.0,2.0,0.0,1.0,0.0,0.0,0.0,0.1227681823218272,19.318275154004105,0.0,3.7406636044886996,3.752306075461849,3.8095747657757664
TCGA-A2-A0YL,48.0,3.0,2.0,1.0,1.0,0.0,0.0,0.17772442322903717,48.427104722792606,0.0,4.190310039088075,3.655812013864593,3.7387165968162437
TCGA-A2-A0YM,67.0,2.0,0.0,0.0,0.0,0.0,1.0,0.3907330652890865,31.704312114989733,0.0,3.9456739627217443,5.0435426725817765,4.759332881880449
TCGA-A2-A1FV,74.0,2.0,0.0,1.0,1.0,0.0,0.0,0.18919096829284998,23.457905544147845,0.0,4.18485271399363,3.82879079181005,3.9170442689605953
TCGA-A2-A1FW,62.0,3.0,2.0,1.0,0.0,0.0,0.0,0.142072234071753,17.347022587268995,0.0,4.668667541631846,4.696315471095316,4.762589082232874
TCGA-A2-A1FX,61.0,3.0,2.0,1.0,1.0,0.0,1.0,0.1956120494955827,60.681724845995895,0.0,4.6344991485930045,4.660099412731141,4.2848699065311955
TCGA-A2-A1FZ,63.0,2.0,0.0,1.0,1.0,0.0,0.0,0.17436077417979073,22.439425051334702,0.0,3.809000390566381,3.373721535907525,3.455057049642031
TCGA-A2-A1G0,49.0,2.0,1.0,1.0,1.0,0.0,0.0,0.15683172432954123,20.238193018480494,0.0,3.3634627527949097,2.7945424829406766,2.8677010756816013
TCGA-A2-A1G1,85.0,2.0,1.0,0.0,0.0,1.0,1.0,0.26881132169339655,19.186858316221766,0.0,4.593524902193176,5.713434130863091,5.372350495127463
TCGA-A2-A1G4,71.0,3.0,1.0,1.0,1.0,0.0,1.0,0.21027620708764422,19.548254620123203,0.0,4.943363214209114,5.07379873627889,4.705409741064543
TCGA-A2-A1G6,50.0,3.0,2.0,0.0,0.0,0.0,0.0,0.3919365322127365,16.459958932238195,0.0,4.258646825165757,4.776415007574821,4.959244886306447
TCGA-A2-A259,70.0,1.0,0.0,1.0,1.0,0.0,0.0,0.16100479359001812,52.435318275154,0.0,3.219983327278558,2.7606715991122597,2.835776838016848
TCGA-A2-A25A,44.0,2.0,0.0,1.0,1.0,0.0,0.0,0.15092856930663812,107.63039014373716,0.0,3.1598009228284076,2.5876928211668018,2.6580977203163734
TCGA-A2-A25B,39.0,2.0,1.0,1.0,1.0,0.0,0.0,0.14520934322512138,42.41478439425051,0.0,3.0217788224065023,2.380843159392927,2.4485801638070446
TCGA-A2-A25C,50.0,2.0,1.0,1.0,1.0,0.0,0.0,0.1580346641761739,17.182751540041068,0.0,3.3976311458337505,2.8359124152954513,2.909632153344877
TCGA-A2-A25D,90.0,3.0,3.0,1.0,0.0,0.0,0.0,0.17591675074842647,18.135523613963038,0.0,5.6582024114916845,5.854673577029014,5.936734920034262
TCGA-A2-A25E,34.0,3.0,2.0,1.0,1.0,,0.0,,105.26488706365502,0.0,3.7119525365443056,,
TCGA-A2-A25F,66.0,2.0,0.0,0.0,1.0,0.0,1.0,0.4850055248400062,10.57905544147844,0.0,3.9115055696829035,4.540848335963128,4.300614599879928
TCGA-A2-A3KC,55.0,2.0,1.0,1.0,1.0,0.0,0.0,0.16416201766736138,36.205338809034906,0.0,3.568473111027954,3.042762077069326,3.119340092425577
TCGA-A2-A3KD,47.0,3.0,1.0,1.0,1.0,0.0,0.0,0.17640300844863172,39.62217659137577,0.0,4.123321781276936,3.614442081509818,3.696730253169845
TCGA-A2-A3XS,62.0,3.0,2.0,0.0,0.0,0.0,0.0,0.41815426292325203,33.90554414784394,1.0,4.668667541631846,5.27285419583212,5.467914076445327
TCGA-A2-A3XT,45.0,2.0,1.0,0.0,0.0,0.0,,0.34440085996741165,91.00616016427105,0.0,3.226789180639547,,3.8275814027092125
TCGA-A2-A3XU,35.0,2.0,1.0,0.0,0.0,0.0,1.0,0.324223289349721,29.963039014373717,1.0,2.8851052502511396,3.7197048372289783,3.4044696807603647
TCGA-A2-A3XV,46.0,2.0,0.0,1.0,0.0,1.0,1.0,0.05613781751725829,32.72279260780287,0.0,3.2281377089060888,3.5234680442900643,3.083176838496006
TCGA-A2-A3XW,42.0,2.0,1.0,1.0,0.0,0.0,0.0,0.105384475244663,56.24640657084189,0.0,3.1242840015230247,2.9662773607211257,3.015436929288007
TCGA-A2-A3XX,49.0,2.0,0.0,0.0,0.0,0.0,1.0,0.35263689147382343,47.27720739219713,1.0,3.330642888022611,4.298883890195828,3.996903061925073
TCGA-A2-A3XY,49.0,2.0,1.0,0.0,0.0,0.0,1.0,0.35263689147382343,35.90965092402464,1.0,3.3634627527949097,4.298883890195828,3.996903061925073
TCGA-A2-A3XZ,46.0,1.0,0.0,0.0,0.0,1.0,1.0,0.18041157277135253,50.332648870636554,0.0,2.399941894346381,3.1973673057481777,2.815047107337267
TCGA-A2-A3Y0,57.0,2.0,1.0,1.0,0.0,0.0,1.0,0.11891467959166266,50.79260780287474,0.0,3.6368098971056355,4.053304624297223,3.6422974610378507
TCGA-A2-A4RW,49.0,3.0,3.0,1.0,1.0,0.0,0.0,0.1790535845848314,7.293634496919918,0.0,4.257298296899215,3.6971819462193682,3.780706554071792
TCGA-A2-A4RX,67.0,2.0,0.0,1.0,1.0,0.0,1.0,0.17964469867604846,24.37782340862423,0.0,3.9456739627217443,4.005679543581099,3.6230016150625723
TCGA-A2-A4RY,46.0,3.0,3.0,1.0,1.0,0.0,0.0,0.17508932658075727,21.28952772073922,0.0,4.154793117782693,3.573072149155043,3.6547475167591696
TCGA-A2-A4S0,77.0,2.0,0.0,1.0,1.0,0.0,0.0,0.19339965146776322,23.195071868583163,0.0,4.287357893110151,3.9529005888743747,4.043117325306072
TCGA-A2-A4S1,66.0,2.0,0.0,1.0,0.0,0.0,0.0,0.12773562013555312,26.940451745379878,0.0,3.9115055696829035,3.9591557372357244,4.018741629388325
TCGA-A2-A4S2,62.0,3.0,2.0,1.0,1.0,0.0,0.0,0.1970429311344205,21.125256673511295,0.0,4.668667541631846,4.2349910668314426,4.326907314089242
TCGA-A2-A4S3,59.0,2.0,1.0,1.0,1.0,0.0,1.0,0.16920021164080423,21.880903490759753,0.0,3.705146683183317,3.674720084742899,3.287170029894921
TCGA-A7-A0CD,66.0,1.0,0.0,1.0,1.0,0.0,0.0,0.15616476035115556,38.275154004106774,0.0,3.083309755123196,2.59519186969316,2.6680393382257894
TCGA-A7-A0CE,57.0,2.0,0.0,0.0,0.0,0.0,1.0,0.36937037413513774,35.285420944558524,0.0,3.603990032333337,4.629843349034027,4.335668326944323
TCGA-A7-A0CG,78.0,2.0,0.0,1.0,0.0,0.0,0.0,0.14035971576487472,34.26694045174538,0.0,4.321526286148992,4.455594925493024,4.52106968403931
TCGA-A7-A0CH,79.0,2.0,0.0,,,,0.0,,35.449691991786445,0.0,4.355694679187833,,
TCGA-A7-A0CJ,57.0,2.0,0.0,1.0,1.0,0.0,1.0,0.16666588507878508,30.587268993839835,0.0,3.603990032333337,3.5919802200333493,3.203247956894186
TCGA-A7-A0D9,37.0,2.0,0.0,1.0,0.0,0.0,1.0,0.10118540833967327,37.42094455852156,0.0,2.9206221715565226,3.225905977201724,2.8066284940140176
TCGA-A7-A0DA,62.0,2.0,0.0,0.0,0.0,0.0,0.0,0.37999360701908813,35.64681724845996,0.0,3.7748319975275404,4.370214732553428,4.547473496103399
TCGA-A7-A0DB,56.0,2.0,0.0,1.0,1.0,0.0,0.0,0.16541015266285794,33.08418891170431,0.0,3.569821639294496,3.0841320094241014,3.1612922526440808
TCGA-A7-A0DC,63.0,1.0,0.0,1.0,0.0,0.0,0.0,0.10836454317212432,29.765913757700204,0.0,2.9808045760066735,2.932406476892708,2.982956182415473
TCGA-A7-A13D,46.0,2.0,0.0,0.0,1.0,0.0,1.0,0.43994878889406364,31.704312114989733,0.0,3.2281377089060888,3.7134496888676294,3.4521979641766
TCGA-A7-A13E,62.0,2.0,1.0,1.0,0.0,0.0,1.0,0.12374819238306212,20.17248459958932,1.0,3.807651862299839,4.2601542860710975,3.851401851536578
TCGA-A7-A13F,44.0,3.0,1.0,1.0,1.0,0.0,1.0,0.172485104574562,25.13347022587269,0.0,4.020816602160414,3.9568105626999666,3.5707928390519776
TCGA-A7-A13G,79.0,2.0,0.0,1.0,1.0,0.0,0.0,0.19624476098904442,23.589322381930184,0.0,4.355694679187833,4.035640453583925,4.127184371806555
TCGA-A7-A13H,61.0,2.0,1.0,1.0,1.0,0.0,0.0,0.17176513207247598,29.53593429158111,0.0,3.773483469260998,3.290981671197976,3.371106374271297
TCGA-A7-A26E,71.0,3.0,1.0,1.0,1.0,0.0,0.0,0.21027620708764422,31.342915811088297,0.0,4.943363214209114,4.607320458024417,4.705409741064543
TCGA-A7-A26F,55.0,1.0,0.0,0.0,0.0,0.0,1.0,0.3290959721641905,24.246406570841888,0.0,2.7074574316959477,3.6444640210457866,3.3315018652669472
TCGA-A7-A26G,50.0,2.0,0.0,0.0,0.0,0.0,0.0,0.35470988782003676,23.720739219712527,0.0,3.364811281061452,3.8737755442961292,4.039240002046258
TCGA-A7-A26H,72.0,2.0,1.0,1.0,0.0,1.0,0.0,0.07001986359330428,23.786447638603697,0.0,4.149335792688246,4.132608007259739,4.165270752672357
TCGA-A7-A26I,65.0,2.0,0.0,0.0,0.0,0.0,1.0,0.3864239204009574,21.71663244353183,0.0,3.8773371766440627,4.960802807872227,4.674582894682736
TCGA-A7-A26J,49.0,2.0,0.0,1.0,1.0,0.0,0.0,0.15683172432954123,20.59958932238193,0.0,3.330642888022611,2.7945424829406766,2.8677010756816013
TCGA-A7-A2KD,53.0,3.0,2.0,1.0,1.0,1.0,1.0,0.09919828116265282,22.308008213552363,0.0,4.361152004282279,4.254372629788307,3.834168194936391
TCGA-A7-A3IY,71.0,1.0,0.0,1.0,1.0,0.0,0.0,0.16223358321298398,11.3347022587269,0.0,3.254151720317399,2.802041531467035,2.8777199740392816
TCGA-A7-A3IZ,62.0,2.0,0.0,1.0,0.0,0.0,0.0,0.12374819238306212,10.57905544147844,0.0,3.7748319975275404,3.7936760078166243,3.851401851536578
TCGA-A7-A3J0,62.0,2.0,0.0,1.0,1.0,0.0,0.0,0.17305910520523335,10.283367556468173,0.0,3.7748319975275404,3.332351603552751,3.413079916985148
TCGA-A7-A3J1,63.0,1.0,0.0,1.0,1.0,0.0,0.0,0.15261305625389832,11.268993839835728,0.0,2.9808045760066735,2.4710820726288345,2.542272748349306
TCGA-A7-A3RF,79.0,2.0,0.0,1.0,1.0,0.0,0.0,0.19624476098904442,13.404517453798768,0.0,4.355694679187833,4.035640453583925,4.127184371806555
TCGA-A7-A425,70.0,3.0,3.0,1.0,1.0,0.0,,0.20877421424828543,14.685831622176591,0.0,4.97483455071487,,4.663339161676113
TCGA-A7-A426,50.0,3.0,3.0,1.0,1.0,0.0,0.0,0.18039050569871987,11.958932238193018,0.0,4.291466689938055,3.7385518785741425,3.822700131085935
TCGA-A7-A4SA,40.0,2.0,1.0,1.0,0.0,0.0,0.0,0.103686704725599,14.915811088295689,0.0,3.055947215445343,2.8835374960115754,2.9319050915098526
TCGA-A7-A4SB,56.0,3.0,1.0,1.0,1.0,0.0,0.0,0.18857566317840066,13.73305954825462,0.0,4.430837318626503,3.9867714727027925,4.074737923382949
TCGA-A7-A4SC,62.0,2.0,0.0,1.0,0.0,0.0,0.0,0.12374819238306212,14.652977412731007,0.0,3.7748319975275404,3.7936760078166243,3.851401851536578
TCGA-A7-A4SD,52.0,2.0,0.0,0.0,0.0,0.0,1.0,0.3588722260820221,14.48870636550308,0.0,3.4331480671391335,4.422993687260153,4.1239215071417705
TCGA-A7-A4SE,54.0,2.0,0.0,0.0,0.0,0.0,1.0,0.36305592703964173,21.15811088295688,0.0,3.501484853216815,4.505733551969702,4.208612977470763
TCGA-A7-A4SF,54.0,2.0,0.0,1.0,0.0,1.0,0.0,0.060108065843789533,17.905544147843944,0.0,3.501484853216815,3.3879492248737906,3.4159883319378084
TCGA-A7-A56D,84.0,2.0,0.0,1.0,1.0,0.0,0.0,0.20349554148735813,14.718685831622176,0.0,4.526536644382036,4.2424901153578,4.337416365183285
TCGA-A7-A5ZV,62.0,2.0,0.0,0.0,0.0,0.0,1.0,0.37999360701908813,12.09034907597536,0.0,3.7748319975275404,4.836693010807902,4.547473496103399
TCGA-A7-A5ZW,47.0,2.0,1.0,1.0,1.0,0.0,0.0,0.15444821618795598,10.710472279260781,0.0,3.2951259667172286,2.7118026182311263,2.7838493561979587
TCGA-A7-A5ZX,48.0,3.0,3.0,1.0,1.0,0.0,0.0,0.17772442322903717,11.039014373716633,0.0,4.223129903860373,3.655812013864593,3.7387165968162437
TCGA-A7-A6VV,51.0,2.0,0.0,0.0,0.0,0.0,1.0,0.3567883540646763,10.283367556468173,0.0,3.3989796741002927,4.381623754905378,4.081579493756242
TCGA-A7-A6VW,48.0,2.0,0.0,0.0,0.0,0.0,1.0,0.35056942836603305,9.363449691991786,0.0,3.2964744949837703,4.257513957841053,3.9545687029394214
TCGA-A7-A6VX,68.0,2.0,0.0,1.0,1.0,0.0,1.0,0.18098506038065226,10.414784394250514,0.0,3.9798423557605846,4.047049475935873,3.6649967970375488
TCGA-A7-A6VY,48.0,2.0,1.0,0.0,0.0,0.0,1.0,0.35056942836603305,8.739219712525667,0.0,3.329294359756069,4.257513957841053,3.9545687029394214
TCGA-A8-A06O,60.0,1.0,0.0,1.0,1.0,0.0,0.0,0.1491278541665475,13.010266940451745,0.0,2.878299396890151,2.3469722755645104,2.4165371802159057
TCGA-A8-A06P,63.0,3.0,2.0,1.0,1.0,0.0,0.0,0.19848169686550146,13.010266940451745,0.0,4.702835934670686,4.276360999186217,4.368948399405062
TCGA-A8-A06Q,63.0,3.0,2.0,1.0,1.0,0.0,0.0,0.19848169686550146,1.0184804928131417,0.0,4.702835934670686,4.276360999186217,4.368948399405062
TCGA-A8-A06R,69.0,2.0,1.0,1.0,0.0,1.0,1.0,0.0682688729156444,17.971252566735114,0.0,4.046830613571724,4.4749764884498875,4.040344156491478
TCGA-A8-A06T,75.0,3.0,1.0,1.0,1.0,1.0,1.0,0.11850615998634614,53.02669404517454,0.0,5.080036786364476,5.164511141593356,4.753313412811862
TCGA-A8-A06U,80.0,2.0,1.0,1.0,1.0,1.0,1.0,0.10711737009250057,29.010266940451746,1.0,4.422682936998973,4.468721340088539,4.052210988205963
TCGA-A8-A06X,77.0,2.0,0.0,1.0,0.0,1.0,1.0,0.07303068568198107,30.981519507186857,1.0,4.287357893110151,4.805935947288087,4.373524897550288
TCGA-A8-A06Y,66.0,2.0,0.0,1.0,1.0,0.0,1.0,0.17831210241234222,25.987679671457904,0.0,3.9115055696829035,3.964309611226324,3.5810100554970954
TCGA-A8-A06Z,84.0,2.0,0.0,1.0,1.0,0.0,1.0,0.20349554148735813,1.0184804928131417,0.0,4.526536644382036,4.708968393612273,4.337416365183285
TCGA-A8-A075,42.0,2.0,1.0,1.0,1.0,1.0,1.0,0.07833837279459603,17.018480492813143,0.0,3.1242840015230247,2.896663910607091,2.466728781615098
TCGA-A8-A076,66.0,2.0,0.0,1.0,1.0,1.0,0.0,0.09556603736835084,53.946611909650926,0.0,3.9115055696829035,3.4230640088672164,3.4676434894384074
TCGA-A8-A079,69.0,3.0,3.0,1.0,1.0,0.0,1.0,0.2072801341014211,9.00205338809035,0.0,4.940666157676029,4.99105887156934,4.621272273386854
TCGA-A8-A07B,69.0,2.0,0.0,1.0,1.0,1.0,1.0,0.09794356032001093,42.97330595482546,0.0,4.014010748799425,4.013652084186014,3.592862349315733
TCGA-A8-A07C,57.0,2.0,0.0,0.0,0.0,0.0,1.0,0.36937037413513774,33.97125256673511,0.0,3.603990032333337,4.629843349034027,4.335668326944323
TCGA-A8-A07F,65.0,2.0,1.0,1.0,1.0,0.0,1.0,0.17698725862182216,18.95687885010267,0.0,3.9101570414163613,3.9229396788715487,3.5390221122919625
TCGA-A8-A07G,65.0,2.0,1.0,1.0,1.0,0.0,1.0,0.17698725862182216,18.95687885010267,0.0,3.9101570414163613,3.9229396788715487,3.5390221122919625
TCGA-A8-A07I,69.0,3.0,2.0,1.0,0.0,1.0,1.0,0.07911957051499338,13.995893223819301,0.0,4.907846292903731,5.377615951728579,4.948045234504174
TCGA-A8-A07J,35.0,2.0,1.0,1.0,1.0,0.0,0.0,0.1407644773134708,11.991786447638603,0.0,2.8851052502511396,2.215363429973827,2.281027000990406
TCGA-A8-A07L,58.0,3.0,1.0,1.0,1.0,0.0,1.0,0.19136664354295466,32.03285420944559,0.0,4.499174104704185,4.535989615666816,4.1587797198075975
TCGA-A8-A07O,51.0,2.0,0.0,0.0,0.0,0.0,1.0,0.3567883540646763,9.987679671457906,0.0,3.3989796741002927,4.381623754905378,4.081579493756242
TCGA-A8-A07P,68.0,2.0,1.0,1.0,1.0,1.0,0.0,0.09714525124049546,10.973305954825461,0.0,4.012662220532883,3.505803873576766,3.5511200231160305
TCGA-A8-A07R,80.0,3.0,3.0,0.0,0.0,,1.0,,8.969199178644764,0.0,5.316518481103277,,
TCGA-A8-A07S,73.0,2.0,0.0,1.0,0.0,0.0,0.0,0.13497731514618033,7.983572895277208,0.0,4.150684320954788,4.248745263719149,4.311709249291951
TCGA-A8-A07U,66.0,3.0,2.0,0.0,1.0,0.0,1.0,0.5247857996817376,24.969199178644764,0.0,4.805341113787209,5.44348779924182,5.22181069727528
TCGA-A8-A07Z,85.0,2.0,0.0,1.0,1.0,0.0,1.0,0.2049693956998025,45.04312114989733,0.0,4.5607050374208775,4.750338325967047,4.379473818513477
TCGA-A8-A082,58.0,2.0,1.0,1.0,1.0,0.0,1.0,0.16792923238673788,18.036960985626283,0.0,3.6709782901444763,3.6333501523881244,3.245207213326012
TCGA-A8-A086,59.0,2.0,1.0,1.0,1.0,0.0,0.0,0.16920021164080423,13.010266940451745,0.0,3.705146683183317,3.208241806488426,3.287170029894921
TCGA-A8-A08A,89.0,1.0,0.0,1.0,1.0,0.0,0.0,0.18565930098001804,0.9856262833675564,0.0,3.869182795016532,3.546700313852984,3.633306344916072
TCGA-A8-A08B,52.0,2.0,0.0,1.0,0.0,1.0,1.0,0.05909153012436226,37.97946611909651,0.0,3.4331480671391335,3.7716876384187135,3.3327742753960754
TCGA-A8-A08C,65.0,2.0,0.0,1.0,1.0,1.0,0.0,0.09478507055066,28.944558521560573,0.0,3.8773371766440627,3.3816940765124412,3.425909253027142
TCGA-A8-A08G,41.0,2.0,0.0,1.0,1.0,1.0,0.0,0.07768609800057294,19.942505133470227,0.0,3.0572957437118853,2.388815699997843,2.4250545772374585
TCGA-A8-A08I,53.0,2.0,0.0,1.0,1.0,0.0,1.0,0.16168846800720055,11.991786447638603,0.0,3.4673164601779742,3.4265004906142495,3.0354463705293786
TCGA-A8-A08L,89.0,3.0,2.0,1.0,0.0,0.0,1.0,0.17460592235953906,9.987679671457906,1.0,5.591214153680545,6.279781922928713,5.894753514709552
TCGA-A8-A08P,70.0,3.0,2.0,1.0,1.0,1.0,0.0,0.11385079408581233,30.981519507186857,0.0,4.9420146859425715,4.491183201565008,4.544292123968062
TCGA-A8-A08R,52.0,2.0,1.0,0.0,0.0,0.0,1.0,0.3588722260820221,0.9856262833675564,0.0,3.4659679319114316,4.422993687260153,4.1239215071417705
TCGA-A8-A08X,43.0,3.0,3.0,0.0,0.0,1.0,1.0,0.2275272356202457,42.97330595482546,0.0,4.05228793866617,4.878536435241235,4.518194670114894
TCGA-A8-A091,61.0,2.0,0.0,1.0,0.0,0.0,0.0,0.1227681823218272,32.98562628336756,0.0,3.7406636044886996,3.752306075461849,3.8095747657757664
TCGA-A8-A092,48.0,3.0,2.0,1.0,1.0,0.0,1.0,0.17772442322903717,30.94866529774127,0.0,4.190310039088075,4.122290292119066,3.7387165968162437
TCGA-A8-A093,61.0,2.0,0.0,1.0,1.0,0.0,0.0,0.17176513207247598,17.93839835728953,0.0,3.7406636044886996,3.290981671197976,3.371106374271297
TCGA-A8-A095,45.0,1.0,0.0,1.0,1.0,0.0,1.0,0.13267763187259843,41.95482546201232,0.0,2.3657735013075403,2.192901568497359,1.7883145235216964
TCGA-A8-A097,65.0,2.0,1.0,1.0,1.0,1.0,0.0,0.09478507055066,11.991786447638603,0.0,3.9101570414163613,3.3816940765124412,3.425909253027142
TCGA-A8-A09B,58.0,3.0,1.0,1.0,1.0,0.0,0.0,0.19136664354295466,11.991786447638603,0.0,4.499174104704185,4.069511337412343,4.1587797198075975
TCGA-A8-A09D,47.0,2.0,1.0,1.0,1.0,0.0,1.0,0.15444821618795598,50.0041067761807,0.0,3.2951259667172286,3.1782808964855995,2.7838493561979587
TCGA-A8-A09I,84.0,2.0,0.0,1.0,1.0,1.0,0.0,0.11063657853245394,45.04312114989733,0.0,4.526536644382036,4.167722791253166,4.2193323519189505
TCGA-A8-A09M,75.0,3.0,3.0,1.0,1.0,0.0,0.0,0.21636331107904067,33.05133470225873,0.0,5.145676515909074,4.772800187443517,4.8737289722731045
TCGA-A8-A09N,57.0,3.0,3.0,1.0,1.0,1.0,1.0,0.1024871808910325,1.0184804928131417,0.0,4.53064544120994,4.419852359207407,4.001182124638137
TCGA-A8-A09Q,83.0,3.0,2.0,1.0,1.0,0.0,1.0,0.2289169319913206,25.00205338809035,0.0,5.386203795447501,5.5702379245361895,5.210544422580324
TCGA-A8-A09R,82.0,2.0,1.0,1.0,1.0,0.0,0.0,0.20057154387408332,8.969199178644764,0.0,4.491019723076653,4.1597502506482495,4.253312519101473
TCGA-A8-A09V,51.0,2.0,0.0,1.0,1.0,0.0,0.0,0.1592450882502065,15.014373716632443,0.0,3.3989796741002927,2.8772823476502265,2.9515667222376645
TCGA-A8-A09W,70.0,3.0,3.0,1.0,1.0,0.0,0.0,0.20877421424828543,0.9856262833675564,0.0,4.97483455071487,4.565950525669642,4.663339161676113
TCGA-A8-A09X,62.0,3.0,3.0,0.0,0.0,0.0,0.0,0.41815426292325203,13.995893223819301,1.0,4.701487406404144,5.27285419583212,5.467914076445327
TCGA-A8-A0A1,84.0,2.0,0.0,1.0,1.0,0.0,0.0,0.20349554148735813,11.991786447638603,0.0,4.526536644382036,4.2424901153578,4.337416365183285
TCGA-A8-A0A2,66.0,2.0,0.0,1.0,1.0,0.0,0.0,0.17831210241234222,19.02258726899384,0.0,3.9115055696829035,3.4978313329718507,3.5810100554970954
TCGA-A8-A0A4,73.0,2.0,0.0,1.0,1.0,0.0,0.0,0.1878037696200606,13.010266940451745,0.0,4.150684320954788,3.787420859455275,3.8750272385573408
TCGA-A8-A0A6,64.0,3.0,3.0,1.0,1.0,0.0,,0.1999283523781389,21.026694045174537,0.0,4.769824192481826,,4.4109931651325995
TCGA-A8-A0A7,57.0,2.0,1.0,0.0,0.0,1.0,0.0,0.22190739044031854,0.9856262833675564,0.0,3.6368098971056355,4.088597746674919,4.192112724099462
TCGA-A8-A0A9,80.0,2.0,0.0,1.0,1.0,0.0,0.0,0.1976791334569302,27.006160164271048,0.0,4.389863072226674,4.0770103859387,4.1692234077605255
TCGA-A8-A0AB,54.0,2.0,0.0,1.0,1.0,1.0,0.0,0.08656503516644234,17.018480492813143,0.0,3.501484853216815,2.9266248206099172,2.9670055291713973
TCGA-A8-A0AD,83.0,1.0,0.0,1.0,1.0,0.0,0.0,0.17757302663359972,38.012320328542096,0.0,3.6641724367834874,3.298480719724334,3.3813146794528115
TCGA-AC-A23C,62.0,2.0,1.0,1.0,1.0,1.0,0.0,0.09247635805074884,19.21971252566735,0.0,3.807651862299839,3.2575842794481167,3.300722491730874
TCGA-AC-A23E,50.0,2.0,1.0,1.0,1.0,,0.0,,22.93223819301848,0.0,3.3976311458337505,,
TCGA-AC-A23G,76.0,2.0,1.0,1.0,1.0,1.0,0.0,0.10369705114433471,73.85626283367556,0.0,4.2860093648436095,3.836763332414966,3.8851357542928415
TCGA-AC-A23H,90.0,2.0,,1.0,0.0,1.0,0.0,0.08142451763584646,5.716632443531828,1.0,,4.877266789645688,4.915249558440159
TCGA-AC-A2B8,84.0,2.0,0.0,1.0,1.0,0.0,0.0,0.20349554148735813,22.24229979466119,0.0,4.526536644382036,4.2424901153578,4.337416365183285
TCGA-AC-A2BK,78.0,3.0,2.0,0.0,0.0,0.0,1.0,0.4538180694954936,73.00205338809035,0.0,5.215361830253297,6.401251391762993,6.1464693852075465
TCGA-AC-A2BM,41.0,2.0,1.0,1.0,1.0,0.0,1.0,0.14747514074986018,99.28542094455852,0.0,3.090115608484184,2.9300613023569504,2.532376973844808
TCGA-AC-A2FB,65.0,2.0,0.0,1.0,1.0,1.0,0.0,0.09478507055066,40.54209445585216,0.0,3.8773371766440627,3.3816940765124412,3.425909253027142
TCGA-AC-A2FE,62.0,3.0,3.0,1.0,1.0,,0.0,,86.60369609856262,1.0,4.701487406404144,,
TCGA-AC-A2FF,40.0,2.0,1.0,1.0,1.0,0.0,,0.14633860852377611,90.64476386036961,0.0,3.055947215445343,,2.4904768738940284
TCGA-AC-A2FG,79.0,2.0,1.0,1.0,0.0,0.0,0.0,0.1414575077520517,60.878850102669404,0.0,4.388514543960131,4.496964857847798,4.562951712510144
TCGA-AC-A2FK,45.0,3.0,3.0,1.0,1.0,0.0,0.0,0.1737833634897637,87.06365503080082,0.0,4.120624724743852,3.531702216800268,3.612768380990244
TCGA-AC-A2FM,87.0,2.0,1.0,,,,0.0,,26.02053388090349,1.0,4.661861688270857,,
TCGA-AC-A2FO,65.0,2.0,1.0,1.0,0.0,0.0,0.0,0.1267285990747496,74.08624229979466,0.0,3.9101570414163613,3.9177858048809493,3.97690194358294
TCGA-AC-A2QH,58.0,2.0,0.0,0.0,0.0,0.0,1.0,0.3714852909341884,33.01848049281314,0.0,3.6381584253721777,4.671213281388803,4.3780248220461715
TCGA-AC-A2QI,76.0,3.0,1.0,1.0,0.0,0.0,0.0,0.15826125807405772,19.318275154004105,0.0,5.114205179403317,5.275494524062165,5.349319963242938
TCGA-AC-A2QJ,48.0,3.0,0.0,0.0,0.0,0.0,0.0,0.38762255902515885,14.652977412731007,1.0,4.124670309543479,4.6936751428652705,4.87449264681192
TCGA-AC-A3BB,46.0,3.0,2.0,1.0,1.0,0.0,0.0,0.17508932658075727,32.427104722792606,0.0,4.1219732530103945,3.573072149155043,3.6547475167591696
TCGA-AC-A3EH,79.0,3.0,3.0,1.0,0.0,0.0,0.0,0.16191929331583424,6.4722792607802875,1.0,5.282350088064437,5.39960432112649,5.475136154288641
TCGA-AC-A3HN,87.0,2.0,1.0,1.0,1.0,0.0,0.0,0.20794083000003183,16.295687885010267,0.0,4.661861688270857,4.366599912422124,4.463599792779346
TCGA-AC-A3OD,68.0,2.0,1.0,1.0,1.0,0.0,0.0,0.18098506038065226,14.817248459958932,0.0,4.012662220532883,3.5805711976814,3.6649967970375488
TCGA-AC-A3QP,79.0,2.0,1.0,1.0,1.0,0.0,0.0,0.19624476098904442,22.17659137577002,0.0,4.388514543960131,4.035640453583925,4.127184371806555
TCGA-AC-A3QQ,54.0,1.0,0.0,1.0,1.0,1.0,0.0,0.07477615752598361,24.11498973305955,0.0,2.673289038657107,2.0239853573312265,2.058866810548433
TCGA-AC-A3TM,50.0,3.0,1.0,1.0,1.0,,1.0,,25.034907597535934,0.0,4.225826960393459,,
TCGA-AC-A3TN,75.0,2.0,0.0,1.0,1.0,1.0,0.0,0.1028571942716888,14.981519507186858,0.0,4.21902110703247,3.795393400060191,3.8433740469501343
TCGA-AC-A3W5,65.0,2.0,0.0,1.0,1.0,1.0,1.0,0.09478507055066,16.55852156057495,0.0,3.8773371766440627,3.8481723547669144,3.425909253027142
TCGA-AC-A3W6,90.0,3.0,1.0,1.0,1.0,1.0,0.0,0.13346970279638806,19.7782340862423,0.0,5.592562681947087,5.318581848660506,5.380842565820102
TCGA-AC-A3W7,66.0,2.0,1.0,1.0,0.0,0.0,0.0,0.12773562013555312,15.474332648870636,0.0,3.944325434455202,3.9591557372357244,4.018741629388325
TCGA-AC-A3YI,74.0,3.0,3.0,1.0,1.0,0.0,0.0,0.21482966624400032,23.227926078028748,0.0,5.111508122870233,4.731430255088742,4.831643627916226
TCGA-AC-A3YJ,66.0,2.0,0.0,1.0,1.0,,0.0,,24.772073921971252,0.0,3.9115055696829035,,
TCGA-AC-A4ZE,63.0,2.0,0.0,1.0,1.0,1.0,0.0,0.0932402619517507,29.240246406570844,0.0,3.809000390566381,3.298954211802891,3.34244876866214
TCGA-AC-A5EH,76.0,2.0,1.0,1.0,0.0,0.0,0.0,0.13818551932971723,16.788501026694046,0.0,4.2860093648436095,4.372855060783474,4.4373156039201005
TCGA-AC-A5EI,88.0,1.0,1.0,1.0,1.0,0.0,,0.18429211162479975,14.521560574948666,0.0,3.86783426674999,,3.591298648424827
TCGA-AC-A5XS,74.0,2.0,0.0,1.0,1.0,0.0,0.0,0.18919096829284998,19.318275154004105,0.0,4.18485271399363,3.82879079181005,3.9170442689605953
TCGA-AC-A5XU,74.0,2.0,0.0,1.0,1.0,0.0,1.0,0.18919096829284998,14.948665297741274,0.0,4.18485271399363,4.295269070064523,3.9170442689605953
TCGA-AC-A62X,72.0,2.0,0.0,1.0,0.0,,1.0,,13.700205338809035,0.0,4.116515927915948,,
TCGA-AC-A62Y,79.0,2.0,1.0,1.0,1.0,0.0,0.0,0.19624476098904442,17.412731006160165,0.0,4.388514543960131,4.035640453583925,4.127184371806555
TCGA-AC-A6IV,47.0,2.0,1.0,1.0,1.0,,0.0,,18.661190965092402,0.0,3.2951259667172286,,
TCGA-AC-A6IW,73.0,2.0,0.0,0.0,0.0,0.0,1.0,0.4037607153922312,13.568788501026694,0.0,4.150684320954788,5.2917622667104265,5.0136295917989155
TCGA-AC-A6IX,49.0,3.0,3.0,1.0,1.0,,0.0,,12.254620123203285,0.0,4.257298296899215,,
TCGA-AC-A6NO,43.0,2.0,1.0,1.0,1.0,0.0,0.0,0.14977009841761055,1.675564681724846,0.0,3.1584523945618654,2.5463228888120266,2.6161873864558767
TCGA-AC-A7VB,51.0,2.0,1.0,1.0,0.0,,0.0,,8.213552361396303,0.0,3.4317995388725913,,
TCGA-AC-A7VC,56.0,2.0,0.0,0.0,0.0,0.0,1.0,0.36726046220681374,0.03285420944558522,0.0,3.569821639294496,4.5884734166792525,4.293314166505956
TCGA-AC-A8OP,72.0,1.0,0.0,1.0,1.0,0.0,0.0,0.16346992373027144,20.17248459958932,0.0,3.2883201133562396,2.843411463821809,2.9196666323898963
TCGA-AC-A8OQ,72.0,2.0,1.0,0.0,0.0,,1.0,,1.1170431211498972,0.0,4.149335792688246,,
TCGA-AC-A8OR,75.0,1.0,0.0,1.0,1.0,0.0,0.0,0.16722443370887843,1.3141683778234086,0.0,3.390825292472762,2.9675212608861345,3.0455278268047317
TCGA-AC-A8OS,71.0,2.0,0.0,1.0,1.0,0.0,0.0,0.18505286041108843,2.299794661190965,0.0,4.0823475348771066,3.7046809947457255,3.7910041344563554
TCGA-AN-A03X,74.0,2.0,0.0,1.0,1.0,0.0,,0.18919096829284998,0.32854209445585214,0.0,4.18485271399363,,3.9170442689605953
TCGA-AN-A03Y,66.0,2.0,0.0,1.0,1.0,0.0,0.0,0.17831210241234222,0.32854209445585214,0.0,3.9115055696829035,3.4978313329718507,3.5810100554970954
TCGA-AN-A041,29.0,2.0,1.0,1.0,0.0,,0.0,,0.2299794661190965,0.0,2.6800948920180954,,
TCGA-AN-A046,68.0,2.0,0.0,1.0,1.0,0.0,0.0,0.18098506038065226,0.32854209445585214,0.0,3.9798423557605846,3.5805711976814,3.6649967970375488
TCGA-AN-A049,62.0,2.0,0.0,1.0,1.0,0.0,,0.17305910520523335,0.6242299794661191,0.0,3.7748319975275404,,3.413079916985148
TCGA-AN-A04A,36.0,3.0,2.0,1.0,1.0,0.0,,0.16237448366293558,2.9568788501026693,0.0,3.780289322621987,,3.2351169951788386
TCGA-AN-A04C,51.0,2.0,1.0,0.0,0.0,1.0,,0.21265462695406756,1.7741273100616017,0.0,3.4317995388725913,,3.939576916790651
TCGA-AN-A04D,58.0,2.0,1.0,0.0,0.0,0.0,,0.3714852909341884,1.7084188911704312,0.0,3.6709782901444763,,4.3780248220461715
TCGA-AN-A0AJ,79.0,2.0,0.0,1.0,1.0,1.0,1.0,0.10625309549746219,9.95482546201232,0.0,4.355694679187833,4.427351407733764,4.0104378905261555
TCGA-AN-A0AK,76.0,2.0,0.0,1.0,0.0,,1.0,,7.359342915811088,0.0,4.2531895000713105,,
TCGA-AN-A0AL,41.0,3.0,0.0,0.0,0.0,0.0,0.0,0.3726657358157026,7.457905544147844,0.0,3.8854915582715934,4.404085616381846,4.577926087189591
TCGA-AN-A0AM,56.0,2.0,0.0,1.0,0.0,0.0,1.0,0.11796779465465873,0.16427104722792607,0.0,3.569821639294496,4.011934691942448,3.6004858274279576
TCGA-AN-A0AR,55.0,2.0,0.0,0.0,0.0,0.0,1.0,0.3651556238551063,0.32854209445585214,0.0,3.535653246255656,4.547103484324477,4.250962372780872
TCGA-AN-A0AS,70.0,3.0,2.0,1.0,0.0,0.0,1.0,0.1511468033903908,0.32854209445585214,0.0,4.9420146859425715,5.4937532081879885,5.097781630542732
TCGA-AN-A0AT,62.0,2.0,0.0,0.0,0.0,0.0,1.0,0.37999360701908813,0.32854209445585214,0.0,3.7748319975275404,4.836693010807902,4.547473496103399
TCGA-AN-A0FD,71.0,2.0,0.0,1.0,1.0,1.0,0.0,0.09955773764593327,6.439425051334703,0.0,4.0823475348771066,3.6299136706410913,3.676355192685077
TCGA-AN-A0FF,32.0,1.0,0.0,1.0,1.0,0.0,0.0,0.1196886918929022,5.650924024640657,0.0,1.921584391802611,1.1886141696308115,1.2444463445515426
TCGA-AN-A0FK,88.0,3.0,0.0,1.0,1.0,0.0,0.0,0.237018893504945,6.997946611909651,0.0,5.491406031097108,5.310609308055591,5.421173473411558
TCGA-AN-A0FL,62.0,2.0,0.0,0.0,0.0,0.0,0.0,0.37999360701908813,7.5893223819301845,0.0,3.7748319975275404,4.370214732553428,4.547473496103399
TCGA-AN-A0FN,61.0,1.0,0.0,1.0,1.0,0.0,0.0,0.1502822353746061,7.162217659137577,0.0,2.912467789928992,2.388342207919285,2.458445606329065
TCGA-AN-A0FS,55.0,1.0,0.0,1.0,0.0,0.0,0.0,0.10155125365584318,6.899383983572895,0.0,2.7074574316959477,2.601447018054509,2.6488184720144696
TCGA-AN-A0FT,63.0,2.0,1.0,1.0,1.0,1.0,0.0,0.0932402619517507,7.030800821355236,0.0,3.8418202553386798,3.298954211802891,3.34244876866214
TCGA-AN-A0FV,58.0,2.0,0.0,0.0,0.0,1.0,0.0,0.2234771812071782,0.32854209445585214,0.0,3.6381584253721777,4.129967679029695,4.234214929748383
TCGA-AN-A0FW,67.0,3.0,2.0,1.0,,0.0,0.0,,0.3613963039014374,0.0,4.839509506826049,,
TCGA-AN-A0FX,52.0,2.0,0.0,0.0,0.0,0.0,1.0,0.3588722260820221,0.32854209445585214,0.0,3.4331480671391335,4.422993687260153,4.1239215071417705
TCGA-AN-A0FY,55.0,1.0,0.0,1.0,1.0,0.0,1.0,0.14346533407305326,0.32854209445585214,0.0,2.7074574316959477,2.6066008920451087,2.207046075818236
TCGA-AN-A0FZ,45.0,3.0,2.0,1.0,0.0,,0.0,,0.32854209445585214,0.0,4.087804859971554,,
TCGA-AN-A0G0,56.0,2.0,0.0,0.0,0.0,0.0,1.0,0.36726046220681374,0.5256673511293635,0.0,3.569821639294496,4.5884734166792525,4.293314166505956
TCGA-AN-A0XL,61.0,2.0,0.0,1.0,1.0,0.0,0.0,0.17176513207247598,5.3552361396303905,0.0,3.7406636044886996,3.290981671197976,3.371106374271297
TCGA-AN-A0XN,68.0,3.0,2.0,0.0,1.0,0.0,0.0,0.5293068510046869,0.32854209445585214,0.0,4.87367789986489,5.059749385696897,5.30665953422186
TCGA-AN-A0XO,59.0,3.0,2.0,1.0,0.0,0.0,0.0,0.13878832527334445,12.320328542094456,0.0,4.566162362515324,4.57220567403099,4.636947413046322
TCGA-AN-A0XP,69.0,3.0,2.0,1.0,1.0,,1.0,,0.29568788501026694,0.0,4.907846292903731,,
TCGA-AN-A0XR,55.0,3.0,2.0,1.0,0.0,0.0,,0.1345090785028222,0.32854209445585214,0.0,4.429488790359961,,4.469471507961483
TCGA-AN-A0XS,63.0,3.0,2.0,0.0,1.0,0.0,0.0,0.5179968289047177,0.32854209445585214,0.0,4.702835934670686,4.852899723923022,5.094533992811772
TCGA-AN-A0XT,54.0,3.0,2.0,1.0,0.0,0.0,0.0,0.1334568281086651,0.32854209445585214,0.0,4.39532039732112,4.3653560122571164,4.42761072365455
TCGA-AN-A0XU,54.0,2.0,0.0,0.0,0.0,0.0,1.0,0.36305592703964173,0.32854209445585214,0.0,3.501484853216815,4.505733551969702,4.208612977470763
TCGA-AN-A0XV,67.0,3.0,2.0,1.0,1.0,0.0,,0.20431570560792106,5.322381930184805,0.0,4.839509506826049,,4.537149567177648
TCGA-AN-A0XW,36.0,3.0,2.0,1.0,1.0,0.0,0.0,0.16237448366293558,5.585215605749487,0.0,3.780289322621987,3.1593728256072935,3.2351169951788386
TCGA-AO-A03L,34.0,3.0,2.0,1.0,1.0,0.0,0.0,0.15992271473213537,80.22997946611909,0.0,3.7119525365443056,3.0766329608977436,3.1512334335197716
TCGA-AO-A03M,29.0,1.0,0.0,1.0,1.0,0.0,1.0,0.11685169585820519,61.30595482546201,0.0,1.8190792126860889,1.5309826508209599,1.1190131504615375
TCGA-AO-A03N,59.0,2.0,1.0,1.0,1.0,0.0,1.0,0.16920021164080423,66.72689938398358,0.0,3.705146683183317,3.674720084742899,3.287170029894921
TCGA-AO-A03O,69.0,2.0,0.0,1.0,1.0,0.0,1.0,0.18233320000308656,81.57700205338809,1.0,4.014010748799425,4.088419408290648,3.7069956072422436
TCGA-AO-A03P,54.0,2.0,1.0,1.0,1.0,0.0,0.0,0.16292146221043954,95.63860369609856,1.0,3.534304717989113,3.0013921447145515,3.0773914678971788
TCGA-AO-A03R,57.0,2.0,1.0,1.0,1.0,0.0,1.0,0.16666588507878508,68.69815195071868,0.0,3.6368098971056355,3.5919802200333493,3.203247956894186
TCGA-AO-A03T,42.0,2.0,1.0,1.0,1.0,0.0,1.0,0.14861896308794892,69.782340862423,0.0,3.1242840015230247,2.971431234711725,2.5742804744744836
TCGA-AO-A03U,31.0,1.0,0.0,0.0,0.0,0.0,0.0,0.28293983147534807,58.90759753593429,1.0,1.8874159987637702,2.185107366276714,2.3170926517129455
TCGA-AO-A03V,41.0,1.0,0.0,1.0,1.0,0.0,0.0,0.12855867026262305,44.38603696098563,0.0,2.229099929152177,1.560943560823786,1.620913387982579
TCGA-AO-A0J2,41.0,1.0,0.0,0.0,0.0,0.0,1.0,0.30169519196586914,32.75564681724846,0.0,2.229099929152177,3.065284968078937,2.7395409435303555
TCGA-AO-A0J3,67.0,2.0,1.0,1.0,1.0,0.0,0.0,0.17964469867604846,21.388090349075977,0.0,3.978493827494043,3.539201265326626,3.6230016150625723
TCGA-AO-A0J4,41.0,1.0,0.0,0.0,0.0,0.0,1.0,0.30169519196586914,52.139630390143736,0.0,2.229099929152177,3.065284968078937,2.7395409435303555
TCGA-AO-A0J6,61.0,2.0,0.0,0.0,0.0,0.0,1.0,0.3778593724589943,37.45379876796714,0.0,3.7406636044886996,4.795323078453127,4.505107989685642
TCGA-AO-A0J7,71.0,2.0,1.0,1.0,1.0,0.0,0.0,0.18505286041108843,20.303901437371664,0.0,4.115167399649406,3.7046809947457255,3.7910041344563554
TCGA-AO-A0J8,61.0,2.0,0.0,1.0,1.0,0.0,0.0,0.17176513207247598,22.340862422997947,0.0,3.7406636044886996,3.290981671197976,3.371106374271297
TCGA-AO-A0J9,61.0,3.0,3.0,1.0,1.0,0.0,1.0,0.1956120494955827,52.993839835728956,0.0,4.667319013365303,4.660099412731141,4.2848699065311955
TCGA-AO-A0JA,36.0,3.0,3.0,1.0,1.0,0.0,0.0,0.16237448366293558,21.519507186858316,0.0,3.8131091873942853,3.1593728256072935,3.2351169951788386
TCGA-AO-A0JB,50.0,3.0,1.0,1.0,1.0,0.0,0.0,0.18039050569871987,50.6611909650924,0.0,4.225826960393459,3.7385518785741425,3.822700131085935
TCGA-AO-A0JC,64.0,2.0,0.0,1.0,1.0,0.0,0.0,0.17567015385336357,50.82546201232033,0.0,3.843168783605222,3.4150914682623004,3.497037779172516
TCGA-AO-A0JD,59.0,3.0,1.0,1.0,1.0,0.0,1.0,0.19277391283134196,71.95071868583162,0.0,4.533342497743025,4.57735954802159,4.20080611271706
TCGA-AO-A0JE,53.0,3.0,2.0,0.0,0.0,1.0,1.0,0.24385860853291394,76.71457905544148,0.0,4.361152004282279,5.292235758788984,4.9395122243804765
TCGA-AO-A0JF,68.0,2.0,1.0,1.0,1.0,0.0,0.0,0.18098506038065226,65.05133470225873,0.0,4.012662220532883,3.5805711976814,3.6649967970375488
TCGA-AO-A0JG,49.0,3.0,2.0,1.0,1.0,0.0,0.0,0.1790535845848314,26.217659137577,0.0,4.224478432126917,3.6971819462193682,3.780706554071792
TCGA-AO-A0JI,56.0,2.0,1.0,1.0,0.0,0.0,0.0,0.11796779465465873,50.20123203285421,0.0,3.6026415040667947,3.545456413687975,3.6004858274279576
TCGA-AO-A0JJ,54.0,2.0,1.0,1.0,1.0,0.0,0.0,0.16292146221043954,61.9958932238193,0.0,3.534304717989113,3.0013921447145515,3.0773914678971788
TCGA-AO-A0JL,59.0,3.0,2.0,0.0,0.0,1.0,1.0,0.2540310263589003,55.29363449691992,0.0,4.566162362515324,5.5404553529176335,5.1924770304622765
TCGA-AO-A0JM,40.0,2.0,1.0,1.0,1.0,1.0,1.0,0.07703880032474703,71.75359342915812,0.0,3.055947215445343,2.813924045897541,2.383382694577346
TCGA-AO-A124,38.0,2.0,0.0,0.0,0.0,0.0,0.0,0.3302124875071121,115.18685831622176,0.0,2.9547905645953634,3.37733635603883,3.5313733086692745
TCGA-AO-A125,72.0,2.0,0.0,1.0,1.0,0.0,0.0,0.18642440363033766,113.54414784394251,0.0,4.116515927915948,3.7460509271005,3.833013861930597
TCGA-AO-A126,39.0,2.0,0.0,1.0,1.0,0.0,0.0,0.14520934322512138,108.64887063655031,0.0,2.988958957634204,2.380843159392927,2.4485801638070446
TCGA-AO-A128,61.0,2.0,0.0,0.0,0.0,0.0,,0.3778593724589943,106.71047227926078,0.0,3.7406636044886996,,4.505107989685642
TCGA-AO-A129,29.0,2.0,1.0,0.0,0.0,0.0,1.0,0.31241726745425513,107.95893223819301,0.0,2.6800948920180954,3.4714852431003287,3.1507428338648835
TCGA-AO-A12A,47.0,2.0,0.0,1.0,1.0,0.0,0.0,0.15444821618795598,102.24229979466119,0.0,3.2623061019449295,2.7118026182311263,2.7838493561979587
TCGA-AO-A12B,63.0,2.0,0.0,1.0,1.0,0.0,0.0,0.17436077417979073,98.20123203285421,0.0,3.809000390566381,3.373721535907525,3.455057049642031
TCGA-AO-A12C,42.0,2.0,1.0,1.0,1.0,0.0,0.0,0.14861896308794892,77.93018480492813,0.0,3.1242840015230247,2.504952956457252,2.5742804744744836
TCGA-AO-A12D,43.0,2.0,1.0,0.0,0.0,1.0,0.0,0.20076062403249229,82.62833675564681,0.0,3.1584523945618654,3.5094186937080707,3.6030691639480414
TCGA-AO-A12E,51.0,2.0,0.0,1.0,1.0,0.0,0.0,0.1592450882502065,70.37371663244353,0.0,3.3989796741002927,2.8772823476502265,2.9515667222376645
TCGA-AO-A12F,36.0,2.0,0.0,0.0,0.0,0.0,1.0,0.32621342346137483,60.51745379876797,0.0,2.886453778517682,3.761074769583753,3.4467679674490395
TCGA-AO-A12G,75.0,2.0,0.0,1.0,1.0,0.0,0.0,0.1905860090263769,53.84804928131417,0.0,4.21902110703247,3.8701607241648253,3.959064957514841
TCGA-AO-A12H,69.0,2.0,0.0,1.0,1.0,0.0,0.0,0.18233320000308656,40.54209445585216,0.0,4.014010748799425,3.6219411300361752,3.7069956072422436
TCGA-AO-A1KO,46.0,2.0,0.0,1.0,1.0,0.0,0.0,0.15326760643419451,20.435318275154003,0.0,3.2281377089060888,2.6704326858763516,2.741928695037959
TCGA-AO-A1KP,77.0,2.0,1.0,1.0,1.0,0.0,0.0,0.19339965146776322,97.01848049281314,0.0,4.320177757882449,3.9529005888743747,4.043117325306072
TCGA-AO-A1KR,51.0,2.0,0.0,0.0,0.0,0.0,1.0,0.3567883540646763,82.56262833675565,0.0,3.3989796741002927,4.381623754905378,4.081579493756242
TCGA-AO-A1KS,69.0,2.0,0.0,1.0,1.0,0.0,1.0,0.18233320000308656,11.498973305954825,0.0,4.014010748799425,4.088419408290648,3.7069956072422436
TCGA-AO-A1KT,78.0,2.0,1.0,1.0,1.0,0.0,0.0,0.19481826919047313,17.7741273100616,0.0,4.354346150921291,3.99427052122915,4.0851490120136384
TCGA-AQ-A04H,61.0,3.0,2.0,1.0,1.0,1.0,0.0,0.10587230751570181,24.772073921971252,0.0,4.6344991485930045,4.118853810372033,4.168240942096786
TCGA-AQ-A04J,45.0,2.0,0.0,0.0,0.0,0.0,1.0,0.34440085996741165,26.90759753593429,0.0,3.193969315867248,4.133404160776728,3.8275814027092125
TCGA-AQ-A04L,48.0,2.0,0.0,1.0,0.0,1.0,0.0,0.05710662524391936,130.0041067761807,0.0,3.2964744949837703,3.1397296307451406,3.1663686309658474
TCGA-AQ-A1H2,84.0,3.0,2.0,1.0,1.0,1.0,0.0,0.12730117537526406,15.605749486652977,0.0,5.420372188486342,5.070362254531857,5.129745487640681
TCGA-AQ-A1H3,49.0,3.0,3.0,1.0,1.0,0.0,0.0,0.1790535845848314,32.492813141683776,0.0,4.257298296899215,3.6971819462193682,3.780706554071792
TCGA-AQ-A54N,51.0,2.0,0.0,0.0,0.0,0.0,1.0,0.3567883540646763,2.5626283367556466,0.0,3.3989796741002927,4.381623754905378,4.081579493756242
TCGA-AQ-A7U7,55.0,3.0,2.0,1.0,1.0,0.0,0.0,0.18719193449562804,19.186858316221766,1.0,4.429488790359961,3.9454015403480174,4.032722511654662
TCGA-AR-A0TP,43.0,2.0,0.0,1.0,0.0,0.0,0.0,0.10624252427810241,140.4517453798768,0.0,3.125632529789567,3.0076472930759004,3.057207122878559
TCGA-AR-A0TQ,27.0,3.0,1.0,1.0,0.0,1.0,0.0,0.055448510191481684,98.26694045174538,0.0,3.439953920500122,3.1736005145735584,3.1994660401394563
TCGA-AR-A0TR,68.0,2.0,1.0,1.0,1.0,0.0,0.0,0.18098506038065226,5.256673511293634,1.0,4.012662220532883,3.5805711976814,3.6649967970375488
TCGA-AR-A0TS,46.0,2.0,1.0,0.0,0.0,0.0,0.0,0.3464513512626066,84.04106776180699,0.0,3.260957573678388,3.7082958148770295,3.869907844712946
TCGA-AR-A0TT,53.0,3.0,2.0,1.0,0.0,0.0,1.0,0.1324115499986699,108.94455852156058,0.0,4.361152004282279,4.7904643581568145,4.385753191766727
TCGA-AR-A0TU,35.0,2.0,0.0,0.0,0.0,0.0,0.0,0.324223289349721,23.293634496919918,0.0,2.852285385478841,3.253226558974505,3.4044696807603647
TCGA-AR-A0TV,66.0,2.0,0.0,1.0,1.0,0.0,0.0,0.17831210241234222,75.17043121149898,0.0,3.9115055696829035,3.4978313329718507,3.5810100554970954
TCGA-AR-A0TW,50.0,3.0,1.0,1.0,1.0,0.0,1.0,0.18039050569871987,98.85831622176592,0.0,4.225826960393459,4.205030156828616,3.822700131085935
TCGA-AR-A0TX,64.0,2.0,1.0,1.0,1.0,1.0,0.0,0.0940098224300355,64.78850102669405,0.0,3.8759886483775206,3.340324144157666,3.384177684263838
TCGA-AR-A0TY,54.0,2.0,0.0,1.0,0.0,0.0,0.0,0.11609361056801196,55.81930184804928,1.0,3.501484853216815,3.462716548978425,3.516871696552536
TCGA-AR-A0U0,73.0,2.0,1.0,0.0,0.0,,0.0,,65.3141683778234,0.0,4.183504185727087,,
TCGA-AR-A0U1,36.0,2.0,1.0,0.0,0.0,0.0,1.0,0.32621342346137483,133.1252566735113,0.0,2.9192736432899804,3.761074769583753,3.4467679674490395
TCGA-AR-A0U2,47.0,3.0,2.0,1.0,1.0,0.0,0.0,0.17640300844863172,83.81108829568788,1.0,4.156141646049235,3.614442081509818,3.696730253169845
TCGA-AR-A0U3,59.0,2.0,1.0,1.0,1.0,0.0,1.0,0.16920021164080423,134.0451745379877,0.0,3.705146683183317,3.674720084742899,3.287170029894921
TCGA-AR-A0U4,54.0,2.0,0.0,0.0,0.0,0.0,1.0,0.36305592703964173,107.13757700205339,0.0,3.501484853216815,4.505733551969702,4.208612977470763
TCGA-AR-A1AH,51.0,2.0,1.0,1.0,0.0,0.0,1.0,0.11333085870057712,125.07597535934292,0.0,3.4317995388725913,3.8050850301685735,3.3914731357538463
TCGA-AR-A1AI,47.0,2.0,0.0,0.0,0.0,0.0,1.0,0.34850756104515407,108.28747433264887,0.0,3.2623061019449295,4.216144025486278,3.912236954266814
TCGA-AR-A1AJ,83.0,1.0,0.0,1.0,0.0,0.0,1.0,0.12717373100273768,100.92813141683779,0.0,3.6641724367834874,4.2262834022426805,3.819128907065562
TCGA-AR-A1AK,70.0,1.0,0.0,1.0,1.0,0.0,0.0,0.16100479359001812,103.78644763860369,0.0,3.219983327278558,2.7606715991122597,2.835776838016848
TCGA-AR-A1AL,60.0,3.0,1.0,1.0,1.0,0.0,0.0,0.1941890456770226,97.60985626283367,0.0,4.5675108907818665,4.152251202121892,4.242836173805189
TCGA-AR-A1AM,52.0,3.0,1.0,1.0,1.0,0.0,0.0,0.18308767748665325,98.26694045174538,0.0,4.29416374647114,3.821291743283693,3.906698167847277
TCGA-AR-A1AN,46.0,2.0,0.0,1.0,1.0,0.0,0.0,0.15326760643419451,95.93429158110882,0.0,3.2281377089060888,2.6704326858763516,2.741928695037959
TCGA-AR-A1AO,47.0,2.0,1.0,1.0,0.0,0.0,,0.10973652317195162,86.01232032854209,0.0,3.2951259667172286,,3.2243167268858843
TCGA-AR-A1AP,80.0,1.0,0.0,1.0,1.0,0.0,,0.17363461520538054,93.83162217659138,0.0,3.561667257666966,,3.2553676990063933
TCGA-AR-A1AQ,49.0,2.0,0.0,0.0,0.0,0.0,1.0,0.35263689147382343,99.25256673511294,0.0,3.330642888022611,4.298883890195828,3.996903061925073
TCGA-AR-A1AR,50.0,3.0,2.0,0.0,0.0,0.0,0.0,0.3919365322127365,17.215605749486652,1.0,4.258646825165757,4.776415007574821,4.959244886306447
TCGA-AR-A1AS,54.0,2.0,1.0,1.0,1.0,0.0,0.0,0.16292146221043954,37.782340862423,0.0,3.534304717989113,3.0013921447145515,3.0773914678971788
TCGA-AR-A1AT,62.0,2.0,0.0,1.0,1.0,1.0,0.0,0.09247635805074884,41.790554414784395,1.0,3.7748319975275404,3.2575842794481167,3.300722491730874
TCGA-AR-A1AU,39.0,3.0,2.0,1.0,1.0,0.0,0.0,0.16610882994123968,94.2258726899384,0.0,3.882794501738509,3.2834826226716185,3.360968783665473
TCGA-AR-A1AW,65.0,2.0,0.0,1.0,1.0,0.0,0.0,0.17698725862182216,86.47227926078028,0.0,3.8773371766440627,3.4564614006170755,3.5390221122919625
TCGA-AR-A1AX,64.0,1.0,0.0,1.0,1.0,1.0,0.0,0.08129731105873832,86.37371663244353,0.0,3.0149729690455143,2.4376846808789754,2.4756081105683743
TCGA-AR-A1AY,65.0,1.0,0.0,0.0,0.0,0.0,1.0,0.3494199903451784,33.70841889117043,0.0,3.049141362084355,4.058163344593536,3.7546819018229765
TCGA-AR-A24H,65.0,2.0,0.0,1.0,1.0,0.0,1.0,0.17698725862182216,160.78850102669404,0.0,3.8773371766440627,3.9229396788715487,3.5390221122919625
TCGA-AR-A24K,46.0,2.0,0.0,1.0,1.0,0.0,1.0,0.15326760643419451,50.85831622176591,0.0,3.2281377089060888,3.136910964130825,2.741928695037959
TCGA-AR-A24L,26.0,2.0,1.0,1.0,1.0,0.0,0.0,0.13117912171097396,94.16016427104722,1.0,2.577589712901573,1.8430340387808526,1.9042262496195217
TCGA-AR-A24M,38.0,3.0,2.0,1.0,1.0,0.0,0.0,0.1648564643174716,120.24640657084188,0.0,3.8486261086996683,3.2421126903168433,3.3190146499507773
TCGA-AR-A24N,54.0,1.0,0.0,1.0,1.0,0.0,0.0,0.1423545438201415,99.71252566735113,0.0,2.673289038657107,2.098752681435861,2.1651579839387813
TCGA-AR-A24O,43.0,3.0,2.0,1.0,1.0,0.0,0.0,0.17119453477597021,118.50513347022587,0.0,4.019468073893872,3.448962352090718,3.5288208839195883
TCGA-AR-A24P,47.0,1.0,0.0,1.0,1.0,0.0,0.0,0.13477872057971507,2.759753593429158,0.0,2.434110287385222,1.8091631549524356,1.872034500473802
TCGA-AR-A24Q,49.0,2.0,0.0,1.0,0.0,0.0,1.0,0.11152102844158539,104.21355236139631,0.0,3.330642888022611,3.722345165459023,3.307889024541149
TCGA-AR-A24R,45.0,3.0,2.0,1.0,1.0,0.0,0.0,0.1737833634897637,112.68993839835728,0.0,4.087804859971554,3.531702216800268,3.612768380990244
TCGA-AR-A24S,61.0,1.0,0.0,1.0,1.0,0.0,1.0,0.1502822353746061,97.7741273100616,0.0,2.912467789928992,2.8548204861737583,2.458445606329065
TCGA-AR-A24T,46.0,3.0,3.0,1.0,1.0,0.0,0.0,0.17508932658075727,105.19917864476386,0.0,4.154793117782693,3.573072149155043,3.6547475167591696
TCGA-AR-A24U,47.0,2.0,1.0,0.0,0.0,1.0,0.0,0.206644347903603,102.76796714579055,0.0,3.2951259667172286,3.6748984231271704,3.7712935227482616
TCGA-AR-A24V,52.0,2.0,1.0,1.0,1.0,0.0,0.0,0.1604630163769178,105.23203285420945,0.0,3.4659679319114316,2.918652280005001,2.993504791608025
TCGA-AR-A24W,55.0,2.0,1.0,1.0,1.0,0.0,0.0,0.16416201766736138,50.92402464065709,0.0,3.568473111027954,3.042762077069326,3.119340092425577
TCGA-AR-A24X,52.0,2.0,0.0,1.0,1.0,0.0,0.0,0.1604630163769178,98.69404517453799,0.0,3.4331480671391335,2.918652280005001,2.993504791608025
TCGA-AR-A24Z,57.0,2.0,0.0,1.0,1.0,0.0,0.0,0.16666588507878508,98.59548254620123,0.0,3.603990032333337,3.125501941778876,3.203247956894186
TCGA-AR-A250,58.0,2.0,0.0,1.0,0.0,1.0,0.0,0.06219041354083866,88.93634496919918,0.0,3.6381584253721777,3.5534289542928903,3.5824394313253545
TCGA-AR-A251,51.0,3.0,2.0,1.0,0.0,0.0,0.0,0.1303418043620693,99.5482546201232,0.0,4.292815218204598,4.241246215192791,4.30204783567619
TCGA-AR-A252,50.0,1.0,0.0,1.0,1.0,0.0,0.0,0.1379829574250577,93.24024640657085,0.0,2.536615466501744,1.9332729520167604,1.9976390044248615
TCGA-AR-A254,50.0,3.0,2.0,1.0,1.0,1.0,1.0,0.09679356879324831,85.58521560574948,0.0,4.258646825165757,4.130262832723981,3.708936651786289
TCGA-AR-A255,62.0,1.0,0.0,1.0,1.0,1.0,0.0,0.07995291029825576,70.99794661190965,0.0,2.9466361829678327,2.354944816169426,2.392241112106791
TCGA-AR-A256,45.0,2.0,0.0,0.0,0.0,0.0,1.0,0.34440085996741165,93.7659137577002,1.0,3.193969315867248,4.133404160776728,3.8275814027092125
TCGA-AR-A2LE,69.0,1.0,0.0,1.0,0.0,,0.0,,166.30800821355237,0.0,3.1858149342397173,,
TCGA-AR-A2LH,55.0,3.0,3.0,0.0,0.0,0.0,0.0,0.4027942414621545,20.238193018480494,1.0,4.462308655132259,4.983264669348696,5.171159433596778
TCGA-AR-A2LJ,40.0,3.0,1.0,1.0,1.0,1.0,0.0,0.08915002458535423,86.47227926078028,0.0,3.8841430300050517,3.2500852309217594,3.2916717808966793
TCGA-AR-A2LK,62.0,3.0,2.0,1.0,1.0,0.0,0.0,0.1970429311344205,54.17659137577002,1.0,4.668667541631846,4.2349910668314426,4.326907314089242
TCGA-AR-A2LL,70.0,2.0,0.0,1.0,1.0,0.0,0.0,0.18368912952213948,66.10266940451746,0.0,4.048179141838267,3.6633110623909504,3.748998051264501
TCGA-AR-A2LM,49.0,2.0,1.0,1.0,1.0,0.0,0.0,0.15683172432954123,63.572895277207394,0.0,3.3634627527949097,2.7945424829406766,2.8677010756816013
TCGA-AR-A2LN,65.0,2.0,0.0,1.0,1.0,0.0,0.0,0.17698725862182216,38.143737166324435,0.0,3.8773371766440627,3.4564614006170755,3.5390221122919625
TCGA-AR-A2LO,46.0,2.0,1.0,1.0,1.0,0.0,0.0,0.15326760643419451,39.35934291581109,0.0,3.260957573678388,2.6704326858763516,2.741928695037959
TCGA-AR-A2LQ,59.0,2.0,0.0,1.0,1.0,0.0,0.0,0.16920021164080423,40.50924024640657,0.0,3.6723268184110185,3.208241806488426,3.287170029894921
TCGA-AR-A2LR,49.0,1.0,0.0,0.0,0.0,0.0,1.0,0.31719580219007854,57.23203285420944,0.0,2.5024470734629034,3.3962444269171366,3.0777311003378376
TCGA-AR-A5QM,62.0,2.0,0.0,1.0,1.0,,0.0,,73.29774127310061,0.0,3.7748319975275404,,
TCGA-AR-A5QN,68.0,3.0,3.0,1.0,1.0,1.0,0.0,0.11203370987270193,33.281314168377826,0.0,4.906497764637188,4.408443336855457,4.460704628943336
TCGA-AR-A5QP,54.0,2.0,1.0,1.0,1.0,,0.0,,38.93223819301848,0.0,3.534304717989113,,
TCGA-AR-A5QQ,68.0,3.0,1.0,0.0,0.0,0.0,1.0,0.43144874686931,10.57905544147844,1.0,4.840858035092591,5.987552068215243,5.7223352585554155
TCGA-B6-A0I1,73.0,2.0,0.0,0.0,0.0,,1.0,,77.56878850102669,1.0,4.150684320954788,,
TCGA-B6-A0I2,45.0,1.0,0.0,,,,0.0,,143.2772073921971,0.0,2.3657735013075403,,
TCGA-B6-A0I5,49.0,2.0,1.0,1.0,1.0,,0.0,,281.1006160164271,0.0,3.3634627527949097,,
TCGA-B6-A0I6,49.0,2.0,1.0,0.0,0.0,,1.0,,32.558521560574945,1.0,3.3634627527949097,,
TCGA-B6-A0IA,51.0,2.0,0.0,1.0,1.0,,0.0,,275.67967145790556,0.0,3.3989796741002927,,
TCGA-B6-A0IE,38.0,3.0,1.0,0.0,0.0,,0.0,,65.47843942505133,1.0,3.81580624392737,,
TCGA-B6-A0IG,50.0,2.0,1.0,1.0,1.0,,0.0,,146.39835728952772,1.0,3.3976311458337505,,
TCGA-B6-A0IH,81.0,3.0,1.0,1.0,1.0,,0.0,,112.29568788501027,1.0,5.285047144597521,,
TCGA-B6-A0IJ,42.0,2.0,0.0,1.0,1.0,,1.0,,233.46201232032854,0.0,3.091464136750726,,
TCGA-B6-A0IK,63.0,3.0,1.0,0.0,0.0,,1.0,,18.759753593429156,1.0,4.670016069898388,,
TCGA-B6-A0IM,75.0,2.0,0.0,1.0,1.0,,0.0,,127.24435318275154,1.0,4.21902110703247,,
TCGA-B6-A0IO,66.0,2.0,0.0,1.0,,,1.0,,165.65092402464066,0.0,3.9115055696829035,,
TCGA-B6-A0IP,74.0,1.0,0.0,1.0,1.0,,0.0,,128.98562628336757,1.0,3.356656899433921,,
TCGA-B6-A0IQ,40.0,3.0,1.0,0.0,0.0,,1.0,,140.78028747433265,0.0,3.8841430300050517,,
TCGA-B6-A0RG,26.0,2.0,0.0,0.0,0.0,,0.0,,68.40246406570841,0.0,2.5447698481292744,,
TCGA-B6-A0RH,51.0,2.0,0.0,1.0,1.0,,0.0,,212.10677618069815,1.0,3.3989796741002927,,
TCGA-B6-A0RI,44.0,3.0,1.0,1.0,1.0,,0.0,,234.11909650924025,0.0,4.020816602160414,,
TCGA-B6-A0RL,60.0,2.0,0.0,1.0,1.0,,0.0,,81.11704312114989,1.0,3.7064952114498593,,
TCGA-B6-A0RN,60.0,1.0,0.0,0.0,0.0,,0.0,,263.0965092402464,0.0,2.878299396890151,,
TCGA-B6-A0RO,71.0,3.0,1.0,1.0,1.0,,0.0,,161.93839835728951,0.0,4.943363214209114,,
TCGA-B6-A0RQ,68.0,2.0,0.0,1.0,1.0,,0.0,,140.18891170431212,1.0,3.9798423557605846,,
TCGA-B6-A0RS,38.0,2.0,0.0,0.0,0.0,,1.0,,100.63244353182752,1.0,2.9547905645953634,,
TCGA-B6-A0RT,39.0,3.0,1.0,0.0,0.0,,1.0,,89.39630390143738,0.0,3.849974636966211,,
TCGA-B6-A0RU,40.0,1.0,0.0,0.0,0.0,,1.0,,282.7104722792608,0.0,2.194931536113337,,
TCGA-B6-A0RV,42.0,3.0,2.0,1.0,1.0,,0.0,,169.39630390143736,0.0,3.9852996808550314,,
TCGA-B6-A0WT,61.0,2.0,1.0,1.0,1.0,,1.0,,188.55030800821356,0.0,3.773483469260998,,
TCGA-B6-A0WV,67.0,2.0,1.0,1.0,1.0,,0.0,,79.40862422997947,1.0,3.978493827494043,,
TCGA-B6-A0WX,40.0,3.0,1.0,0.0,0.0,,0.0,,20.993839835728952,1.0,3.8841430300050517,,
TCGA-B6-A0WY,40.0,3.0,1.0,1.0,0.0,,0.0,,113.70841889117042,1.0,3.8841430300050517,,
TCGA-B6-A0WZ,50.0,2.0,1.0,1.0,1.0,,0.0,,206.71868583162217,0.0,3.3976311458337505,,
TCGA-B6-A0X0,54.0,1.0,0.0,1.0,1.0,,0.0,,129.6098562628337,1.0,2.673289038657107,,
TCGA-B6-A0X4,62.0,2.0,1.0,1.0,1.0,,0.0,,28.254620123203285,1.0,3.807651862299839,,
TCGA-B6-A0X5,61.0,2.0,1.0,1.0,1.0,,0.0,,68.8952772073922,1.0,3.773483469260998,,
TCGA-B6-A1KC,67.0,2.0,1.0,1.0,0.0,0.0,0.0,0.12874946349512095,43.564681724846,0.0,3.978493827494043,4.0005256695905,4.060584497647891
TCGA-B6-A1KF,68.0,2.0,1.0,0.0,0.0,,0.0,,101.45379876796714,0.0,4.012662220532883,,
TCGA-B6-A1KI,63.0,1.0,0.0,1.0,1.0,0.0,0.0,0.15261305625389832,73.46201232032854,0.0,2.9808045760066735,2.4710820726288345,2.542272748349306
TCGA-B6-A1KN,57.0,3.0,1.0,0.0,0.0,,0.0,,139.07186858316223,0.0,4.465005711665343,,
TCGA-B6-A2IU,62.0,2.0,0.0,1.0,1.0,,,,170.05338809034907,0.0,3.7748319975275404,,
TCGA-B6-A400,43.0,3.0,2.0,0.0,0.0,0.0,,0.37691570473809466,7.063655030800821,0.0,4.019468073893872,,4.662648470084694
TCGA-B6-A401,47.0,2.0,1.0,1.0,1.0,0.0,,0.15444821618795598,85.28952772073922,0.0,3.2951259667172286,,2.7838493561979587
TCGA-B6-A402,47.0,1.0,0.0,0.0,0.0,0.0,,0.3132806447449983,74.94045174537987,0.0,2.434110287385222,,2.9931648997242117
TCGA-B6-A408,55.0,3.0,3.0,1.0,1.0,0.0,,0.18719193449562804,68.07392197125257,0.0,4.462308655132259,,4.032722511654662
TCGA-B6-A409,44.0,3.0,2.0,0.0,0.0,0.0,,0.37904785665663115,18.82546201232033,1.0,4.053636466932713,,4.705013004995404
TCGA-B6-A40B,76.0,1.0,0.0,1.0,1.0,0.0,,0.16849115884029237,103.5564681724846,0.0,3.4249936855116028,,3.08748865891783
TCGA-B6-A40C,51.0,2.0,0.0,1.0,1.0,0.0,,0.1592450882502065,71.0965092402464,0.0,3.3989796741002927,,2.9515667222376645
TCGA-BH-A0AU,45.0,2.0,0.0,1.0,1.0,0.0,0.0,0.15209439800424063,62.8829568788501,0.0,3.193969315867248,2.629062753521577,2.7000114864347458
TCGA-BH-A0AV,52.0,1.0,0.0,0.0,0.0,0.0,1.0,0.32311725540984004,59.794661190965094,0.0,2.6049522525794253,3.520354223981461,3.204603126704881
TCGA-BH-A0AW,56.0,2.0,1.0,1.0,0.0,1.0,0.0,0.06114095242308569,20.435318275154003,0.0,3.6026415040667947,3.470689089583341,3.4992100158005006
TCGA-BH-A0AY,62.0,2.0,0.0,1.0,1.0,0.0,0.0,0.17305910520523335,25.527720739219713,0.0,3.7748319975275404,3.332351603552751,3.413079916985148
TCGA-BH-A0AZ,47.0,3.0,1.0,1.0,1.0,0.0,0.0,0.17640300844863172,63.04722792607803,0.0,4.123321781276936,3.614442081509818,3.696730253169845
TCGA-BH-A0B0,56.0,1.0,0.0,1.0,1.0,0.0,0.0,0.1445833306264104,81.37987679671458,0.0,2.741625824734788,2.1814925461454107,2.2489375292803158
TCGA-BH-A0B1,66.0,2.0,1.0,1.0,1.0,0.0,0.0,0.17831210241234222,37.71663244353183,0.0,3.944325434455202,3.4978313329718507,3.5810100554970954
TCGA-BH-A0B3,53.0,2.0,1.0,0.0,0.0,0.0,1.0,0.36096143896664434,39.52361396303901,0.0,3.5001363249502724,4.464363619614928,4.166266011925872
TCGA-BH-A0B5,40.0,3.0,2.0,1.0,1.0,0.0,0.0,0.16736880277059646,70.17659137577002,0.0,3.91696289477735,3.3248525550263937,3.402926465976334
TCGA-BH-A0B7,42.0,2.0,1.0,1.0,1.0,1.0,1.0,0.07833837279459603,84.07392197125257,0.0,3.1242840015230247,2.896663910607091,2.466728781615098
TCGA-BH-A0B8,64.0,1.0,0.0,1.0,1.0,0.0,0.0,0.1537895398085225,51.5482546201232,0.0,3.0149729690455143,2.5124520049836097,2.584191484727037
TCGA-BH-A0B9,44.0,1.0,0.0,0.0,0.0,0.0,1.0,0.3074575760225174,51.64681724845996,0.0,2.3316051082686995,3.1893947651432617,2.8663387675880663
TCGA-BH-A0BA,51.0,3.0,3.0,1.0,1.0,0.0,0.0,0.18173519926589163,37.190965092402465,0.0,4.325635082976897,3.7799218109289177,3.8646973337807045
TCGA-BH-A0BC,60.0,3.0,3.0,1.0,1.0,0.0,0.0,0.1941890456770226,32.0,0.0,4.633150620326463,4.152251202121892,4.242836173805189
TCGA-BH-A0BD,47.0,2.0,1.0,1.0,1.0,0.0,0.0,0.15444821618795598,18.20123203285421,0.0,3.2951259667172286,2.7118026182311263,2.7838493561979587
TCGA-BH-A0BF,56.0,2.0,1.0,1.0,1.0,0.0,1.0,0.16541015266285794,43.49897330595483,1.0,3.6026415040667947,3.5506102876785746,3.1612922526440808
TCGA-BH-A0BG,73.0,1.0,0.0,0.0,0.0,0.0,1.0,0.36608714743856596,61.47022587268994,0.0,3.3224885063950804,4.389122803431736,4.093416227405497
TCGA-BH-A0BJ,41.0,2.0,1.0,1.0,1.0,0.0,0.0,0.14747514074986018,21.683778234086244,0.0,3.090115608484184,2.463583024102477,2.532376973844808
TCGA-BH-A0BL,35.0,1.0,0.0,0.0,0.0,0.0,1.0,0.29035702860891494,74.84188911704312,0.0,2.0240895709191333,2.817065373950287,2.486032342480385
TCGA-BH-A0BM,54.0,2.0,1.0,1.0,0.0,0.0,0.0,0.11609361056801196,61.634496919917865,0.0,3.534304717989113,3.462716548978425,3.516871696552536
TCGA-BH-A0BO,54.0,1.0,0.0,1.0,1.0,0.0,0.0,0.1423545438201415,72.18069815195072,0.0,2.673289038657107,2.098752681435861,2.1651579839387813
TCGA-BH-A0BP,76.0,1.0,0.0,1.0,1.0,0.0,0.0,0.16849115884029237,75.43326488706366,1.0,3.4249936855116028,3.0088911932409097,3.08748865891783
TCGA-BH-A0BQ,39.0,1.0,0.0,1.0,1.0,1.0,0.0,0.06589248655010313,74.08624229979466,0.0,2.160763143074496,1.4034363720096021,1.4341737856854002
TCGA-BH-A0BR,59.0,1.0,0.0,1.0,1.0,0.0,0.0,0.14798079598335595,76.55030800821355,0.0,2.8441310038513103,2.3056023432097352,2.3746321701347775
TCGA-BH-A0BS,55.0,3.0,1.0,1.0,1.0,0.0,0.0,0.18719193449562804,85.81519507186859,0.0,4.3966689255876625,3.9454015403480174,4.032722511654662
TCGA-BH-A0BT,56.0,2.0,1.0,1.0,1.0,0.0,0.0,0.16541015266285794,77.70020533880904,0.0,3.6026415040667947,3.0841320094241014,3.1612922526440808
TCGA-BH-A0BV,78.0,2.0,1.0,1.0,1.0,0.0,0.0,0.19481826919047313,49.90554414784394,0.0,4.354346150921291,3.99427052122915,4.0851490120136384
TCGA-BH-A0BW,71.0,1.0,0.0,0.0,0.0,0.0,1.0,0.36188836222184007,77.89733059548254,0.0,3.254151720317399,4.3063829387221855,4.0087177205972875
TCGA-BH-A0BZ,59.0,3.0,1.0,1.0,1.0,0.0,1.0,0.19277391283134196,74.08624229979466,0.0,4.533342497743025,4.57735954802159,4.20080611271706
TCGA-BH-A0C0,62.0,2.0,1.0,1.0,1.0,1.0,1.0,0.09247635805074884,41.724845995893226,0.0,3.807651862299839,3.72406255770259,3.300722491730874
TCGA-BH-A0C1,61.0,3.0,2.0,1.0,1.0,0.0,0.0,0.1956120494955827,46.35728952772074,1.0,4.6344991485930045,4.193621134476667,4.2848699065311955
TCGA-BH-A0C3,47.0,1.0,0.0,1.0,0.0,0.0,0.0,0.09512064171238842,89.00205338809035,0.0,2.434110287385222,2.270487559216309,2.3148592723887647
TCGA-BH-A0C7,48.0,2.0,1.0,1.0,0.0,1.0,0.0,0.05710662524391936,90.90759753593429,0.0,3.329294359756069,3.1397296307451406,3.1663686309658474
TCGA-BH-A0DE,62.0,2.0,0.0,1.0,1.0,0.0,0.0,0.17305910520523335,77.93018480492813,0.0,3.7748319975275404,3.332351603552751,3.413079916985148
TCGA-BH-A0DG,30.0,2.0,0.0,1.0,0.0,0.0,0.0,0.09555641573359132,67.05544147843942,0.0,2.6814434202846376,2.469838172463826,2.5144131647514003
TCGA-BH-A0DH,63.0,2.0,1.0,1.0,1.0,0.0,0.0,0.17436077417979073,37.97946611909651,0.0,3.8418202553386798,3.373721535907525,3.455057049642031
TCGA-BH-A0DI,63.0,2.0,1.0,1.0,1.0,0.0,0.0,0.17436077417979073,29.963039014373717,0.0,3.8418202553386798,3.373721535907525,3.455057049642031
TCGA-BH-A0DK,49.0,2.0,0.0,1.0,1.0,0.0,0.0,0.15683172432954123,13.897330595482547,0.0,3.330642888022611,2.7945424829406766,2.8677010756816013
TCGA-BH-A0DL,64.0,2.0,0.0,1.0,0.0,0.0,1.0,0.12572837267360412,78.2258726899384,0.0,3.843168783605222,4.342894150780648,3.9350654273386936
TCGA-BH-A0DO,78.0,1.0,0.0,1.0,1.0,0.0,0.0,0.1710475436323342,54.012320328542096,0.0,3.4933304715892843,3.091631057950459,3.1714210216037273
TCGA-BH-A0DP,60.0,2.0,0.0,1.0,1.0,0.0,1.0,0.1704788394702983,15.638603696098563,0.0,3.7064952114498593,3.7160900170976743,3.3291364143581266
TCGA-BH-A0DQ,42.0,2.0,1.0,1.0,1.0,0.0,0.0,0.14861896308794892,3.2197125256673513,0.0,3.1242840015230247,2.504952956457252,2.5742804744744836
TCGA-BH-A0DS,71.0,3.0,2.0,1.0,1.0,0.0,0.0,0.21027620708764422,2.5626283367556466,0.0,4.976183078981412,4.607320458024417,4.705409741064543
TCGA-BH-A0DT,41.0,2.0,1.0,1.0,1.0,0.0,0.0,0.14747514074986018,78.94866529774127,0.0,3.090115608484184,2.463583024102477,2.532376973844808
TCGA-BH-A0DV,54.0,3.0,2.0,1.0,1.0,0.0,0.0,0.18581603417156345,67.81108829568788,0.0,4.39532039732112,3.904031607993243,3.9907107516856684
TCGA-BH-A0DX,62.0,1.0,0.0,1.0,1.0,0.0,0.0,0.15144396203507826,70.83367556468173,0.0,2.9466361829678327,2.4297121402740602,2.5003574589362194
TCGA-BH-A0DZ,43.0,2.0,1.0,1.0,1.0,1.0,1.0,0.07899565520010302,16.262833675564682,0.0,3.1584523945618654,2.9380338429618655,2.5084053219347204
TCGA-BH-A0E0,38.0,3.0,3.0,0.0,0.0,0.0,1.0,0.3663276783742434,4.402464065708419,0.0,3.8814459734719664,4.746454097571994,4.4508597240024965
TCGA-BH-A0E1,52.0,2.0,1.0,1.0,1.0,0.0,0.0,0.1604630163769178,15.671457905544148,0.0,3.4659679319114316,2.918652280005001,2.993504791608025
TCGA-BH-A0E2,49.0,3.0,2.0,1.0,1.0,0.0,0.0,0.1790535845848314,14.291581108829568,0.0,4.224478432126917,3.6971819462193682,3.780706554071792
TCGA-BH-A0E6,69.0,1.0,0.0,0.0,0.0,0.0,1.0,0.3577105596658812,9.626283367556468,0.0,3.1858149342397173,4.223643074012636,3.924029001744547
TCGA-BH-A0E7,79.0,2.0,1.0,1.0,1.0,0.0,0.0,0.19624476098904442,44.780287474332646,0.0,4.388514543960131,4.035640453583925,4.127184371806555
TCGA-BH-A0E9,53.0,2.0,1.0,1.0,1.0,0.0,0.0,0.16168846800720055,81.7741273100616,0.0,3.5001363249502724,2.9600222123597764,3.0354463705293786
TCGA-BH-A0EA,72.0,2.0,1.0,1.0,1.0,0.0,0.0,0.18642440363033766,32.558521560574945,1.0,4.149335792688246,3.7460509271005,3.833013861930597
TCGA-BH-A0EB,69.0,1.0,0.0,1.0,1.0,0.0,0.0,0.15978353596322759,24.476386036960985,0.0,3.1858149342397173,2.7193016667574845,2.793837215507023
TCGA-BH-A0EE,68.0,2.0,0.0,0.0,0.0,1.0,0.0,0.2396080219870475,30.981519507186857,0.0,3.9798423557605846,4.543667002577444,4.6554389401299225
TCGA-BH-A0EI,51.0,2.0,1.0,1.0,1.0,0.0,0.0,0.1592450882502065,63.27720739219713,0.0,3.4317995388725913,2.8772823476502265,2.9515667222376645
TCGA-BH-A0GY,67.0,2.0,1.0,1.0,1.0,0.0,1.0,0.17964469867604846,30.324435318275153,0.0,3.978493827494043,4.005679543581099,3.6230016150625723
TCGA-BH-A0GZ,62.0,2.0,1.0,1.0,1.0,0.0,0.0,0.17305910520523335,10.77618069815195,0.0,3.807651862299839,3.332351603552751,3.413079916985148
TCGA-BH-A0H0,69.0,1.0,0.0,1.0,1.0,0.0,0.0,0.15978353596322759,15.145790554414784,0.0,3.1858149342397173,2.7193016667574845,2.793837215507023
TCGA-BH-A0H3,46.0,1.0,0.0,1.0,1.0,0.0,0.0,0.13372468671882481,63.3429158110883,0.0,2.399941894346381,1.7677932225976607,1.8301728842183769
TCGA-BH-A0H5,45.0,1.0,0.0,1.0,1.0,0.0,0.0,0.13267763187259843,53.223819301848046,0.0,2.3657735013075403,1.7264232902428858,1.7883145235216964
TCGA-BH-A0H6,82.0,1.0,,1.0,1.0,0.0,0.0,0.17625249623296305,24.542094455852155,0.0,,3.257110787369559,3.3393287483503644
TCGA-BH-A0H7,65.0,3.0,2.0,1.0,1.0,0.0,0.0,0.20138290277180182,23.06365503080082,0.0,4.771172720748368,4.359100863895767,4.453041613650646
TCGA-BH-A0H9,69.0,2.0,0.0,1.0,1.0,0.0,0.0,0.18233320000308656,40.969199178644764,0.0,4.014010748799425,3.6219411300361752,3.7069956072422436
TCGA-BH-A0HA,31.0,1.0,0.0,1.0,1.0,0.0,0.0,0.1187364742776316,52.92813141683778,0.0,1.8874159987637702,1.1472442372760365,1.2026322233630726
TCGA-BH-A0HB,55.0,1.0,0.0,1.0,1.0,0.0,1.0,0.14346533407305326,26.480492813141684,0.0,2.7074574316959477,2.6066008920451087,2.207046075818236
TCGA-BH-A0HF,77.0,1.0,0.0,1.0,1.0,0.0,0.0,0.16976552333515377,23.88501026694045,0.0,3.4591620785504436,3.050261125595684,3.129453054628036
TCGA-BH-A0HI,78.0,1.0,0.0,1.0,1.0,0.0,0.0,0.1710475436323342,20.369609856262834,0.0,3.4933304715892843,3.091631057950459,3.1714210216037273
TCGA-BH-A0HK,81.0,2.0,1.0,1.0,0.0,0.0,0.0,0.14367460280102246,5.848049281314168,0.0,4.4568513300378125,4.579704722557349,4.646725803900865
TCGA-BH-A0HL,56.0,2.0,1.0,1.0,1.0,0.0,0.0,0.16541015266285794,2.3655030800821355,0.0,3.6026415040667947,3.0841320094241014,3.1612922526440808
TCGA-BH-A0HN,67.0,1.0,0.0,1.0,1.0,0.0,0.0,0.1573635391893657,16.95277207392197,0.0,3.1174781481620366,2.636561802047935,2.709968474869021
TCGA-BH-A0HO,48.0,2.0,1.0,1.0,1.0,0.0,0.0,0.15563624851773644,2.4969199178644765,0.0,3.329294359756069,2.7531725505859015,2.8257734798284404
TCGA-BH-A0HP,65.0,3.0,2.0,1.0,0.0,0.0,0.0,0.14542072398448264,13.60164271047228,0.0,4.771172720748368,4.8204252681596405,4.888260877106441
TCGA-BH-A0HQ,56.0,2.0,0.0,1.0,1.0,0.0,0.0,0.16541015266285794,36.82956878850103,0.0,3.569821639294496,3.0841320094241014,3.1612922526440808
TCGA-BH-A0HU,52.0,1.0,0.0,1.0,1.0,0.0,0.0,0.1401544850796856,12.878850102669405,0.0,2.6049522525794253,2.0160128167263105,2.0813918396159243
TCGA-BH-A0HW,62.0,1.0,0.0,1.0,0.0,0.0,0.0,0.10749141721234208,51.285420944558524,0.0,2.9466361829678327,2.8910365445379336,2.94117895576628
TCGA-BH-A0HX,54.0,2.0,1.0,1.0,1.0,0.0,0.0,0.16292146221043954,27.236139630390145,0.0,3.534304717989113,3.0013921447145515,3.0773914678971788
TCGA-BH-A0HY,60.0,1.0,0.0,1.0,0.0,1.0,0.0,0.05445282336725082,50.75975359342916,0.0,2.878299396890151,2.7335293557237494,2.7589304150141998
TCGA-BH-A0RX,59.0,2.0,0.0,0.0,0.0,0.0,1.0,0.37360514315917415,5.585215605749487,0.0,3.6723268184110185,4.712583213743577,4.420383619417011
TCGA-BH-A0W3,58.0,2.0,1.0,1.0,1.0,0.0,1.0,0.16792923238673788,23.917864476386036,0.0,3.6709782901444763,3.6333501523881244,3.245207213326012
TCGA-BH-A0W4,46.0,2.0,0.0,1.0,1.0,0.0,0.0,0.15326760643419451,24.93634496919918,0.0,3.2281377089060888,2.6704326858763516,2.741928695037959
TCGA-BH-A0W5,77.0,2.0,1.0,1.0,1.0,,0.0,,42.31622176591376,0.0,4.320177757882449,,
TCGA-BH-A0W7,49.0,1.0,0.0,1.0,1.0,0.0,0.0,0.13690783004794185,44.780287474332646,0.0,2.5024470734629034,1.8919030196619857,1.9557675485023056
TCGA-BH-A0WA,82.0,1.0,0.0,0.0,0.0,0.0,1.0,0.3852266566496468,23.030800821355236,0.0,3.6300040437446466,4.76145219462471,4.474673783901892
TCGA-BH-A18F,50.0,2.0,0.0,1.0,1.0,0.0,0.0,0.1580346641761739,32.8870636550308,0.0,3.364811281061452,2.8359124152954513,2.909632153344877
TCGA-BH-A18G,81.0,1.0,0.0,0.0,0.0,0.0,1.0,0.3830811906401666,4.895277207392197,0.0,3.5958356507058067,4.720082262269935,4.43230303825696
TCGA-BH-A18H,63.0,1.0,0.0,1.0,1.0,1.0,0.0,0.08062255417790307,21.420944558521562,0.0,2.9808045760066735,2.3963147485242002,2.4339234187855867
TCGA-BH-A18I,53.0,2.0,1.0,1.0,1.0,1.0,0.0,0.08585064254008652,35.90965092402464,0.0,3.5001363249502724,2.885254888255142,2.925302348174282
TCGA-BH-A18K,46.0,1.0,0.0,1.0,1.0,0.0,,0.13372468671882481,90.77618069815195,1.0,2.399941894346381,,1.8301728842183769
TCGA-BH-A18L,50.0,3.0,1.0,1.0,1.0,0.0,1.0,0.18039050569871987,26.64476386036961,1.0,4.225826960393459,4.205030156828616,3.822700131085935
TCGA-BH-A18M,39.0,3.0,1.0,1.0,1.0,1.0,1.0,0.08841636383946408,72.50924024640658,1.0,3.849974636966211,3.6751935768214574,3.2499596117403384
TCGA-BH-A18N,88.0,2.0,1.0,1.0,1.0,0.0,0.0,0.209438414244939,37.71663244353183,1.0,4.696030081309698,4.4079698447769,4.505668315654225
TCGA-BH-A18P,60.0,1.0,0.0,1.0,0.0,1.0,0.0,0.05445282336725082,30.258726899383984,1.0,2.878299396890151,2.7335293557237494,2.7589304150141998
TCGA-BH-A18Q,56.0,2.0,1.0,0.0,0.0,0.0,1.0,0.36726046220681374,55.58932238193019,1.0,3.6026415040667947,4.5884734166792525,4.293314166505956
TCGA-BH-A18R,50.0,2.0,1.0,,0.0,1.0,1.0,,37.51950718685831,1.0,3.3976311458337505,,
TCGA-BH-A18S,79.0,1.0,0.0,1.0,1.0,0.0,0.0,0.1723372357354153,66.00410677618069,1.0,3.527498864628125,3.1330009903052343,3.213392567310226
TCGA-BH-A18T,70.0,2.0,0.0,0.0,0.0,0.0,1.0,0.397228678763912,7.359342915811088,1.0,4.048179141838267,5.167652469646101,4.886472741534717
TCGA-BH-A18U,72.0,3.0,2.0,1.0,1.0,1.0,1.0,0.11569350989449438,51.351129363449694,1.0,5.010351472020253,5.04040134452903,4.627891575575358
TCGA-BH-A18V,48.0,2.0,1.0,0.0,0.0,0.0,1.0,0.35056942836603305,51.121149897330596,1.0,3.329294359756069,4.257513957841053,3.9545687029394214
TCGA-BH-A1EN,78.0,2.0,,0.0,0.0,1.0,0.0,0.2565185734614305,69.88090349075975,1.0,,4.957366326125194,5.077026668613776
TCGA-BH-A1EO,68.0,2.0,1.0,1.0,1.0,0.0,0.0,0.18098506038065226,91.92607802874743,1.0,4.012662220532883,3.5805711976814,3.6649967970375488
TCGA-BH-A1ES,35.0,2.0,1.0,1.0,1.0,0.0,1.0,0.1407644773134708,113.74127310061601,1.0,2.8851052502511396,2.6818417082283004,2.281027000990406
TCGA-BH-A1ET,55.0,1.0,0.0,1.0,1.0,0.0,0.0,0.14346533407305326,82.79260780287474,1.0,2.7074574316959477,2.1401226137906355,2.207046075818236
TCGA-BH-A1EU,83.0,1.0,0.0,1.0,1.0,0.0,0.0,0.17757302663359972,42.25051334702259,1.0,3.6641724367834874,3.298480719724334,3.3813146794528115
TCGA-BH-A1EV,45.0,3.0,1.0,1.0,1.0,1.0,1.0,0.09290126160402472,11.991786447638603,1.0,4.054984995199255,3.923413170950107,3.5002713132563477
TCGA-BH-A1EW,38.0,2.0,1.0,0.0,0.0,0.0,0.0,0.3302124875071121,55.65503080082136,1.0,2.9876104293676615,3.37733635603883,3.5313733086692745
TCGA-BH-A1EX,67.0,2.0,1.0,1.0,1.0,0.0,0.0,0.17964469867604846,49.544147843942504,1.0,3.978493827494043,3.539201265326626,3.6230016150625723
TCGA-BH-A1EY,79.0,2.0,0.0,1.0,1.0,0.0,0.0,0.19624476098904442,17.675564681724847,1.0,4.355694679187833,4.035640453583925,4.127184371806555
TCGA-BH-A1F0,80.0,2.0,1.0,0.0,,0.0,1.0,,25.790554414784395,1.0,4.422682936998973,,
TCGA-BH-A1F2,53.0,3.0,1.0,1.0,1.0,1.0,0.0,0.09919828116265282,31.50718685831622,1.0,4.328332139509981,3.7878943515338337,3.834168194936391
TCGA-BH-A1F5,62.0,2.0,1.0,1.0,1.0,0.0,0.0,0.17305910520523335,89.10061601642711,1.0,3.807651862299839,3.332351603552751,3.413079916985148
TCGA-BH-A1F8,90.0,3.0,2.0,1.0,1.0,1.0,1.0,0.13346970279638806,25.06776180698152,1.0,5.625382546719386,5.7850601269149795,5.380842565820102
TCGA-BH-A1FB,60.0,2.0,1.0,1.0,1.0,0.0,0.0,0.1704788394702983,120.54209445585215,1.0,3.739315076222158,3.249611738843201,3.3291364143581266
TCGA-BH-A1FC,78.0,2.0,1.0,0.0,0.0,0.0,1.0,0.414722576833715,114.06981519507187,1.0,4.354346150921291,5.498611928484301,5.225592723824478
TCGA-BH-A1FD,68.0,1.0,0.0,1.0,1.0,0.0,,0.1585697910497948,33.14989733059548,1.0,3.1516465412008765,,2.7519010975147893
TCGA-BH-A1FE,31.0,2.0,1.0,1.0,1.0,,0.0,,74.6776180698152,1.0,2.748431678095777,,
TCGA-BH-A1FG,88.0,1.0,,1.0,1.0,0.0,0.0,0.18429211162479975,122.74332648870636,1.0,,3.505330381498209,3.591298648424827
TCGA-BH-A1FJ,66.0,3.0,1.0,0.0,1.0,,0.0,,63.31006160164271,1.0,4.77252124901491,,
TCGA-BH-A1FL,69.0,2.0,1.0,1.0,1.0,,0.0,,54.965092402464066,1.0,4.046830613571724,,
TCGA-BH-A1FM,44.0,3.0,2.0,1.0,0.0,,0.0,,45.60164271047228,1.0,4.053636466932713,,
TCGA-BH-A1FN,34.0,2.0,0.0,1.0,1.0,,1.0,,72.0164271047228,1.0,2.8181169924400002,,
TCGA-BH-A1FR,73.0,3.0,1.0,1.0,1.0,,0.0,,53.946611909650926,1.0,5.011700000286796,,
TCGA-BH-A1FU,44.0,1.0,0.0,0.0,0.0,,1.0,,55.45790554414784,1.0,2.3316051082686995,,
TCGA-BH-A201,64.0,1.0,0.0,1.0,1.0,0.0,0.0,0.1537895398085225,28.123203285420946,0.0,3.0149729690455143,2.5124520049836097,2.584191484727037
TCGA-BH-A202,60.0,2.0,0.0,1.0,1.0,1.0,1.0,0.09096539568994719,26.119096509240247,0.0,3.7064952114498593,3.64132269299304,3.2172777959007504
TCGA-BH-A203,78.0,2.0,1.0,,,,1.0,,38.57084188911704,1.0,4.354346150921291,,
TCGA-BH-A204,80.0,2.0,1.0,,,,0.0,,83.25256673511294,1.0,4.422682936998973,,
TCGA-BH-A208,48.0,2.0,1.0,,,,0.0,,57.790554414784395,1.0,3.329294359756069,,
TCGA-BH-A209,77.0,1.0,0.0,1.0,1.0,,1.0,,130.06981519507187,1.0,3.4591620785504436,,
TCGA-BH-A28O,50.0,3.0,3.0,1.0,1.0,0.0,0.0,0.18039050569871987,36.79671457905544,0.0,4.291466689938055,3.7385518785741425,3.822700131085935
TCGA-BH-A28Q,46.0,2.0,1.0,1.0,1.0,0.0,1.0,0.15326760643419451,36.76386036960986,0.0,3.260957573678388,3.136910964130825,2.741928695037959
TCGA-BH-A2L8,45.0,2.0,0.0,1.0,1.0,0.0,0.0,0.15209439800424063,20.10677618069815,0.0,3.193969315867248,2.629062753521577,2.7000114864347458
TCGA-BH-A42T,75.0,2.0,0.0,1.0,1.0,,1.0,,10.513347022587268,1.0,4.21902110703247,,
TCGA-BH-A42U,80.0,2.0,0.0,0.0,0.0,0.0,0.0,0.41913172628718187,110.52156057494867,0.0,4.389863072226674,5.114873514939378,5.310389360979648
TCGA-BH-A42V,41.0,1.0,1.0,1.0,1.0,0.0,0.0,0.12855867026262305,20.862422997946613,0.0,2.2619197939244757,1.560943560823786,1.620913387982579
TCGA-BH-A5IZ,51.0,2.0,1.0,1.0,0.0,0.0,1.0,0.11333085870057712,18.628336755646817,0.0,3.4317995388725913,3.8050850301685735,3.3914731357538463
TCGA-BH-A5J0,63.0,1.0,0.0,1.0,1.0,0.0,1.0,0.15261305625389832,23.49075975359343,0.0,2.9808045760066735,2.9375603508833077,2.542272748349306
TCGA-BH-A6R8,46.0,2.0,0.0,1.0,1.0,0.0,,0.15326760643419451,9.626283367556468,0.0,3.2281377089060888,,2.741928695037959
TCGA-BH-A6R9,61.0,2.0,0.0,0.0,1.0,0.0,,0.47368947680959855,5.256673511293634,0.0,3.7406636044886996,,4.088486247504184
TCGA-BH-A8FY,87.0,1.0,0.0,1.0,1.0,0.0,,0.1829327285571376,9.69199178644764,1.0,3.8008460089388505,,3.54929459339716
TCGA-BH-A8FZ,58.0,1.0,0.0,1.0,1.0,,,,18.858316221765914,0.0,2.8099626108124696,,
TCGA-BH-A8G0,54.0,2.0,1.0,1.0,1.0,0.0,,0.16292146221043954,21.749486652977414,0.0,3.534304717989113,,3.0773914678971788
TCGA-BH-AB28,53.0,3.0,1.0,1.0,1.0,0.0,,0.1844479520590623,9.429158110882957,0.0,4.328332139509981,,3.948702638742543
TCGA-C8-A12L,67.0,2.0,0.0,0.0,0.0,,1.0,,11.926078028747433,0.0,3.9456739627217443,,
TCGA-C8-A12M,70.0,2.0,0.0,1.0,0.0,0.0,1.0,0.13183220088563838,11.761806981519507,0.0,4.048179141838267,4.591113744909298,4.186132324742455
TCGA-C8-A12N,58.0,2.0,0.0,1.0,1.0,0.0,0.0,0.16792923238673788,11.761806981519507,0.0,3.6381584253721777,3.1668718741336512,3.245207213326012
TCGA-C8-A12O,50.0,2.0,0.0,1.0,1.0,0.0,0.0,0.1580346641761739,12.648870636550308,0.0,3.364811281061452,2.8359124152954513,2.909632153344877
TCGA-C8-A12P,55.0,2.0,1.0,0.0,0.0,1.0,1.0,0.21879150677318282,11.761806981519507,0.0,3.568473111027954,4.472336160219843,4.107919367341626
TCGA-C8-A12Q,78.0,3.0,2.0,0.0,0.0,1.0,1.0,0.2880400160209306,12.648870636550308,1.0,5.215361830253297,6.326484067658359,5.99437020014572
TCGA-C8-A12U,46.0,2.0,1.0,1.0,1.0,0.0,1.0,0.15326760643419451,12.648870636550308,0.0,3.260957573678388,3.136910964130825,2.741928695037959
TCGA-C8-A12V,55.0,2.0,0.0,0.0,0.0,0.0,1.0,0.3651556238551063,12.648870636550308,0.0,3.535653246255656,4.547103484324477,4.250962372780872
TCGA-C8-A12W,49.0,3.0,1.0,1.0,1.0,0.0,1.0,0.1790535845848314,12.648870636550308,0.0,4.191658567354618,4.163660224473841,3.780706554071792
TCGA-C8-A12X,62.0,2.0,1.0,1.0,1.0,0.0,0.0,0.17305910520523335,12.648870636550308,0.0,3.807651862299839,3.332351603552751,3.413079916985148
TCGA-C8-A12Y,44.0,2.0,1.0,,,,1.0,,48.492813141683776,0.0,3.1926207876007062,,
TCGA-C8-A12Z,45.0,2.0,1.0,0.0,0.0,1.0,1.0,0.2036866757955577,12.550308008213552,0.0,3.226789180639547,4.058636836672093,3.687173968246109
TCGA-C8-A130,52.0,3.0,2.0,1.0,1.0,,1.0,,12.15605749486653,0.0,4.326983611243438,,
TCGA-C8-A131,82.0,3.0,2.0,0.0,0.0,0.0,1.0,0.4628235027684102,13.503080082135524,0.0,5.35203540240866,6.566731121182092,6.316149953634731
TCGA-C8-A132,56.0,2.0,1.0,1.0,1.0,,1.0,,12.583162217659138,0.0,3.6026415040667947,,
TCGA-C8-A134,52.0,2.0,0.0,0.0,0.0,,1.0,,12.583162217659138,0.0,3.4331480671391335,,
TCGA-C8-A135,64.0,2.0,1.0,0.0,0.0,1.0,1.0,0.23306145222288618,12.91170431211499,0.0,3.8759886483775206,4.844665551412818,4.486905378118764
TCGA-C8-A137,34.0,2.0,1.0,0.0,0.0,1.0,0.0,0.1879836438097079,12.451745379876797,0.0,2.850936857212299,3.137089302515096,3.224779589019451
TCGA-C8-A138,54.0,3.0,2.0,1.0,0.0,,1.0,,12.484599589322382,0.0,4.39532039732112,,
TCGA-C8-A1HE,59.0,2.0,0.0,1.0,1.0,,0.0,,12.320328542094456,0.0,3.6723268184110185,,
TCGA-C8-A1HF,48.0,2.0,0.0,0.0,1.0,1.0,1.0,0.28031511970700174,10.907597535934292,0.0,3.2964744949837703,3.7214222294725445,3.38570486562769
TCGA-C8-A1HG,50.0,2.0,0.0,1.0,1.0,0.0,1.0,0.1580346641761739,11.3347022587269,0.0,3.364811281061452,3.3023906935499245,2.909632153344877
TCGA-C8-A1HJ,53.0,2.0,0.0,0.0,0.0,0.0,1.0,0.36096143896664434,0.16427104722792607,0.0,3.4673164601779742,4.464363619614928,4.166266011925872
TCGA-C8-A1HK,53.0,2.0,1.0,0.0,0.0,1.0,1.0,0.21570724540372904,12.02464065708419,0.0,3.5001363249502724,4.389596295510294,4.023740761698766
TCGA-C8-A1HL,38.0,3.0,1.0,1.0,0.0,,1.0,,10.414784394250514,0.0,3.81580624392737,,
TCGA-C8-A1HM,74.0,2.0,0.0,1.0,1.0,0.0,0.0,0.18919096829284998,12.320328542094456,0.0,4.18485271399363,3.82879079181005,3.9170442689605953
TCGA-C8-A1HN,56.0,2.0,0.0,1.0,1.0,,1.0,,12.944558521560575,0.0,3.569821639294496,,
TCGA-C8-A1HO,34.0,3.0,3.0,1.0,1.0,0.0,1.0,0.15992271473213537,12.320328542094456,0.0,3.7447724013166037,3.543111239152217,3.1512334335197716
TCGA-C8-A26V,47.0,3.0,2.0,1.0,1.0,0.0,0.0,0.17640300844863172,20.238193018480494,0.0,4.156141646049235,3.614442081509818,3.696730253169845
TCGA-C8-A26W,58.0,2.0,1.0,1.0,1.0,,1.0,,12.517453798767967,0.0,3.6709782901444763,,
TCGA-C8-A26X,58.0,2.0,1.0,0.0,0.0,0.0,1.0,0.3714852909341884,12.353182751540041,0.0,3.6709782901444763,4.671213281388803,4.3780248220461715
TCGA-C8-A26Y,90.0,2.0,0.0,0.0,0.0,0.0,1.0,0.4413581848127585,12.944558521560575,0.0,4.7315470026150805,5.9950511167416005,5.734456844632103
TCGA-C8-A26Z,59.0,2.0,0.0,1.0,1.0,0.0,0.0,0.16920021164080423,15.441478439425051,0.0,3.6723268184110185,3.208241806488426,3.287170029894921
TCGA-C8-A273,29.0,2.0,1.0,1.0,1.0,0.0,0.0,0.13431106589281347,16.854209445585216,0.0,2.6800948920180954,1.9671438358451776,2.02979703061338
TCGA-C8-A274,63.0,2.0,0.0,1.0,1.0,0.0,1.0,0.17436077417979073,16.689938398357288,0.0,3.809000390566381,3.8401998141619984,3.455057049642031
TCGA-C8-A275,56.0,2.0,1.0,,,,0.0,,0.03285420944558522,0.0,3.6026415040667947,,
TCGA-C8-A278,61.0,3.0,2.0,0.0,0.0,1.0,1.0,0.2574833574569596,9.757700205338809,0.0,4.6344991485930045,5.623195217627184,5.2768273326384145
TCGA-C8-A27A,48.0,2.0,1.0,1.0,1.0,0.0,1.0,0.15563624851773644,24.542094455852155,0.0,3.329294359756069,3.2196508288403747,2.8257734798284404
TCGA-C8-A27B,48.0,2.0,0.0,0.0,0.0,0.0,1.0,0.35056942836603305,14.42299794661191,0.0,3.2964744949837703,4.257513957841053,3.9545687029394214
TCGA-C8-A3M7,60.0,3.0,0.0,0.0,0.0,0.0,0.0,0.4137480718641568,33.97125256673511,1.0,4.534691026009567,5.190114331122571,5.383118819316871
TCGA-C8-A3M8,68.0,1.0,0.0,1.0,1.0,1.0,0.0,0.08404808361343256,12.944558521560575,0.0,3.1516465412008765,2.603164410298075,2.642371015632657
TCGA-C8-A8HP,59.0,3.0,2.0,0.0,0.0,1.0,1.0,0.2540310263589003,13.010266940451745,0.0,4.566162362515324,5.5404553529176335,5.1924770304622765
TCGA-C8-A8HQ,53.0,2.0,1.0,1.0,1.0,0.0,1.0,0.16168846800720055,12.484599589322382,0.0,3.5001363249502724,3.4265004906142495,3.0354463705293786
TCGA-C8-A8HR,49.0,3.0,2.0,,,,1.0,,13.404517453798768,0.0,4.224478432126917,,
TCGA-C8-A9FZ,49.0,2.0,1.0,,,0.0,0.0,,19.449691991786448,0.0,3.3634627527949097,,
TCGA-D8-A13Y,52.0,1.0,0.0,1.0,1.0,0.0,1.0,0.1401544850796856,56.772073921971256,0.0,2.6049522525794253,2.4824910949807837,2.0813918396159243
TCGA-D8-A140,62.0,2.0,1.0,1.0,1.0,1.0,1.0,0.09247635805074884,13.240246406570842,0.0,3.807651862299839,3.72406255770259,3.300722491730874
TCGA-D8-A142,74.0,2.0,0.0,0.0,0.0,0.0,1.0,0.4059457882489986,13.963039014373717,0.0,4.18485271399363,5.333132199065202,5.056018813177777
TCGA-D8-A143,51.0,2.0,0.0,0.0,0.0,0.0,1.0,0.3567883540646763,14.160164271047227,0.0,3.3989796741002927,4.381623754905378,4.081579493756242
TCGA-D8-A145,80.0,2.0,1.0,1.0,1.0,0.0,0.0,0.1976791334569302,13.470225872689939,0.0,4.422682936998973,4.0770103859387,4.1692234077605255
TCGA-D8-A1J8,77.0,2.0,1.0,1.0,1.0,0.0,1.0,0.19339965146776322,14.160164271047227,0.0,4.320177757882449,4.419378867128848,4.043117325306072
TCGA-D8-A1J9,48.0,1.0,0.0,1.0,0.0,1.0,1.0,0.04911383976448744,17.478439425051334,0.0,2.4682786804240626,2.703568445720923,2.260000706878254
TCGA-D8-A1JB,54.0,2.0,1.0,1.0,1.0,1.0,0.0,0.08656503516644234,55.45790554414784,0.0,3.534304717989113,2.9266248206099172,2.9670055291713973
TCGA-D8-A1JC,59.0,3.0,2.0,1.0,1.0,0.0,0.0,0.19277391283134196,15.770020533880903,0.0,4.566162362515324,4.110881269767117,4.20080611271706
TCGA-D8-A1JD,41.0,2.0,1.0,1.0,1.0,0.0,0.0,0.14747514074986018,18.135523613963038,0.0,3.090115608484184,2.463583024102477,2.532376973844808
TCGA-D8-A1JE,62.0,2.0,1.0,1.0,1.0,0.0,0.0,0.17305910520523335,18.8911704312115,0.0,3.807651862299839,3.332351603552751,3.413079916985148
TCGA-D8-A1JF,79.0,3.0,2.0,0.0,0.0,0.0,0.0,0.45606682950658184,12.02464065708419,0.0,5.249530223292139,5.976143045863294,6.188888315260501
TCGA-D8-A1JG,62.0,2.0,0.0,0.0,0.0,0.0,0.0,0.37999360701908813,52.96098562628337,0.0,3.7748319975275404,4.370214732553428,4.547473496103399
TCGA-D8-A1JH,56.0,1.0,0.0,1.0,1.0,0.0,0.0,0.1445833306264104,13.995893223819301,0.0,2.741625824734788,2.1814925461454107,2.2489375292803158
TCGA-D8-A1JI,54.0,2.0,1.0,1.0,1.0,0.0,0.0,0.16292146221043954,18.95687885010267,0.0,3.534304717989113,3.0013921447145515,3.0773914678971788
TCGA-D8-A1JJ,54.0,2.0,0.0,1.0,1.0,0.0,1.0,0.16292146221043954,20.073921971252567,0.0,3.501484853216815,3.4678704229690247,3.0773914678971788
TCGA-D8-A1JK,90.0,2.0,0.0,0.0,1.0,0.0,0.0,0.5393317988162457,20.10677618069815,0.0,4.7315470026150805,5.067248434223254,5.3188350031429446
TCGA-D8-A1JL,72.0,2.0,0.0,0.0,0.0,0.0,0.0,0.40157945329467903,20.073921971252567,0.0,4.116515927915948,4.783914056101178,4.971242148056453
TCGA-D8-A1JM,59.0,2.0,1.0,1.0,0.0,0.0,1.0,0.12082818068246648,19.38398357289528,0.0,3.705146683183317,4.136044489006773,3.725929932441677
TCGA-D8-A1JN,80.0,3.0,3.0,1.0,1.0,0.0,0.0,0.22415012486129696,20.369609856262834,0.0,5.316518481103277,4.979649849217392,5.084211013533214
TCGA-D8-A1JP,73.0,1.0,0.0,1.0,1.0,0.0,0.0,0.16471383364819364,20.993839835728952,0.0,3.3224885063950804,2.8847813961765842,2.9616168217014875
TCGA-D8-A1JS,77.0,1.0,0.0,1.0,1.0,0.0,0.0,0.16976552333515377,12.188911704312115,0.0,3.4591620785504436,3.050261125595684,3.129453054628036
TCGA-D8-A1JT,70.0,2.0,0.0,1.0,1.0,0.0,0.0,0.18368912952213948,13.305954825462011,0.0,4.048179141838267,3.6633110623909504,3.748998051264501
TCGA-D8-A1JU,51.0,1.0,0.0,1.0,1.0,0.0,0.0,0.13906516734389635,14.685831622176591,0.0,2.570783859540585,1.9746428843715356,2.0395137641992864
TCGA-D8-A1X5,81.0,3.0,3.0,1.0,1.0,1.0,1.0,0.12430921966938228,18.562628336755647,0.0,5.350686874142118,5.412730735722005,5.004240008230062
TCGA-D8-A1X6,80.0,3.0,2.0,1.0,1.0,0.0,1.0,0.22415012486129696,17.7741273100616,0.0,5.2836986163309785,5.446128127471865,5.084211013533214
TCGA-D8-A1X7,40.0,2.0,0.0,1.0,1.0,0.0,0.0,0.14633860852377611,16.722792607802873,0.0,3.023127350673045,2.422213091747702,2.4904768738940284
TCGA-D8-A1X8,62.0,3.0,2.0,1.0,,0.0,0.0,,25.724845995893222,0.0,4.668667541631846,,
TCGA-D8-A1X9,66.0,2.0,1.0,1.0,1.0,0.0,0.0,0.17831210241234222,23.88501026694045,0.0,3.944325434455202,3.4978313329718507,3.5810100554970954
TCGA-D8-A1XA,64.0,1.0,0.0,1.0,1.0,,0.0,,27.564681724845997,0.0,3.0149729690455143,,
TCGA-D8-A1XB,62.0,2.0,1.0,1.0,1.0,0.0,0.0,0.17305910520523335,18.135523613963038,0.0,3.807651862299839,3.332351603552751,3.413079916985148
TCGA-D8-A1XC,85.0,3.0,1.0,1.0,1.0,0.0,0.0,0.23213416670262008,12.386036960985626,1.0,5.421720716752883,5.186499510991266,5.294785057398741
TCGA-D8-A1XD,36.0,3.0,2.0,1.0,1.0,0.0,1.0,0.16237448366293558,17.149897330595483,0.0,3.780289322621987,3.6258511038617667,3.2351169951788386
TCGA-D8-A1XF,45.0,2.0,0.0,1.0,1.0,0.0,0.0,0.15209439800424063,15.211498973305956,0.0,3.193969315867248,2.629062753521577,2.7000114864347458
TCGA-D8-A1XG,86.0,3.0,1.0,1.0,0.0,0.0,0.0,0.17071965826952,14.718685831622176,0.0,5.455889109791725,5.689193847609914,5.768830859863672
TCGA-D8-A1XJ,76.0,3.0,1.0,1.0,1.0,1.0,0.0,0.11945678094337384,21.815195071868583,0.0,5.114205179403317,4.739402795693658,4.795126789193945
TCGA-D8-A1XK,55.0,2.0,1.0,0.0,0.0,0.0,1.0,0.3651556238551063,14.48870636550308,0.0,3.568473111027954,4.547103484324477,4.250962372780872
TCGA-D8-A1XL,34.0,2.0,1.0,1.0,1.0,0.0,1.0,0.13967118867644968,19.90965092402464,0.0,2.850936857212299,2.640471775873525,2.239147073234598
TCGA-D8-A1XM,57.0,1.0,0.0,1.0,1.0,0.0,0.0,0.14570855741424613,17.675564681724847,0.0,2.775794217773629,2.2228624785001854,2.290832355489726
TCGA-D8-A1XO,56.0,2.0,1.0,1.0,1.0,0.0,,0.16541015266285794,55.26078028747433,0.0,3.6026415040667947,,3.1612922526440808
TCGA-D8-A1XQ,69.0,2.0,0.0,0.0,0.0,0.0,1.0,0.39505932350685463,16.39425051334702,0.0,4.014010748799425,5.126282537291327,4.844090852074708
TCGA-D8-A1XR,56.0,2.0,1.0,1.0,1.0,0.0,0.0,0.16541015266285794,15.835728952772074,0.0,3.6026415040667947,3.0841320094241014,3.1612922526440808
TCGA-D8-A1XT,61.0,2.0,1.0,0.0,0.0,1.0,0.0,0.22823388730578986,16.62422997946612,0.0,3.773483469260998,4.25407747609402,4.36054362688375
TCGA-D8-A1XU,56.0,1.0,0.0,1.0,1.0,0.0,0.0,0.1445833306264104,12.97741273100616,0.0,2.741625824734788,2.1814925461454107,2.2489375292803158
TCGA-D8-A1XV,84.0,2.0,0.0,1.0,1.0,0.0,0.0,0.20349554148735813,15.145790554414784,0.0,4.526536644382036,4.2424901153578,4.337416365183285
TCGA-D8-A1XW,53.0,2.0,0.0,0.0,1.0,0.0,1.0,0.45564465659710396,43.006160164271044,0.0,3.4673164601779742,4.003039215351054,3.7491092720018484
TCGA-D8-A1XY,74.0,2.0,0.0,1.0,1.0,1.0,0.0,0.10202336525309677,16.525667351129364,0.0,4.18485271399363,3.754023467705416,3.8016151514704077
TCGA-D8-A1XZ,81.0,3.0,2.0,1.0,0.0,0.0,1.0,0.16439568171354943,15.31006160164271,0.0,5.31786700936982,5.9488224640905125,5.559031200394246
TCGA-D8-A1Y0,65.0,3.0,2.0,1.0,1.0,0.0,1.0,0.20138290277180182,15.507186858316222,0.0,4.771172720748368,4.82557914215024,4.453041613650646
TCGA-D8-A1Y1,80.0,3.0,1.0,1.0,1.0,0.0,1.0,0.22415012486129696,9.921971252566735,1.0,5.25087875155868,5.446128127471865,5.084211013533214
TCGA-D8-A1Y2,71.0,2.0,0.0,1.0,1.0,0.0,0.0,0.18505286041108843,14.225872689938399,0.0,4.0823475348771066,3.7046809947457255,3.7910041344563554
TCGA-D8-A1Y3,61.0,3.0,2.0,1.0,1.0,0.0,1.0,0.1956120494955827,14.127310061601642,0.0,4.6344991485930045,4.660099412731141,4.2848699065311955
TCGA-D8-A27E,66.0,1.0,0.0,1.0,1.0,0.0,0.0,0.15616476035115556,17.412731006160165,0.0,3.083309755123196,2.59519186969316,2.6680393382257894
TCGA-D8-A27F,40.0,2.0,0.0,0.0,0.0,0.0,1.0,0.33423625722532585,16.032854209445585,0.0,3.023127350673045,3.926554499002853,3.615990174549069
TCGA-D8-A27G,75.0,2.0,0.0,1.0,1.0,0.0,,0.1905860090263769,13.437371663244353,0.0,4.21902110703247,,3.959064957514841
TCGA-D8-A27H,72.0,2.0,0.0,0.0,0.0,0.0,1.0,0.40157945329467903,13.043121149897331,0.0,4.116515927915948,5.250392334355651,4.971242148056453
TCGA-D8-A27I,58.0,3.0,2.0,1.0,1.0,0.0,,0.19136664354295466,14.42299794661191,0.0,4.531993969476483,,4.1587797198075975
TCGA-D8-A27K,47.0,2.0,1.0,1.0,1.0,0.0,0.0,0.15444821618795598,48.0,0.0,3.2951259667172286,2.7118026182311263,2.7838493561979587
TCGA-D8-A27L,49.0,3.0,2.0,1.0,1.0,0.0,0.0,0.1790535845848314,16.39425051334702,0.0,4.224478432126917,3.6971819462193682,3.780706554071792
TCGA-D8-A27M,59.0,1.0,0.0,0.0,0.0,0.0,0.0,0.33715422491349006,13.470225872689939,0.0,2.8441310038513103,3.343465472210413,3.5007405945542796
TCGA-D8-A27N,36.0,3.0,2.0,1.0,1.0,1.0,0.0,0.08624799597769917,17.05133470225873,0.0,3.780289322621987,3.084605501502659,3.1248383181692354
TCGA-D8-A27P,64.0,1.0,0.0,1.0,1.0,0.0,0.0,0.1537895398085225,1.6098562628336757,0.0,3.0149729690455143,2.5124520049836097,2.584191484727037
TCGA-D8-A27R,41.0,3.0,3.0,1.0,1.0,0.0,1.0,0.16863640004542335,10.08624229979466,0.0,3.9839511525884888,3.8327007656356415,3.44488770492539
TCGA-D8-A27T,53.0,3.0,3.0,1.0,1.0,0.0,0.0,0.1844479520590623,13.075975359342916,0.0,4.393971869054577,3.862661675638468,3.948702638742543
TCGA-D8-A27V,62.0,2.0,0.0,1.0,1.0,0.0,,0.17305910520523335,12.517453798767967,0.0,3.7748319975275404,,3.413079916985148
TCGA-D8-A27W,55.0,3.0,0.0,1.0,1.0,1.0,0.0,0.1008308257150603,12.254620123203285,0.0,4.3638490608153635,3.870634216243383,3.9176696062179213
TCGA-D8-A3Z5,54.0,3.0,3.0,1.0,1.0,0.0,0.0,0.18581603417156345,33.347022587268995,0.0,4.428140262093418,3.904031607993243,3.9907107516856684
TCGA-D8-A3Z6,56.0,3.0,3.0,1.0,1.0,0.0,0.0,0.18857566317840066,18.496919917864478,0.0,4.4964770481711,3.9867714727027925,4.074737923382949
TCGA-D8-A4Z1,68.0,1.0,0.0,1.0,1.0,0.0,0.0,0.1585697910497948,21.650924024640656,0.0,3.1516465412008765,2.6779317344027094,2.7519010975147893
TCGA-D8-A73U,88.0,2.0,0.0,1.0,1.0,0.0,1.0,0.209438414244939,16.164271047227928,0.0,4.663210216537399,4.874448123031373,4.505668315654225
TCGA-D8-A73W,79.0,3.0,1.0,1.0,0.0,0.0,0.0,0.16191929331583424,12.648870636550308,1.0,5.2167103585198396,5.39960432112649,5.475136154288641
TCGA-D8-A73X,53.0,2.0,0.0,1.0,1.0,0.0,0.0,0.16168846800720055,25.19917864476386,0.0,3.4673164601779742,2.9600222123597764,3.0354463705293786
TCGA-E2-A105,79.0,2.0,0.0,1.0,1.0,,0.0,,42.97330595482546,0.0,4.355694679187833,,
TCGA-E2-A106,34.0,1.0,1.0,1.0,1.0,0.0,,0.12161292880150618,83.48254620123203,0.0,2.0227410426525907,,1.3280838239811719
TCGA-E2-A107,54.0,3.0,2.0,1.0,0.0,0.0,0.0,0.1334568281086651,34.39835728952772,0.0,4.39532039732112,4.3653560122571164,4.42761072365455
TCGA-E2-A108,64.0,3.0,2.0,1.0,1.0,0.0,1.0,0.1999283523781389,27.498973305954827,0.0,4.737004327709528,4.784209209795465,4.4109931651325995
TCGA-E2-A109,64.0,2.0,0.0,1.0,0.0,0.0,1.0,0.12572837267360412,46.554414784394254,0.0,3.843168783605222,4.342894150780648,3.9350654273386936
TCGA-E2-A10A,41.0,2.0,0.0,1.0,1.0,0.0,0.0,0.14747514074986018,40.37782340862423,0.0,3.0572957437118853,2.463583024102477,2.532376973844808
TCGA-E2-A10B,67.0,2.0,1.0,1.0,1.0,0.0,1.0,0.17964469867604846,37.48665297741273,0.0,3.978493827494043,4.005679543581099,3.6230016150625723
TCGA-E2-A10C,54.0,2.0,1.0,1.0,1.0,0.0,0.0,0.16292146221043954,40.082135523613964,0.0,3.534304717989113,3.0013921447145515,3.0773914678971788
TCGA-E2-A10E,64.0,2.0,1.0,1.0,1.0,0.0,0.0,0.17567015385336357,28.418891170431213,0.0,3.8759886483775206,3.4150914682623004,3.497037779172516
TCGA-E2-A10F,47.0,2.0,0.0,1.0,1.0,0.0,0.0,0.15444821618795598,28.84599589322382,0.0,3.2623061019449295,2.7118026182311263,2.7838493561979587
TCGA-E2-A14N,37.0,2.0,1.0,0.0,0.0,0.0,1.0,0.3282098404077128,47.1129363449692,0.0,2.953442036328821,3.802444701938528,3.48906918494362
TCGA-E2-A14O,76.0,3.0,1.0,1.0,1.0,0.0,0.0,0.21790486593812353,44.648870636550306,0.0,5.114205179403317,4.814170119798292,4.91581800648438
TCGA-E2-A14P,79.0,3.0,3.0,0.0,0.0,1.0,1.0,0.289903330179485,40.936344969199176,0.0,5.282350088064437,6.367854000013133,6.036609328081024
TCGA-E2-A14Q,50.0,2.0,1.0,1.0,1.0,0.0,0.0,0.1580346641761739,38.209445585215605,0.0,3.3976311458337505,2.8359124152954513,2.909632153344877
TCGA-E2-A14R,62.0,2.0,0.0,0.0,0.0,0.0,1.0,0.37999360701908813,38.57084188911704,0.0,3.7748319975275404,4.836693010807902,4.547473496103399
TCGA-E2-A14S,65.0,1.0,0.0,1.0,1.0,0.0,0.0,0.15497343414102474,33.14989733059548,0.0,3.049141362084355,2.553821937338385,2.626113678071673
TCGA-E2-A14T,52.0,2.0,0.0,1.0,1.0,0.0,0.0,0.1604630163769178,75.92607802874743,0.0,3.4331480671391335,2.918652280005001,2.993504791608025
TCGA-E2-A14U,74.0,1.0,0.0,1.0,1.0,0.0,0.0,0.16596533107404288,43.30184804928131,0.0,3.356656899433921,2.9261513285313594,3.0035705504207124
TCGA-E2-A14V,53.0,2.0,1.0,1.0,1.0,1.0,1.0,0.08585064254008652,34.234086242299796,0.0,3.5001363249502724,3.3517331665096153,2.925302348174282
TCGA-E2-A14X,55.0,3.0,2.0,0.0,0.0,0.0,1.0,0.4027942414621545,31.93429158110883,0.0,4.429488790359961,5.449742947603169,5.171159433596778
TCGA-E2-A14Y,35.0,2.0,0.0,1.0,1.0,1.0,1.0,0.07387590559832899,69.28952772073922,0.0,2.852285385478841,2.607074384123666,2.1750576111171918
TCGA-E2-A14Z,64.0,1.0,0.0,1.0,1.0,0.0,0.0,0.1537895398085225,18.496919917864478,1.0,3.0149729690455143,2.5124520049836097,2.584191484727037
TCGA-E2-A150,48.0,2.0,0.0,0.0,0.0,0.0,1.0,0.35056942836603305,63.572895277207394,0.0,3.2964744949837703,4.257513957841053,3.9545687029394214
TCGA-E2-A152,56.0,1.0,0.0,1.0,0.0,1.0,0.0,0.052615021125725706,69.91375770020534,0.0,2.741625824734788,2.5680496263046497,2.592593390769701
TCGA-E2-A153,51.0,2.0,1.0,1.0,1.0,0.0,,0.1592450882502065,23.227926078028748,0.0,3.4317995388725913,,2.9515667222376645
TCGA-E2-A154,68.0,1.0,0.0,1.0,1.0,0.0,0.0,0.1585697910497948,19.416837782340863,0.0,3.1516465412008765,2.6779317344027094,2.7519010975147893
TCGA-E2-A155,58.0,2.0,1.0,1.0,0.0,0.0,1.0,0.11986813195160935,21.026694045174537,0.0,3.6709782901444763,4.094674556651998,3.6841121582078915
TCGA-E2-A156,61.0,1.0,0.0,1.0,1.0,0.0,0.0,0.1502822353746061,23.852156057494867,0.0,2.912467789928992,2.388342207919285,2.458445606329065
TCGA-E2-A158,43.0,2.0,1.0,0.0,0.0,0.0,0.0,0.34031727259276146,14.784394250513348,0.0,3.1584523945618654,3.584186017812705,3.7429366331920346
TCGA-E2-A159,50.0,2.0,0.0,0.0,0.0,0.0,1.0,0.35470988782003676,25.034907597535934,0.0,3.364811281061452,4.340253822550602,4.039240002046258
TCGA-E2-A15A,45.0,3.0,3.0,1.0,1.0,0.0,,0.1737833634897637,23.326488706365502,0.0,4.120624724743852,,3.612768380990244
TCGA-E2-A15C,61.0,1.0,0.0,1.0,1.0,0.0,0.0,0.1502822353746061,22.80082135523614,0.0,2.912467789928992,2.388342207919285,2.458445606329065
TCGA-E2-A15D,47.0,2.0,0.0,1.0,1.0,0.0,0.0,0.15444821618795598,17.281314168377822,0.0,3.2623061019449295,2.7118026182311263,2.7838493561979587
TCGA-E2-A15E,40.0,2.0,1.0,1.0,1.0,1.0,1.0,0.07703880032474703,20.698151950718685,0.0,3.055947215445343,2.813924045897541,2.383382694577346
TCGA-E2-A15F,64.0,1.0,0.0,1.0,1.0,0.0,0.0,0.1537895398085225,21.61806981519507,0.0,3.0149729690455143,2.5124520049836097,2.584191484727037
TCGA-E2-A15G,76.0,2.0,0.0,1.0,1.0,0.0,0.0,0.1919889006560625,18.20123203285421,0.0,4.2531895000713105,3.9115306565196004,4.0010893083416095
TCGA-E2-A15H,38.0,2.0,1.0,1.0,1.0,1.0,1.0,0.0757590146437319,12.91170431211499,0.0,2.9876104293676615,2.731184181187991,2.3000458376467816
TCGA-E2-A15I,44.0,2.0,0.0,1.0,1.0,0.0,,0.15092856930663812,55.58932238193019,0.0,3.1598009228284076,,2.6580977203163734
TCGA-E2-A15J,51.0,1.0,0.0,1.0,1.0,0.0,0.0,0.13906516734389635,53.880903490759756,0.0,2.570783859540585,1.9746428843715356,2.0395137641992864
TCGA-E2-A15K,58.0,2.0,1.0,1.0,1.0,0.0,1.0,0.16792923238673788,9.034907597535934,0.0,3.6709782901444763,3.6333501523881244,3.245207213326012
TCGA-E2-A15L,65.0,2.0,0.0,1.0,1.0,0.0,0.0,0.17698725862182216,20.566735112936346,0.0,3.8773371766440627,3.4564614006170755,3.5390221122919625
TCGA-E2-A15M,66.0,2.0,0.0,1.0,1.0,0.0,0.0,0.17831210241234222,11.039014373716633,1.0,3.9115055696829035,3.4978313329718507,3.5810100554970954
TCGA-E2-A15O,89.0,1.0,,1.0,1.0,0.0,1.0,0.18565930098001804,50.75975359342916,0.0,,4.013178592107457,3.633306344916072
TCGA-E2-A15P,61.0,1.0,0.0,1.0,1.0,0.0,0.0,0.1502822353746061,19.548254620123203,0.0,2.912467789928992,2.388342207919285,2.458445606329065
TCGA-E2-A15R,64.0,2.0,1.0,1.0,1.0,0.0,0.0,0.17567015385336357,56.903490759753595,0.0,3.8759886483775206,3.4150914682623004,3.497037779172516
TCGA-E2-A15S,34.0,2.0,1.0,1.0,0.0,0.0,,0.09873780514287328,14.061601642710473,0.0,2.850936857212299,,2.681376943224599
TCGA-E2-A15T,65.0,2.0,0.0,1.0,1.0,0.0,0.0,0.17698725862182216,51.351129363449694,0.0,3.8773371766440627,3.4564614006170755,3.5390221122919625
TCGA-E2-A1AZ,63.0,2.0,1.0,0.0,0.0,0.0,1.0,0.38213249199190175,76.51745379876797,0.0,3.8418202553386798,4.878062943162677,4.589841171837677
TCGA-E2-A1B0,50.0,3.0,2.0,0.0,0.0,1.0,1.0,0.23887705415584148,53.58521560574949,0.0,4.258646825165757,5.16812596172466,4.813078640407304
TCGA-E2-A1B1,45.0,2.0,1.0,1.0,1.0,1.0,0.0,0.08032536509132374,87.16221765913758,0.0,3.226789180639547,2.5542954294169427,2.5917654674249055
TCGA-E2-A1B4,74.0,3.0,2.0,1.0,1.0,0.0,0.0,0.21482966624400032,32.98562628336756,1.0,5.078688258097935,4.731430255088742,4.831643627916226
TCGA-E2-A1B5,46.0,2.0,0.0,1.0,1.0,0.0,0.0,0.15326760643419451,32.328542094455855,0.0,3.2281377089060888,2.6704326858763516,2.741928695037959
TCGA-E2-A1B6,44.0,2.0,0.0,0.0,0.0,0.0,1.0,0.34235614730108527,28.484599589322382,0.0,3.1598009228284076,4.092034228421953,3.785257656310325
TCGA-E2-A1BC,63.0,1.0,0.0,1.0,1.0,0.0,0.0,0.15261305625389832,16.459958932238195,0.0,2.9808045760066735,2.4710820726288345,2.542272748349306
TCGA-E2-A1BD,53.0,2.0,0.0,1.0,1.0,0.0,0.0,0.16168846800720055,37.223819301848046,0.0,3.4673164601779742,2.9600222123597764,3.0354463705293786
TCGA-E2-A1IE,61.0,2.0,1.0,1.0,1.0,0.0,0.0,0.17176513207247598,77.60164271047228,0.0,3.773483469260998,3.290981671197976,3.371106374271297
TCGA-E2-A1IF,74.0,1.0,0.0,1.0,1.0,0.0,0.0,0.16596533107404288,37.38809034907597,0.0,3.356656899433921,2.9261513285313594,3.0035705504207124
TCGA-E2-A1IG,45.0,2.0,1.0,1.0,1.0,0.0,0.0,0.15209439800424063,70.30800821355236,0.0,3.226789180639547,2.629062753521577,2.7000114864347458
TCGA-E2-A1IH,80.0,1.0,0.0,1.0,1.0,,0.0,,33.70841889117043,0.0,3.561667257666966,,
TCGA-E2-A1II,51.0,1.0,0.0,0.0,1.0,0.0,1.0,0.4121106632673366,33.67556468172484,0.0,2.570783859540585,3.017659887362813,2.743422281759596
TCGA-E2-A1IJ,57.0,1.0,0.0,1.0,1.0,0.0,0.0,0.14570855741424613,28.418891170431213,0.0,2.775794217773629,2.2228624785001854,2.290832355489726
TCGA-E2-A1IK,71.0,2.0,1.0,1.0,1.0,0.0,0.0,0.18505286041108843,59.13757700205339,0.0,4.115167399649406,3.7046809947457255,3.7910041344563554
TCGA-E2-A1IL,78.0,2.0,1.0,1.0,1.0,0.0,0.0,0.19481826919047313,3.8767967145790556,0.0,4.354346150921291,3.99427052122915,4.0851490120136384
TCGA-E2-A1IN,60.0,1.0,0.0,1.0,1.0,0.0,0.0,0.1491278541665475,22.17659137577002,0.0,2.878299396890151,2.3469722755645104,2.4165371802159057
TCGA-E2-A1IO,37.0,1.0,0.0,1.0,1.0,0.0,0.0,0.12454921856371333,60.94455852156057,0.0,2.092426356996815,1.395463831404686,1.4535633364382272
TCGA-E2-A1IU,60.0,1.0,0.0,1.0,1.0,0.0,0.0,0.1491278541665475,11.071868583162217,0.0,2.878299396890151,2.3469722755645104,2.4165371802159057
TCGA-E2-A1L6,44.0,2.0,1.0,1.0,1.0,0.0,0.0,0.15092856930663812,54.143737166324435,0.0,3.1926207876007062,2.5876928211668018,2.6580977203163734
TCGA-E2-A1L7,40.0,3.0,2.0,0.0,0.0,0.0,1.0,0.37054806069128715,60.32032854209446,0.0,3.91696289477735,4.829193962281544,4.5355683053888765
TCGA-E2-A1L8,52.0,2.0,1.0,1.0,1.0,0.0,0.0,0.1604630163769178,73.59342915811088,0.0,3.4659679319114316,2.918652280005001,2.993504791608025
TCGA-E2-A1L9,40.0,2.0,1.0,1.0,1.0,0.0,0.0,0.14633860852377611,19.64681724845996,0.0,3.055947215445343,2.422213091747702,2.4904768738940284
TCGA-E2-A1LA,59.0,2.0,1.0,1.0,1.0,0.0,0.0,0.16920021164080423,24.57494866529774,0.0,3.705146683183317,3.208241806488426,3.287170029894921
TCGA-E2-A1LB,41.0,2.0,1.0,0.0,0.0,1.0,1.0,0.1978661618033606,75.76180698151951,0.0,3.090115608484184,3.8931571072529936,3.5189790954813733
TCGA-E2-A1LE,71.0,3.0,3.0,0.0,0.0,1.0,1.0,0.2751988937560327,28.878850102669404,1.0,5.0090029437537105,6.0368945411749335,5.69879056905731
TCGA-E2-A1LG,50.0,2.0,0.0,0.0,0.0,0.0,,0.35470988782003676,50.03696098562629,0.0,3.364811281061452,,4.039240002046258
TCGA-E2-A1LH,59.0,1.0,0.0,0.0,0.0,0.0,1.0,0.33715422491349006,106.6776180698152,0.0,2.8441310038513103,3.8099437504648863,3.5007405945542796
TCGA-E2-A1LI,57.0,2.0,1.0,0.0,0.0,0.0,1.0,0.36937037413513774,102.53798767967146,0.0,3.6368098971056355,4.629843349034027,4.335668326944323
TCGA-E2-A1LK,84.0,3.0,3.0,0.0,0.0,0.0,1.0,0.4673357041827189,8.739219712525667,1.0,5.45319205325864,6.649470985891642,6.400994662291166
TCGA-E2-A1LL,73.0,3.0,2.0,0.0,0.0,0.0,1.0,0.44260430484387286,43.006160164271044,0.0,5.044519865059094,6.194401729989118,5.934388745806233
TCGA-E2-A1LS,46.0,1.0,0.0,0.0,0.0,0.0,0.0,0.3113329532795588,52.69815195071869,0.0,2.399941894346381,2.805656351598339,2.9508864116080677
TCGA-E2-A2P5,78.0,3.0,3.0,1.0,1.0,0.0,1.0,0.22101169494476766,26.973305954825463,1.0,5.248181695025595,5.363388262762315,5.00000713943978
TCGA-E2-A2P6,77.0,2.0,1.0,1.0,1.0,0.0,0.0,0.19339965146776322,34.52977412731006,0.0,4.320177757882449,3.9529005888743747,4.043117325306072
TCGA-E2-A3DX,43.0,3.0,3.0,1.0,1.0,1.0,0.0,0.09138405586296629,43.53182751540041,0.0,4.05228793866617,3.374195027986084,3.4168237050249513
TCGA-E2-A56Z,69.0,2.0,1.0,1.0,1.0,0.0,0.0,0.18233320000308656,8.279260780287474,0.0,4.046830613571724,3.6219411300361752,3.7069956072422436
TCGA-E2-A570,47.0,1.0,1.0,1.0,1.0,0.0,0.0,0.13477872057971507,30.587268993839835,0.0,2.4669301521575204,1.8091631549524356,1.872034500473802
TCGA-E2-A572,72.0,3.0,2.0,1.0,1.0,0.0,0.0,0.21178611339154763,39.68788501026694,0.0,5.010351472020253,4.648690390379191,4.747484011912287
TCGA-E2-A573,48.0,1.0,0.0,0.0,0.0,0.0,1.0,0.3152349434123642,34.8911704312115,0.0,2.4682786804240626,3.3548744945623614,3.035446469956534
TCGA-E2-A574,44.0,2.0,0.0,0.0,0.0,0.0,1.0,0.34235614730108527,38.73511293634497,0.0,3.1598009228284076,4.092034228421953,3.785257656310325
TCGA-E2-A576,69.0,1.0,0.0,1.0,1.0,0.0,0.0,0.15978353596322759,34.26694045174538,0.0,3.1858149342397173,2.7193016667574845,2.793837215507023
TCGA-E2-A9RU,90.0,3.0,3.0,1.0,0.0,0.0,1.0,0.17591675074842647,17.675564681724847,0.0,5.6582024114916845,6.321151855283487,5.936734920034262
TCGA-E9-A1N3,70.0,3.0,2.0,,,,1.0,,34.79260780287474,0.0,4.9420146859425715,,
TCGA-E9-A1N4,41.0,3.0,2.0,1.0,1.0,1.0,0.0,0.0898891727961496,32.85420944558521,0.0,3.9511312878161906,3.291455163276534,3.3333865098362008
TCGA-E9-A1N5,45.0,2.0,1.0,1.0,1.0,1.0,0.0,0.08032536509132374,36.79671457905544,0.0,3.226789180639547,2.5542954294169427,2.5917654674249055
TCGA-E9-A1N6,52.0,2.0,1.0,1.0,1.0,1.0,1.0,0.08514159602470542,22.275154004106778,1.0,3.4659679319114316,3.31036323415484,2.8836016610218094
TCGA-E9-A1N8,48.0,2.0,0.0,0.0,,0.0,1.0,,34.13552361396304,0.0,3.2964744949837703,,
TCGA-E9-A1N9,58.0,2.0,0.0,0.0,1.0,1.0,1.0,0.2989690357451846,36.172484599589325,0.0,3.6381584253721777,4.135121553020294,3.808105835811635
TCGA-E9-A1NA,58.0,2.0,0.0,1.0,1.0,1.0,1.0,0.08947668675396743,36.53388090349076,0.0,3.6381584253721777,3.55858282828349,3.1338434808099227
TCGA-E9-A1NC,61.0,2.0,1.0,0.0,1.0,1.0,0.0,0.3047020705098839,39.52361396303901,0.0,3.773483469260998,3.7927530718301457,3.9348899690621697
TCGA-E9-A1ND,75.0,2.0,1.0,0.0,0.0,1.0,1.0,0.25136437335173467,41.59342915811088,0.0,4.251840971804768,5.299734807315342,4.9505125491565005
TCGA-E9-A1NE,28.0,2.0,1.0,1.0,1.0,0.0,0.0,0.13326012602519882,35.74537987679671,0.0,2.6459264989792546,1.9257739034904027,1.9879368576386116
TCGA-E9-A1NF,60.0,2.0,0.0,1.0,1.0,0.0,1.0,0.1704788394702983,35.219712525667354,1.0,3.7064952114498593,3.7160900170976743,3.3291364143581266
TCGA-E9-A1NG,62.0,2.0,0.0,1.0,1.0,0.0,0.0,0.17305910520523335,25.82340862422998,1.0,3.7748319975275404,3.332351603552751,3.413079916985148
TCGA-E9-A1NH,71.0,2.0,1.0,1.0,1.0,0.0,0.0,0.18505286041108843,18.924024640657084,0.0,4.115167399649406,3.7046809947457255,3.7910041344563554
TCGA-E9-A1NI,51.0,2.0,0.0,1.0,1.0,0.0,0.0,0.1592450882502065,9.856262833675565,0.0,3.3989796741002927,2.8772823476502265,2.9515667222376645
TCGA-E9-A1QZ,61.0,2.0,0.0,,,,0.0,,24.804928131416837,0.0,3.7406636044886996,,
TCGA-E9-A1R0,58.0,2.0,1.0,,,,1.0,,28.254620123203285,0.0,3.6709782901444763,,
TCGA-E9-A1R2,51.0,3.0,3.0,1.0,0.0,0.0,1.0,0.1303418043620693,34.92402464065709,0.0,4.325635082976897,4.707724493447264,4.30204783567619
TCGA-E9-A1R3,70.0,3.0,3.0,,,,0.0,,2.5626283367556466,0.0,4.97483455071487,,
TCGA-E9-A1R4,66.0,1.0,0.0,,,,0.0,,6.11088295687885,0.0,3.083309755123196,,
TCGA-E9-A1R5,63.0,1.0,0.0,,,,0.0,,3.02258726899384,0.0,2.9808045760066735,,
TCGA-E9-A1R6,63.0,2.0,0.0,,,,0.0,,11.137577002053389,0.0,3.809000390566381,,
TCGA-E9-A1R7,64.0,2.0,0.0,,,,1.0,,48.19712525667351,0.0,3.843168783605222,,
TCGA-E9-A1RA,48.0,1.0,0.0,,,,0.0,,44.97741273100616,0.0,2.4682786804240626,,
TCGA-E9-A1RB,40.0,2.0,0.0,,,,1.0,,32.06570841889117,1.0,3.023127350673045,,
TCGA-E9-A1RC,56.0,3.0,3.0,,,,0.0,,40.2135523613963,0.0,4.4964770481711,,
TCGA-E9-A1RD,67.0,2.0,0.0,,,,0.0,,1.1170431211498972,0.0,3.9456739627217443,,
TCGA-E9-A1RE,74.0,3.0,2.0,,,,0.0,,46.620123203285424,0.0,5.078688258097935,,
TCGA-E9-A1RF,68.0,3.0,2.0,,,,1.0,,6.570841889117043,0.0,4.87367789986489,,
TCGA-E9-A1RG,62.0,3.0,2.0,,,,1.0,,21.256673511293634,0.0,4.668667541631846,,
TCGA-E9-A1RH,63.0,2.0,0.0,,,,1.0,,46.554414784394254,0.0,3.809000390566381,,
TCGA-E9-A1RI,43.0,3.0,2.0,,,,0.0,,47.605749486652975,0.0,4.019468073893872,,
TCGA-E9-A226,45.0,3.0,2.0,,,,1.0,,34.431211498973305,1.0,4.087804859971554,,
TCGA-E9-A227,42.0,2.0,1.0,1.0,1.0,0.0,0.0,0.14861896308794892,32.03285420944559,0.0,3.1242840015230247,2.504952956457252,2.5742804744744836
TCGA-E9-A228,58.0,2.0,1.0,,,,0.0,,42.217659137577,0.0,3.6709782901444763,,
TCGA-E9-A229,37.0,1.0,0.0,,,,0.0,,37.71663244353183,0.0,2.092426356996815,,
TCGA-E9-A22A,74.0,2.0,0.0,1.0,0.0,0.0,1.0,0.1360396718620062,39.063655030800824,0.0,4.18485271399363,4.756593474328397,4.353574747978415
TCGA-E9-A22B,71.0,1.0,0.0,1.0,0.0,0.0,1.0,0.11557614725044953,38.340862422997944,0.0,3.254151720317399,3.7298442139853814,3.3172796979075834
TCGA-E9-A22D,38.0,2.0,0.0,1.0,1.0,1.0,1.0,0.0757590146437319,41.002053388090346,0.0,2.9547905645953634,2.731184181187991,2.3000458376467816
TCGA-E9-A22E,56.0,3.0,2.0,1.0,1.0,1.0,1.0,0.10165601156327563,41.69199178644764,0.0,4.4636571833988015,4.3784824268526314,3.959424469846412
TCGA-E9-A22G,47.0,2.0,0.0,0.0,0.0,1.0,1.0,0.206644347903603,40.70636550308008,0.0,3.2623061019449295,4.141376701381644,3.7712935227482616
TCGA-E9-A22H,42.0,2.0,1.0,1.0,1.0,1.0,0.0,0.07833837279459603,40.47638603696099,0.0,3.1242840015230247,2.4301856323526176,2.466728781615098
TCGA-E9-A243,52.0,2.0,0.0,,,,1.0,,20.10677618069815,0.0,3.4331480671391335,,
TCGA-E9-A244,54.0,2.0,0.0,,,,1.0,,0.6899383983572895,0.0,3.501484853216815,,
TCGA-E9-A245,47.0,2.0,1.0,,,,0.0,,0.8542094455852156,0.0,3.2951259667172286,,
TCGA-E9-A247,59.0,1.0,0.0,,,,0.0,,38.965092402464066,0.0,2.8441310038513103,,
TCGA-E9-A248,51.0,2.0,0.0,,,,1.0,,1.9383983572895278,0.0,3.3989796741002927,,
TCGA-E9-A249,45.0,2.0,0.0,,,,0.0,,7.129363449691992,0.0,3.193969315867248,,
TCGA-E9-A24A,69.0,2.0,1.0,,,,0.0,,24.542094455852155,0.0,4.046830613571724,,
TCGA-E9-A295,71.0,2.0,0.0,1.0,1.0,0.0,0.0,0.18505286041108843,12.320328542094456,0.0,4.0823475348771066,3.7046809947457255,3.7910041344563554
TCGA-E9-A2JS,72.0,2.0,1.0,,,,1.0,,29.700205338809035,1.0,4.149335792688246,,
TCGA-E9-A2JT,63.0,2.0,0.0,,,,0.0,,9.462012320328542,0.0,3.809000390566381,,
TCGA-E9-A3HO,49.0,2.0,0.0,,,,1.0,,38.04517453798768,0.0,3.330642888022611,,
TCGA-E9-A3Q9,78.0,3.0,3.0,1.0,1.0,,0.0,,32.8870636550308,0.0,5.248181695025595,,
TCGA-E9-A3QA,33.0,2.0,0.0,,,,1.0,,30.16016427104723,0.0,2.7839485994011595,,
TCGA-E9-A3X8,48.0,2.0,1.0,1.0,1.0,1.0,0.0,0.0823582523784772,30.42299794661191,0.0,3.329294359756069,2.678405226481267,2.7168235622508266
TCGA-E9-A54X,85.0,1.0,0.0,1.0,1.0,0.0,1.0,0.18023733578749718,23.88501026694045,0.0,3.732509222861169,3.8476988626883566,3.4652973865092083
TCGA-E9-A54Y,63.0,3.0,2.0,1.0,1.0,0.0,1.0,0.19848169686550146,23.81930184804928,0.0,4.702835934670686,4.74283927744069,4.368948399405062
TCGA-E9-A5FK,60.0,3.0,3.0,1.0,1.0,0.0,0.0,0.1941890456770226,26.677618069815196,0.0,4.633150620326463,4.152251202121892,4.242836173805189
TCGA-E9-A5FL,65.0,2.0,0.0,0.0,0.0,0.0,1.0,0.3864239204009574,0.7885010266940452,0.0,3.8773371766440627,4.960802807872227,4.674582894682736
TCGA-E9-A5UO,41.0,2.0,0.0,,,,0.0,,25.790554414784395,0.0,3.0572957437118853,,
TCGA-E9-A5UP,63.0,2.0,0.0,,,,0.0,,26.38193018480493,0.0,3.809000390566381,,
TCGA-E9-A6HE,45.0,3.0,3.0,1.0,1.0,0.0,0.0,0.1737833634897637,27.82751540041068,0.0,4.120624724743852,3.531702216800268,3.612768380990244
TCGA-EW-A1IW,80.0,2.0,1.0,1.0,1.0,1.0,0.0,0.10711737009250057,12.188911704312115,0.0,4.422682936998973,4.002243061834066,4.052210988205963
TCGA-EW-A1IX,48.0,2.0,1.0,1.0,1.0,0.0,0.0,0.15563624851773644,39.68788501026694,0.0,3.329294359756069,2.7531725505859015,2.8257734798284404
TCGA-EW-A1IY,38.0,1.0,0.0,1.0,1.0,0.0,0.0,0.12554141128421112,8.476386036960985,0.0,2.1265947500356552,1.4368337637594613,1.4953961051449567
TCGA-EW-A1IZ,53.0,3.0,2.0,1.0,1.0,0.0,0.0,0.1844479520590623,18.20123203285421,0.0,4.361152004282279,3.862661675638468,3.948702638742543
TCGA-EW-A1J1,38.0,2.0,1.0,1.0,1.0,0.0,0.0,0.14408732137103927,18.8911704312115,0.0,2.9876104293676615,2.339473227038152,2.4066868326296134
TCGA-EW-A1J3,61.0,1.0,0.0,1.0,1.0,1.0,0.0,0.07928834874740445,16.55852156057495,0.0,2.912467789928992,2.313574883814651,2.35056117622398
TCGA-EW-A1J5,59.0,2.0,0.0,1.0,1.0,0.0,0.0,0.16920021164080423,15.671457905544148,0.0,3.6723268184110185,3.208241806488426,3.287170029894921
TCGA-EW-A1J6,70.0,1.0,0.0,1.0,1.0,0.0,1.0,0.16100479359001812,28.747433264887064,0.0,3.219983327278558,3.227149877366733,2.835776838016848
TCGA-EW-A1OV,56.0,2.0,1.0,0.0,0.0,0.0,1.0,0.36726046220681374,25.921971252566735,0.0,3.6026415040667947,4.5884734166792525,4.293314166505956
TCGA-EW-A1OW,58.0,2.0,0.0,0.0,0.0,0.0,0.0,0.3714852909341884,22.80082135523614,0.0,3.6381584253721777,4.20473500313433,4.3780248220461715
TCGA-EW-A1OX,43.0,2.0,0.0,1.0,1.0,0.0,0.0,0.14977009841761055,29.930184804928132,0.0,3.125632529789567,2.5463228888120266,2.6161873864558767
TCGA-EW-A1OY,63.0,2.0,0.0,1.0,1.0,0.0,1.0,0.17436077417979073,29.831622176591377,0.0,3.809000390566381,3.8401998141619984,3.455057049642031
TCGA-EW-A1OZ,56.0,2.0,0.0,1.0,0.0,1.0,1.0,0.06114095242308569,40.37782340862423,0.0,3.569821639294496,3.937167367837814,3.4992100158005006
TCGA-EW-A1P0,55.0,2.0,1.0,1.0,0.0,0.0,,0.11702744805365486,41.100616016427104,0.0,3.568473111027954,,3.558677243809784
TCGA-EW-A1P1,68.0,3.0,3.0,0.0,0.0,0.0,0.0,0.43144874686931,39.75359342915811,0.0,4.906497764637188,5.52107378996077,5.7223352585554155
TCGA-EW-A1P3,48.0,2.0,0.0,1.0,1.0,0.0,0.0,0.15563624851773644,52.92813141683778,0.0,3.2964744949837703,2.7531725505859015,2.8257734798284404
TCGA-EW-A1P4,43.0,2.0,0.0,0.0,0.0,0.0,1.0,0.34031727259276146,29.79876796714579,0.0,3.125632529789567,4.050664296067178,3.7429366331920346
TCGA-EW-A1P5,77.0,2.0,1.0,1.0,1.0,0.0,0.0,0.19339965146776322,23.096509240246405,0.0,4.320177757882449,3.9529005888743747,4.043117325306072
TCGA-EW-A1P6,64.0,2.0,1.0,1.0,1.0,0.0,0.0,0.17567015385336357,18.46406570841889,0.0,3.8759886483775206,3.4150914682623004,3.497037779172516
TCGA-EW-A1P7,59.0,2.0,0.0,0.0,0.0,0.0,0.0,0.37360514315917415,30.06160164271047,0.0,3.6723268184110185,4.246104935489104,4.420383619417011
TCGA-EW-A1P8,58.0,3.0,3.0,0.0,0.0,0.0,1.0,0.40935564486067627,7.852156057494867,1.0,4.564813834248781,5.5738527446674935,5.298329982821378
TCGA-EW-A1PA,59.0,2.0,1.0,1.0,1.0,0.0,0.0,0.16920021164080423,18.8911704312115,0.0,3.705146683183317,3.208241806488426,3.287170029894921
TCGA-EW-A1PB,70.0,3.0,1.0,0.0,0.0,0.0,1.0,0.43590328079634305,19.975359342915812,0.0,4.9091948211702725,6.070291932924793,5.807153066581674
TCGA-EW-A1PC,66.0,2.0,0.0,1.0,1.0,0.0,1.0,0.17831210241234222,6.143737166324435,0.0,3.9115055696829035,3.964309611226324,3.5810100554970954
TCGA-EW-A1PE,56.0,2.0,1.0,1.0,1.0,0.0,0.0,0.16541015266285794,10.513347022587268,0.0,3.6026415040667947,3.0841320094241014,3.1612922526440808
TCGA-EW-A1PF,50.0,1.0,0.0,1.0,1.0,0.0,0.0,0.1379829574250577,14.42299794661191,0.0,2.536615466501744,1.9332729520167604,1.9976390044248615
TCGA-EW-A1PG,53.0,2.0,1.0,1.0,1.0,0.0,0.0,0.16168846800720055,34.52977412731006,0.0,3.5001363249502724,2.9600222123597764,3.0354463705293786
TCGA-EW-A1PH,52.0,2.0,1.0,0.0,0.0,0.0,1.0,0.3588722260820221,19.942505133470227,0.0,3.4659679319114316,4.422993687260153,4.1239215071417705
TCGA-EW-A2FR,59.0,3.0,3.0,0.0,0.0,1.0,0.0,0.2540310263589003,54.965092402464066,0.0,4.598982227287622,5.07397707466316,5.1924770304622765
TCGA-EW-A2FS,41.0,2.0,1.0,1.0,0.0,0.0,0.0,0.10453254558442099,52.69815195071869,0.0,3.090115608484184,2.9249074283663505,2.9736695902521286
TCGA-EW-A2FV,39.0,3.0,3.0,1.0,1.0,0.0,0.0,0.16610882994123968,25.88911704312115,0.0,3.915614366510807,3.2834826226716185,3.360968783665473
TCGA-EW-A3E8,60.0,2.0,0.0,1.0,0.0,0.0,0.0,0.12179485458788998,34.0041067761807,0.0,3.7064952114498593,3.710936143107075,3.7677507971754878
TCGA-EW-A3U0,61.0,3.0,1.0,0.0,0.0,0.0,0.0,0.41594948814212424,17.478439425051334,0.0,4.601679283820706,5.231484263477345,5.425515664546713
TCGA-EW-A423,75.0,2.0,0.0,1.0,1.0,0.0,1.0,0.1905860090263769,17.51129363449692,0.0,4.21902110703247,4.3366390024192984,3.959064957514841
TCGA-EW-A424,51.0,3.0,1.0,1.0,1.0,1.0,0.0,0.09758930023809453,23.49075975359343,0.0,4.259995353432299,3.7051544868242834,3.750677775575409
TCGA-EW-A6S9,34.0,2.0,1.0,1.0,1.0,1.0,1.0,0.07325783364535109,15.211498973305956,0.0,2.850936857212299,2.565704451768891,2.133399361621954
TCGA-EW-A6SB,62.0,2.0,0.0,0.0,0.0,0.0,1.0,0.37999360701908813,24.969199178644764,0.0,3.7748319975275404,4.836693010807902,4.547473496103399
TCGA-EW-A6SC,60.0,2.0,0.0,1.0,1.0,0.0,0.0,0.1704788394702983,31.277207392197127,0.0,3.7064952114498593,3.249611738843201,3.3291364143581266
TCGA-EW-A6SD,32.0,2.0,1.0,0.0,0.0,1.0,1.0,0.18523070072930006,33.18275154004107,0.0,2.7826000711346177,3.520827716060019,3.1407555361616195
TCGA-GI-A2C9,58.0,2.0,0.0,0.0,0.0,0.0,,0.3714852909341884,109.79876796714579,0.0,3.6381584253721777,,4.3780248220461715
TCGA-GM-A2D9,69.0,1.0,0.0,1.0,1.0,0.0,0.0,0.15978353596322759,59.53182751540041,1.0,3.1858149342397173,2.7193016667574845,2.793837215507023
TCGA-GM-A2DA,46.0,2.0,1.0,1.0,1.0,1.0,0.0,0.08099785382891413,216.60780287474333,1.0,3.260957573678388,2.5956653617717174,2.6334491011681367
TCGA-GM-A2DB,62.0,2.0,0.0,0.0,0.0,0.0,1.0,0.37999360701908813,79.04722792607802,0.0,3.7748319975275404,4.836693010807902,4.547473496103399
TCGA-GM-A2DC,57.0,2.0,1.0,1.0,1.0,0.0,,0.16666588507878508,83.28542094455852,0.0,3.6368098971056355,,3.203247956894186
TCGA-GM-A2DD,53.0,1.0,0.0,0.0,0.0,0.0,1.0,0.3251038665793962,74.97330595482546,0.0,2.639120645618266,3.5617241563362363,3.246899770017592
TCGA-GM-A2DF,53.0,2.0,1.0,0.0,0.0,0.0,1.0,0.36096143896664434,70.80082135523614,0.0,3.5001363249502724,4.464363619614928,4.166266011925872
TCGA-GM-A2DH,58.0,1.0,0.0,0.0,0.0,0.0,1.0,0.33513054284190547,72.04928131416838,0.0,2.8099626108124696,3.768573818110111,3.458426658471017
TCGA-GM-A2DI,52.0,1.0,0.0,0.0,0.0,0.0,1.0,0.32311725540984004,85.09240246406571,0.0,2.6049522525794253,3.520354223981461,3.204603126704881
TCGA-GM-A2DK,58.0,1.0,0.0,1.0,0.0,0.0,0.0,0.10406054667907862,86.89938398357289,0.0,2.8099626108124696,2.725556815118834,2.7740987997679096
TCGA-GM-A2DL,50.0,1.0,0.0,1.0,1.0,0.0,0.0,0.1379829574250577,115.61396303901438,0.0,2.536615466501744,1.9332729520167604,1.9976390044248615
TCGA-GM-A2DM,57.0,2.0,0.0,1.0,1.0,0.0,0.0,0.16666588507878508,105.98767967145791,0.0,3.603990032333337,3.125501941778876,3.203247956894186
TCGA-GM-A2DN,58.0,2.0,0.0,1.0,1.0,0.0,0.0,0.16792923238673788,101.55236139630391,0.0,3.6381584253721777,3.1668718741336512,3.245207213326012
TCGA-GM-A2DO,54.0,1.0,0.0,1.0,1.0,0.0,0.0,0.1423545438201415,85.28952772073922,0.0,2.673289038657107,2.098752681435861,2.1651579839387813
TCGA-GM-A3NW,63.0,2.0,0.0,0.0,1.0,0.0,0.0,0.47821330624233654,110.42299794661191,0.0,3.809000390566381,3.9502602606443302,4.173336380378634
TCGA-GM-A3NY,72.0,2.0,1.0,1.0,1.0,0.0,0.0,0.18642440363033766,38.17659137577002,0.0,4.149335792688246,3.7460509271005,3.833013861930597
TCGA-GM-A3XG,46.0,3.0,1.0,1.0,1.0,0.0,0.0,0.17508932658075727,43.696098562628336,0.0,4.0891533882380955,3.573072149155043,3.6547475167591696
TCGA-GM-A3XL,49.0,2.0,0.0,0.0,0.0,0.0,1.0,0.35263689147382343,69.25667351129364,0.0,3.330642888022611,4.298883890195828,3.996903061925073
TCGA-GM-A3XN,44.0,3.0,2.0,1.0,1.0,0.0,0.0,0.172485104574562,66.33264887063655,0.0,4.053636466932713,3.4903322844454934,3.5707928390519776
TCGA-GM-A4E0,67.0,3.0,3.0,1.0,1.0,0.0,0.0,0.20431570560792106,71.9835728952772,0.0,4.872329371598347,4.441840728605317,4.537149567177648
TCGA-GM-A5PV,63.0,2.0,1.0,1.0,1.0,0.0,,0.17436077417979073,13.535934291581109,0.0,3.8418202553386798,,3.455057049642031
TCGA-GM-A5PX,65.0,2.0,1.0,1.0,1.0,0.0,,0.17698725862182216,18.102669404517453,0.0,3.9101570414163613,,3.5390221122919625
TCGA-HN-A2NL,56.0,2.0,0.0,0.0,0.0,0.0,1.0,0.36726046220681374,2.595482546201232,0.0,3.569821639294496,4.5884734166792525,4.293314166505956
TCGA-HN-A2OB,45.0,2.0,1.0,1.0,1.0,0.0,0.0,0.15209439800424063,62.42299794661191,1.0,3.226789180639547,2.629062753521577,2.7000114864347458
TCGA-JL-A3YW,49.0,2.0,1.0,1.0,1.0,0.0,1.0,0.15683172432954123,11.827515400410677,0.0,3.3634627527949097,3.26102076119515,2.8677010756816013
TCGA-JL-A3YX,46.0,2.0,0.0,1.0,1.0,1.0,,0.08099785382891413,11.564681724845997,0.0,3.2281377089060888,,2.6334491011681367
TCGA-LD-A66U,44.0,2.0,1.0,1.0,1.0,0.0,0.0,0.15092856930663812,21.22381930184805,0.0,3.1926207876007062,2.5876928211668018,2.6580977203163734
TCGA-LD-A74U,79.0,3.0,3.0,1.0,0.0,0.0,0.0,0.16191929331583424,13.207392197125257,0.0,5.282350088064437,5.39960432112649,5.475136154288641
TCGA-LD-A7W5,52.0,3.0,3.0,1.0,1.0,0.0,0.0,0.18308767748665325,7.096509240246407,0.0,4.3598034760157365,3.821291743283693,3.906698167847277
TCGA-LD-A7W6,54.0,2.0,1.0,1.0,1.0,0.0,1.0,0.16292146221043954,13.273100616016427,0.0,3.534304717989113,3.4678704229690247,3.0773914678971788
TCGA-LD-A9QF,73.0,1.0,0.0,0.0,0.0,1.0,1.0,0.21947873581161115,10.611909650924025,0.0,3.3224885063950804,4.3143554793271015,3.950259263867497
TCGA-LL-A440,61.0,1.0,0.0,1.0,1.0,0.0,0.0,0.1502822353746061,24.93634496919918,0.0,2.912467789928992,2.388342207919285,2.458445606329065
TCGA-LL-A441,62.0,1.0,0.0,0.0,0.0,0.0,1.0,0.34326095704675763,32.72279260780287,0.0,2.9466361829678327,3.934053547529211,3.627699049509892
TCGA-LL-A442,56.0,2.0,0.0,1.0,1.0,0.0,,0.16541015266285794,29.207392197125255,0.0,3.569821639294496,,3.1612922526440808
TCGA-LL-A50Y,84.0,2.0,0.0,1.0,1.0,0.0,0.0,0.20349554148735813,25.034907597535934,0.0,4.526536644382036,4.2424901153578,4.337416365183285
TCGA-LL-A5YL,64.0,2.0,1.0,1.0,0.0,0.0,0.0,0.12572837267360412,17.05133470225873,0.0,3.8759886483775206,3.876415872526174,3.9350654273386936
TCGA-LL-A5YM,88.0,3.0,,1.0,1.0,1.0,0.0,0.1313859218166873,15.31006160164271,0.0,,5.235841983950957,5.297130662546882
TCGA-LL-A5YN,46.0,2.0,0.0,1.0,1.0,1.0,0.0,0.08099785382891413,14.685831622176591,0.0,3.2281377089060888,2.5956653617717174,2.6334491011681367
TCGA-LL-A5YO,50.0,1.0,0.0,0.0,0.0,0.0,1.0,0.31916317312858017,14.455852156057494,0.0,2.536615466501744,3.4376143592719117,3.120018768500693
TCGA-LL-A5YP,49.0,2.0,1.0,1.0,0.0,1.0,1.0,0.057596899381026676,14.784394250513348,0.0,3.3634627527949097,3.647577841354389,3.2079672655559732
TCGA-LL-A6FQ,77.0,3.0,2.0,1.0,1.0,0.0,1.0,0.21945432829524303,2.628336755646817,0.0,5.181193437214457,5.3220183304075395,4.957910729371723
TCGA-LL-A6FR,50.0,2.0,0.0,0.0,1.0,1.0,1.0,0.28398866926998645,16.06570841889117,0.0,3.364811281061452,3.804162094182095,3.470158361412464
TCGA-LL-A73Y,67.0,1.0,0.0,0.0,0.0,1.0,1.0,0.21029986884758542,15.671457905544148,0.0,3.1174781481620366,4.0661358851984515,3.6977579276811414
TCGA-LL-A740,61.0,1.0,0.0,0.0,0.0,0.0,0.0,0.3412194896589711,14.48870636550308,0.0,2.912467789928992,3.4262053369199625,3.5853768169629494
TCGA-LL-A7SZ,49.0,2.0,1.0,1.0,1.0,0.0,1.0,0.15683172432954123,19.515400410677618,0.0,3.3634627527949097,3.26102076119515,2.8677010756816013
TCGA-LL-A7T0,70.0,2.0,1.0,1.0,1.0,1.0,0.0,0.09874771213921406,12.353182751540041,0.0,4.080999006610565,3.588543738286316,3.634607401026585
TCGA-LL-A8F5,61.0,2.0,0.0,1.0,0.0,0.0,1.0,0.1227681823218272,19.581108829568787,0.0,3.7406636044886996,4.218784353716322,3.8095747657757664
TCGA-LL-A9Q3,69.0,3.0,3.0,1.0,1.0,1.0,0.0,0.11293906289144978,17.478439425051334,0.0,4.940666157676029,4.449813269210233,4.50249688881551
TCGA-LQ-A4E4,73.0,3.0,1.0,1.0,1.0,0.0,0.0,0.2133039332859731,27.89322381930185,0.0,5.011700000286796,4.690060322733967,4.789561974278114
TCGA-MS-A51U,44.0,2.0,1.0,1.0,1.0,0.0,0.0,0.15092856930663812,22.373716632443532,0.0,3.1926207876007062,2.5876928211668018,2.6580977203163734
TCGA-OK-A5Q2,59.0,2.0,1.0,1.0,1.0,0.0,0.0,0.16920021164080423,2.102669404517454,0.0,3.705146683183317,3.208241806488426,3.287170029894921
TCGA-OL-A5D6,71.0,2.0,0.0,0.0,0.0,0.0,1.0,0.39940208145368133,36.271047227926076,1.0,4.0823475348771066,5.209022402000877,4.92885651903417
TCGA-OL-A5D7,70.0,2.0,0.0,0.0,0.0,0.0,1.0,0.397228678763912,58.48049281314169,0.0,4.048179141838267,5.167652469646101,4.886472741534717
TCGA-OL-A5D8,40.0,2.0,0.0,1.0,1.0,0.0,0.0,0.14633860852377611,31.967145790554415,0.0,3.023127350673045,2.422213091747702,2.4904768738940284
TCGA-OL-A5DA,61.0,2.0,0.0,1.0,1.0,0.0,0.0,0.17176513207247598,58.57905544147844,0.0,3.7406636044886996,3.290981671197976,3.371106374271297
TCGA-OL-A5RU,63.0,2.0,1.0,1.0,1.0,0.0,0.0,0.17436077417979073,40.049281314168375,0.0,3.8418202553386798,3.373721535907525,3.455057049642031
TCGA-OL-A5RV,43.0,3.0,3.0,1.0,1.0,0.0,0.0,0.17119453477597021,34.8911704312115,0.0,4.05228793866617,3.448962352090718,3.5288208839195883
TCGA-OL-A5RW,40.0,2.0,1.0,0.0,0.0,0.0,1.0,0.33423625722532585,36.336755646817245,0.0,3.055947215445343,3.926554499002853,3.615990174549069
TCGA-OL-A5RX,51.0,1.0,0.0,1.0,1.0,0.0,0.0,0.13906516734389635,28.84599589322382,0.0,2.570783859540585,1.9746428843715356,2.0395137641992864
TCGA-OL-A5RY,52.0,2.0,1.0,1.0,0.0,1.0,1.0,0.05909153012436226,24.706365503080082,0.0,3.4659679319114316,3.7716876384187135,3.3327742753960754
TCGA-OL-A5RZ,57.0,1.0,0.0,1.0,0.0,1.0,1.0,0.05306890411785229,22.308008213552363,0.0,2.775794217773629,3.0758978369138976,2.634175049681172
TCGA-OL-A5S0,66.0,2.0,1.0,1.0,0.0,1.0,1.0,0.06655853552296745,20.369609856262834,0.0,3.944325434455202,4.350866691385564,3.9154365241849836
TCGA-OL-A66I,36.0,2.0,1.0,0.0,0.0,0.0,1.0,0.32621342346137483,23.457905544147845,0.0,2.9192736432899804,3.761074769583753,3.4467679674490395
TCGA-OL-A66J,80.0,1.0,0.0,1.0,1.0,0.0,0.0,0.17363461520538054,65.57700205338809,0.0,3.561667257666966,3.1743709226600094,3.2553676990063933
TCGA-OL-A66K,72.0,2.0,0.0,1.0,1.0,0.0,0.0,0.18642440363033766,41.889117043121146,1.0,4.116515927915948,3.7460509271005,3.833013861930597
TCGA-OL-A66L,71.0,1.0,0.0,1.0,1.0,0.0,0.0,0.16223358321298398,42.743326488706366,0.0,3.254151720317399,2.802041531467035,2.8777199740392816
TCGA-OL-A66N,59.0,3.0,3.0,1.0,0.0,0.0,0.0,0.13878832527334445,26.02053388090349,0.0,4.598982227287622,4.57220567403099,4.636947413046322
TCGA-OL-A66O,39.0,2.0,1.0,1.0,1.0,0.0,0.0,0.14520934322512138,17.347022587268995,0.0,3.0217788224065023,2.380843159392927,2.4485801638070446
TCGA-OL-A66P,75.0,2.0,0.0,0.0,0.0,0.0,1.0,0.40813459177569467,14.061601642710473,0.0,4.21902110703247,5.374502131419976,5.098409774833121
TCGA-OL-A6VO,43.0,1.0,0.0,0.0,0.0,0.0,1.0,0.3055299801123887,28.188911704312115,0.0,2.2974367152298587,3.148024832788487,2.8240696536119643
TCGA-OL-A6VQ,49.0,2.0,0.0,1.0,1.0,0.0,1.0,0.15683172432954123,19.71252566735113,0.0,3.330642888022611,3.26102076119515,2.8677010756816013
TCGA-OL-A6VR,48.0,1.0,0.0,1.0,1.0,0.0,,0.13583975968840525,40.082135523613964,0.0,2.4682786804240626,,1.9138993845251593
TCGA-OL-A97C,67.0,2.0,0.0,0.0,0.0,0.0,,0.3907330652890865,8.903490759753593,0.0,3.9456739627217443,,4.759332881880449
TCGA-PE-A5DC,72.0,3.0,2.0,1.0,1.0,1.0,0.0,0.11569350989449438,46.98151950718686,1.0,5.010351472020253,4.573923066274557,4.627891575575358
TCGA-PE-A5DD,64.0,2.0,0.0,1.0,0.0,1.0,0.0,0.06544050612415397,64.16427104722793,0.0,3.843168783605222,3.80164854842154,3.8321751230464365
TCGA-PE-A5DE,41.0,2.0,0.0,1.0,1.0,0.0,1.0,0.14747514074986018,86.89938398357289,0.0,3.0572957437118853,2.9300613023569504,2.532376973844808
TCGA-PL-A8LY,30.0,2.0,0.0,,,,,,0.26283367556468173,0.0,2.6814434202846376,,
TCGA-PL-A8LZ,29.0,3.0,2.0,,,,,,9.921971252566735,0.0,3.541110571350102,,
TCGA-S3-A6ZF,64.0,2.0,0.0,1.0,1.0,0.0,0.0,0.17567015385336357,18.792607802874745,0.0,3.843168783605222,3.4150914682623004,3.497037779172516
TCGA-S3-A6ZG,71.0,2.0,1.0,1.0,1.0,0.0,1.0,0.18505286041108843,18.46406570841889,0.0,4.115167399649406,4.171159273000199,3.7910041344563554
TCGA-S3-A6ZH,29.0,3.0,3.0,1.0,1.0,0.0,1.0,0.15392445400810828,21.059548254620122,0.0,3.5739304361224002,3.336261577378342,2.9415857134108307
TCGA-S3-AA0Z,63.0,2.0,1.0,1.0,1.0,0.0,1.0,0.17436077417979073,20.6652977412731,0.0,3.8418202553386798,3.8401998141619984,3.455057049642031
TCGA-S3-AA10,65.0,2.0,0.0,0.0,0.0,0.0,1.0,0.3864239204009574,19.252566735112936,0.0,3.8773371766440627,4.960802807872227,4.674582894682736
TCGA-S3-AA11,67.0,2.0,0.0,1.0,1.0,0.0,0.0,0.17964469867604846,13.831622176591376,0.0,3.9456739627217443,3.539201265326626,3.6230016150625723
TCGA-S3-AA12,82.0,3.0,1.0,1.0,0.0,0.0,1.0,0.1656452411957136,18.858316221765914,0.0,5.319215537636362,5.990192396445288,5.600984025104838
TCGA-S3-AA14,47.0,1.0,0.0,1.0,1.0,1.0,0.0,0.07050108646349283,17.37987679671458,0.0,2.434110287385222,1.7343958308478016,1.7672830562763613
TCGA-S3-AA15,51.0,2.0,1.0,0.0,0.0,0.0,1.0,0.3567883540646763,17.248459958932237,0.0,3.4317995388725913,4.381623754905378,4.081579493756242
TCGA-S3-AA17,64.0,2.0,1.0,1.0,1.0,0.0,1.0,0.17567015385336357,13.930184804928132,0.0,3.8759886483775206,3.8815697465167736,3.497037779172516
TCGA-UL-AAZ6,73.0,2.0,0.0,1.0,1.0,1.0,1.0,0.10119553334508544,17.018480492813143,0.0,4.150684320954788,4.179131813605114,3.7598590535124994
TCGA-V7-A7HQ,75.0,3.0,2.0,1.0,1.0,0.0,,0.21636331107904067,66.79260780287474,0.0,5.1128566511367755,,4.8737289722731045
TCGA-W8-A86G,66.0,2.0,0.0,1.0,1.0,0.0,0.0,0.17831210241234222,11.40041067761807,0.0,3.9115055696829035,3.4978313329718507,3.5810100554970954
TCGA-WT-AB41,55.0,2.0,1.0,1.0,1.0,,0.0,,52.92813141683778,0.0,3.568473111027954,,
TCGA-WT-AB44,77.0,1.0,0.0,1.0,1.0,0.0,0.0,0.16976552333515377,29.010266940451746,0.0,3.4591620785504436,3.050261125595684,3.129453054628036
TCGA-XX-A899,46.0,3.0,2.0,1.0,1.0,0.0,0.0,0.17508932658075727,15.342915811088295,0.0,4.1219732530103945,3.573072149155043,3.6547475167591696
TCGA-XX-A89A,68.0,2.0,0.0,1.0,1.0,0.0,0.0,0.18098506038065226,16.032854209445585,0.0,3.9798423557605846,3.5805711976814,3.6649967970375497
TCGA-Z7-A8R5,61.0,3.0,1.0,1.0,1.0,0.0,0.0,0.1956120494955827,107.9917864476386,0.0,4.601679283820706,4.193621134476667,4.2848699065311955
TCGA-Z7-A8R6,46.0,1.0,0.0,1.0,1.0,0.0,1.0,0.13372468671882481,106.97330595482546,0.0,2.399941894346381,2.2342715008521346,1.8301728842183773
