ID,prob-0.0,prob-0.01,prob-0.02,prob-0.03,prob-0.04,prob-0.05,prob-0.06,prob-0.07,prob-0.08,prob-0.09,prob-0.1,prob-0.11,prob-0.12,prob-0.13,prob-0.14,prob-0.15,prob-0.16,prob-0.17,prob-0.18,prob-0.19,prob-0.2,prob-0.21,prob-0.22,prob-0.23,prob-0.24,prob-0.25,prob-0.26,prob-0.27,prob-0.28,prob-0.29,prob-0.3,prob-0.31,prob-0.32,prob-0.33,prob-0.34,prob-0.35,prob-0.36,prob-0.37,prob-0.38,prob-0.39,prob-0.4,prob-0.41,prob-0.42,prob-0.43,prob-0.44,prob-0.45,prob-0.46,prob-0.47,prob-0.48,prob-0.49,prob-0.5,prob-0.51,prob-0.52,prob-0.53,prob-0.54,prob-0.55,prob-0.56,prob-0.57,prob-0.58,prob-0.59,prob-0.6,prob-0.61,prob-0.62,prob-0.63,prob-0.64,prob-0.65,prob-0.66,prob-0.67,prob-0.68,prob-0.69,prob-0.7,prob-0.71,prob-0.72,prob-0.73,prob-0.74,prob-0.75,prob-0.76,prob-0.77,prob-0.78,prob-0.79,prob-0.8,prob-0.81,prob-0.82,prob-0.83,prob-0.84,prob-0.85,prob-0.86,prob-0.87,prob-0.88,prob-0.89,prob-0.9,prob-0.91,prob-0.92,prob-0.93,prob-0.94,prob-0.95,prob-0.96,prob-0.97,prob-0.98,prob-0.99,prob-1.0,prob00,prob001,prob002,prob003,prob004,prob005,prob006,prob007,prob008,prob009,prob01,prob011,prob012,prob013,prob014,prob015,prob016,prob017,prob018,prob019,prob02,prob021,prob022,prob023,prob024,prob025,prob026,prob027,prob028,prob029,prob03,prob031,prob032,prob033,prob034,prob035,prob036,prob037,prob038,prob039,prob04,prob041,prob042,prob043,prob044,prob045,prob046,prob047,prob048,prob049,prob05,prob051,prob052,prob053,prob054,prob055,prob056,prob057,prob058,prob059,prob06,prob061,prob062,prob063,prob064,prob065,prob066,prob067,prob068,prob069,prob07,prob071,prob072,prob073,prob074,prob075,prob076,prob077,prob078,prob079,prob08,prob081,prob082,prob083,prob084,prob085,prob086,prob087,prob088,prob089,prob09,prob091,prob092,prob093,prob094,prob095,prob096,prob097,prob098,prob099,prob10,pred-0,pred-1,pred0,pred1
J07A0929,0.025,0.04,0.05,0.045,0.06,0.07,0.07,0.05,0.02,0.06,0.045,0.03,0.03,0.03,0.03,0.045,0.03,0.015,0.03,0.025,0.015,0.01,0.02,0.02,0.02,0.005,0.01,0.005,0.015,0.01,0.01,0.0,0.005,0.005,0.005,0.005,0.005,0.0,0.005,0.005,0.0,0.005,0.0,0.005,0.0,0.0,0.0,0.0,0.0,0.0,0.005,0.0,0.0,0.0,0.0,0.0,0.0,0.0,0.0,0.0,0.0,0.0,0.005,0.0,0.0,0.0,0.0,0.0,0.0,0.0,0.0,0.0,0.0,0.005,0.0,0.0,0.0,0.0,0.0,0.0,0.0,0.0,0.0,0.0,0.0,0.0,0.0,0.0,0.0,0.0,0.0,0.0,0.0,0.0,0.0,0.0,0.0,0.0,0.0,0.0,0.0,0.136103330629349,0.1984526488566004,0.2455285738031019,0.2187162825594396,0.2916217100792528,0.340225328425795,0.3367473290648342,0.2446888015851417,0.0978755206340566,0.2987011218254702,0.2209757164227917,0.1488394866424503,0.152980214424628,0.1545644647429193,0.152980214424628,0.2294703216369421,0.1514133419739499,0.0802642521433379,0.158877097383417,0.1365747672394966,0.083665969000535,0.0552001536563131,0.1115546253340467,0.1179590596721051,0.1151039828985803,0.028775995724645,0.0583624797052887,0.0314299117729389,0.091320240765406,0.0626357523775948,0.0610961020839653,0.0,0.0332981261460775,0.0318834020117518,0.0331769680337299,0.0354581549285551,0.0353255221749633,0.0,0.0354581549285551,0.0406380162212877,0.0,0.0413086948731416,0.0,0.0414793588132464,0.0,0.0,0.0,0.0,0.0,0.0,0.0486155418928122,0.0,0.0,0.0,0.0,0.0,0.0,0.0,0.0,0.0,0.0,0.0,0.0581533687607004,0.0,0.0,0.0,0.0,0.0,0.0,0.0,0.0,0.0,0.0,0.0694120959823624,0.0,0.0,0.0,0.0,0.0,0.0,0.0,0.0,0.0,0.0,0.0,0.0,0.0,0.0,0.0,0.0,0.0,0.0,0.0,0.0,0.0,0.0,0.0,0.0,0.0,0.0,0.0,0.985,0.015,0.9998318209348248,0.0183392978642165
J07A0930,0.0033003300330033,0.0132013201320132,0.0264026402640264,0.0165016501650165,0.0363036303630363,0.0231023102310231,0.0297029702970297,0.0429042904290429,0.0495049504950495,0.0429042904290429,0.033003300330033,0.0231023102310231,0.0396039603960396,0.0099009900990099,0.0198019801980198,0.0198019801980198,0.0594059405940594,0.033003300330033,0.0198019801980198,0.0264026402640264,0.0396039603960396,0.0297029702970297,0.0198019801980198,0.0231023102310231,0.0132013201320132,0.0165016501650165,0.0033003300330033,0.0264026402640264,0.033003300330033,0.0165016501650165,0.0132013201320132,0.0066006600660066,0.0033003300330033,0.0099009900990099,0.0264026402640264,0.0132013201320132,0.0165016501650165,0.0165016501650165,0.0132013201320132,0.0066006600660066,0.0099009900990099,0.0099009900990099,0.0033003300330033,0.0066006600660066,0.0033003300330033,0.0066006600660066,0.0,0.0033003300330033,0.0033003300330033,0.0099009900990099,0.0,0.0099009900990099,0.0,0.0033003300330033,0.0,0.0,0.0,0.0,0.0,0.0,0.0066006600660066,0.0,0.0033003300330033,0.0,0.0033003300330033,0.0,0.0,0.0,0.0,0.0,0.0,0.0,0.0,0.0033003300330033,0.0,0.0,0.0,0.0,0.0,0.0,0.0,0.0,0.0,0.0,0.0,0.0,0.0,0.0,0.0,0.0,0.0,0.0,0.0,0.0,0.0,0.0,0.0,0.0,0.0,0.0,0.0,0.0196087967661663,0.0714791041692794,0.1414960201702367,0.0875307817459963,0.1925677198411918,0.1225430944443947,0.1559447757183369,0.2291446082461539,0.2643976248994084,0.2331047678383699,0.1768700252127959,0.1250884322962389,0.220402977651321,0.0556713631180166,0.1102014888256605,0.1102014888256605,0.3272183094334565,0.1927316792554246,0.1144493929349163,0.1574137439136712,0.2410799169703918,0.1789389963038404,0.1205399584851959,0.1487036220935922,0.0829168028878435,0.1036460036098043,0.0210211241344841,0.1811278973069304,0.2192794785067619,0.1128014036273818,0.0880229046144362,0.0457708211683956,0.023986782148291,0.0689029960587465,0.1911960333322575,0.1021711592923126,0.1272362295956533,0.1296518944656454,0.1021711592923126,0.0585483542084286,0.0840351842297124,0.0892719302346383,0.028346919587914,0.0597605005842853,0.0297573100782127,0.0628573550270633,0.0,0.0328352101506137,0.0322586823708694,0.1016797805685059,0.0,0.103102459022902,0.0,0.0379161944954227,0.0,0.0,0.0,0.0,0.0,0.0,0.0800205325909462,0.0,0.0418916122046246,0.0,0.0418916122046246,0.0,0.0,0.0,0.0,0.0,0.0,0.0,0.0,0.0500019976343721,0.0,0.0,0.0,0.0,0.0,0.0,0.0,0.0,0.0,0.0,0.0,0.0,0.0,0.0,0.0,0.0,0.0,0.0,0.0,0.0,0.0,0.0,0.0,0.0,0.0,0.0,0.0,0.9702970297029704,0.0297029702970297,0.9993209226424864,0.0368468936135715
J07A0933,0.0,0.0,0.0041753653444676,0.0083507306889352,0.0,0.0041753653444676,0.022964509394572,0.0083507306889352,0.0167014613778705,0.0125260960334029,0.0062630480167014,0.0208768267223382,0.0167014613778705,0.022964509394572,0.0146137787056367,0.0104384133611691,0.0146137787056367,0.0146137787056367,0.0125260960334029,0.0187891440501043,0.0271398747390396,0.0083507306889352,0.0083507306889352,0.0104384133611691,0.0146137787056367,0.0083507306889352,0.0083507306889352,0.0146137787056367,0.0167014613778705,0.0083507306889352,0.0083507306889352,0.0062630480167014,0.0208768267223382,0.0104384133611691,0.0187891440501043,0.0062630480167014,0.0187891440501043,0.0146137787056367,0.0146137787056367,0.0083507306889352,0.0146137787056367,0.0187891440501043,0.0146137787056367,0.0062630480167014,0.0,0.0187891440501043,0.0146137787056367,0.0062630480167014,0.0167014613778705,0.0041753653444676,0.0041753653444676,0.0125260960334029,0.0167014613778705,0.0062630480167014,0.0083507306889352,0.0125260960334029,0.0041753653444676,0.0041753653444676,0.0062630480167014,0.0104384133611691,0.0146137787056367,0.0104384133611691,0.0146137787056367,0.0125260960334029,0.0104384133611691,0.0146137787056367,0.0062630480167014,0.0083507306889352,0.0167014613778705,0.0062630480167014,0.0104384133611691,0.0041753653444676,0.0167014613778705,0.0062630480167014,0.0083507306889352,0.0041753653444676,0.0104384133611691,0.0020876826722338,0.0041753653444676,0.0041753653444676,0.0041753653444676,0.0083507306889352,0.0083507306889352,0.0041753653444676,0.0083507306889352,0.0062630480167014,0.0,0.0062630480167014,0.0083507306889352,0.0083507306889352,0.0125260960334029,0.0083507306889352,0.0083507306889352,0.0041753653444676,0.0020876826722338,0.0041753653444676,0.0104384133611691,0.0020876826722338,0.0146137787056367,0.0020876826722338,0.0,0.0,0.0,0.0185795305459854,0.0367791168957455,0.0,0.0183895584478727,0.1001086278690861,0.0370319673420778,0.0740639346841557,0.0565079506950478,0.0278692958189781,0.0938576362582495,0.0771750112504386,0.1072145651755417,0.0675281348441337,0.0482343820315241,0.0668364900158734,0.0708600816423787,0.0601123901420105,0.0930134329536238,0.1371745810419707,0.0417708181624115,0.0422075633975294,0.0557884139106131,0.0762133584480799,0.0435504905417599,0.0441637996599713,0.0832422674392814,0.0921379360719262,0.0473974518136349,0.0462323743964718,0.036060393882029,0.1259860598447602,0.0603166703178025,0.1129748838011359,0.040247609212748,0.1202911838982249,0.0953361052258473,0.0939110881630787,0.0615028427866124,0.1029884316952036,0.1406652048048853,0.1042208029354364,0.0470821177039436,0.0,0.1485658934751788,0.1150567042491468,0.0517382288980171,0.1355461274484964,0.0356035943476716,0.0367881396293814,0.1083052532206928,0.1430724831652667,0.0597443031656446,0.0780394256003164,0.1201134290256032,0.0394200741735451,0.0411169058648633,0.0616753587972949,0.1087269949247758,0.1471024767274082,0.1093658538763033,0.1540194675010606,0.143299166232666,0.1100139053579004,0.1597556312322019,0.0707013005361303,0.1034123769969539,0.2068247539939079,0.0807421667645333,0.1368804664153475,0.0538281111763555,0.1964059297039697,0.0787878252369552,0.1076562223527111,0.0572937909265865,0.1380815722865698,0.0289240791850281,0.0533832609112933,0.0630309006058348,0.0590108534121341,0.1429965211231397,0.1260618012116696,0.0630309006058348,0.1218179558559123,0.0994732774886869,0.0,0.100859390573362,0.1326310366515826,0.138486762820705,0.2110066965584759,0.1429965211231397,0.1406711310389839,0.0770858629896794,0.0357491302807849,0.0727412030430934,0.1927146574741986,0.0426143050962645,0.2758102391632945,0.0456451663123313,0.0,0.5991649269311065,0.4008350730688935,0.7786660021769953,0.6274386480395477
J07A0934,0.0,0.0,0.0103092783505154,0.0206185567010309,0.0824742268041237,0.0206185567010309,0.0309278350515463,0.0,0.0103092783505154,0.0309278350515463,0.0206185567010309,0.0309278350515463,0.0206185567010309,0.0206185567010309,0.0206185567010309,0.0206185567010309,0.0309278350515463,0.0618556701030927,0.0309278350515463,0.0103092783505154,0.0721649484536082,0.0515463917525773,0.0206185567010309,0.0412371134020618,0.0309278350515463,0.0103092783505154,0.0309278350515463,0.0309278350515463,0.0103092783505154,0.0103092783505154,0.0515463917525773,0.0,0.0,0.0309278350515463,0.0309278350515463,0.0103092783505154,0.0,0.0103092783505154,0.0,0.0103092783505154,0.0103092783505154,0.0103092783505154,0.0103092783505154,0.0,0.0,0.0,0.0,0.0,0.0,0.0,0.0,0.0,0.0,0.0,0.0,0.0206185567010309,0.0,0.0,0.0,0.0103092783505154,0.0,0.0,0.0,0.0,0.0,0.0,0.0,0.0,0.0,0.0,0.0,0.0,0.0,0.0,0.0,0.0,0.0,0.0103092783505154,0.0,0.0,0.0,0.0,0.0,0.0,0.0,0.0,0.0,0.0,0.0,0.0,0.0,0.0,0.0,0.0,0.0,0.0,0.0,0.0,0.0,0.0,0.0,0.0,0.0,0.0460650094293656,0.091188007275692,0.364752029102768,0.091188007275692,0.1353837383370975,0.0,0.0459074549967403,0.1401025324702813,0.0921300188587313,0.1396231047459413,0.0956716213082954,0.0966623886247041,0.0956716213082954,0.0956716213082954,0.1420375827897562,0.3011766389999804,0.1490391703848378,0.0512471346471149,0.3662644383720712,0.2589103540266211,0.1046469823920203,0.2213096875817057,0.1619648369877528,0.0539882789959176,0.1642457415222026,0.1769023246164768,0.0571103624422935,0.058757245219922,0.2865646628213128,0.0,0.0,0.1794547809522262,0.1867355788744729,0.0665250571789524,0.0,0.0675345156298761,0.0,0.0762432889756264,0.0729552967738655,0.0775015872642199,0.0738282881194648,0.0,0.0,0.0,0.0,0.0,0.0,0.0,0.0,0.0,0.0,0.0,0.0,0.1985348419492547,0.0,0.0,0.0,0.1078285596945527,0.0,0.0,0.0,0.0,0.0,0.0,0.0,0.0,0.0,0.0,0.0,0.0,0.0,0.0,0.0,0.0,0.0,0.1434253655759815,0.0,0.0,0.0,0.0,0.0,0.0,0.0,0.0,0.0,0.0,0.0,0.0,0.0,0.0,0.0,0.0,0.0,0.0,0.0,0.0,0.0,0.0,0.0,0.9587628865979382,0.0412371134020618,0.9986607784621908,0.0517363466171639
J07A0935,0.0069284064665127,0.0277136258660508,0.0277136258660508,0.0254041570438799,0.0508083140877598,0.0438799076212471,0.0484988452655889,0.046189376443418,0.0415704387990762,0.0508083140877598,0.0323325635103926,0.0438799076212471,0.0415704387990762,0.0369515011547344,0.0438799076212471,0.0184757505773672,0.0346420323325635,0.0254041570438799,0.0254041570438799,0.0254041570438799,0.0207852193995381,0.0300230946882217,0.0138568129330254,0.0161662817551963,0.023094688221709,0.0138568129330254,0.023094688221709,0.0115473441108545,0.0138568129330254,0.0115473441108545,0.0069284064665127,0.0115473441108545,0.0069284064665127,0.0,0.0069284064665127,0.0023094688221709,0.0138568129330254,0.0046189376443418,0.0046189376443418,0.0023094688221709,0.0069284064665127,0.0023094688221709,0.0046189376443418,0.0046189376443418,0.0115473441108545,0.0023094688221709,0.0069284064665127,0.0,0.0023094688221709,0.0023094688221709,0.0023094688221709,0.0023094688221709,0.0023094688221709,0.0,0.0023094688221709,0.0,0.0,0.0,0.0023094688221709,0.0,0.0,0.0,0.0,0.0,0.0,0.0,0.0,0.0,0.0046189376443418,0.0,0.0,0.0,0.0,0.0,0.0,0.0,0.0023094688221709,0.0,0.0023094688221709,0.0,0.0,0.0,0.0,0.0,0.0,0.0,0.0,0.0,0.0,0.0,0.0,0.0,0.0,0.0,0.0,0.0,0.0,0.0,0.0,0.0,0.0,0.0411767772711584,0.1500999366263404,0.1485647022809214,0.1347918522499915,0.269583704499983,0.2328222902499852,0.2546993101021533,0.2467609532901323,0.2220848579611191,0.2761281213875573,0.1733254859944083,0.2376582329917057,0.231413595359092,0.2078311957482888,0.2442699062123748,0.1028504868262631,0.1908694858749796,0.1483972810243879,0.1468706718069315,0.1515044885388283,0.1265617437420663,0.1809197558764268,0.0843744958280442,0.1040882484084461,0.1450984289204467,0.087059057352268,0.1471418086479317,0.0792401914255209,0.0920935879369003,0.0789577305265536,0.0462101216776709,0.0800956381653568,0.0503701679277021,0.0,0.0501868917145608,0.0178792164892657,0.1068740310659357,0.0363010353285732,0.0357584329785314,0.0204910800118809,0.0588222062650669,0.0208292591651783,0.0396840529657574,0.0418306275412388,0.1041462958258917,0.0219991681851466,0.0657150427297681,0.0,0.0225801476566246,0.0237243050055403,0.024513621760521,0.024056249639844,0.0238339365076969,0.0,0.0260006211356038,0.0,0.0,0.0,0.0273980768934892,0.0,0.0,0.0,0.0,0.0,0.0,0.0,0.0,0.0,0.0689084014739117,0.0,0.0,0.0,0.0,0.0,0.0,0.0,0.0368040294424416,0.0,0.0355717108694864,0.0,0.0,0.0,0.0,0.0,0.0,0.0,0.0,0.0,0.0,0.0,0.0,0.0,0.0,0.0,0.0,0.0,0.0,0.0,0.0,0.0,0.0,0.9815242494226328,0.0184757505773672,0.9997430751191336,0.0226667984359997
J07A0936,0.0,0.0043478260869565,0.017391304347826,0.0152173913043478,0.0347826086956521,0.017391304347826,0.0326086956521739,0.0478260869565217,0.0282608695652173,0.0282608695652173,0.0434782608695652,0.0195652173913043,0.0326086956521739,0.0065217391304347,0.0543478260869565,0.0195652173913043,0.0260869565217391,0.0304347826086956,0.0217391304347826,0.0260869565217391,0.0434782608695652,0.0195652173913043,0.0326086956521739,0.0326086956521739,0.0108695652173913,0.017391304347826,0.0108695652173913,0.017391304347826,0.0282608695652173,0.0108695652173913,0.0217391304347826,0.017391304347826,0.017391304347826,0.0043478260869565,0.0217391304347826,0.017391304347826,0.0152173913043478,0.0065217391304347,0.0282608695652173,0.0065217391304347,0.008695652173913,0.008695652173913,0.0108695652173913,0.008695652173913,0.0043478260869565,0.0021739130434782,0.0021739130434782,0.008695652173913,0.0,0.0130434782608695,0.0065217391304347,0.0021739130434782,0.0065217391304347,0.0,0.0,0.0021739130434782,0.0065217391304347,0.0021739130434782,0.0021739130434782,0.0021739130434782,0.0,0.0021739130434782,0.0021739130434782,0.0065217391304347,0.0021739130434782,0.0021739130434782,0.0,0.0,0.0,0.0,0.0,0.0,0.0,0.0,0.0,0.0,0.0,0.0,0.0,0.0,0.0,0.0,0.0,0.0,0.0,0.0,0.0,0.0,0.0,0.0,0.0,0.0,0.0,0.0,0.0,0.0,0.0,0.0,0.0,0.0,0.0,0.0,0.0237223907913926,0.0939190250050101,0.081338881033315,0.1859174423618629,0.0929587211809314,0.1725158214399488,0.2573939424892061,0.1520964205618036,0.1547250056436856,0.2347975625125252,0.106750758561267,0.1828676236291705,0.0369522770919872,0.3047793727152842,0.1097205741775023,0.1447957077935412,0.1790978992487414,0.1266110451249243,0.1567267969760552,0.2666976159813181,0.1187720760485872,0.2000232119859886,0.2115066939430637,0.0687957978817143,0.1100732766107429,0.0697646294519357,0.1202249752028911,0.1892128784982066,0.0748727620404744,0.1460646272868775,0.1215228779620085,0.1273712258289479,0.0304899139070049,0.1586347182573287,0.1356337182179492,0.1182355776535924,0.0516344396271319,0.2204047921041675,0.0582928516606461,0.074371962871939,0.0790065344864131,0.0940773827556855,0.0793329443744739,0.0395032672432065,0.0208610160604974,0.0207717332804664,0.0871784498099668,0.0,0.1349814057275682,0.0697361445137449,0.0228116720536257,0.0678025816368329,0.0,0.0,0.025298755791515,0.0747252787720027,0.0259806060525379,0.0259806060525379,0.0274806011104141,0.0,0.0276420718475102,0.0278058659841651,0.0905466767802086,0.0278058659841651,0.0288414428664851,0.0,0.0,0.0,0.0,0.0,0.0,0.0,0.0,0.0,0.0,0.0,0.0,0.0,0.0,0.0,0.0,0.0,0.0,0.0,0.0,0.0,0.0,0.0,0.0,0.0,0.0,0.0,0.0,0.0,0.0,0.0,0.0,0.0,0.0,0.0,0.9586956521739132,0.0413043478260869,0.9986562285988134,0.0518240974913658
J07A0937,0.0064102564102564,0.0064102564102564,0.0256410256410256,0.0224358974358974,0.0448717948717948,0.0352564102564102,0.0512820512820512,0.0576923076923076,0.032051282051282,0.0288461538461538,0.0384615384615384,0.032051282051282,0.0576923076923076,0.032051282051282,0.048076923076923,0.0352564102564102,0.0256410256410256,0.0288461538461538,0.0224358974358974,0.0352564102564102,0.0288461538461538,0.0288461538461538,0.016025641025641,0.0224358974358974,0.032051282051282,0.016025641025641,0.0128205128205128,0.0032051282051282,0.016025641025641,0.016025641025641,0.0096153846153846,0.0128205128205128,0.0032051282051282,0.0064102564102564,0.0192307692307692,0.0128205128205128,0.0064102564102564,0.0032051282051282,0.0128205128205128,0.0,0.0064102564102564,0.0064102564102564,0.0128205128205128,0.0,0.0032051282051282,0.0,0.0032051282051282,0.0032051282051282,0.0,0.0032051282051282,0.0,0.0032051282051282,0.0032051282051282,0.0,0.0,0.0,0.0,0.0,0.0032051282051282,0.0,0.0,0.0,0.0,0.0,0.0,0.0032051282051282,0.0032051282051282,0.0,0.0,0.0,0.0,0.0,0.0,0.0,0.0,0.0,0.0,0.0,0.0,0.0,0.0,0.0,0.0,0.0,0.0,0.0,0.0,0.0,0.0,0.0,0.0,0.0,0.0,0.0,0.0,0.0,0.0,0.0,0.0,0.0,0.0,0.0374354769375899,0.0341154838254234,0.1350661915417276,0.1169745201768168,0.2339490403536337,0.183817103134998,0.2646371025121538,0.302859516796669,0.1682552871092605,0.1540468219847659,0.2025992873125915,0.1705774191271171,0.3155812166307374,0.1771385274120657,0.2629843471922811,0.1928551879410061,0.1388217477926274,0.1655762507499337,0.1274567125229459,0.2066083055488146,0.1725936153710067,0.170807692824019,0.0958853418727815,0.1419462673259455,0.1978722929345131,0.0989361464672565,0.0802635487656746,0.021612140788284,0.1046575161956193,0.1076755089661275,0.063017241476521,0.0873818287117176,0.0228967804763193,0.0438479482898659,0.1368808113595901,0.0975283216758532,0.0485817563969297,0.0247520567583119,0.0975283216758532,0.0,0.0534776515304525,0.0568101708861476,0.1082351423332685,0.0,0.0284050854430738,0.0,0.0298721042489899,0.0313431203095319,0.0,0.0323530906892024,0.0,0.0328057671682359,0.032502596351469,0.0,0.0,0.0,0.0,0.0,0.0373630530478256,0.0,0.0,0.0,0.0,0.0,0.0,0.0414772602924346,0.0428309862154796,0.0,0.0,0.0,0.0,0.0,0.0,0.0,0.0,0.0,0.0,0.0,0.0,0.0,0.0,0.0,0.0,0.0,0.0,0.0,0.0,0.0,0.0,0.0,0.0,0.0,0.0,0.0,0.0,0.0,0.0,0.0,0.0,0.0,0.0,0.9839743589743588,0.016025641025641,0.9998076423864256,0.0196132155878925
J07A0939,0.0,0.0129310344827586,0.0129310344827586,0.0086206896551724,0.0172413793103448,0.0301724137931034,0.0344827586206896,0.0387931034482758,0.0344827586206896,0.0474137931034482,0.0301724137931034,0.0344827586206896,0.0258620689655172,0.0301724137931034,0.0387931034482758,0.0129310344827586,0.0560344827586206,0.0129310344827586,0.0301724137931034,0.0301724137931034,0.0258620689655172,0.0172413793103448,0.0603448275862069,0.0301724137931034,0.0086206896551724,0.021551724137931,0.021551724137931,0.0129310344827586,0.0172413793103448,0.0086206896551724,0.021551724137931,0.021551724137931,0.0129310344827586,0.0172413793103448,0.0043103448275862,0.0129310344827586,0.0043103448275862,0.0043103448275862,0.021551724137931,0.0086206896551724,0.0172413793103448,0.0,0.0129310344827586,0.0,0.0043103448275862,0.0043103448275862,0.0043103448275862,0.0129310344827586,0.0,0.0,0.0086206896551724,0.0086206896551724,0.0,0.0043103448275862,0.0,0.0,0.0,0.0,0.0,0.0086206896551724,0.0043103448275862,0.0043103448275862,0.0,0.0,0.0,0.0,0.0,0.0,0.0,0.0043103448275862,0.0,0.0,0.0,0.0,0.0043103448275862,0.0,0.0,0.0,0.0043103448275862,0.0,0.0,0.0,0.0,0.0,0.0,0.0,0.0,0.0,0.0,0.0,0.0,0.0,0.0,0.0,0.0,0.0,0.0,0.0,0.0,0.0,0.0,0.0,0.0687059156447757,0.0680031859581277,0.0448719110429394,0.0897438220858788,0.157051688650288,0.1776528074927304,0.2033117915971324,0.1807215925307844,0.2527867211887237,0.1586741005689646,0.1832157750527354,0.1412346406814397,0.1664801306226918,0.2118519610221595,0.0706173203407198,0.3028741520272842,0.0741016925205971,0.1711252322410482,0.1765242881223385,0.1544844621050904,0.101923950055002,0.3604637449118778,0.1905791188324375,0.053133242513832,0.13283310628458,0.1347037569769427,0.0870503217542704,0.1124117602610996,0.0578266804902391,0.1410131051476067,0.1466501394468353,0.0922246494285749,0.1177417836356942,0.0306296940213277,0.0982072052140178,0.0326132856463167,0.0332324706746785,0.1636786753566963,0.0750357899628632,0.1435997423236068,0.0,0.1089885548304627,0.0,0.0381370800097933,0.0402791107726205,0.04010672075209,0.1262451847993998,0.0,0.0,0.0897658382371757,0.0880909983379567,0.0,0.0485935368263525,0.0,0.0,0.0,0.0,0.0,0.1061208306455019,0.0512773070856558,0.0533721881379948,0.0,0.0,0.0,0.0,0.0,0.0,0.0,0.0656723276733781,0.0,0.0,0.0,0.0,0.0656723276733781,0.0,0.0,0.0,0.0651295935566812,0.0,0.0,0.0,0.0,0.0,0.0,0.0,0.0,0.0,0.0,0.0,0.0,0.0,0.0,0.0,0.0,0.0,0.0,0.0,0.0,0.0,0.0,0.956896551724138,0.043103448275862,0.9985313849982976,0.0541763156128312
J07A0940,0.0024096385542168,0.0096385542168674,0.0265060240963855,0.0265060240963855,0.0506024096385542,0.0289156626506024,0.0289156626506024,0.0481927710843373,0.0289156626506024,0.0481927710843373,0.0289156626506024,0.0481927710843373,0.0457831325301204,0.016867469879518,0.0289156626506024,0.036144578313253,0.0265060240963855,0.0313253012048192,0.016867469879518,0.0313253012048192,0.0265060240963855,0.0216867469879518,0.016867469879518,0.0216867469879518,0.0337349397590361,0.016867469879518,0.0144578313253012,0.0096385542168674,0.0120481927710843,0.0120481927710843,0.016867469879518,0.0072289156626506,0.0072289156626506,0.0072289156626506,0.0144578313253012,0.0120481927710843,0.0096385542168674,0.0096385542168674,0.0048192771084337,0.0,0.0048192771084337,0.0144578313253012,0.0024096385542168,0.0144578313253012,0.0024096385542168,0.0072289156626506,0.0096385542168674,0.0,0.0024096385542168,0.0024096385542168,0.0,0.0048192771084337,0.0024096385542168,0.0024096385542168,0.0048192771084337,0.0048192771084337,0.0024096385542168,0.0,0.0048192771084337,0.0024096385542168,0.0,0.0,0.0024096385542168,0.0,0.0,0.0024096385542168,0.0024096385542168,0.0096385542168674,0.0,0.0,0.0048192771084337,0.0,0.0,0.0,0.0,0.0,0.0,0.0,0.0024096385542168,0.0,0.0,0.0,0.0024096385542168,0.0,0.0,0.0,0.0,0.0,0.0,0.0,0.0,0.0,0.0,0.0,0.0,0.0,0.0,0.0,0.0,0.0,0.0,0.0146246099645807,0.0533104622154602,0.1451042958121932,0.1436206325165909,0.2741848438953098,0.1566770536544627,0.1550754013171462,0.2629236381899188,0.1577541829139513,0.2674675791351913,0.1582955954314835,0.2665523110773014,0.2602694291189387,0.0968817527926441,0.1643806920751191,0.2054758650938989,0.1491389645842192,0.1868657914967226,0.0995849317546204,0.1907784695964989,0.164818447634845,0.1334560738021688,0.1048844666767195,0.1425933800044274,0.2164431967304409,0.1082215983652204,0.0940677019043744,0.0675442986993735,0.081771382625866,0.0841294114667,0.1148859953393142,0.0512051107976192,0.0536693817689113,0.0513891522650128,0.1069482021616383,0.0952514687730157,0.0759161412457873,0.0773574599335196,0.0381005875092062,0.0,0.0417833488142001,0.1331613740542733,0.0211416665496721,0.1337115208172167,0.0221935623423788,0.0703202989687345,0.093359114765086,0.0,0.0240591329121872,0.0252782318369872,0.0,0.0512638372658261,0.0253950441325426,0.0282786120152722,0.0554072904405823,0.0568529696935552,0.0279878981953201,0.0,0.0583852668762679,0.0308780754865235,0.0,0.0,0.0312435534207377,0.0,0.0,0.032407160469066,0.0334648584199419,0.1468437155538979,0.0,0.0,0.0777471202533995,0.0,0.0,0.0,0.0,0.0,0.0,0.0,0.0379016352212287,0.0,0.0,0.0,0.0447513726521432,0.0,0.0,0.0,0.0,0.0,0.0,0.0,0.0,0.0,0.0,0.0,0.0,0.0,0.0,0.0,0.0,0.0,0.0,0.944578313253012,0.0554216867469879,0.9975121057851764,0.0704953814942712
J07A0941,0.0439560439560439,0.0494505494505494,0.0769230769230769,0.0879120879120879,0.0494505494505494,0.0604395604395604,0.0879120879120879,0.0934065934065934,0.0494505494505494,0.0604395604395604,0.0274725274725274,0.0384615384615384,0.0329670329670329,0.0164835164835164,0.0164835164835164,0.0054945054945054,0.0109890109890109,0.0109890109890109,0.0109890109890109,0.0164835164835164,0.0164835164835164,0.0219780219780219,0.0109890109890109,0.0054945054945054,0.0,0.0,0.0,0.0,0.0,0.0109890109890109,0.0054945054945054,0.0054945054945054,0.0054945054945054,0.0109890109890109,0.0,0.0,0.0054945054945054,0.0054945054945054,0.0054945054945054,0.0,0.0054945054945054,0.0,0.0,0.0054945054945054,0.0,0.0,0.0,0.0,0.0,0.0054945054945054,0.0,0.0,0.0,0.0,0.0,0.0054945054945054,0.0,0.0,0.0,0.0,0.0,0.0,0.0,0.0,0.0,0.0109890109890109,0.0,0.0,0.0,0.0,0.0,0.0,0.0,0.0,0.0,0.0054945054945054,0.0,0.0,0.0,0.0,0.0,0.0,0.0,0.0,0.0054945054945054,0.0,0.0,0.0,0.0,0.0,0.0,0.0,0.0,0.0,0.0,0.0,0.0,0.0,0.0,0.0,0.0,0.2076713927712473,0.2129106384704204,0.3278068440329103,0.3708058086850374,0.2085782673853335,0.2549289934709632,0.367015196235299,0.3966897282002731,0.2100122090472034,0.2611176524371946,0.1170738728688965,0.1655971632547714,0.1458892209374221,0.0737000187598245,0.072944610468711,0.024314870156237,0.0481316589058958,0.0510292099247716,0.0505042564910367,0.07814652293652,0.0797878541507491,0.105282992873738,0.0531919027671661,0.0281228448116618,0.0,0.0,0.0,0.0,0.0,0.0597324376329642,0.0291320768795705,0.0302966389704911,0.0317546795211263,0.0608110623693868,0.0,0.0,0.033688100965842,0.0343276920815058,0.0338145858787117,0.0,0.0370830669326697,0.0,0.0,0.0395566927723832,0.0,0.0,0.0,0.0,0.0,0.0448692787798745,0.0,0.0,0.0,0.0,0.0,0.0504574798406452,0.0,0.0,0.0,0.0,0.0,0.0,0.0,0.0,0.0,0.1150464895588957,0.0,0.0,0.0,0.0,0.0,0.0,0.0,0.0,0.0,0.0722042570291495,0.0,0.0,0.0,0.0,0.0,0.0,0.0,0.0,0.0767602811154209,0.0,0.0,0.0,0.0,0.0,0.0,0.0,0.0,0.0,0.0,0.0,0.0,0.0,0.0,0.0,0.0,0.9725274725274724,0.0274725274725274,0.999421653600226,0.0340052689298247
J07A0942,0.0,0.0036764705882352,0.0110294117647058,0.0110294117647058,0.025735294117647,0.0110294117647058,0.0147058823529411,0.0036764705882352,0.0147058823529411,0.0330882352941176,0.0147058823529411,0.0404411764705882,0.0294117647058823,0.0294117647058823,0.0441176470588235,0.025735294117647,0.0330882352941176,0.0220588235294117,0.0183823529411764,0.0183823529411764,0.0183823529411764,0.025735294117647,0.0183823529411764,0.0294117647058823,0.0220588235294117,0.0294117647058823,0.0220588235294117,0.0110294117647058,0.0147058823529411,0.0110294117647058,0.0220588235294117,0.0330882352941176,0.0183823529411764,0.0404411764705882,0.025735294117647,0.0183823529411764,0.0110294117647058,0.0073529411764705,0.0147058823529411,0.0147058823529411,0.0330882352941176,0.0110294117647058,0.0110294117647058,0.0073529411764705,0.0,0.0073529411764705,0.0036764705882352,0.0036764705882352,0.0073529411764705,0.0036764705882352,0.0036764705882352,0.0073529411764705,0.0036764705882352,0.0110294117647058,0.0073529411764705,0.0,0.0147058823529411,0.0,0.0,0.0,0.0,0.0,0.0073529411764705,0.0036764705882352,0.0,0.0073529411764705,0.0,0.0,0.0,0.0073529411764705,0.0,0.0,0.0036764705882352,0.0,0.0,0.0,0.0036764705882352,0.0036764705882352,0.0,0.0036764705882352,0.0,0.0,0.0036764705882352,0.0,0.0,0.0,0.0073529411764705,0.0,0.0,0.0,0.0,0.0,0.0,0.0,0.0,0.0,0.0,0.0,0.0,0.0,0.0,0.0,0.0195996361235821,0.0581975083593085,0.057602450118166,0.1344057169423874,0.057602450118166,0.0760181350582523,0.0193328191977908,0.0773312767911634,0.1770024234359908,0.0775966778124113,0.2155959973594036,0.1611591979772457,0.1628281491658114,0.2417387969658685,0.1410142982300899,0.1794471229712421,0.1268332890333038,0.104607096118463,0.1079074835021747,0.1101738917090364,0.1526474052735737,0.1101738917090364,0.1863984913579069,0.1364151818089777,0.181886909078637,0.1383362778477396,0.0744981541172799,0.096202615587866,0.0742325967630534,0.1448157685550738,0.2259072229188052,0.131543954655267,0.2771012186751505,0.1834914488363556,0.1400771293741624,0.0837318989081504,0.0568810699863664,0.1120617034993299,0.1284321007048088,0.2765102979320939,0.0979137816000058,0.093273017160113,0.0655455369581148,0.0,0.068942178307307,0.0343235568061681,0.036013779326013,0.0707628830711607,0.0371742525022654,0.0384110541850575,0.0753887709806679,0.0373460370558033,0.1247598649599158,0.0814821471132629,0.0,0.1646363877394567,0.0,0.0,0.0,0.0,0.0,0.0918937488524076,0.0498736104832404,0.0,0.0953161577065491,0.0,0.0,0.0,0.112405493504378,0.0,0.0,0.0512676020323987,0.0,0.0,0.0,0.0576692250110017,0.0604001389590077,0.0,0.0658115186822347,0.0,0.0,0.0658115186822347,0.0,0.0,0.0,0.1424457968109233,0.0,0.0,0.0,0.0,0.0,0.0,0.0,0.0,0.0,0.0,0.0,0.0,0.0,0.0,0.9044117647058824,0.0955882352941176,0.9919941383682704,0.1262839239293464
J07A0943,0.0061538461538461,0.0092307692307692,0.0276923076923076,0.043076923076923,0.0246153846153846,0.0276923076923076,0.0307692307692307,0.0338461538461538,0.0492307692307692,0.0338461538461538,0.0246153846153846,0.0246153846153846,0.0461538461538461,0.04,0.043076923076923,0.0246153846153846,0.0184615384615384,0.0123076923076923,0.0276923076923076,0.043076923076923,0.0184615384615384,0.0369230769230769,0.0184615384615384,0.0184615384615384,0.043076923076923,0.0061538461538461,0.0246153846153846,0.0123076923076923,0.0123076923076923,0.0276923076923076,0.0092307692307692,0.0123076923076923,0.0184615384615384,0.0153846153846153,0.0092307692307692,0.0123076923076923,0.0061538461538461,0.0123076923076923,0.0092307692307692,0.003076923076923,0.0,0.003076923076923,0.003076923076923,0.0123076923076923,0.0061538461538461,0.003076923076923,0.0061538461538461,0.003076923076923,0.0092307692307692,0.0061538461538461,0.003076923076923,0.0,0.0,0.0,0.0,0.0092307692307692,0.0,0.003076923076923,0.003076923076923,0.0,0.0,0.003076923076923,0.003076923076923,0.0,0.0,0.003076923076923,0.0,0.0,0.003076923076923,0.0,0.0,0.0,0.0,0.0,0.0,0.0,0.0,0.0,0.0,0.0,0.0,0.0,0.0,0.0,0.0,0.0,0.0,0.0,0.0,0.0,0.0,0.0,0.0,0.0,0.0,0.0,0.0,0.0,0.0,0.0,0.0,0.036953791378469,0.0505147753624985,0.1499943184093306,0.2309387975698595,0.1319650271827768,0.148460655580624,0.1632699960912107,0.1826993647597522,0.2657445305596395,0.1858568409377117,0.133328283030516,0.1347060676333294,0.259600504573459,0.2273170516134731,0.2422938042685617,0.1384536024391781,0.1027766371577608,0.0726425629492555,0.1617643489428724,0.2595725470461126,0.1135818921413128,0.2248131937156611,0.1135818921413128,0.1201027133805327,0.27345675394547,0.0390652505636385,0.1584615813137424,0.0853362219227295,0.0826487030178203,0.1913220697780605,0.0622063931134701,0.0862574790716642,0.1356129935843124,0.1082093822511564,0.0675597769881587,0.0962734162225349,0.0479566506841818,0.0977342795081344,0.0722050621669011,0.0275843501869541,0.0,0.0280395947218968,0.0267106178203002,0.1126217532671341,0.0560791894437937,0.0296144838968438,0.0589754745368083,0.030939825636512,0.0911897322940995,0.0638736012777748,0.0329993502831812,0.0,0.0,0.0,0.0,0.1077430160389047,0.0,0.0368822993732349,0.0368822993732349,0.0,0.0,0.0392409309896275,0.0394734546024897,0.0,0.0,0.0409435687530408,0.0,0.0,0.0463809978775523,0.0,0.0,0.0,0.0,0.0,0.0,0.0,0.0,0.0,0.0,0.0,0.0,0.0,0.0,0.0,0.0,0.0,0.0,0.0,0.0,0.0,0.0,0.0,0.0,0.0,0.0,0.0,0.0,0.0,0.0,0.0,0.0,0.9723076923076924,0.0276923076923076,0.9994121057804292,0.0342847315802259
J07A0945,0.0020242914979757,0.0020242914979757,0.0020242914979757,0.0060728744939271,0.0101214574898785,0.0161943319838056,0.0242914979757085,0.0182186234817813,0.0263157894736842,0.0141700404858299,0.0080971659919028,0.0161943319838056,0.0303643724696356,0.020242914979757,0.020242914979757,0.0283400809716599,0.0283400809716599,0.0303643724696356,0.0222672064777327,0.0182186234817813,0.0121457489878542,0.0242914979757085,0.0323886639676113,0.0222672064777327,0.0303643724696356,0.020242914979757,0.0141700404858299,0.0141700404858299,0.0161943319838056,0.0080971659919028,0.020242914979757,0.0121457489878542,0.0182186234817813,0.020242914979757,0.0141700404858299,0.0141700404858299,0.0161943319838056,0.0080971659919028,0.0141700404858299,0.0121457489878542,0.0141700404858299,0.0222672064777327,0.0121457489878542,0.0161943319838056,0.0101214574898785,0.0060728744939271,0.0121457489878542,0.0080971659919028,0.0080971659919028,0.0060728744939271,0.0141700404858299,0.0101214574898785,0.0040485829959514,0.0101214574898785,0.0101214574898785,0.0040485829959514,0.0121457489878542,0.0161943319838056,0.0060728744939271,0.0121457489878542,0.0080971659919028,0.0020242914979757,0.0040485829959514,0.0040485829959514,0.0080971659919028,0.0020242914979757,0.0121457489878542,0.0020242914979757,0.0080971659919028,0.0040485829959514,0.0040485829959514,0.0080971659919028,0.0020242914979757,0.0020242914979757,0.0040485829959514,0.0020242914979757,0.0,0.0020242914979757,0.0020242914979757,0.0,0.0020242914979757,0.0,0.0020242914979757,0.0,0.0040485829959514,0.0,0.0,0.0020242914979757,0.0020242914979757,0.0,0.0,0.0,0.0,0.0,0.0020242914979757,0.0,0.0020242914979757,0.0,0.0,0.0,0.0,0.0124714906748266,0.0113654472495512,0.0112492005317927,0.0334025389111799,0.0556708981852999,0.0890734370964798,0.1322443077870651,0.100896527799262,0.1457394290433784,0.0798313117053116,0.0449968021271711,0.0909235779964096,0.1752245250729305,0.118026090409112,0.1168163500486203,0.1635428900680684,0.1618678313036673,0.1838703850043257,0.1334511587769636,0.1126322063796022,0.0766652327584926,0.1517438695417037,0.2044406206893136,0.1486221751977307,0.1977612674939433,0.1318408449959622,0.0935882653692239,0.1008000667000636,0.111572046117447,0.0573947160643165,0.139959739391588,0.0873327990780754,0.1373035990448472,0.1460778178728747,0.1064031173509445,0.1137191986945665,0.1294786595893745,0.0659684492458754,0.1137191986945665,0.111712910625412,0.1247111726237366,0.2081870813040229,0.1081744119794404,0.1520343210544892,0.0946304915018285,0.0599673396393884,0.1194213724696988,0.08353475678955,0.0820680353145707,0.0646698749699199,0.155916755378056,0.1092911998960978,0.0433124790135075,0.1205763596087876,0.118124775245407,0.0484827481270681,0.1432041519861238,0.1991578067813496,0.0746841775430061,0.1579921644759488,0.1017885327593983,0.0264867493511802,0.0532873951618374,0.0578414706801541,0.1065747903236748,0.0276359916993626,0.1712278156051321,0.0313061345503008,0.1252245382012034,0.0651817563820306,0.0663007415297382,0.1303635127640613,0.0297290838889165,0.0318020251143485,0.0651817563820306,0.0346892157347347,0.0,0.0350248641799121,0.0323215382404756,0.0,0.0357288318960653,0.0,0.0381628178849621,0.0,0.0737561484884954,0.0,0.0,0.0407110218156836,0.0401515292418298,0.0,0.0,0.0,0.0,0.0,0.0432894829468798,0.0,0.0466725641313137,0.0,0.0,0.0,0.0,0.8117408906882592,0.1882591093117409,0.9631278957171884,0.2690439675803585
J07A0946,0.0,0.0121654501216545,0.024330900243309,0.0559610705596107,0.0559610705596107,0.0437956204379562,0.048661800486618,0.0389294403892944,0.0705596107055961,0.0291970802919708,0.0364963503649635,0.0340632603406326,0.0340632603406326,0.0218978102189781,0.0194647201946472,0.0194647201946472,0.0267639902676399,0.0145985401459854,0.0072992700729927,0.0194647201946472,0.0194647201946472,0.0145985401459854,0.0218978102189781,0.0024330900243309,0.0145985401459854,0.0097323600973236,0.0048661800486618,0.0145985401459854,0.0097323600973236,0.0097323600973236,0.0072992700729927,0.0024330900243309,0.0097323600973236,0.0,0.0072992700729927,0.0,0.0097323600973236,0.0072992700729927,0.0072992700729927,0.0048661800486618,0.0072992700729927,0.0048661800486618,0.0072992700729927,0.0024330900243309,0.0072992700729927,0.0,0.0024330900243309,0.0048661800486618,0.0048661800486618,0.0048661800486618,0.0072992700729927,0.0048661800486618,0.0097323600973236,0.0,0.0048661800486618,0.0072992700729927,0.0072992700729927,0.0048661800486618,0.0024330900243309,0.0048661800486618,0.0072992700729927,0.0048661800486618,0.0121654501216545,0.0048661800486618,0.0097323600973236,0.0,0.0024330900243309,0.0024330900243309,0.0048661800486618,0.0121654501216545,0.0,0.0048661800486618,0.0024330900243309,0.0024330900243309,0.0024330900243309,0.0,0.0,0.0,0.0024330900243309,0.0,0.0,0.0,0.0048661800486618,0.0072992700729927,0.0024330900243309,0.0,0.0048661800486618,0.0024330900243309,0.0024330900243309,0.0,0.0048661800486618,0.0,0.0024330900243309,0.0024330900243309,0.0,0.0,0.0,0.0,0.0,0.0,0.0,0.0,0.0644207590198542,0.1275237165265547,0.2903055658659814,0.2903055658659814,0.2271956602429419,0.2498590243639368,0.2033400830688768,0.3685539005623392,0.1551407096771639,0.191285574789832,0.1803781252555919,0.1853962607745433,0.1204175629030535,0.1059407204425961,0.1059407204425961,0.1441765071797003,0.0833760045032577,0.041259144741199,0.1134956905901904,0.1158794693259059,0.0860102997959214,0.1303644029916441,0.0153165245233612,0.0896748235380976,0.059783215692065,0.0303125628208655,0.0979452394636828,0.0632404140238998,0.0650640681604201,0.0475985455522648,0.0165004364556505,0.0691781120827609,0.0,0.0516948011534105,0.0,0.0733901037458091,0.056087597942305,0.0552492399677669,0.0422135051781052,0.0605895713480756,0.0429101852667374,0.061314593022436,0.0215437328253517,0.0643652779001061,0.0,0.02256316972185,0.0473485320794061,0.0465171762285167,0.0488742453603055,0.0757504654602303,0.0495580817677034,0.0982001926300557,0.0,0.053563665473239,0.0824418616831152,0.0811698823916054,0.0564425525713062,0.0282212762856531,0.059701273701201,0.0865424966906164,0.0600520669255331,0.1510197692682983,0.0655705202307338,0.1208158154146386,0.0,0.0323513470386594,0.035489407595248,0.070978815190496,0.184729123640227,0.0,0.0738916494560908,0.0337016240018983,0.0360515613904362,0.0369458247280454,0.0,0.0,0.0,0.0366404943056315,0.0,0.0,0.0,0.0865246264578919,0.1297869396868379,0.0418058960961485,0.0,0.0936391501544924,0.0461510201623389,0.0455167655574432,0.0,0.0965519844200872,0.0,0.0482759922100436,0.0529091718209467,0.0,0.0,0.0,0.0,0.0,0.0,0.0,0.8369829683698297,0.1630170316301703,0.9735688990466674,0.2283935174409729
J07A0947,0.062,0.104,0.066,0.052,0.056,0.04,0.04,0.038,0.04,0.024,0.052,0.03,0.04,0.028,0.024,0.01,0.022,0.026,0.026,0.02,0.016,0.014,0.006,0.016,0.008,0.008,0.0,0.004,0.01,0.0,0.016,0.01,0.01,0.002,0.002,0.006,0.002,0.01,0.004,0.002,0.006,0.002,0.0,0.002,0.002,0.002,0.0,0.0,0.0,0.004,0.002,0.0,0.0,0.006,0.006,0.002,0.0,0.0,0.002,0.0,0.0,0.0,0.0,0.002,0.002,0.0,0.0,0.0,0.002,0.0,0.0,0.0,0.006,0.0,0.0,0.0,0.0,0.0,0.002,0.0,0.0,0.0,0.0,0.0,0.002,0.0,0.0,0.0,0.0,0.0,0.0,0.0,0.002,0.0,0.0,0.0,0.0,0.0,0.0,0.0,0.0,0.3219298661067775,0.4921200767412188,0.309112670699986,0.2410531331117146,0.2595956818126158,0.1854254870090113,0.1835299499297845,0.1773652442181351,0.1867002570717212,0.1139561268663576,0.2435433163090799,0.1419577144445823,0.1945426542812646,0.1375901252277676,0.1167255925687587,0.0486356635703161,0.1059025472908266,0.1326921061587777,0.1313270609844501,0.1042080552438034,0.0851174107375691,0.073707071675206,0.0319190290265884,0.0900040648450249,0.0439128048728178,0.0439128048728178,0.0,0.023981369681552,0.0580652932633298,0.0,0.0932340008309485,0.0606006583959557,0.0635170946852271,0.0121636938702399,0.0126571964483678,0.0405824455240546,0.0134768817136969,0.0686637466082978,0.0270549636827031,0.0155036275183994,0.0445051005225346,0.015759495126362,0.0,0.0158246043616111,0.015759495126362,0.0166446526517579,0.0,0.0,0.0,0.0358997952011836,0.0185470975996235,0.0,0.0,0.0602413404427615,0.059016500609002,0.0201854502892021,0.0,0.0,0.0207294871051617,0.0,0.0,0.0,0.0,0.0240818884277878,0.022185831200435,0.0,0.0,0.0,0.0260681767071435,0.0,0.0,0.0,0.0742649665910594,0.0,0.0,0.0,0.0,0.0,0.0269136890389847,0.0,0.0,0.0,0.0,0.0,0.0307078523052271,0.0,0.0,0.0,0.0,0.0,0.0,0.0,0.0354603579185302,0.0,0.0,0.0,0.0,0.0,0.0,0.0,0.0,0.966,0.034,0.9991025916370944,0.0423557715552625
J07A0951,0.0772442588726513,0.1148225469728601,0.1064718162839248,0.1002087682672233,0.0647181628392484,0.0501043841336116,0.0668058455114822,0.0417536534446764,0.0480167014613778,0.022964509394572,0.0313152400835073,0.022964509394572,0.0292275574112734,0.0187891440501043,0.0187891440501043,0.0208768267223382,0.0250521920668058,0.0062630480167014,0.0125260960334029,0.0104384133611691,0.0083507306889352,0.0208768267223382,0.0125260960334029,0.0020876826722338,0.0062630480167014,0.0104384133611691,0.0041753653444676,0.0041753653444676,0.0104384133611691,0.0041753653444676,0.0,0.0,0.0,0.0,0.0041753653444676,0.0,0.0041753653444676,0.0,0.0,0.0020876826722338,0.0020876826722338,0.0020876826722338,0.0020876826722338,0.0020876826722338,0.0,0.0,0.0020876826722338,0.0020876826722338,0.0,0.0,0.0,0.0020876826722338,0.0,0.0,0.0020876826722338,0.0,0.0,0.0,0.0,0.0,0.0,0.0,0.0,0.0,0.0,0.0,0.0,0.0,0.0,0.0,0.0,0.0,0.0,0.0,0.0,0.0,0.0,0.0,0.0,0.0,0.0,0.0,0.0,0.0,0.0,0.0,0.0,0.0,0.0,0.0,0.0,0.0,0.0,0.0,0.0,0.0,0.0,0.0,0.0,0.0,0.0,0.3396424445707098,0.460098786443405,0.4222733780476257,0.3933700843449949,0.2540515128061426,0.1966850421724974,0.2595658703602901,0.1650310165379397,0.1897856690186307,0.0923357280795577,0.1241980523669487,0.092019757288681,0.1203742338104272,0.078184812418635,0.0773834360209889,0.0859815955788766,0.1021211333804048,0.027067219744144,0.0535775415873684,0.0460566084858688,0.0376191576793121,0.0930747281029738,0.0564287365189682,0.009944725402959,0.029112070897187,0.0485201181619784,0.0196813652505614,0.0211979880402538,0.0513259838155431,0.0211224253409413,0.0,0.0,0.0,0.0,0.0223762948070511,0.0,0.0238253928929363,0.0,0.0,0.0137042093541636,0.0131132152602153,0.0139303798592475,0.013270129479489,0.0139879322346308,0.0,0.0,0.0146498330454746,0.0153712465593846,0.0,0.0,0.0,0.0160885556617464,0.0,0.0,0.017388929972164,0.0,0.0,0.0,0.0,0.0,0.0,0.0,0.0,0.0,0.0,0.0,0.0,0.0,0.0,0.0,0.0,0.0,0.0,0.0,0.0,0.0,0.0,0.0,0.0,0.0,0.0,0.0,0.0,0.0,0.0,0.0,0.0,0.0,0.0,0.0,0.0,0.0,0.0,0.0,0.0,0.0,0.0,0.0,0.0,0.0,0.0,0.9958246346555324,0.0041753653444676,0.9999872477630886,0.0050501793238683
J07A0952,0.005420054200542,0.035230352303523,0.046070460704607,0.040650406504065,0.05420054200542,0.029810298102981,0.056910569105691,0.037940379403794,0.043360433604336,0.040650406504065,0.032520325203252,0.029810298102981,0.024390243902439,0.021680216802168,0.024390243902439,0.051490514905149,0.029810298102981,0.016260162601626,0.032520325203252,0.008130081300813,0.013550135501355,0.016260162601626,0.008130081300813,0.010840108401084,0.016260162601626,0.016260162601626,0.016260162601626,0.005420054200542,0.013550135501355,0.016260162601626,0.021680216802168,0.013550135501355,0.013550135501355,0.010840108401084,0.010840108401084,0.005420054200542,0.002710027100271,0.008130081300813,0.008130081300813,0.010840108401084,0.010840108401084,0.010840108401084,0.008130081300813,0.008130081300813,0.008130081300813,0.002710027100271,0.0,0.0,0.0,0.005420054200542,0.005420054200542,0.005420054200542,0.008130081300813,0.002710027100271,0.002710027100271,0.0,0.0,0.002710027100271,0.002710027100271,0.0,0.0,0.0,0.002710027100271,0.0,0.002710027100271,0.002710027100271,0.002710027100271,0.0,0.0,0.002710027100271,0.0,0.0,0.0,0.0,0.0,0.0,0.002710027100271,0.0,0.0,0.0,0.0,0.0,0.0,0.0,0.0,0.0,0.0,0.0,0.0,0.0,0.0,0.0,0.0,0.0,0.0,0.0,0.0,0.0,0.0,0.0,0.0,0.0328557045107315,0.1946221674937726,0.2519028042016565,0.2199945413480395,0.2933260551307194,0.1613293303218956,0.3048438644200902,0.2067398368340509,0.2362740992389154,0.2253351311816968,0.1778137441423457,0.1646802955716537,0.1384868586026378,0.1243742372791392,0.1384868586026378,0.2923611459389021,0.1675280832542884,0.096880015316381,0.1917667606301264,0.0494542658356725,0.0841549438447037,0.0999409747593483,0.0504929663068222,0.0711890736073342,0.1041990238033678,0.1041990238033678,0.1056664288914013,0.0379363197518755,0.0918539500026399,0.1134032739542214,0.1474876086827658,0.0958646643044606,0.1004781981048626,0.0769673769518385,0.0800900795915688,0.0427984625887298,0.0213191865493116,0.0651718366703122,0.0641976938830947,0.0981012475370698,0.0938706307677956,0.0997202835669065,0.0712454230269474,0.0750992031290207,0.0747902126751798,0.026330308632944,0.0,0.0,0.0,0.0567901720320258,0.0586796029044012,0.0575847661363765,0.0855789044709467,0.0317654187905735,0.031119557493584,0.0,0.0,0.0327921407974768,0.0327921407974768,0.0,0.0,0.0,0.0350959431240613,0.0,0.0350959431240613,0.0364030251398918,0.037591139264636,0.0,0.0,0.0429297624281038,0.0,0.0,0.0,0.0,0.0,0.0,0.0440499134330786,0.0,0.0,0.0,0.0,0.0,0.0,0.0,0.0,0.0,0.0,0.0,0.0,0.0,0.0,0.0,0.0,0.0,0.0,0.0,0.0,0.0,0.0,0.0,0.0,0.9539295392953928,0.046070460704607,0.9983123457772668,0.0580728875525469
J07A0954,0.0,0.0,0.0,0.0,0.0,0.0,0.0,0.0,0.5,0.0,0.0,0.0,0.5,0.0,0.0,0.0,0.0,0.0,0.0,0.0,0.0,0.0,0.0,0.0,0.0,0.0,0.0,0.0,0.0,0.0,0.0,0.0,0.0,0.0,0.0,0.0,0.0,0.0,0.0,0.0,0.0,0.0,0.0,0.0,0.0,0.0,0.0,0.0,0.0,0.0,0.0,0.0,0.0,0.0,0.0,0.0,0.0,0.0,0.0,0.0,0.0,0.0,0.0,0.0,0.0,0.0,0.0,0.0,0.0,0.0,0.0,0.0,0.0,0.0,0.0,0.0,0.0,0.0,0.0,0.0,0.0,0.0,0.0,0.0,0.0,0.0,0.0,0.0,0.0,0.0,0.0,0.0,0.0,0.0,0.0,0.0,0.0,0.0,0.0,0.0,0.0,0.0,0.0,0.0,0.0,0.0,0.0,0.0,0.0,0.692414685071933,0.0,0.0,0.0,0.7214997601501583,0.0,0.0,0.0,0.0,0.0,0.0,0.0,0.0,0.0,0.0,0.0,0.0,0.0,0.0,0.0,0.0,0.0,0.0,0.0,0.0,0.0,0.0,0.0,0.0,0.0,0.0,0.0,0.0,0.0,0.0,0.0,0.0,0.0,0.0,0.0,0.0,0.0,0.0,0.0,0.0,0.0,0.0,0.0,0.0,0.0,0.0,0.0,0.0,0.0,0.0,0.0,0.0,0.0,0.0,0.0,0.0,0.0,0.0,0.0,0.0,0.0,0.0,0.0,0.0,0.0,0.0,0.0,0.0,0.0,0.0,0.0,0.0,0.0,0.0,0.0,0.0,0.0,0.0,0.0,0.0,0.0,0.0,0.0,0.0,0.0,0.0,0.0,0.0,1.0,0.0,1.0,0.0
J07A0956,0.0241758241758241,0.0505494505494505,0.0549450549450549,0.0417582417582417,0.0571428571428571,0.0461538461538461,0.0373626373626373,0.0483516483516483,0.0505494505494505,0.0395604395604395,0.0373626373626373,0.0241758241758241,0.0329670329670329,0.0175824175824175,0.0329670329670329,0.0373626373626373,0.0329670329670329,0.0241758241758241,0.0219780219780219,0.0153846153846153,0.0175824175824175,0.0131868131868131,0.0175824175824175,0.0043956043956043,0.0241758241758241,0.0131868131868131,0.0153846153846153,0.0021978021978021,0.0065934065934065,0.0,0.0065934065934065,0.0263736263736263,0.0087912087912087,0.0043956043956043,0.0043956043956043,0.0021978021978021,0.0109890109890109,0.0087912087912087,0.0109890109890109,0.0087912087912087,0.0065934065934065,0.0087912087912087,0.0,0.0043956043956043,0.0065934065934065,0.0021978021978021,0.0,0.0,0.0043956043956043,0.0021978021978021,0.0,0.0021978021978021,0.0,0.0021978021978021,0.0021978021978021,0.0,0.0021978021978021,0.0021978021978021,0.0,0.0043956043956043,0.0,0.0021978021978021,0.0043956043956043,0.0,0.0043956043956043,0.0,0.0,0.0,0.0,0.0,0.0,0.0021978021978021,0.0021978021978021,0.0,0.0,0.0,0.0,0.0,0.0,0.0,0.0,0.0,0.0,0.0,0.0,0.0,0.0,0.0,0.0,0.0,0.0,0.0,0.0,0.0,0.0,0.0,0.0,0.0,0.0,0.0,0.0,0.1412851440748206,0.2692153470947404,0.2896323811462201,0.217869919108545,0.298137784043272,0.2408035948041813,0.1929434813420915,0.2540047508433063,0.2655504213361839,0.2114137246642496,0.1969500191794297,0.1287551660018323,0.1804597448099729,0.0972419044527347,0.1804597448099729,0.2045210441179692,0.1786114181903337,0.1388668738633089,0.1249439153849381,0.0902201551506637,0.1052743679089173,0.078138776414364,0.1052743679089173,0.0278295619946856,0.1493578696073511,0.081467928876737,0.0963844215226653,0.0148302416211842,0.0430895652918039,0.0,0.0432424037281835,0.1798841187169503,0.0628470432684039,0.0300884430701294,0.0313091844325284,0.0167309729925686,0.0833419503423921,0.0679394023836873,0.0836548649628432,0.0767003870607361,0.0550445118764013,0.0779662291705097,0.0,0.0391441705555078,0.0584746718778823,0.0205863321239856,0.0,0.0,0.042259999574144,0.0222006767776129,0.0,0.0225113031808951,0.0,0.0248357689382361,0.0243308027659361,0.0,0.0245804487246562,0.0256385107719065,0.0,0.0542375097919622,0.0,0.0272780994941792,0.0548794737979228,0.0,0.0548794737979228,0.0,0.0,0.0,0.0,0.0,0.0,0.0335646026664113,0.0306173059381682,0.0,0.0,0.0,0.0,0.0,0.0,0.0,0.0,0.0,0.0,0.0,0.0,0.0,0.0,0.0,0.0,0.0,0.0,0.0,0.0,0.0,0.0,0.0,0.0,0.0,0.0,0.0,0.0,0.9692307692307692,0.0307692307692307,0.9992697452041264,0.0382096364766857
J07A0957,0.0210526315789473,0.0456140350877193,0.0561403508771929,0.0245614035087719,0.0421052631578947,0.0526315789473684,0.0807017543859649,0.031578947368421,0.0385964912280701,0.031578947368421,0.0280701754385964,0.0350877192982456,0.0280701754385964,0.0561403508771929,0.0456140350877193,0.031578947368421,0.0175438596491228,0.0245614035087719,0.0280701754385964,0.0210526315789473,0.031578947368421,0.0140350877192982,0.0140350877192982,0.0210526315789473,0.0245614035087719,0.0140350877192982,0.0140350877192982,0.0140350877192982,0.0,0.0210526315789473,0.0105263157894736,0.0035087719298245,0.0070175438596491,0.0105263157894736,0.0035087719298245,0.0,0.0,0.0035087719298245,0.0,0.0,0.0035087719298245,0.0035087719298245,0.0,0.0,0.0070175438596491,0.0,0.0070175438596491,0.0035087719298245,0.0,0.0,0.0,0.0035087719298245,0.0,0.0,0.0,0.0,0.0070175438596491,0.0070175438596491,0.0,0.0,0.0035087719298245,0.0,0.0,0.0,0.0,0.0,0.0,0.0035087719298245,0.0,0.0,0.0,0.0,0.0,0.0,0.0,0.0,0.0,0.0035087719298245,0.0,0.0,0.0,0.0,0.0,0.0,0.0,0.0,0.0,0.0,0.0,0.0,0.0,0.0,0.0,0.0,0.0,0.0,0.0,0.0,0.0,0.0,0.0,0.1176542668805993,0.232310023238267,0.2829956153212496,0.1225446425063345,0.2100765300108591,0.2625956625135739,0.3985305724387685,0.1586405789884341,0.1938940409858639,0.1613822625715837,0.1414978076606248,0.1787000178755901,0.1469371746381486,0.2969176874826769,0.2387729087869915,0.1653043214679172,0.0908951230876881,0.134913879796817,0.1526011183343655,0.1180617993670646,0.1808122218628909,0.079529447468318,0.0803609874946181,0.1274618576881256,0.1451062381281051,0.0829178503589172,0.0840855587602462,0.090565092729373,0.0,0.135363394349432,0.0660180124423893,0.022885699690926,0.0479741703368435,0.0689038664962543,0.0238998060840979,0.0,0.0,0.0259307064663214,0.0,0.0,0.0280120819430232,0.0297576859962469,0.0,0.0,0.0595153719924938,0.0,0.0625891233504702,0.0328356249511323,0.0,0.0,0.0,0.0343679204984187,0.0,0.0,0.0,0.0,0.0750537541781577,0.0782844327426178,0.0,0.0,0.0400107717370137,0.0,0.0,0.0,0.0,0.0,0.0,0.0492229358063784,0.0,0.0,0.0,0.0,0.0,0.0,0.0,0.0,0.0,0.0550699300926109,0.0,0.0,0.0,0.0,0.0,0.0,0.0,0.0,0.0,0.0,0.0,0.0,0.0,0.0,0.0,0.0,0.0,0.0,0.0,0.0,0.0,0.0,0.0,0.9719298245614036,0.0280701754385964,0.9993954977167854,0.0347654878208079
J07A0958,0.0063694267515923,0.0254777070063694,0.0509554140127388,0.0477707006369426,0.0445859872611464,0.0382165605095541,0.0318471337579617,0.0605095541401273,0.0350318471337579,0.0254777070063694,0.0159235668789808,0.019108280254777,0.0254777070063694,0.0254777070063694,0.0222929936305732,0.0222929936305732,0.0222929936305732,0.0159235668789808,0.0222929936305732,0.0382165605095541,0.0222929936305732,0.0159235668789808,0.019108280254777,0.0159235668789808,0.019108280254777,0.0127388535031847,0.0159235668789808,0.0063694267515923,0.019108280254777,0.0127388535031847,0.0318471337579617,0.0063694267515923,0.0159235668789808,0.0,0.0095541401273885,0.0063694267515923,0.0159235668789808,0.0063694267515923,0.0127388535031847,0.0031847133757961,0.0095541401273885,0.0,0.0095541401273885,0.0095541401273885,0.0031847133757961,0.0063694267515923,0.0095541401273885,0.0063694267515923,0.0031847133757961,0.0095541401273885,0.0031847133757961,0.0031847133757961,0.0,0.0063694267515923,0.0031847133757961,0.0063694267515923,0.0127388535031847,0.0031847133757961,0.0,0.0031847133757961,0.0063694267515923,0.0031847133757961,0.0063694267515923,0.0,0.0063694267515923,0.0031847133757961,0.0,0.0,0.0,0.0,0.0,0.0,0.0,0.0,0.0,0.0,0.0,0.0,0.0031847133757961,0.0,0.0,0.0,0.0,0.0,0.0,0.0,0.0,0.0,0.0,0.0,0.0,0.0,0.0,0.0,0.0,0.0,0.0,0.0,0.0,0.0,0.0,0.0390369516831009,0.1422997223685862,0.2816885384965165,0.2613828073095902,0.2439572868222841,0.2091062458476721,0.1724738575113077,0.3333610440196873,0.1929984991692926,0.1427883408690381,0.0880276682801614,0.1067247917764396,0.146258513325876,0.1477731542692216,0.1279761991601415,0.1279761991601415,0.1266654258581122,0.0959219647770343,0.132909259757529,0.2350330105166135,0.1399821898800392,0.0989526542635439,0.1199847341828907,0.1057276228039231,0.1238023143381317,0.0825348762254211,0.1046214891392796,0.0450733990715349,0.1309616675052763,0.0898254593731296,0.2190436462914945,0.045559994214674,0.1193814779818043,0.0,0.0713682588884357,0.0508502721541566,0.1266501613101406,0.0516218797127898,0.1017005443083133,0.0291393360543043,0.0836481061427495,0.0,0.0846490488565424,0.0892278527471359,0.0296202436486712,0.0625678250527026,0.0934500627988084,0.0653679329455652,0.0321100942625132,0.1012114289452421,0.0348595907084334,0.0342091847796805,0.0,0.0754830941528624,0.0369741778594257,0.0758778058472392,0.149414204167951,0.0389614295282705,0.0,0.0412108748114952,0.0796519465640699,0.0414530220012691,0.0833973068852838,0.0,0.0833973068852838,0.0432516409149136,0.0,0.0,0.0,0.0,0.0,0.0,0.0,0.0,0.0,0.0,0.0,0.0,0.0505847440179591,0.0,0.0,0.0,0.0,0.0,0.0,0.0,0.0,0.0,0.0,0.0,0.0,0.0,0.0,0.0,0.0,0.0,0.0,0.0,0.0,0.0,0.0,0.9331210191082804,0.0668789808917197,0.9962944250877954,0.08600824692423
J07A0960,0.0525114155251141,0.0867579908675799,0.1187214611872146,0.0981735159817351,0.0867579908675799,0.0707762557077625,0.0410958904109589,0.0433789954337899,0.0342465753424657,0.0388127853881278,0.0273972602739726,0.0182648401826484,0.0228310502283105,0.0205479452054794,0.0182648401826484,0.0228310502283105,0.0159817351598173,0.0091324200913242,0.0068493150684931,0.0068493150684931,0.0114155251141552,0.0068493150684931,0.0045662100456621,0.0068493150684931,0.0136986301369863,0.0045662100456621,0.0068493150684931,0.0,0.0045662100456621,0.0068493150684931,0.0045662100456621,0.0068493150684931,0.0068493150684931,0.0045662100456621,0.002283105022831,0.0045662100456621,0.0,0.0045662100456621,0.0,0.0,0.0068493150684931,0.0,0.0,0.0,0.0045662100456621,0.0,0.0,0.0,0.0045662100456621,0.002283105022831,0.0,0.002283105022831,0.002283105022831,0.0,0.0,0.0,0.0,0.002283105022831,0.0068493150684931,0.002283105022831,0.0,0.002283105022831,0.002283105022831,0.0,0.0,0.002283105022831,0.002283105022831,0.0,0.0,0.0,0.0,0.002283105022831,0.0,0.002283105022831,0.0,0.0,0.002283105022831,0.002283105022831,0.0,0.002283105022831,0.002283105022831,0.0,0.0,0.0,0.0,0.002283105022831,0.0,0.0,0.0,0.0,0.0,0.0,0.0,0.0,0.0,0.0,0.0,0.0,0.0,0.0,0.0,0.2400832951325189,0.3614813270973556,0.4895992491934614,0.4007212932037918,0.3541257939940486,0.2888920951004081,0.1660290135379654,0.1782801756136232,0.1407475070633867,0.1622706169558884,0.112984442121568,0.0761013320204959,0.0977730973238159,0.0889070646152269,0.0782184778590527,0.0977730973238159,0.0677401717185196,0.0410389516890126,0.0304625783734555,0.0314236824769976,0.0534728033984488,0.0317516942594472,0.0213891213593795,0.0339256301817578,0.0662089909349804,0.0220696636449934,0.0335706966209429,0.0,0.0233459282864044,0.0360287268688858,0.0234287361576595,0.0365479586559072,0.0383068470202289,0.0244528795802825,0.0127224880812382,0.0271945256120214,0.0,0.0276071783005275,0.0,0.0,0.0447346782727128,0.0,0.0,0.0,0.0316815796814672,0.0,0.0,0.0,0.0343447043185572,0.0180424914170014,0.0,0.018294937514535,0.0181258669020254,0.0,0.0,0.0,0.0,0.020836419320932,0.062509257962796,0.0220394138139023,0.0,0.0221689131789052,0.0223002759079635,0.0,0.0,0.0231308075020091,0.023885745834861,0.0,0.0,0.0,0.0,0.0272779547033656,0.0,0.0266176994513651,0.0,0.0,0.0279897086625403,0.0293151553938355,0.0,0.0319415638792383,0.0299043631887684,0.0,0.0,0.0,0.0,0.0336060780415372,0.0,0.0,0.0,0.0,0.0,0.0,0.0,0.0,0.0,0.0,0.0,0.0,0.0,0.0,0.0,0.958904109589041,0.0410958904109589,0.9986703082114684,0.0515520658830551
J07A0961,0.0,0.0,0.0,0.0,0.0,0.0098039215686274,0.0098039215686274,0.0196078431372549,0.0392156862745098,0.0098039215686274,0.0294117647058823,0.0196078431372549,0.0294117647058823,0.0098039215686274,0.0294117647058823,0.0196078431372549,0.0098039215686274,0.0392156862745098,0.0,0.0196078431372549,0.0392156862745098,0.0294117647058823,0.0392156862745098,0.0098039215686274,0.0098039215686274,0.0098039215686274,0.0196078431372549,0.0196078431372549,0.0098039215686274,0.0294117647058823,0.0294117647058823,0.0294117647058823,0.0490196078431372,0.0098039215686274,0.0098039215686274,0.0098039215686274,0.0294117647058823,0.0294117647058823,0.0,0.0098039215686274,0.0,0.0098039215686274,0.0098039215686274,0.0098039215686274,0.0098039215686274,0.0098039215686274,0.0098039215686274,0.0,0.0,0.0098039215686274,0.0196078431372549,0.0098039215686274,0.0098039215686274,0.0294117647058823,0.0,0.0098039215686274,0.0,0.0,0.0294117647058823,0.0196078431372549,0.0098039215686274,0.0098039215686274,0.0,0.0,0.0098039215686274,0.0098039215686274,0.0,0.0,0.0098039215686274,0.0,0.0,0.0,0.0,0.0,0.0,0.0,0.0,0.0098039215686274,0.0,0.0196078431372549,0.0,0.0,0.0,0.0,0.0,0.0,0.0098039215686274,0.0,0.0,0.0,0.0,0.0,0.0,0.0,0.0,0.0,0.0,0.0,0.0,0.0,0.0,0.0,0.0,0.0,0.0,0.0,0.0422913040760473,0.0418589755094727,0.0851640998253132,0.1703281996506264,0.0433179682251515,0.1281845746548698,0.0863394702185649,0.1331121629612408,0.0448302204662186,0.1331121629612408,0.0887414419741605,0.0439162618232409,0.1862401749394,0.0,0.0950698768023202,0.194133307008298,0.1440933759300924,0.194133307008298,0.0513196612806557,0.0500775220727402,0.0500775220727402,0.1015654990231446,0.1093920165692576,0.0529734507003346,0.1635031139623781,0.1594840416615628,0.1658594562876344,0.2897358727421856,0.0554851961779421,0.0577363287412777,0.0617061718066842,0.18442607165104,0.187927523901031,0.0,0.0707204426142933,0.0,0.0718875933642903,0.0684803775311062,0.0721845918525233,0.0718875933642903,0.0759252762810836,0.0756003247196956,0.0,0.0,0.0818792054755288,0.1692067162861354,0.0830248391584675,0.0822575744220408,0.2747933833378263,0.0,0.092076772170063,0.0,0.0,0.2836752562916966,0.2000355328453447,0.0966566449146834,0.1006054516192982,0.0,0.0,0.1012015930077463,0.1049706549111759,0.0,0.0,0.1189110737270291,0.0,0.0,0.0,0.0,0.0,0.0,0.0,0.0,0.1330360412297114,0.0,0.2899100586090284,0.0,0.0,0.0,0.0,0.0,0.0,0.156874017379317,0.0,0.0,0.0,0.0,0.0,0.0,0.0,0.0,0.0,0.0,0.0,0.0,0.0,0.0,0.803921568627451,0.196078431372549,0.959454091629508,0.2818649429343701
J07A0962,0.0022727272727272,0.0022727272727272,0.0227272727272727,0.0181818181818181,0.0227272727272727,0.0272727272727272,0.0454545454545454,0.0477272727272727,0.0295454545454545,0.0318181818181818,0.0659090909090909,0.0454545454545454,0.0318181818181818,0.0431818181818181,0.0272727272727272,0.034090909090909,0.0363636363636363,0.0431818181818181,0.0454545454545454,0.0318181818181818,0.0204545454545454,0.0204545454545454,0.0318181818181818,0.0204545454545454,0.025,0.0204545454545454,0.0159090909090909,0.009090909090909,0.0068181818181818,0.0136363636363636,0.009090909090909,0.0113636363636363,0.0068181818181818,0.0045454545454545,0.0068181818181818,0.0136363636363636,0.0136363636363636,0.0136363636363636,0.009090909090909,0.0113636363636363,0.0045454545454545,0.0022727272727272,0.0045454545454545,0.0022727272727272,0.0113636363636363,0.0045454545454545,0.0,0.0045454545454545,0.0,0.0022727272727272,0.0,0.0068181818181818,0.0045454545454545,0.0022727272727272,0.0,0.0022727272727272,0.0,0.0,0.0,0.0022727272727272,0.0,0.0,0.0,0.0,0.0,0.0,0.0,0.0022727272727272,0.0,0.0,0.0,0.0,0.0,0.0,0.0,0.0,0.0022727272727272,0.0,0.0,0.0,0.0,0.0,0.0,0.0,0.0,0.0,0.0,0.0,0.0,0.0,0.0,0.0,0.0022727272727272,0.0,0.0,0.0,0.0,0.0,0.0,0.0,0.0,0.0133115888198075,0.0121310406657815,0.1200696339636775,0.0950735561859215,0.1188419452324019,0.1426103342788823,0.2352541347997209,0.251283824978713,0.1555566535582508,0.1704177349884865,0.3482019384946649,0.2426208133156314,0.1745593821742057,0.239355356175896,0.1496223275778906,0.1870279094723632,0.1974531302425502,0.2485911453439775,0.2589829584469791,0.1870077676089943,0.1227442751469733,0.1214741715685332,0.1909355391175141,0.1297911156360825,0.1547940242591153,0.1266496562120034,0.0998925100003296,0.0614800622776196,0.0446578893541338,0.0918913641438137,0.059755054169068,0.0776797218366175,0.048850857838348,0.0311835673524322,0.0486731097663907,0.1040395653512779,0.1036504008822628,0.1056182730281728,0.0693597102341852,0.0993650485790905,0.0380319721535336,0.020200988406803,0.0384870670405988,0.0202844473562108,0.1010049420340154,0.0426712191675449,0.0,0.0445808910714103,0.0,0.0230087112832885,0.0,0.0699919305192663,0.0462300719639008,0.0257397124746474,0.0,0.0258743090440868,0.0,0.0,0.0,0.0281057919096008,0.0,0.0,0.0,0.0,0.0,0.0,0.0,0.0334149622957535,0.0,0.0,0.0,0.0,0.0,0.0,0.0,0.0,0.0356939133645869,0.0,0.0,0.0,0.0,0.0,0.0,0.0,0.0,0.0,0.0,0.0,0.0,0.0,0.0,0.0,0.0454541388204151,0.0,0.0,0.0,0.0,0.0,0.0,0.0,0.0,0.975,0.025,0.9995234245297469,0.0308694641405995
J07A0963,0.0,0.0131868131868131,0.0043956043956043,0.0109890109890109,0.0153846153846153,0.0109890109890109,0.0241758241758241,0.0153846153846153,0.0197802197802197,0.0285714285714285,0.0241758241758241,0.0241758241758241,0.0241758241758241,0.0263736263736263,0.0263736263736263,0.0197802197802197,0.0285714285714285,0.0285714285714285,0.0197802197802197,0.0307692307692307,0.0197802197802197,0.0329670329670329,0.0351648351648351,0.0153846153846153,0.0351648351648351,0.0131868131868131,0.0175824175824175,0.0197802197802197,0.0175824175824175,0.0109890109890109,0.0197802197802197,0.0109890109890109,0.0131868131868131,0.0131868131868131,0.0285714285714285,0.0197802197802197,0.0087912087912087,0.0153846153846153,0.0285714285714285,0.0197802197802197,0.0109890109890109,0.0109890109890109,0.0043956043956043,0.0175824175824175,0.0109890109890109,0.0131868131868131,0.0087912087912087,0.0153846153846153,0.0065934065934065,0.0109890109890109,0.0087912087912087,0.0065934065934065,0.0109890109890109,0.0131868131868131,0.0021978021978021,0.0043956043956043,0.0065934065934065,0.0043956043956043,0.0065934065934065,0.0065934065934065,0.0021978021978021,0.0043956043956043,0.0043956043956043,0.0,0.0065934065934065,0.0021978021978021,0.0,0.0021978021978021,0.0,0.0,0.0,0.0021978021978021,0.0,0.0,0.0,0.0,0.0,0.0021978021978021,0.0,0.0,0.0,0.0,0.0,0.0,0.0,0.0021978021978021,0.0,0.0,0.0,0.0,0.0,0.0,0.0,0.0,0.0,0.0,0.0,0.0,0.0,0.0,0.0,0.0,0.0745391981338657,0.0245922683866811,0.0608520430243546,0.0851928602340965,0.0608520430243546,0.1325059445547134,0.0857785472911178,0.1102867036600087,0.1620561484626694,0.1352574761267462,0.1366551965787539,0.1404569563255604,0.1548125638138482,0.153225770536975,0.1149193279027312,0.1642944149402726,0.1741850245769886,0.1193490891558047,0.1915115862194481,0.1257003980813397,0.2073328430794042,0.2234673743668262,0.1033798513964551,0.2305774839948247,0.0864665564980592,0.1169123204190224,0.141661626658309,0.1219557645370795,0.0784203651540563,0.1376868835366653,0.0795505284952699,0.1000547238483033,0.0958037389141807,0.2159964431746672,0.1598178175544955,0.0707644498373557,0.1261889303850847,0.2308479586898268,0.1831646084043731,0.0973697965504562,0.1034375037585731,0.0394139738264263,0.1661837575386783,0.1034375037585731,0.1310966860870845,0.087023738104187,0.1597909565823328,0.0672794194813961,0.1178142183896101,0.0973871542096558,0.071677587555253,0.1183586452857594,0.1581577031118519,0.0258236678041375,0.0529949106469837,0.0782658938690059,0.0544232256975463,0.0816348385463195,0.0863480409297582,0.0278154312969949,0.0579036036289032,0.0582467136105979,0.0,0.0873700704158969,0.0302080011411488,0.0,0.0342197145848129,0.0,0.0,0.0,0.0356240259548182,0.0,0.0,0.0,0.0,0.0,0.0382845366515207,0.0,0.0,0.0,0.0,0.0,0.0,0.0,0.0438883270175552,0.0,0.0,0.0,0.0,0.0,0.0,0.0,0.0,0.0,0.0,0.0,0.0,0.0,0.0,0.0,0.9054945054945056,0.0945054945054945,0.99219085620843,0.1247289254999908
J07A0964,0.0,0.0,0.0,0.0067415730337078,0.0089887640449438,0.0044943820224719,0.0179775280898876,0.0112359550561797,0.0112359550561797,0.0157303370786516,0.0157303370786516,0.0134831460674157,0.0044943820224719,0.0157303370786516,0.0224719101123595,0.0089887640449438,0.0224719101123595,0.0269662921348314,0.0202247191011235,0.0179775280898876,0.0292134831460674,0.0179775280898876,0.0112359550561797,0.0269662921348314,0.0179775280898876,0.0359550561797752,0.0157303370786516,0.0134831460674157,0.0314606741573033,0.0202247191011235,0.0247191011235955,0.0179775280898876,0.0247191011235955,0.0112359550561797,0.0224719101123595,0.0157303370786516,0.0179775280898876,0.0157303370786516,0.0157303370786516,0.0179775280898876,0.0134831460674157,0.0179775280898876,0.0202247191011235,0.0247191011235955,0.0157303370786516,0.0134831460674157,0.0179775280898876,0.0134831460674157,0.0134831460674157,0.0134831460674157,0.0089887640449438,0.0044943820224719,0.0089887640449438,0.0134831460674157,0.0134831460674157,0.0022471910112359,0.0112359550561797,0.0089887640449438,0.0089887640449438,0.0112359550561797,0.0089887640449438,0.0067415730337078,0.0089887640449438,0.0044943820224719,0.0022471910112359,0.0067415730337078,0.0022471910112359,0.0022471910112359,0.0067415730337078,0.0022471910112359,0.0044943820224719,0.0022471910112359,0.0022471910112359,0.0022471910112359,0.0089887640449438,0.0022471910112359,0.0,0.0044943820224719,0.0,0.0022471910112359,0.0022471910112359,0.0044943820224719,0.0,0.0044943820224719,0.0,0.0,0.0,0.0,0.0,0.0,0.0,0.0022471910112359,0.0,0.0,0.0,0.0,0.0,0.0,0.0,0.0,0.0,0.0,0.0,0.0,0.0351989838950942,0.0469319785267923,0.0234659892633961,0.0929044200780157,0.0590682853067739,0.0590682853067739,0.0841247745421832,0.082979410811527,0.0718602012430134,0.0246197861484645,0.0870616130884753,0.1230989307423227,0.049239572296929,0.1218381119886458,0.1550073960009266,0.1150595898483364,0.105502006005966,0.1750415734595357,0.1066032741678804,0.0673236820998214,0.1708530839031362,0.1111451747322176,0.2222903494644352,0.0986216004196775,0.0910467982389314,0.2057520137474784,0.1360833769706114,0.1622357117372571,0.122706272775123,0.176840911631371,0.0769670648750723,0.1601795097065922,0.1198352093550984,0.1364422406860626,0.1216536018515726,0.1198352093550984,0.1569613596313329,0.1126443001848403,0.1595518067756391,0.1709883219618609,0.2202901026394039,0.1396078309286842,0.1263849689876113,0.1677920742279884,0.1320410957413111,0.1297226893899106,0.1362958602408562,0.0938869839654298,0.0460676261196503,0.0912837946424955,0.1524733919640439,0.1493732703084935,0.0255451161220471,0.1257549277135707,0.1049344250764827,0.1049344250764827,0.1387410417046338,0.1072628920463331,0.0837337544602226,0.1123065626298993,0.0609522827097993,0.0280766406574748,0.0873669060909532,0.0300727894761912,0.0329898313653298,0.0989694940959894,0.0343436706899117,0.0698665074395574,0.0343436706899117,0.0313279642545864,0.0335123917618331,0.1373746827596469,0.0365548603723561,0.0,0.073817121116141,0.0,0.0402152787156725,0.0376503888475137,0.0912353289745995,0.0,0.0804305574313451,0.0,0.0,0.0,0.0,0.0,0.0,0.0,0.0456176644872997,0.0,0.0,0.0,0.0,0.0,0.0,0.0,0.0,0.0,0.8179775280898877,0.1820224719101123,0.9659061687917826,0.2588923967403841
J07A0965,0.0222222222222222,0.0422222222222222,0.0488888888888888,0.0533333333333333,0.0622222222222222,0.0511111111111111,0.0355555555555555,0.0644444444444444,0.0422222222222222,0.06,0.0622222222222222,0.0311111111111111,0.0355555555555555,0.0288888888888888,0.0288888888888888,0.0155555555555555,0.0333333333333333,0.0111111111111111,0.0222222222222222,0.0155555555555555,0.0222222222222222,0.0088888888888888,0.0222222222222222,0.02,0.0177777777777777,0.0111111111111111,0.0111111111111111,0.0066666666666666,0.0088888888888888,0.0066666666666666,0.0066666666666666,0.0088888888888888,0.0088888888888888,0.0066666666666666,0.0066666666666666,0.0022222222222222,0.0066666666666666,0.0044444444444444,0.0088888888888888,0.0022222222222222,0.0,0.0022222222222222,0.0088888888888888,0.0022222222222222,0.0022222222222222,0.0,0.0044444444444444,0.0022222222222222,0.0,0.0044444444444444,0.0,0.0022222222222222,0.0022222222222222,0.0,0.0,0.0,0.0,0.0022222222222222,0.0,0.0,0.0,0.0,0.0,0.0,0.0,0.0022222222222222,0.0,0.0,0.0,0.0,0.0,0.0,0.0,0.0,0.0,0.0,0.0,0.0,0.0,0.0,0.0,0.0,0.0,0.0,0.0,0.0,0.0,0.0,0.0,0.0,0.0,0.0,0.0,0.0,0.0,0.0,0.0,0.0,0.0,0.0,0.0,0.1238523202682111,0.2144499317639611,0.2457707078787067,0.2653720909465431,0.309600772770967,0.2543149204904372,0.175106192608838,0.3228624144299781,0.211530547385158,0.3057910499908639,0.3127990827547177,0.1580157391944976,0.1856134298747569,0.15237269697453,0.15081091177324,0.0812058755702061,0.1722302977113367,0.0608662172126735,0.1204801348200289,0.0869969251607608,0.1268916337350576,0.0502314460482565,0.1268916337350576,0.1207589194597803,0.1047431777619375,0.0654644861012109,0.0663864037592083,0.0429012370333307,0.055400180896618,0.0427483105731437,0.0416975137609759,0.0578191764633751,0.0606017525758622,0.0435202426598232,0.0452859358926921,0.016133237665913,0.0482186717895636,0.0327560903368551,0.0645329506636521,0.0184900420027574,0.0,0.0187951965746637,0.071617484852049,0.018872847594923,0.0187951965746637,0.0,0.0395317995141266,0.0207392478597396,0.0,0.0428150586288595,0.0,0.0217070581936937,0.0215064548507375,0.0,0.0,0.0,0.0,0.0247225423092225,0.0,0.0,0.0,0.0,0.0,0.0,0.0,0.0274448482873651,0.0,0.0,0.0,0.0,0.0,0.0,0.0,0.0,0.0,0.0,0.0,0.0,0.0,0.0,0.0,0.0,0.0,0.0,0.0,0.0,0.0,0.0,0.0,0.0,0.0,0.0,0.0,0.0,0.0,0.0,0.0,0.0,0.0,0.0,0.0,0.9911111111111112,0.0088888888888888,0.9999416576787978,0.0108019090247106
J07A0966,0.0890868596881959,0.1425389755011135,0.1158129175946547,0.0579064587973273,0.0779510022271715,0.0512249443207126,0.0601336302895322,0.042316258351893,0.042316258351893,0.0311804008908685,0.0289532293986636,0.0334075723830735,0.0155902004454342,0.0066815144766146,0.0200445434298441,0.0111358574610244,0.0133630289532293,0.0155902004454342,0.0133630289532293,0.0133630289532293,0.0022271714922048,0.0022271714922048,0.0111358574610244,0.0066815144766146,0.0111358574610244,0.0066815144766146,0.0133630289532293,0.0066815144766146,0.0022271714922048,0.0044543429844097,0.0066815144766146,0.0044543429844097,0.0089086859688195,0.0,0.0022271714922048,0.0,0.0044543429844097,0.0022271714922048,0.0,0.0022271714922048,0.0022271714922048,0.0,0.0,0.0022271714922048,0.0,0.0,0.0,0.0,0.0044543429844097,0.0,0.0,0.0,0.0022271714922048,0.0,0.0022271714922048,0.0,0.0,0.0,0.0022271714922048,0.0,0.0022271714922048,0.0,0.0,0.0,0.0,0.0,0.0,0.0,0.0,0.0,0.0,0.0,0.0022271714922048,0.0,0.0,0.0,0.0,0.0,0.0,0.0,0.0,0.0,0.0,0.0,0.0,0.0,0.0,0.0,0.0,0.0,0.0,0.0,0.0,0.0,0.0,0.0,0.0,0.0,0.0,0.0,0.0,0.3763328957198491,0.5487320527876494,0.4412846561293824,0.2183863030326719,0.2939815617747507,0.193187883451979,0.2244674280055455,0.16068714590544,0.16068714590544,0.1204473045223654,0.1103211640323456,0.1286090748721053,0.061687262371469,0.026711181645556,0.0793121944776031,0.044062330265335,0.0523332356858842,0.0647310111263478,0.0549129454119441,0.0566454664259563,0.0096392009174158,0.0095394587211801,0.0481960045870791,0.030577783918974,0.0497294672556972,0.0298376803534183,0.0605157517655542,0.0325895121055332,0.0105210536503665,0.0216488953272249,0.031675115298615,0.0219608906594136,0.0460355385009806,0.0,0.011467008552991,0.0,0.024419233518105,0.0124414244947472,0.0,0.0140457825776101,0.0134400581367669,0.0,0.0,0.0143365771640286,0.0,0.0,0.0,0.0,0.0309555030160823,0.0,0.0,0.0,0.0163371715869331,0.0,0.0178223437291621,0.0,0.0,0.0,0.0187802414937361,0.0,0.019196970055141,0.0,0.0,0.0,0.0,0.0,0.0,0.0,0.0,0.0,0.0,0.0,0.0224272152357796,0.0,0.0,0.0,0.0,0.0,0.0,0.0,0.0,0.0,0.0,0.0,0.0,0.0,0.0,0.0,0.0,0.0,0.0,0.0,0.0,0.0,0.0,0.0,0.0,0.0,0.0,0.0,0.0,0.9888641425389756,0.0111358574610244,0.9999080216544872,0.0135627516017054
J07A0968,0.015527950310559,0.0217391304347826,0.0496894409937888,0.0372670807453416,0.046583850931677,0.0124223602484472,0.0434782608695652,0.0186335403726708,0.0403726708074534,0.0372670807453416,0.0279503105590062,0.031055900621118,0.015527950310559,0.0248447204968944,0.0496894409937888,0.0217391304347826,0.0279503105590062,0.0341614906832298,0.0217391304347826,0.0217391304347826,0.0372670807453416,0.0248447204968944,0.015527950310559,0.0279503105590062,0.0217391304347826,0.0217391304347826,0.0217391304347826,0.0186335403726708,0.0186335403726708,0.0093167701863354,0.015527950310559,0.0062111801242236,0.0217391304347826,0.0062111801242236,0.0093167701863354,0.0124223602484472,0.015527950310559,0.0093167701863354,0.0062111801242236,0.0062111801242236,0.0093167701863354,0.0,0.0031055900621118,0.0031055900621118,0.0,0.0124223602484472,0.0031055900621118,0.0031055900621118,0.0,0.0,0.0,0.0,0.0062111801242236,0.0031055900621118,0.0031055900621118,0.0031055900621118,0.0,0.0,0.0,0.0031055900621118,0.0031055900621118,0.0,0.0031055900621118,0.0,0.0031055900621118,0.0,0.0,0.0,0.0,0.0,0.0031055900621118,0.0,0.0031055900621118,0.0031055900621118,0.0,0.0,0.0,0.0,0.0,0.0,0.0,0.0031055900621118,0.0,0.0,0.0,0.0,0.0,0.0,0.0,0.0,0.0,0.0,0.0,0.0,0.0,0.0,0.0,0.0,0.0,0.0,0.0,0.0948607731548356,0.1210271649183647,0.2738040896999937,0.2032533719706633,0.2540667149633291,0.0677511239902211,0.2347048514184388,0.1023253529213404,0.221704931329571,0.2081875529978452,0.1540148004562465,0.1728959498833782,0.0888529653083514,0.1436369907087339,0.2843294889867245,0.1243941514316919,0.1582972285012087,0.2051216497981092,0.1291891358975554,0.1332650945088724,0.2332527343582238,0.1538927586824078,0.0971886393159265,0.1849829610053335,0.1403932756885828,0.1403932756885828,0.1423703940871186,0.1314353903251069,0.1272960566598235,0.065483436777765,0.1064563125243233,0.0442847721432588,0.1624559945265676,0.0444439405216,0.0693706647161411,0.0988539509096,0.1231052293180514,0.0752654786318425,0.0494269754548,0.0566474548477924,0.0813067996297876,0.0,0.0274265753348741,0.0289101231306893,0.0,0.1216331092099125,0.0302781333283953,0.0317691438055298,0.0,0.0,0.0,0.0,0.0658887594691002,0.0366851629686008,0.0359392723794863,0.0368769948350119,0.0,0.0,0.0,0.0400573843853479,0.0387112461838368,0.0,0.0405315101158057,0.0,0.0405315101158057,0.0,0.0,0.0,0.0,0.0,0.050429734233332,0.0,0.0452251291592578,0.0483785742842409,0.0,0.0,0.0,0.0,0.0,0.0,0.0,0.0658537768881611,0.0,0.0,0.0,0.0,0.0,0.0,0.0,0.0,0.0,0.0,0.0,0.0,0.0,0.0,0.0,0.0,0.0,0.0,0.0,0.9596273291925466,0.0403726708074534,0.9987185378890836,0.0506091106095648
J07A0969,0.0,0.0282485875706214,0.0225988700564971,0.0451977401129943,0.0338983050847457,0.03954802259887,0.03954802259887,0.0451977401129943,0.0564971751412429,0.03954802259887,0.0282485875706214,0.0451977401129943,0.0621468926553672,0.0451977401129943,0.0508474576271186,0.03954802259887,0.0508474576271186,0.03954802259887,0.0282485875706214,0.03954802259887,0.0112994350282485,0.0112994350282485,0.0112994350282485,0.0338983050847457,0.0112994350282485,0.0282485875706214,0.0,0.0056497175141242,0.0056497175141242,0.0282485875706214,0.0056497175141242,0.0112994350282485,0.0112994350282485,0.0112994350282485,0.0112994350282485,0.0,0.0,0.0056497175141242,0.0,0.0056497175141242,0.0,0.0,0.0,0.0,0.0,0.0,0.0,0.0,0.0,0.0056497175141242,0.0056497175141242,0.0,0.0,0.0,0.0,0.0,0.0,0.0,0.0,0.0,0.0,0.0,0.0,0.0,0.0,0.0,0.0,0.0,0.0,0.0,0.0,0.0,0.0,0.0,0.0,0.0,0.0,0.0,0.0,0.0,0.0,0.0,0.0,0.0,0.0,0.0,0.0,0.0,0.0,0.0,0.0,0.0,0.0,0.0,0.0,0.0,0.0,0.0,0.0,0.0,0.0,0.0,0.1397964183751416,0.1106932554011347,0.2191228766460214,0.164342157484516,0.1917325170652687,0.1897725055196443,0.2206293107814197,0.2757866384767747,0.196387017695811,0.1383665692514184,0.2236742694002266,0.3161082478229557,0.2322777006726742,0.2586340209460547,0.2011597940691536,0.2559850083024743,0.2110853418920188,0.1492241721405243,0.2155051395863398,0.0628661281760941,0.0622156172315834,0.0628661281760941,0.1994259586101134,0.0648663533297047,0.1621658833242618,0.0,0.0354243825599201,0.0343087519908667,0.1764905410952149,0.0344304449337615,0.0716136212370813,0.0750600617430133,0.0718710149958789,0.0747869492154919,0.0,0.0,0.0405710075804534,0.0,0.0458027576882543,0.0,0.0,0.0,0.0,0.0,0.0,0.0,0.0,0.0,0.0530298350726732,0.0547941580876974,0.0,0.0,0.0,0.0,0.0,0.0,0.0,0.0,0.0,0.0,0.0,0.0,0.0,0.0,0.0,0.0,0.0,0.0,0.0,0.0,0.0,0.0,0.0,0.0,0.0,0.0,0.0,0.0,0.0,0.0,0.0,0.0,0.0,0.0,0.0,0.0,0.0,0.0,0.0,0.0,0.0,0.0,0.0,0.0,0.0,0.0,0.0,0.0,0.0,0.0,1.0,0.0,1.0,0.0
J07A0970,0.0,0.0096463022508038,0.022508038585209,0.0096463022508038,0.0257234726688102,0.0321543408360128,0.0289389067524115,0.0385852090032154,0.0482315112540192,0.0482315112540192,0.0289389067524115,0.0257234726688102,0.0321543408360128,0.0482315112540192,0.0257234726688102,0.0289389067524115,0.0353697749196141,0.0289389067524115,0.0385852090032154,0.0321543408360128,0.0192926045016077,0.0289389067524115,0.022508038585209,0.022508038585209,0.0257234726688102,0.0064308681672025,0.0032154340836012,0.0160771704180064,0.0096463022508038,0.0321543408360128,0.0160771704180064,0.0160771704180064,0.0289389067524115,0.022508038585209,0.0096463022508038,0.0096463022508038,0.0096463022508038,0.0032154340836012,0.0064308681672025,0.0096463022508038,0.0064308681672025,0.0064308681672025,0.0,0.0064308681672025,0.0096463022508038,0.0,0.0128617363344051,0.0032154340836012,0.0032154340836012,0.0064308681672025,0.0032154340836012,0.0032154340836012,0.0064308681672025,0.0,0.0032154340836012,0.0064308681672025,0.0064308681672025,0.0032154340836012,0.0,0.0,0.0,0.0032154340836012,0.0,0.0,0.0032154340836012,0.0,0.0,0.0,0.0,0.0,0.0,0.0,0.0,0.0,0.0,0.0,0.0,0.0,0.0,0.0,0.0,0.0,0.0,0.0,0.0,0.0,0.0,0.0,0.0,0.0,0.0,0.0,0.0,0.0,0.0,0.0,0.0,0.0,0.0,0.0,0.0,0.0,0.0529064816160072,0.1221858162562271,0.051829924273389,0.138213131395704,0.17276641424463,0.1539002576214994,0.2087449862893834,0.2609312328617292,0.265440740341024,0.157096049472292,0.1410839509760193,0.1812611488310311,0.2747074112145245,0.1450089190648248,0.1631350339479279,0.197345075371643,0.1711843789401894,0.2258978022979283,0.1941874585881853,0.1189596161788903,0.1765930118712876,0.138786218875372,0.146754039332418,0.1636594399114544,0.0409148599778636,0.0207455261318524,0.1117207595187625,0.0649213827353573,0.2226450356974605,0.1085860975011288,0.112926854024379,0.213050725272153,0.1586658301919448,0.0707585072596228,0.0756237312093803,0.0753408573901591,0.0255904179764478,0.0504158208062535,0.0866711316985701,0.0552889591530024,0.058734352158503,0.0,0.0589770089645255,0.0881015282377545,0.0,0.123535533395377,0.0324047232615393,0.0318357540644636,0.0668978034149497,0.0345617595360708,0.0339169105044684,0.0672069423624404,0.0,0.0366582802107378,0.0752295258355547,0.0740688242572626,0.0386285533241182,0.0,0.0,0.0,0.0410988582865006,0.0,0.0,0.0413423911174575,0.0,0.0,0.0,0.0,0.0,0.0,0.0,0.0,0.0,0.0,0.0,0.0,0.0,0.0,0.0,0.0,0.0,0.0,0.0,0.0,0.0,0.0,0.0,0.0,0.0,0.0,0.0,0.0,0.0,0.0,0.0,0.0,0.0,0.0,0.0,0.0,0.9614147909967846,0.0385852090032154,0.9988336437214608,0.0482840778115333
J07A0972,0.3243243243243243,0.2972972972972973,0.1531531531531531,0.027027027027027,0.054054054054054,0.027027027027027,0.018018018018018,0.045045045045045,0.018018018018018,0.018018018018018,0.0,0.0,0.0,0.0,0.0,0.009009009009009,0.0,0.0,0.0,0.0,0.0,0.0,0.0,0.0,0.0,0.0,0.0,0.009009009009009,0.0,0.0,0.0,0.0,0.0,0.0,0.0,0.0,0.0,0.0,0.0,0.0,0.0,0.0,0.0,0.0,0.0,0.0,0.0,0.0,0.0,0.0,0.0,0.0,0.0,0.0,0.0,0.0,0.0,0.0,0.0,0.0,0.0,0.0,0.0,0.0,0.0,0.0,0.0,0.0,0.0,0.0,0.0,0.0,0.0,0.0,0.0,0.0,0.0,0.0,0.0,0.0,0.0,0.0,0.0,0.0,0.0,0.0,0.0,0.0,0.0,0.0,0.0,0.0,0.0,0.0,0.0,0.0,0.0,0.0,0.0,0.0,0.0,0.7184659203174381,0.6001858828776115,0.3060242805902542,0.0534521014668196,0.1069042029336393,0.0534521014668196,0.0352704534279059,0.089699293283542,0.0358797173134168,0.0364998035016639,0.0,0.0,0.0,0.0,0.0,0.0186934275037771,0.0,0.0,0.0,0.0,0.0,0.0,0.0,0.0,0.0,0.0,0.0,0.0230434809908186,0.0,0.0,0.0,0.0,0.0,0.0,0.0,0.0,0.0,0.0,0.0,0.0,0.0,0.0,0.0,0.0,0.0,0.0,0.0,0.0,0.0,0.0,0.0,0.0,0.0,0.0,0.0,0.0,0.0,0.0,0.0,0.0,0.0,0.0,0.0,0.0,0.0,0.0,0.0,0.0,0.0,0.0,0.0,0.0,0.0,0.0,0.0,0.0,0.0,0.0,0.0,0.0,0.0,0.0,0.0,0.0,0.0,0.0,0.0,0.0,0.0,0.0,0.0,0.0,0.0,0.0,0.0,0.0,0.0,0.0,0.0,0.0,0.0,1.0,0.0,1.0,0.0
J07A0973,0.0,0.0064794816414686,0.019438444924406,0.0086393088552915,0.0215982721382289,0.0172786177105831,0.019438444924406,0.0237580993520518,0.0323974082073434,0.0431965442764578,0.0323974082073434,0.0237580993520518,0.0259179265658747,0.0280777537796976,0.0431965442764578,0.0259179265658747,0.0410367170626349,0.0345572354211663,0.0215982721382289,0.0280777537796976,0.019438444924406,0.0302375809935205,0.0172786177105831,0.0280777537796976,0.0302375809935205,0.0172786177105831,0.0215982721382289,0.0172786177105831,0.0259179265658747,0.0107991360691144,0.0237580993520518,0.0215982721382289,0.0259179265658747,0.0172786177105831,0.0151187904967602,0.0086393088552915,0.0043196544276457,0.0043196544276457,0.0151187904967602,0.0172786177105831,0.0107991360691144,0.0107991360691144,0.0129589632829373,0.0064794816414686,0.0107991360691144,0.0129589632829373,0.0129589632829373,0.0107991360691144,0.0,0.0,0.0043196544276457,0.0021598272138228,0.0,0.0043196544276457,0.0021598272138228,0.0021598272138228,0.0,0.0043196544276457,0.0,0.0021598272138228,0.0021598272138228,0.0043196544276457,0.0043196544276457,0.0,0.0,0.0021598272138228,0.0021598272138228,0.0021598272138228,0.0021598272138228,0.0,0.0,0.0,0.0021598272138228,0.0,0.0,0.0,0.0,0.0,0.0,0.0,0.0,0.0,0.0,0.0,0.0,0.0,0.0,0.0,0.0,0.0,0.0,0.0,0.0,0.0,0.0,0.0,0.0,0.0,0.0,0.0,0.0,0.0,0.0365781749132194,0.1086121511061642,0.0477784946293446,0.1194462365733617,0.0955569892586893,0.10640266316189,0.1322941510233366,0.1804011150318226,0.2446918293744137,0.1810202518436071,0.1341199746818048,0.150383131995832,0.1646021944076146,0.2506385533263867,0.150383131995832,0.2356678611866752,0.2104043701776052,0.1301499216570074,0.1745330513767538,0.1233684091804465,0.1899206514154882,0.1096608081603969,0.1884293401906603,0.1980123420373434,0.1131499097356248,0.1434292094918052,0.1235853561467179,0.1795398688982926,0.0769655135868805,0.1651619711174413,0.1561494203634051,0.1963970249985465,0.1253685222299586,0.1141480768366699,0.0697123927169907,0.0347258152568256,0.0353851080719643,0.1219966872547337,0.1597924850723918,0.0955633958683282,0.1015185352080916,0.116048301946495,0.0611627710973194,0.1015185352080916,0.128664585460791,0.1281139156445096,0.1120189435462702,0.0,0.0,0.0477902157544544,0.0234492759120292,0.0,0.0517411891830729,0.0253445881224595,0.026005875561936,0.0,0.0534135681291163,0.0,0.0282487051432118,0.0272994004963909,0.056829378224327,0.0571661228429734,0.0,0.0,0.0296475834777637,0.030615214946827,0.0335848717695031,0.0335848717695031,0.0,0.0,0.0,0.0318930294198351,0.0,0.0,0.0,0.0,0.0,0.0,0.0,0.0,0.0,0.0,0.0,0.0,0.0,0.0,0.0,0.0,0.0,0.0,0.0,0.0,0.0,0.0,0.0,0.0,0.0,0.0,0.0,0.0,0.958963282937365,0.0410367170626349,0.998674290351102,0.0514748656309336
J07A0974,0.0,0.0079051383399209,0.0395256916996047,0.0237154150197628,0.0513833992094861,0.0197628458498023,0.0395256916996047,0.0474308300395256,0.0355731225296442,0.0434782608695652,0.0395256916996047,0.0434782608695652,0.0474308300395256,0.0158102766798418,0.0395256916996047,0.0276679841897233,0.0276679841897233,0.0276679841897233,0.0316205533596837,0.0237154150197628,0.0513833992094861,0.0158102766798418,0.0118577075098814,0.0237154150197628,0.0158102766798418,0.0197628458498023,0.0197628458498023,0.0158102766798418,0.0197628458498023,0.0158102766798418,0.0197628458498023,0.0158102766798418,0.0079051383399209,0.0158102766798418,0.0158102766798418,0.0039525691699604,0.0039525691699604,0.0079051383399209,0.0039525691699604,0.0,0.0039525691699604,0.0,0.0039525691699604,0.0118577075098814,0.0079051383399209,0.0039525691699604,0.0039525691699604,0.0039525691699604,0.0,0.0,0.0,0.0039525691699604,0.0039525691699604,0.0,0.0,0.0,0.0039525691699604,0.0,0.0,0.0,0.0,0.0,0.0039525691699604,0.0,0.0039525691699604,0.0039525691699604,0.0,0.0,0.0,0.0,0.0,0.0,0.0,0.0,0.0,0.0,0.0,0.0,0.0,0.0,0.0,0.0,0.0,0.0,0.0,0.0,0.0,0.0,0.0,0.0,0.0,0.0,0.0,0.0,0.0,0.0,0.0,0.0,0.0,0.0,0.0,0.0,0.042427474546944,0.2099676144530756,0.1246924417790382,0.2701669571879162,0.1039103681491985,0.205696260759246,0.2510993640687131,0.1883245230515348,0.2341523741818187,0.2099676144530756,0.233351110008192,0.2616468640185075,0.088118819026777,0.2180390533487562,0.1526273373441293,0.1510640791737553,0.160158215683391,0.1811549920625632,0.1401528675587438,0.3100424897571601,0.0944105559783353,0.0715482668670369,0.1513118125856621,0.098432977998902,0.1230412224986275,0.1247739768886596,0.1075111298895389,0.1301565625526024,0.1071278939350154,0.1306182271196587,0.1086717788469121,0.05695083064553,0.109062367077886,0.1134872202436948,0.0303225978465005,0.0302091748650583,0.0615654324864177,0.0303225978465005,0.0,0.0332535471393165,0.0,0.0336514628513598,0.1064151746270252,0.0706515578560654,0.0373099084199929,0.0371502262483873,0.038979644725527,0.0,0.0,0.0,0.0407986549053734,0.0404216187133155,0.0,0.0,0.0,0.0445486979086831,0.0,0.0,0.0,0.0,0.0,0.0497307662483559,0.0,0.0497307662483559,0.051582894568912,0.0,0.0,0.0,0.0,0.0,0.0,0.0,0.0,0.0,0.0,0.0,0.0,0.0,0.0,0.0,0.0,0.0,0.0,0.0,0.0,0.0,0.0,0.0,0.0,0.0,0.0,0.0,0.0,0.0,0.0,0.0,0.0,0.0,0.0,0.0,0.9762845849802372,0.0237154150197628,0.9995722388783596,0.029246183745977
J07A0976,0.1042183622828784,0.1215880893300248,0.0967741935483871,0.0694789081885856,0.0744416873449131,0.0471464019851116,0.0818858560794044,0.0421836228287841,0.0446650124069478,0.0248138957816377,0.0372208436724565,0.0272952853598014,0.0148883374689826,0.009925558312655,0.0223325062034739,0.0124069478908188,0.0198511166253101,0.0124069478908188,0.0124069478908188,0.0074441687344913,0.0124069478908188,0.0074441687344913,0.0049627791563275,0.0049627791563275,0.0049627791563275,0.0024813895781637,0.009925558312655,0.0024813895781637,0.0049627791563275,0.009925558312655,0.0049627791563275,0.0,0.0024813895781637,0.0024813895781637,0.0049627791563275,0.0,0.0,0.0,0.0049627791563275,0.0024813895781637,0.0,0.0024813895781637,0.0024813895781637,0.0,0.0024813895781637,0.0,0.0049627791563275,0.0,0.0,0.0,0.0,0.0,0.0,0.0,0.0,0.0,0.0024813895781637,0.0,0.0,0.0,0.0024813895781637,0.0,0.0,0.0,0.0024813895781637,0.0024813895781637,0.0,0.0,0.0,0.0,0.0,0.0,0.0,0.0024813895781637,0.0,0.0,0.0024813895781637,0.0,0.0,0.0,0.0,0.0,0.0,0.0,0.0,0.0024813895781637,0.0,0.0,0.0,0.0,0.0,0.0,0.0,0.0,0.0,0.0,0.0,0.0,0.0,0.0,0.0,0.4485883771455606,0.4769391471983959,0.3757220003955502,0.2669909959423136,0.2860617813667646,0.1811724615322842,0.3114512237973382,0.1632160987643439,0.1728170457504818,0.0976687400747397,0.1445084616905962,0.107067971820048,0.060025424911315,0.0404313621308407,0.0900381373669726,0.0500211874260959,0.079214166994617,0.0524893132772465,0.0519493393039105,0.0321530145576588,0.054713887443577,0.0324886393726023,0.0218855549774308,0.0231420210305882,0.0225818923984974,0.0112909461992487,0.0457998134773692,0.0123322732693992,0.0238877786715257,0.0491532537752773,0.0239725084829316,0.0,0.0130653116037671,0.0125102109483354,0.0260355446746341,0.0,0.0,0.0,0.027825700521637,0.0159452920131546,0.0,0.0162084487305634,0.0154402260016946,0.0,0.0162084487305634,0.0,0.0340911116894289,0.0,0.0,0.0,0.0,0.0,0.0,0.0,0.0,0.0,0.0204401801737273,0.0,0.0,0.0,0.0217931106085149,0.0,0.0,0.0,0.022817857087037,0.023667665013065,0.0,0.0,0.0,0.0,0.0,0.0,0.0,0.027235486438536,0.0,0.0,0.0286393394774804,0.0,0.0,0.0,0.0,0.0,0.0,0.0,0.0,0.0343860627183439,0.0,0.0,0.0,0.0,0.0,0.0,0.0,0.0,0.0,0.0,0.0,0.0,0.0,0.0,0.0,0.9826302729528535,0.0173697270471464,0.9997734158489257,0.02128654414815
J07A0977,0.010126582278481,0.030379746835443,0.0253164556962025,0.0253164556962025,0.0734177215189873,0.0253164556962025,0.030379746835443,0.0278481012658227,0.0253164556962025,0.0126582278481012,0.0430379746835443,0.0278481012658227,0.020253164556962,0.0075949367088607,0.0253164556962025,0.030379746835443,0.0430379746835443,0.0278481012658227,0.0126582278481012,0.0379746835443038,0.0151898734177215,0.010126582278481,0.020253164556962,0.0278481012658227,0.0151898734177215,0.010126582278481,0.0253164556962025,0.0278481012658227,0.0151898734177215,0.0151898734177215,0.0050632911392405,0.0177215189873417,0.0126582278481012,0.0177215189873417,0.0075949367088607,0.0126582278481012,0.0151898734177215,0.0050632911392405,0.0151898734177215,0.020253164556962,0.0151898734177215,0.0025316455696202,0.0126582278481012,0.0025316455696202,0.0050632911392405,0.0075949367088607,0.010126582278481,0.0,0.010126582278481,0.0,0.0050632911392405,0.0050632911392405,0.0075949367088607,0.0025316455696202,0.0025316455696202,0.0,0.0,0.0075949367088607,0.0025316455696202,0.0,0.0050632911392405,0.0025316455696202,0.0,0.0025316455696202,0.0,0.0,0.0050632911392405,0.0,0.0,0.0025316455696202,0.0,0.0025316455696202,0.0,0.0,0.0,0.0,0.0,0.0,0.0050632911392405,0.0,0.0,0.0,0.0,0.0025316455696202,0.0,0.0,0.0,0.0,0.0,0.0,0.0,0.0,0.0,0.0,0.0,0.0,0.0,0.0,0.0,0.0,0.0,0.0615351926539612,0.1682336949931493,0.1387608225783585,0.1373420200668632,0.3982918581939033,0.1373420200668632,0.1631256272654808,0.1521148465269253,0.1382862241153866,0.0703380682058947,0.2358933983832094,0.1542142204103869,0.1152759809199683,0.043676163504926,0.1440949761499604,0.1729139713799524,0.2424524855739544,0.1663253394691205,0.0748246812319568,0.2315562716639008,0.0945678826745419,0.0623928906453415,0.1260905102327226,0.1833280082930067,0.097576769385673,0.0650511795904486,0.1649181919272873,0.1953892525821962,0.1032195278161258,0.1061960535359037,0.034528548959442,0.1256809273205165,0.0940924166743417,0.1261326498522552,0.056250031966236,0.1001961333621166,0.1197856144989191,0.0406866081536441,0.12023536003454,0.183733061174074,0.1318571790240822,0.0233456676404281,0.1111958308042624,0.023442118608829,0.0466913352808563,0.0739707444336153,0.0982055440621375,0.0,0.1012323325151421,0.0,0.0549502852450002,0.0539250296242748,0.0801400312693737,0.0297466025172775,0.0291417882250591,0.0,0.0,0.0921242170069495,0.0307080723356498,0.0,0.0627789525789853,0.0326718606980938,0.0,0.0356742242616999,0.0,0.0,0.0704041514609958,0.0,0.0,0.0402014085672597,0.0,0.0402014085672597,0.0,0.0,0.0,0.0,0.0,0.0,0.0797383462152843,0.0,0.0,0.0,0.0,0.047074491975311,0.0,0.0,0.0,0.0,0.0,0.0,0.0,0.0,0.0,0.0,0.0,0.0,0.0,0.0,0.0,0.0,0.0,0.9417721518987342,0.0582278481012658,0.9972385358949838,0.0742650828184356
J07A0978,0.012847965738758,0.0171306209850107,0.0235546038543897,0.0406852248394004,0.0278372591006423,0.0428265524625267,0.0406852248394004,0.0214132762312633,0.038543897216274,0.0513918629550321,0.0599571734475374,0.038543897216274,0.0556745182012847,0.0299785867237687,0.0342612419700214,0.0342612419700214,0.0299785867237687,0.0342612419700214,0.0449678800856531,0.025695931477516,0.0171306209850107,0.0214132762312633,0.0278372591006423,0.0085653104925053,0.0214132762312633,0.0149892933618843,0.0149892933618843,0.0042826552462526,0.0149892933618843,0.0021413276231263,0.0171306209850107,0.012847965738758,0.0149892933618843,0.0085653104925053,0.0042826552462526,0.0107066381156316,0.0171306209850107,0.006423982869379,0.0,0.006423982869379,0.0042826552462526,0.0021413276231263,0.0042826552462526,0.006423982869379,0.006423982869379,0.0,0.0021413276231263,0.0021413276231263,0.0,0.0,0.0021413276231263,0.0021413276231263,0.006423982869379,0.0042826552462526,0.0,0.0,0.0042826552462526,0.0,0.0021413276231263,0.0,0.0,0.0,0.0,0.0,0.0,0.0,0.0,0.0,0.0,0.0,0.0,0.0,0.0,0.0,0.0,0.0,0.0,0.0,0.0,0.0,0.0,0.0,0.0,0.0,0.0,0.0,0.0,0.0,0.0,0.0,0.0,0.0,0.0,0.0,0.0,0.0,0.0,0.0,0.0,0.0,0.0,0.0753279691071393,0.0915299361961168,0.124566420788046,0.2129602102164575,0.1457096175165236,0.2241686423331132,0.2107831957111883,0.1128548826434443,0.2031387887581998,0.2755326752241986,0.3170781620059353,0.2059423564412629,0.3057479983277029,0.1663384687200675,0.1881526143555095,0.1881526143555095,0.1629473080350348,0.1974363670080932,0.2564694265664703,0.1511777823490395,0.102902005068071,0.1272965256772421,0.1672157582356155,0.0544048430078821,0.1327200754352085,0.0929040528046459,0.0942123940424845,0.0289920828550432,0.0982765931181564,0.0144443685981225,0.112714490994123,0.0879152108131973,0.1075038688277782,0.0588207971758444,0.0306036304862041,0.0817696986394931,0.1303421369036111,0.0498062885624962,0.0,0.0562289551684285,0.0358693874718904,0.0190523141306902,0.0362986046256766,0.0573930822416333,0.0571569423920706,0.0,0.0200362964947622,0.0210229599615172,0.0,0.0,0.0224223635876188,0.02200400990309,0.0654019869426806,0.0485521874301434,0.0,0.0,0.0480530543090686,0.0,0.025060745723699,0.0,0.0,0.0,0.0,0.0,0.0,0.0,0.0,0.0,0.0,0.0,0.0,0.0,0.0,0.0,0.0,0.0,0.0,0.0,0.0,0.0,0.0,0.0,0.0,0.0,0.0,0.0,0.0,0.0,0.0,0.0,0.0,0.0,0.0,0.0,0.0,0.0,0.0,0.0,0.0,0.0,0.0,0.9807280513918628,0.019271948608137,0.9997200096378476,0.0236622553807092
J07A0980,0.018348623853211,0.036697247706422,0.0504587155963302,0.0412844036697247,0.0435779816513761,0.0481651376146789,0.0458715596330275,0.0435779816513761,0.036697247706422,0.0321100917431192,0.0252293577981651,0.0321100917431192,0.0458715596330275,0.0321100917431192,0.0344036697247706,0.0298165137614678,0.0252293577981651,0.0160550458715596,0.036697247706422,0.0114678899082568,0.0229357798165137,0.0091743119266055,0.0206422018348623,0.0091743119266055,0.0114678899082568,0.0137614678899082,0.0091743119266055,0.0,0.0252293577981651,0.0114678899082568,0.0045871559633027,0.0068807339449541,0.0045871559633027,0.018348623853211,0.0068807339449541,0.0045871559633027,0.0045871559633027,0.0114678899082568,0.0068807339449541,0.0045871559633027,0.0137614678899082,0.0045871559633027,0.0,0.0,0.0114678899082568,0.0022935779816513,0.0045871559633027,0.0045871559633027,0.0045871559633027,0.0,0.0,0.0022935779816513,0.0068807339449541,0.0045871559633027,0.0045871559633027,0.0045871559633027,0.0,0.0045871559633027,0.0068807339449541,0.0022935779816513,0.0,0.0022935779816513,0.0,0.0045871559633027,0.0022935779816513,0.0045871559633027,0.0022935779816513,0.0,0.0,0.0,0.0,0.0,0.0,0.0022935779816513,0.0,0.0,0.0,0.0,0.0045871559633027,0.0,0.0,0.0,0.0,0.0,0.0,0.0,0.0,0.0,0.0,0.0022935779816513,0.0,0.0,0.0,0.0,0.0,0.0,0.0,0.0,0.0,0.0,0.0,0.1109091049751754,0.2021460970394879,0.2751079792138032,0.2227868619195106,0.2351639098039278,0.2599180055727623,0.2450104368225551,0.2367806234331244,0.1993942092068416,0.1774851852333482,0.1375539896069016,0.1768778349095519,0.2597122743416418,0.1836812830680916,0.1947842057562313,0.1688129783220671,0.1413787198344123,0.0953844135048157,0.2157786610899296,0.0695582959224948,0.1420384928590354,0.056227496492963,0.1278346435731319,0.0600772115175802,0.0732788811043441,0.087934657325213,0.0594486773240067,0.0,0.1705363419903202,0.0797518510789174,0.0311165878907565,0.0485407219617552,0.0339178452791623,0.1299071655460493,0.0506916483977127,0.0361180748572835,0.0359829736448147,0.0916653361307439,0.0541771122859252,0.0413943397474963,0.1188276259436642,0.0420775005549791,0.0,0.0,0.1051937513874478,0.0222204257045083,0.0442506496111159,0.0464297199479358,0.0456144968008034,0.0,0.0,0.024298196338722,0.0722209418499045,0.0536143452056157,0.0525242468581002,0.053894702142179,0.0,0.0553472683089198,0.0830209024633798,0.0292713765004707,0.0,0.0294433694900111,0.0,0.0642981050827039,0.0296178372836133,0.0614417952190842,0.0317235596749735,0.0,0.0,0.0,0.0,0.0,0.0,0.0353519702836111,0.0,0.0,0.0,0.0,0.0718589495662248,0.0,0.0,0.0,0.0,0.0,0.0,0.0,0.0,0.0,0.0,0.0466040905671684,0.0,0.0,0.0,0.0,0.0,0.0,0.0,0.0,0.0,0.0,0.0,0.9380733944954128,0.0619266055045871,0.996853708455736,0.0792633833371162
J07A0981,0.0025125628140703,0.0150753768844221,0.0678391959798995,0.0603015075376884,0.0552763819095477,0.050251256281407,0.0703517587939698,0.0628140703517587,0.0402010050251256,0.0351758793969849,0.0427135678391959,0.0829145728643216,0.0301507537688442,0.0351758793969849,0.0427135678391959,0.0251256281407035,0.0201005025125628,0.0351758793969849,0.0376884422110552,0.0100502512562814,0.0175879396984924,0.0175879396984924,0.0150753768844221,0.007537688442211,0.0201005025125628,0.007537688442211,0.0025125628140703,0.0100502512562814,0.0125628140703517,0.0125628140703517,0.0050251256281407,0.0025125628140703,0.0025125628140703,0.0025125628140703,0.0050251256281407,0.0,0.0,0.0025125628140703,0.007537688442211,0.0050251256281407,0.0100502512562814,0.0,0.0,0.0025125628140703,0.0,0.0,0.0,0.0025125628140703,0.0,0.0,0.0025125628140703,0.0,0.0,0.0,0.0,0.0,0.0,0.0025125628140703,0.0,0.0,0.0,0.0,0.0,0.0025125628140703,0.0,0.0,0.0,0.0,0.0,0.0,0.0,0.0,0.0,0.0,0.0,0.0,0.0,0.0,0.0,0.0,0.0,0.0,0.0,0.0,0.0,0.0,0.0,0.0,0.0,0.0,0.0,0.0,0.0,0.0,0.0,0.0,0.0,0.0,0.0,0.0,0.0,0.0129730613569755,0.0709352145764784,0.3159435754766535,0.2779672121461282,0.2548032778006175,0.2316393434551068,0.3209799305832484,0.2915397828299317,0.1865854610111562,0.1660838358402961,0.1989274364112263,0.3901436801706316,0.1458172771347316,0.1718819067851074,0.2065744759408697,0.1215143976122763,0.0962158465243417,0.1785141588401168,0.1892975655924907,0.0520719905095571,0.0930399255013396,0.0920771894211797,0.0797485075725768,0.0421634644701902,0.1097145107082007,0.0411429415155752,0.0139074486028537,0.0599165607467862,0.0725369884475067,0.0746287264772898,0.0291177106887202,0.0151408492437765,0.0158695100100741,0.0151952685013272,0.0316235348503061,0.0,0.0,0.0171553818626249,0.0506968658334321,0.0387352370751498,0.0741295595820111,0.0,0.0,0.0197685928935016,0.0,0.0,0.0,0.0217235764658486,0.0,0.0,0.0231696169726969,0.0,0.0,0.0,0.0,0.0,0.0,0.0258959265020963,0.0,0.0,0.0,0.0,0.0,0.0300838515489557,0.0,0.0,0.0,0.0,0.0,0.0,0.0,0.0,0.0,0.0,0.0,0.0,0.0,0.0,0.0,0.0,0.0,0.0,0.0,0.0,0.0,0.0,0.0,0.0,0.0,0.0,0.0,0.0,0.0,0.0,0.0,0.0,0.0,0.0,0.0,0.0,0.0,0.992462311557789,0.007537688442211,0.9999581599198544,0.0091475903766544
J07A0983,0.0504032258064516,0.0584677419354838,0.1129032258064516,0.0665322580645161,0.0665322580645161,0.0564516129032258,0.0584677419354838,0.0302419354838709,0.0584677419354838,0.0383064516129032,0.0403225806451612,0.0302419354838709,0.0181451612903225,0.0362903225806451,0.0463709677419354,0.0221774193548387,0.0201612903225806,0.0141129032258064,0.0161290322580645,0.0120967741935483,0.0040322580645161,0.0100806451612903,0.0100806451612903,0.0060483870967741,0.0080645161290322,0.0080645161290322,0.0100806451612903,0.0080645161290322,0.0080645161290322,0.0120967741935483,0.0040322580645161,0.002016129032258,0.0,0.0,0.0080645161290322,0.0040322580645161,0.0060483870967741,0.002016129032258,0.002016129032258,0.0060483870967741,0.002016129032258,0.0,0.0060483870967741,0.002016129032258,0.002016129032258,0.0,0.0040322580645161,0.0,0.002016129032258,0.0,0.002016129032258,0.002016129032258,0.0,0.0,0.002016129032258,0.0,0.0,0.0,0.0,0.0,0.0,0.002016129032258,0.0,0.002016129032258,0.0,0.0,0.0,0.0,0.0,0.0,0.0,0.0,0.0,0.0,0.0,0.0,0.0,0.0,0.0,0.0,0.0,0.0,0.0,0.0,0.0,0.0,0.0,0.0,0.0,0.0,0.0,0.0,0.0,0.0,0.0,0.0,0.0,0.0,0.0,0.0,0.0,0.2489635297472399,0.2631854561968496,0.5030220738742294,0.2933928470089224,0.2933928470089224,0.2489393853409038,0.255194374890304,0.1342772159591571,0.2596026175210372,0.1730239346360239,0.1796507406693676,0.1361304083776808,0.0839505410819802,0.1696398517418445,0.2145402716539496,0.1026062168779758,0.092322991887488,0.068516618971817,0.0774991623940798,0.0599582143404575,0.0204058439674996,0.0504867332537645,0.0510146099187491,0.0323660380600192,0.0421102022086989,0.0421102022086989,0.0533790351971632,0.0459938885460184,0.0445453893953337,0.0687449069535294,0.0223516958156521,0.0116226052351924,0.0,0.0,0.0485504948617774,0.0259443684986029,0.0387709837085212,0.01316902558357,0.0129721842493014,0.044601629865753,0.0142260614548179,0.0,0.0431888763531595,0.0151750108304421,0.0151125743026473,0.0,0.0317861670188614,0.0,0.0163829234885111,0.0,0.0177857468354993,0.0174539025724424,0.0,0.0,0.0188646324725602,0.0,0.0,0.0,0.0,0.0,0.0,0.0211497880467825,0.0,0.0230933367658598,0.0,0.0,0.0,0.0,0.0,0.0,0.0,0.0,0.0,0.0,0.0,0.0,0.0,0.0,0.0,0.0,0.0,0.0,0.0,0.0,0.0,0.0,0.0,0.0,0.0,0.0,0.0,0.0,0.0,0.0,0.0,0.0,0.0,0.0,0.0,0.0,0.0,0.9919354838709676,0.0080645161290322,0.9999520564718531,0.0097920762717563
J07A0985,0.0124223602484472,0.062111801242236,0.062111801242236,0.0351966873706004,0.0703933747412008,0.062111801242236,0.062111801242236,0.0434782608695652,0.0476190476190476,0.0559006211180124,0.0351966873706004,0.0351966873706004,0.0351966873706004,0.0269151138716356,0.0227743271221532,0.0186335403726708,0.0372670807453416,0.0144927536231884,0.0227743271221532,0.020703933747412,0.0082815734989648,0.0227743271221532,0.020703933747412,0.0165631469979296,0.0124223602484472,0.0165631469979296,0.0124223602484472,0.0144927536231884,0.0062111801242236,0.0082815734989648,0.0124223602484472,0.0041407867494824,0.0062111801242236,0.0041407867494824,0.0062111801242236,0.0020703933747412,0.0020703933747412,0.0041407867494824,0.0,0.0041407867494824,0.0,0.0020703933747412,0.0,0.0,0.0020703933747412,0.0,0.0062111801242236,0.0020703933747412,0.0,0.0,0.0,0.0,0.0,0.0020703933747412,0.0020703933747412,0.0020703933747412,0.0,0.0,0.0,0.0041407867494824,0.0,0.0,0.0020703933747412,0.0,0.0020703933747412,0.0,0.0,0.0,0.0,0.0,0.0,0.0,0.0,0.0,0.0,0.0,0.0,0.0020703933747412,0.0,0.0020703933747412,0.0,0.0,0.0,0.0,0.0,0.0,0.0,0.0,0.0,0.0020703933747412,0.0,0.0,0.0,0.0,0.0,0.0,0.0,0.0,0.0,0.0,0.0,0.0677170945345373,0.3085577682299999,0.305401814310367,0.1712915126453986,0.3425830252907973,0.3022791399624683,0.2991890506370036,0.21305008191764,0.2333405659097961,0.2786555444312448,0.1730610281092079,0.1748494019969999,0.1797137279422068,0.1388513392827007,0.1162853533743691,0.0951425618517565,0.1883361624000773,0.077651038032423,0.1207677704061998,0.113252756581147,0.046252573164936,0.1258784228742159,0.11563143291234,0.0978159358540903,0.0715863018855115,0.0954484025140153,0.0725944313265179,0.0912198846658818,0.0378630299263118,0.0519398404308267,0.0759946597445623,0.0263441884522934,0.0414180230863992,0.0264388747643535,0.0412673200266443,0.0147015948484037,0.0146466029005468,0.0298493568942849,0.0,0.0336985187826058,0.0,0.0171273349378985,0.0,0.0,0.0171273349378985,0.0,0.054035697494833,0.0188988736054339,0.0,0.0,0.0,0.0,0.0,0.0218233221009139,0.0213796056427856,0.0219374393153718,0.0,0.0,0.0,0.0476587879797504,0.0,0.0,0.0241114425810445,0.0,0.0241114425810445,0.0,0.0,0.0,0.0,0.0,0.0,0.0,0.0,0.0,0.0,0.0,0.0,0.0316960511587414,0.0,0.03453576927037,0.0,0.0,0.0,0.0,0.0,0.0,0.0,0.0,0.0,0.0379396997489005,0.0,0.0,0.0,0.0,0.0,0.0,0.0,0.0,0.0,0.0,0.0,0.979296066252588,0.020703933747412,0.9996759306090682,0.025456507240654
J07A0986,0.0198019801980198,0.0693069306930693,0.0792079207920792,0.0574257425742574,0.0752475247524752,0.0673267326732673,0.0732673267326732,0.0455445544554455,0.0514851485148514,0.0297029702970297,0.0257425742574257,0.0376237623762376,0.0514851485148514,0.0158415841584158,0.0297029702970297,0.0257425742574257,0.0158415841584158,0.0059405940594059,0.0217821782178217,0.0118811881188118,0.0257425742574257,0.0217821782178217,0.0039603960396039,0.0099009900990099,0.0118811881188118,0.0079207920792079,0.0118811881188118,0.0118811881188118,0.0059405940594059,0.0059405940594059,0.0079207920792079,0.0099009900990099,0.0019801980198019,0.0019801980198019,0.0059405940594059,0.0,0.0,0.0019801980198019,0.0039603960396039,0.0019801980198019,0.0099009900990099,0.0019801980198019,0.0019801980198019,0.0,0.0019801980198019,0.0039603960396039,0.0039603960396039,0.0,0.0019801980198019,0.0019801980198019,0.0,0.0,0.0,0.0,0.0039603960396039,0.0,0.0,0.0,0.0,0.0,0.0,0.0,0.0,0.0019801980198019,0.0,0.0019801980198019,0.0,0.0,0.0,0.0,0.0,0.0,0.0,0.0,0.0,0.0,0.0,0.0,0.0,0.0,0.0,0.0,0.0,0.0,0.0,0.0019801980198019,0.0,0.0,0.0,0.0,0.0,0.0,0.0,0.0,0.0,0.0,0.0,0.0,0.0,0.0,0.0,0.1012926687907087,0.3230830859544146,0.3654612181772679,0.2622502248490084,0.3436382256642179,0.3074657808574581,0.3311746707240627,0.2094214657666633,0.2367373091275324,0.1389396279860219,0.118774895907612,0.1753879609466822,0.2466815268892859,0.0766880431293017,0.1423162655130496,0.1233407634446429,0.0751245955463506,0.0298676757963771,0.1083881981567459,0.0609861166476494,0.134911884254759,0.1129749716853988,0.0207556745007321,0.0548681831801066,0.0642481868132354,0.0428321245421569,0.0651529756757931,0.0701735871256701,0.0339817947840263,0.034961722597289,0.0454697706821579,0.0591092952333592,0.0123907917883772,0.011864349185886,0.0370371204618691,0.0,0.0,0.0133947906756382,0.0263891495270525,0.0151220881163605,0.0723497399700525,0.0153716589028839,0.0146430970308679,0.0,0.0153716589028839,0.0324700659593868,0.0323310977639625,0.0,0.0166637865034897,0.0175081562604401,0.0,0.0,0.0,0.0,0.0383760820478701,0.0,0.0,0.0,0.0,0.0,0.0,0.0,0.0,0.0234892407200302,0.0,0.0224457799544095,0.0,0.0,0.0,0.0,0.0,0.0,0.0,0.0,0.0,0.0,0.0,0.0,0.0,0.0,0.0,0.0,0.0,0.0,0.0,0.0326108214244376,0.0,0.0,0.0,0.0,0.0,0.0,0.0,0.0,0.0,0.0,0.0,0.0,0.0,0.0,0.0,0.99009900990099,0.0099009900990099,0.9999274689115476,0.0120439576612446
J07A0987,0.0,0.021021021021021,0.027027027027027,0.033033033033033,0.057057057057057,0.045045045045045,0.048048048048048,0.051051051051051,0.048048048048048,0.06006006006006,0.048048048048048,0.066066066066066,0.051051051051051,0.033033033033033,0.039039039039039,0.039039039039039,0.03003003003003,0.03003003003003,0.033033033033033,0.021021021021021,0.027027027027027,0.015015015015015,0.027027027027027,0.009009009009009,0.024024024024024,0.012012012012012,0.015015015015015,0.009009009009009,0.018018018018018,0.009009009009009,0.009009009009009,0.009009009009009,0.003003003003003,0.006006006006006,0.003003003003003,0.0,0.003003003003003,0.003003003003003,0.0,0.0,0.003003003003003,0.0,0.0,0.0,0.0,0.0,0.0,0.0,0.0,0.0,0.0,0.0,0.0,0.0,0.0,0.003003003003003,0.0,0.006006006006006,0.0,0.0,0.0,0.003003003003003,0.0,0.0,0.0,0.0,0.0,0.003003003003003,0.0,0.0,0.0,0.0,0.0,0.0,0.0,0.0,0.0,0.0,0.0,0.0,0.0,0.0,0.0,0.0,0.0,0.0,0.0,0.0,0.0,0.0,0.0,0.0,0.0,0.0,0.0,0.0,0.0,0.0,0.0,0.0,0.0,0.0,0.1045714918540549,0.1330739050375823,0.1609828613011771,0.2780613058838514,0.2195220835925143,0.2317631887473055,0.2505020971721681,0.2357666796914523,0.2998016053822082,0.2365758311779241,0.3286532601127441,0.2610245087567064,0.1706473073149315,0.1996069772845402,0.1996069772845402,0.1519711835116541,0.1611199281764677,0.1754086808218593,0.1151454696494324,0.1511535845733249,0.0831052855561929,0.1511535845733249,0.0532771415765931,0.1386336628988372,0.0693168314494186,0.0878662507331775,0.0567822722195769,0.1099880226148811,0.0565798651914261,0.055189074744297,0.0573952718700936,0.0200524824556492,0.0384010413476303,0.0199795197636481,0.0,0.0212734017086287,0.0216772914602826,0.0,0.0,0.0234172588192649,0.0,0.0,0.0,0.0,0.0,0.0,0.0,0.0,0.0,0.0,0.0,0.0,0.0,0.0,0.0318629488478278,0.0,0.0654434335434965,0.0,0.0,0.0,0.0348142781638532,0.0,0.0,0.0,0.0,0.0,0.0411488953219028,0.0,0.0,0.0,0.0,0.0,0.0,0.0,0.0,0.0,0.0,0.0,0.0,0.0,0.0,0.0,0.0,0.0,0.0,0.0,0.0,0.0,0.0,0.0,0.0,0.0,0.0,0.0,0.0,0.0,0.0,0.0,0.0,0.0,0.984984984984985,0.015015015015015,0.9998314790202104,0.0183579290841438
J07A0988,0.0047732696897374,0.0071599045346062,0.035799522673031,0.0453460620525059,0.0739856801909307,0.0429594272076372,0.0596658711217183,0.0453460620525059,0.0548926014319809,0.0405727923627685,0.035799522673031,0.0453460620525059,0.0310262529832935,0.0214797136038186,0.0334128878281622,0.0214797136038186,0.0238663484486873,0.0310262529832935,0.026252983293556,0.0286396181384248,0.0167064439140811,0.035799522673031,0.0190930787589498,0.0047732696897374,0.0143198090692124,0.0167064439140811,0.0071599045346062,0.0119331742243436,0.0214797136038186,0.0167064439140811,0.0047732696897374,0.0095465393794749,0.0095465393794749,0.0047732696897374,0.0119331742243436,0.0095465393794749,0.0119331742243436,0.0071599045346062,0.0,0.0023866348448687,0.0119331742243436,0.0023866348448687,0.0071599045346062,0.0023866348448687,0.0,0.0,0.0,0.0047732696897374,0.0,0.0047732696897374,0.0,0.0023866348448687,0.0023866348448687,0.0071599045346062,0.0,0.0023866348448687,0.0,0.0023866348448687,0.0,0.0023866348448687,0.0,0.0023866348448687,0.0,0.0,0.0,0.0,0.0,0.0,0.0,0.0,0.0,0.0,0.0,0.0,0.0,0.0,0.0,0.0,0.0,0.0,0.0,0.0,0.0,0.0,0.0,0.0,0.0,0.0,0.0,0.0,0.0,0.0,0.0,0.0,0.0,0.0,0.0,0.0,0.0,0.0,0.0,0.0272043230876694,0.0371875311950571,0.1840358705250322,0.2307285766050512,0.3764518881450837,0.2185849673100485,0.3004867402303762,0.2323147980399369,0.2812231765746604,0.211452930625465,0.1840358705250322,0.2355210309020288,0.165629063716389,0.1158537492422784,0.178369760925342,0.114666274880577,0.1261020289938347,0.1738014681492959,0.1455498999458154,0.1637913228027352,0.0975516928404174,0.2068762949643866,0.111487648960477,0.0294720595337294,0.0862761566424699,0.1006555160828815,0.0437455795559492,0.0785276038556767,0.1368981193960302,0.1095467562814309,0.0305297102724064,0.0635002862185518,0.0665562685132799,0.0318642595097048,0.0828926222162785,0.0708737323553082,0.088260782638877,0.0539618835571431,0.0,0.0203068087645951,0.097155387697452,0.0206419467558674,0.058990776043463,0.0207272274933879,0.0,0.0,0.0,0.0455540274215132,0.0,0.0470219163207699,0.0,0.023839917698161,0.0236196037733824,0.0789047194691838,0.0,0.0264391077742033,0.0,0.0271516927204993,0.0,0.0287193006820443,0.0,0.0288880497800492,0.0,0.0,0.0,0.0,0.0,0.0,0.0,0.0,0.0,0.0,0.0,0.0,0.0,0.0,0.0,0.0,0.0,0.0,0.0,0.0,0.0,0.0,0.0,0.0,0.0,0.0,0.0,0.0,0.0,0.0,0.0,0.0,0.0,0.0,0.0,0.0,0.0,0.0,0.0,0.9785202863961814,0.0214797136038186,0.9996506496969711,0.0264306367767257
J07A0989,0.0448548812664907,0.0817941952506596,0.129287598944591,0.0580474934036939,0.0844327176781002,0.0606860158311345,0.0527704485488126,0.0369393139841688,0.050131926121372,0.0290237467018469,0.0554089709762532,0.0263852242744063,0.0184696569920844,0.0290237467018469,0.0448548812664907,0.0184696569920844,0.0184696569920844,0.0237467018469656,0.0184696569920844,0.021108179419525,0.0052770448548812,0.0079155672823219,0.0052770448548812,0.0052770448548812,0.0052770448548812,0.0158311345646438,0.0026385224274406,0.0079155672823219,0.0131926121372031,0.0079155672823219,0.0026385224274406,0.0026385224274406,0.0,0.0,0.0,0.0,0.0,0.0026385224274406,0.0026385224274406,0.0,0.0026385224274406,0.0026385224274406,0.0,0.0,0.0,0.0026385224274406,0.0,0.0,0.0,0.0,0.0,0.0,0.0,0.0,0.0,0.0,0.0,0.0,0.0,0.0,0.0,0.0026385224274406,0.0,0.0,0.0,0.0,0.0,0.0,0.0,0.0,0.0,0.0,0.0,0.0,0.0,0.0,0.0,0.0,0.0,0.0,0.0,0.0,0.0,0.0,0.0,0.0,0.0,0.0,0.0,0.0,0.0,0.0,0.0,0.0,0.0,0.0,0.0,0.0,0.0,0.0,0.0,0.2063149676727856,0.3428559359596938,0.536390635552211,0.2383660244137937,0.3467142173291545,0.2492008437053298,0.2144811777657342,0.1527302967655127,0.2072768313246245,0.1220763002832125,0.2298817009509476,0.110598689019256,0.0795728880826178,0.1263380458416591,0.1932484424863575,0.0795728880826178,0.0787578770262764,0.107356040203771,0.082640160602014,0.0974256961544147,0.0248679881816946,0.0369159978255237,0.0248679881816946,0.0262956779520861,0.0256592183230099,0.0769776549690298,0.0130102848825808,0.0420385262653528,0.0678576575169142,0.0418886750382601,0.0136196696463464,0.0141641193615714,0.0,0.0,0.0,0.0,0.0,0.0160486953197448,0.0158088107071771,0.0,0.0173368731376133,0.0184172396766231,0.0,0.0,0.0,0.0194516737220077,0.0,0.0,0.0,0.0,0.0,0.0,0.0,0.0,0.0,0.0,0.0,0.0,0.0,0.0,0.0,0.0257746104513206,0.0,0.0,0.0,0.0,0.0,0.0,0.0,0.0,0.0,0.0,0.0,0.0,0.0,0.0,0.0,0.0,0.0,0.0,0.0,0.0,0.0,0.0,0.0,0.0,0.0,0.0,0.0,0.0,0.0,0.0,0.0,0.0,0.0,0.0,0.0,0.0,0.0,0.0,0.0,0.9973614775725592,0.0026385224274406,0.9999949232644688,0.0031864471263346
J07A0990,0.0047619047619047,0.0,0.0,0.0142857142857142,0.0047619047619047,0.019047619047619,0.0428571428571428,0.0238095238095238,0.0238095238095238,0.0380952380952381,0.019047619047619,0.019047619047619,0.0380952380952381,0.0380952380952381,0.0523809523809523,0.019047619047619,0.0380952380952381,0.0380952380952381,0.0238095238095238,0.0238095238095238,0.019047619047619,0.0571428571428571,0.0238095238095238,0.0333333333333333,0.019047619047619,0.0047619047619047,0.0238095238095238,0.019047619047619,0.0428571428571428,0.0142857142857142,0.0238095238095238,0.0285714285714285,0.0095238095238095,0.0380952380952381,0.0238095238095238,0.019047619047619,0.0,0.0047619047619047,0.0095238095238095,0.0047619047619047,0.0047619047619047,0.0142857142857142,0.0095238095238095,0.0047619047619047,0.0,0.0095238095238095,0.0142857142857142,0.0047619047619047,0.0095238095238095,0.0,0.0,0.0,0.0,0.0,0.0,0.0,0.0047619047619047,0.0047619047619047,0.0,0.0,0.0047619047619047,0.0,0.0,0.0,0.0,0.0,0.0047619047619047,0.0,0.0047619047619047,0.0047619047619047,0.0,0.0,0.0,0.0,0.0,0.0,0.0,0.0,0.0,0.0,0.0,0.0,0.0,0.0,0.0,0.0,0.0,0.0,0.0,0.0,0.0,0.0,0.0,0.0,0.0,0.0,0.0,0.0,0.0,0.0,0.0,0.0267721079918309,0.0,0.0,0.0717040490385382,0.0239013496795127,0.0956053987180509,0.2129131341448146,0.1203283378543659,0.1203283378543659,0.1958526327953585,0.0965930438666198,0.0975912147389458,0.2006124220595884,0.2026899475402294,0.2758420803319341,0.1003062110297942,0.1985576852521443,0.2105109616670048,0.1302158560004003,0.1343242079597765,0.1097163626570108,0.3257431984990244,0.1371454533212635,0.2030267066837682,0.1132072318216345,0.0283018079554086,0.1435018711625216,0.1236479648613969,0.2694462365071898,0.0924054054582198,0.1502233115189409,0.1874742313576402,0.065498840108191,0.2508640686039218,0.1631512922816396,0.1394954184513759,0.0,0.0354030342745844,0.0697477092256879,0.0399683591069845,0.038244723429319,0.1218839577655637,0.0774047282445017,0.0407958375612549,0.0,0.0858198448855872,0.1281788185411074,0.044830277072557,0.0880862745843979,0.0,0.0,0.0,0.0,0.0,0.0,0.0,0.0512352148032798,0.0534406276040513,0.0,0.0,0.0546264609102653,0.0,0.0,0.0,0.0,0.0,0.0612614494143676,0.0,0.0672037719339506,0.0699616856740019,0.0,0.0,0.0,0.0,0.0,0.0,0.0,0.0,0.0,0.0,0.0,0.0,0.0,0.0,0.0,0.0,0.0,0.0,0.0,0.0,0.0,0.0,0.0,0.0,0.0,0.0,0.0,0.0,0.0,0.0,0.0,0.9714285714285714,0.0285714285714285,0.9993730901869786,0.0354037654795256
J07A0991,0.0,0.0024875621890547,0.0049751243781094,0.0024875621890547,0.0124378109452736,0.017412935323383,0.0248756218905472,0.0223880597014925,0.017412935323383,0.0099502487562189,0.0223880597014925,0.0223880597014925,0.0149253731343283,0.0373134328358208,0.0223880597014925,0.017412935323383,0.0223880597014925,0.0248756218905472,0.0348258706467661,0.0298507462686567,0.044776119402985,0.0323383084577114,0.0223880597014925,0.017412935323383,0.044776119402985,0.0199004975124378,0.0273631840796019,0.0124378109452736,0.0199004975124378,0.0149253731343283,0.0149253731343283,0.0199004975124378,0.0074626865671641,0.0099502487562189,0.0149253731343283,0.0223880597014925,0.017412935323383,0.0199004975124378,0.0223880597014925,0.0049751243781094,0.0099502487562189,0.0099502487562189,0.0149253731343283,0.017412935323383,0.0099502487562189,0.0074626865671641,0.0124378109452736,0.0149253731343283,0.0049751243781094,0.0049751243781094,0.0074626865671641,0.0024875621890547,0.0074626865671641,0.0024875621890547,0.0049751243781094,0.0124378109452736,0.0049751243781094,0.0049751243781094,0.0074626865671641,0.0049751243781094,0.0,0.0049751243781094,0.0074626865671641,0.0,0.0049751243781094,0.0024875621890547,0.0,0.0,0.0074626865671641,0.0049751243781094,0.0,0.0024875621890547,0.0,0.0024875621890547,0.0024875621890547,0.0,0.0024875621890547,0.0,0.0024875621890547,0.0,0.0049751243781094,0.0,0.0024875621890547,0.0024875621890547,0.0,0.0,0.0024875621890547,0.0024875621890547,0.0,0.0,0.0,0.0,0.0,0.0,0.0,0.0,0.0,0.0,0.0,0.0,0.0,0.0,0.0137978712167281,0.0273134909380632,0.0135171078940282,0.0675855394701413,0.0946197552581978,0.1337892743334653,0.1224903223095087,0.0952702506851734,0.0553809973981002,0.1229107092212846,0.1241808409505531,0.0850903753414231,0.2149289103967921,0.1276355630121347,0.0992721045649936,0.1263282786148505,0.1488147855603943,0.2061974338805755,0.1823168819620436,0.2792191944168158,0.1995716359315313,0.1396095972084079,0.1148192021125088,0.2881031717229889,0.1280458540991061,0.1785424950188101,0.0874094404876401,0.135450606554544,0.1045174312177711,0.1019482867985623,0.1413649268955091,0.0555630686476471,0.070936510438168,0.1107217952320768,0.1775022313061566,0.1375408817809085,0.1601739284123285,0.1775022313061566,0.0452072062574326,0.0865152905426912,0.0919065871319388,0.1313258134647142,0.1615010121753856,0.0919065871319388,0.0728015019018939,0.1208165329002556,0.1521191983467827,0.0498160854305604,0.0523403133987006,0.0811225436435283,0.0265363230883429,0.0788732719069918,0.0292764032093791,0.0573622982203517,0.1471474681554587,0.0579508635082038,0.0604453504872761,0.0906680257309142,0.0639351738893616,0.0,0.0643108446984826,0.0970378815422729,0.0,0.0646919210281819,0.0335506246293501,0.0,0.0,0.1140187455893575,0.0791319039622413,0.0,0.0395659519811206,0.0,0.0386082691973483,0.0395659519811206,0.0,0.0405983322778591,0.0,0.0392389681089097,0.0,0.0867509760771631,0.0,0.0463303937700252,0.0463303937700252,0.0,0.0,0.0501399298274861,0.0494239622762221,0.0,0.0,0.0,0.0,0.0,0.0,0.0,0.0,0.0,0.0,0.0,0.0,0.0,0.8830845771144279,0.1169154228855721,0.9875226460869612,0.1574770569492787
J07A0992,0.0025839793281653,0.0180878552971576,0.0387596899224806,0.0439276485788113,0.0284237726098191,0.0439276485788113,0.0568475452196382,0.0594315245478036,0.0594315245478036,0.0671834625322997,0.0335917312661498,0.0335917312661498,0.0284237726098191,0.0232558139534883,0.041343669250646,0.0155038759689922,0.0361757105943152,0.0284237726098191,0.0335917312661498,0.020671834625323,0.020671834625323,0.020671834625323,0.0258397932816537,0.0180878552971576,0.0180878552971576,0.020671834625323,0.0103359173126615,0.0129198966408268,0.0129198966408268,0.0077519379844961,0.0129198966408268,0.0025839793281653,0.0129198966408268,0.0103359173126615,0.0180878552971576,0.0051679586563307,0.0077519379844961,0.0,0.0025839793281653,0.0051679586563307,0.0051679586563307,0.0051679586563307,0.0,0.0025839793281653,0.0025839793281653,0.0051679586563307,0.0,0.0,0.0025839793281653,0.0,0.0,0.0,0.0025839793281653,0.0,0.0,0.0,0.0025839793281653,0.0,0.0,0.0025839793281653,0.0,0.0,0.0025839793281653,0.0025839793281653,0.0,0.0,0.0,0.0,0.0,0.0,0.0025839793281653,0.0,0.0025839793281653,0.0,0.0,0.0,0.0,0.0,0.0,0.0,0.0,0.0,0.0,0.0,0.0,0.0,0.0,0.0,0.0,0.0,0.0,0.0,0.0,0.0,0.0,0.0,0.0,0.0,0.0,0.0,0.0,0.0147676087536086,0.0942055267226003,0.1998042534478868,0.2241294661811796,0.1450249487054691,0.2241294661811796,0.2870848231687893,0.3053186679718532,0.3053186679718532,0.3511077248735071,0.1731636863215019,0.1749531210562577,0.1521556659403305,0.1257802177937021,0.2213173322768444,0.0829939996038166,0.1916692129925279,0.1596632712538032,0.186751813504711,0.1185500880180891,0.1210400255431632,0.1197875567873472,0.151300031928954,0.1119903958162129,0.1092797843647355,0.1248911821311263,0.0633249944871133,0.0852559298286403,0.0825709395864246,0.0509712150773464,0.0828638182267943,0.0172352640349794,0.0903235976812207,0.0691888441622072,0.1259929264409998,0.0384731333677463,0.0574938344364395,0.0,0.0192365666838731,0.0440934341065543,0.0421919045498013,0.0448211400255923,0.0,0.022503157691737,0.0224105700127961,0.0473385918267042,0.0,0.0,0.024294382049076,0.0,0.0,0.0,0.0256433557502239,0.0,0.0,0.0,0.0282615626252816,0.0,0.0,0.0311799999421349,0.0,0.0,0.0315490515034157,0.0342453132111134,0.0,0.0,0.0,0.0,0.0,0.0,0.039253664077286,0.0,0.0352024862882583,0.0,0.0,0.0,0.0,0.0,0.0,0.0,0.0,0.0,0.0,0.0,0.0,0.0,0.0,0.0,0.0,0.0,0.0,0.0,0.0,0.0,0.0,0.0,0.0,0.0,0.0,0.0,0.0,0.9819121447028424,0.0180878552971576,0.999753940568077,0.0221823875766762
J07A0993,0.1022494887525562,0.1329243353783231,0.1206543967280163,0.065439672801636,0.0715746421267893,0.0511247443762781,0.0552147239263803,0.065439672801636,0.0408997955010225,0.0449897750511247,0.032719836400818,0.0204498977505112,0.0224948875255623,0.0143149284253578,0.0122699386503067,0.0122699386503067,0.0184049079754601,0.0061349693251533,0.016359918200409,0.0061349693251533,0.0040899795501022,0.0143149284253578,0.0040899795501022,0.0061349693251533,0.0061349693251533,0.0040899795501022,0.0020449897750511,0.0040899795501022,0.0020449897750511,0.0,0.0040899795501022,0.0020449897750511,0.0020449897750511,0.0,0.0040899795501022,0.0020449897750511,0.0,0.0,0.0020449897750511,0.0,0.0,0.0040899795501022,0.0,0.0020449897750511,0.0020449897750511,0.0020449897750511,0.0,0.0,0.0,0.0020449897750511,0.0,0.0,0.0,0.0,0.0020449897750511,0.0,0.0020449897750511,0.0,0.0,0.0,0.0040899795501022,0.0,0.0020449897750511,0.0,0.0,0.0,0.0,0.0,0.0,0.0,0.0,0.0,0.0,0.0,0.0,0.0,0.0,0.0,0.0,0.0,0.0020449897750511,0.0,0.0,0.0,0.0,0.0,0.0,0.0,0.0,0.0,0.0,0.0,0.0,0.0,0.0,0.0,0.0,0.0,0.0,0.0,0.0,0.4214706448309213,0.4993198694321079,0.4485931435296413,0.2408170118501511,0.2633936067111028,0.1881382905079306,0.201112223142912,0.2424725896364073,0.1515453685227545,0.1695808731374626,0.1216523779063434,0.0768184414510935,0.086851091071706,0.055841235999809,0.0473733224027487,0.0473733224027487,0.070332164447419,0.02485539916716,0.0655992104169852,0.0253758324428473,0.0172725383192326,0.0598283340095307,0.0172725383192326,0.0273962514622679,0.0267331535921341,0.017822102394756,0.0090365429859713,0.0194657766575817,0.0094263675947621,0.0,0.018919605731112,0.0098379608613058,0.0103114175336884,0.0,0.0205477970980612,0.0109803127911332,0.0,0.0,0.0109803127911332,0.0,0.0,0.0255840943565453,0.0,0.0128448966130019,0.0127920471782726,0.0135105331915794,0.0,0.0,0.0,0.0145700058987193,0.0,0.0,0.0,0.0,0.0159679789661972,0.0,0.0161318182548629,0.0,0.0,0.0,0.0343991585745968,0.0,0.0180083306685644,0.0,0.0,0.0,0.0,0.0,0.0,0.0,0.0,0.0,0.0,0.0,0.0,0.0,0.0,0.0,0.0,0.0,0.0241489236706653,0.0,0.0,0.0,0.0,0.0,0.0,0.0,0.0,0.0,0.0,0.0,0.0,0.0,0.0,0.0,0.0,0.0,0.0,0.0,0.0,0.9877300613496932,0.0122699386503067,0.999888080239554,0.0149608487345788
J07A0994,0.0314465408805031,0.050314465408805,0.0796645702306079,0.060796645702306,0.060796645702306,0.0398322851153039,0.0587002096436058,0.0524109014675052,0.0482180293501048,0.0440251572327044,0.0314465408805031,0.0482180293501048,0.0230607966457023,0.0251572327044025,0.0377358490566037,0.0230607966457023,0.020964360587002,0.0272536687631027,0.020964360587002,0.0125786163522012,0.0167714884696016,0.0125786163522012,0.0272536687631027,0.0167714884696016,0.0125786163522012,0.0041928721174004,0.0083857442348008,0.0125786163522012,0.010482180293501,0.0083857442348008,0.010482180293501,0.0062893081761006,0.0020964360587002,0.0062893081761006,0.0020964360587002,0.0062893081761006,0.0062893081761006,0.0,0.0041928721174004,0.0020964360587002,0.0062893081761006,0.0,0.0,0.0062893081761006,0.0,0.0,0.0020964360587002,0.0020964360587002,0.0020964360587002,0.0020964360587002,0.0,0.0,0.0020964360587002,0.0,0.0020964360587002,0.0020964360587002,0.0,0.0,0.0,0.0,0.0,0.0,0.0,0.0,0.0,0.0,0.0,0.0,0.0,0.0,0.0,0.0,0.0,0.0,0.0,0.0,0.0,0.0,0.0,0.0,0.0,0.0,0.0,0.0,0.0,0.0,0.0,0.0,0.0,0.0,0.0,0.0,0.0,0.0,0.0,0.0,0.0,0.0,0.0,0.0,0.0,0.1706373974504345,0.2488068687331081,0.3899149154568558,0.2945240847356754,0.2945240847356754,0.1929640555164769,0.2814610906987727,0.2556455947519553,0.2351939471717989,0.218453553302089,0.1539137824171799,0.2384399158692286,0.1172089865804047,0.1291885015112867,0.1917965234952077,0.1172089865804047,0.1054622677500364,0.1453544967956592,0.1106609151159299,0.0684913814566744,0.0932398977185906,0.0692063193106475,0.1515148337927098,0.0985928698686727,0.0721548987345564,0.0240516329115188,0.0487806903750464,0.0788095092490644,0.063606281699112,0.0523523890446117,0.0638318928087386,0.0398301532545857,0.0139156662791167,0.0399733108366571,0.0138650329236228,0.0444551007490056,0.0442888145326072,0.0,0.0296367338326704,0.0169830899642798,0.0487520823850101,0.0,0.0,0.0520040898564083,0.0,0.0,0.0181549643721243,0.0190489838877018,0.0187145176748532,0.0196627999117417,0.0,0.0,0.019753662943996,0.0,0.0215494199240395,0.0221116843670408,0.0,0.0,0.0,0.0,0.0,0.0,0.0,0.0,0.0,0.0,0.0,0.0,0.0,0.0,0.0,0.0,0.0,0.0,0.0,0.0,0.0,0.0,0.0,0.0,0.0,0.0,0.0,0.0,0.0,0.0,0.0,0.0,0.0,0.0,0.0,0.0,0.0,0.0,0.0,0.0,0.0,0.0,0.0,0.0,0.0,0.9937106918238994,0.0062893081761006,0.9999709438315928,0.0076230894362796
J07A0997,0.0816326530612244,0.0816326530612244,0.0430839002267573,0.0430839002267573,0.0634920634920634,0.0362811791383219,0.0498866213151927,0.0317460317460317,0.0249433106575963,0.0362811791383219,0.0385487528344671,0.0408163265306122,0.0249433106575963,0.0249433106575963,0.0294784580498866,0.0136054421768707,0.0226757369614512,0.0136054421768707,0.0158730158730158,0.0113378684807256,0.0068027210884353,0.0158730158730158,0.0158730158730158,0.0136054421768707,0.0158730158730158,0.0113378684807256,0.0113378684807256,0.0136054421768707,0.0158730158730158,0.0136054421768707,0.0090702947845804,0.0045351473922902,0.0113378684807256,0.0068027210884353,0.0045351473922902,0.0068027210884353,0.0022675736961451,0.0068027210884353,0.0068027210884353,0.0090702947845804,0.0113378684807256,0.0022675736961451,0.0090702947845804,0.0022675736961451,0.0,0.0,0.0,0.0045351473922902,0.0068027210884353,0.0,0.0022675736961451,0.0,0.0022675736961451,0.0022675736961451,0.0045351473922902,0.0,0.0022675736961451,0.0,0.0045351473922902,0.0068027210884353,0.0022675736961451,0.0,0.0022675736961451,0.0,0.0,0.0022675736961451,0.0022675736961451,0.0,0.0,0.0,0.0,0.0,0.0,0.0,0.0,0.0,0.0,0.0,0.0,0.0,0.0,0.0,0.0,0.0,0.0,0.0,0.0,0.0,0.0,0.0,0.0,0.0,0.0,0.0,0.0,0.0,0.0,0.0,0.0,0.0,0.0,0.4452934797696565,0.4058022963611329,0.2119828509069801,0.2098153673502224,0.3092015939898015,0.1766866251370294,0.2404605805983018,0.1556636523275693,0.122307155400233,0.1809758715345444,0.1896688666009822,0.2029011481805664,0.127444702124925,0.128764508811465,0.1506164661476387,0.0695152920681409,0.1146721568964535,0.0729452884003382,0.084227356985999,0.0620605407666597,0.0380184084138654,0.0877916916458766,0.0887096196323526,0.0804021472583602,0.0915321127252759,0.0653800805180542,0.0663008095163342,0.0856918460255478,0.0968253152363804,0.0853863874517218,0.0555250023222358,0.0288723141186708,0.0756545208500419,0.0434641305343092,0.030151698132655,0.0483373096055566,0.0160521672733178,0.0490707851972422,0.0483373096055566,0.0738648086569259,0.0883492355378571,0.0187709632899943,0.07152514599883,0.0188485141921584,0.0,0.0,0.0,0.0414250160875723,0.06104649993319,0.0,0.0220912462859361,0.0,0.0214787258487791,0.0239176018631793,0.0468626081209252,0.0,0.0236717207217009,0.0,0.0493813333931624,0.0783485606071135,0.0252385460204987,0.0,0.0264253023134447,0.0,0.0,0.0274094627132576,0.0283040468769673,0.0,0.0,0.0,0.0,0.0,0.0,0.0,0.0,0.0,0.0,0.0,0.0,0.0,0.0,0.0,0.0,0.0,0.0,0.0,0.0,0.0,0.0,0.0,0.0,0.0,0.0,0.0,0.0,0.0,0.0,0.0,0.0,0.0,0.0,0.9682539682539684,0.0317460317460317,0.999221131482214,0.0394604916264832
J07A0998,0.0063091482649842,0.0252365930599369,0.0473186119873817,0.0441640378548895,0.0441640378548895,0.0630914826498422,0.0378548895899053,0.0630914826498422,0.0473186119873817,0.028391167192429,0.0536277602523659,0.0220820189274447,0.0441640378548895,0.0410094637223974,0.0189274447949526,0.0252365930599369,0.0315457413249211,0.0378548895899053,0.0157728706624605,0.0157728706624605,0.0157728706624605,0.0252365930599369,0.0126182965299684,0.0157728706624605,0.0220820189274447,0.0063091482649842,0.0220820189274447,0.0063091482649842,0.0031545741324921,0.0094637223974763,0.0189274447949526,0.0126182965299684,0.0031545741324921,0.0063091482649842,0.0063091482649842,0.0094637223974763,0.0031545741324921,0.0031545741324921,0.0063091482649842,0.0189274447949526,0.0063091482649842,0.0,0.0126182965299684,0.0031545741324921,0.0094637223974763,0.0031545741324921,0.0,0.0,0.0094637223974763,0.0,0.0063091482649842,0.0,0.0,0.0,0.0,0.0,0.0,0.0031545741324921,0.0031545741324921,0.0,0.0,0.0,0.0,0.0,0.0,0.0031545741324921,0.0,0.0,0.0,0.0,0.0,0.0,0.0,0.0,0.0,0.0,0.0,0.0,0.0,0.0,0.0,0.0,0.0,0.0,0.0,0.0,0.0,0.0,0.0,0.0,0.0,0.0,0.0,0.0,0.0,0.0,0.0,0.0,0.0,0.0,0.0,0.0359637914990608,0.1310972636178839,0.2432932315419515,0.2247518983853268,0.2247518983853268,0.3210741405504668,0.1906751500761448,0.3232814730422735,0.2424611047817051,0.1479908429159105,0.2757323290808784,0.1147101056656484,0.2358027020552447,0.221227179768391,0.1010583008808191,0.1347444011744255,0.1667053822191359,0.2120893600151613,0.0874614710298322,0.090220908450988,0.0921158410423844,0.1458602671684864,0.0736926728339075,0.0974042802593545,0.1330653948627705,0.0380186842465058,0.1349393168088272,0.0415250232528884,0.0201086317000514,0.0620655037007102,0.1210797413953543,0.0839466229810288,0.0219966488051675,0.0421241720143518,0.0438332241914577,0.0702706732944364,0.0233359409395283,0.0237789893771861,0.0468471155296242,0.1610721577010427,0.0513753067099148,0.0,0.1039801388996392,0.027401148175,0.0818652241634949,0.0288211056156725,0.0,0.0,0.0887467400974442,0.0,0.0642305814325875,0.0,0.0,0.0,0.0,0.0,0.0,0.0358942147797532,0.0358942147797532,0.0,0.0,0.0,0.0,0.0,0.0,0.0398466818947232,0.0,0.0,0.0,0.0,0.0,0.0,0.0,0.0,0.0,0.0,0.0,0.0,0.0,0.0,0.0,0.0,0.0,0.0,0.0,0.0,0.0,0.0,0.0,0.0,0.0,0.0,0.0,0.0,0.0,0.0,0.0,0.0,0.0,0.0,0.0,0.9873817034700316,0.0126182965299684,0.9998815525849588,0.0153909324049043
J07A0999,0.1151832460732984,0.1151832460732984,0.1204188481675392,0.0575916230366492,0.0575916230366492,0.0575916230366492,0.0418848167539267,0.0445026178010471,0.0418848167539267,0.0157068062827225,0.0209424083769633,0.0183246073298429,0.0340314136125654,0.013089005235602,0.0183246073298429,0.0209424083769633,0.0183246073298429,0.0209424083769633,0.0104712041884816,0.013089005235602,0.0157068062827225,0.0157068062827225,0.0157068062827225,0.0078534031413612,0.0052356020942408,0.0104712041884816,0.0078534031413612,0.0026178010471204,0.0052356020942408,0.0026178010471204,0.0,0.0078534031413612,0.0078534031413612,0.0052356020942408,0.0026178010471204,0.0,0.0,0.0,0.0052356020942408,0.0,0.0,0.0,0.0026178010471204,0.0,0.0026178010471204,0.0026178010471204,0.0026178010471204,0.0,0.0,0.0052356020942408,0.0,0.0026178010471204,0.0026178010471204,0.0,0.0,0.0,0.0026178010471204,0.0,0.0,0.0,0.0,0.0,0.0,0.0,0.0,0.0,0.0,0.0,0.0,0.0,0.0,0.0,0.0,0.0026178010471204,0.0,0.0,0.0,0.0,0.0,0.0,0.0,0.0,0.0,0.0,0.0,0.0,0.0,0.0,0.0,0.0,0.0,0.0,0.0,0.0,0.0,0.0,0.0,0.0,0.0,0.0,0.0,0.4969104929886838,0.4528416163763718,0.4685830935157163,0.2218135280188919,0.2218135280188919,0.2218135280188919,0.1596698249286623,0.1725797190482773,0.1624279708689668,0.0619631660706501,0.0814927119157767,0.0720429844235137,0.137516278101919,0.053438609687594,0.0740472266702641,0.0846254019088732,0.073288811211408,0.0888009553665734,0.0439437160901977,0.0566626930076679,0.0694233526805584,0.0687049904713123,0.0694233526805584,0.0367044995981186,0.0238774034866374,0.0477548069732749,0.0363204932091292,0.0130397691904914,0.0252582077566477,0.0129932874132315,0.0,0.0395416246245333,0.0414445846260279,0.0264558301177832,0.0137645949732711,0.0,0.0,0.0,0.0294220460769565,0.0,0.0,0.0,0.0163260235086349,0.0,0.0171383187645466,0.0181009201490094,0.0180234502660787,0.0,0.0,0.0390407261658167,0.0,0.0197934871969138,0.0196105679056386,0.0,0.0,0.0,0.0216128223771065,0.0,0.0,0.0,0.0,0.0,0.0,0.0,0.0,0.0,0.0,0.0,0.0,0.0,0.0,0.0,0.0,0.0287979717276059,0.0,0.0,0.0,0.0,0.0,0.0,0.0,0.0,0.0,0.0,0.0,0.0,0.0,0.0,0.0,0.0,0.0,0.0,0.0,0.0,0.0,0.0,0.0,0.0,0.0,0.0,0.0,0.9895287958115184,0.0104712041884816,0.9999187815086772,0.012744818013696
J07A1000,0.0021691973969631,0.0173535791757049,0.0216919739696312,0.0151843817787418,0.0173535791757049,0.0238611713665943,0.0303687635574837,0.0216919739696312,0.0325379609544468,0.0195227765726681,0.0368763557483731,0.0238611713665943,0.0260303687635574,0.0195227765726681,0.0216919739696312,0.0151843817787418,0.0260303687635574,0.0303687635574837,0.0281995661605206,0.0260303687635574,0.0238611713665943,0.0303687635574837,0.0151843817787418,0.0151843817787418,0.0216919739696312,0.0151843817787418,0.0260303687635574,0.0216919739696312,0.0238611713665943,0.0130151843817787,0.0108459869848156,0.0173535791757049,0.0173535791757049,0.0151843817787418,0.0195227765726681,0.0173535791757049,0.0108459869848156,0.0151843817787418,0.0173535791757049,0.0130151843817787,0.0130151843817787,0.0108459869848156,0.0151843817787418,0.0065075921908893,0.0086767895878524,0.0065075921908893,0.0065075921908893,0.0130151843817787,0.0065075921908893,0.0065075921908893,0.0108459869848156,0.0065075921908893,0.0108459869848156,0.0086767895878524,0.0043383947939262,0.0043383947939262,0.0,0.0065075921908893,0.0065075921908893,0.0021691973969631,0.0043383947939262,0.0,0.0021691973969631,0.0021691973969631,0.0,0.0,0.0,0.0,0.0021691973969631,0.0,0.0,0.0021691973969631,0.0043383947939262,0.0,0.0,0.0043383947939262,0.0,0.0,0.0043383947939262,0.0,0.0,0.0,0.0043383947939262,0.0,0.0,0.0,0.0,0.0,0.0,0.0,0.0,0.0,0.0,0.0,0.0,0.0,0.0,0.0,0.0,0.0,0.0,0.0141238037325373,0.1029697895595938,0.1273957577338315,0.0882652125650441,0.1008745286457647,0.1387024768879265,0.1747258190220321,0.1269600307780082,0.1904400461670123,0.1162387797522221,0.2165727881475135,0.1415834606444415,0.1587516274218939,0.120296734508215,0.1322930228515783,0.0926051159961048,0.157125642307131,0.1943488027659033,0.1786102276031261,0.1700727115248125,0.1591743924476532,0.2004893241222733,0.1012927951939611,0.1071080902011877,0.1493080712807994,0.1045156498965595,0.1816928810390057,0.1630782667695537,0.1737366340897093,0.0974981731670636,0.07925130768906,0.1318710377935899,0.1382173959075932,0.1158018827239946,0.1549287899510155,0.1471834726198307,0.0916455790687664,0.1307397443070855,0.1471834726198307,0.1265134429558262,0.1210575501232168,0.107167821709007,0.1429238282283417,0.0645663467735288,0.0857342573672056,0.0679122454173585,0.0676215887182108,0.1419030660210843,0.0697057505225241,0.0732378065539925,0.1261240942580141,0.0742625319108828,0.1226270717563848,0.1092409484832991,0.0535099190631243,0.0549060923681657,0.0,0.0845788761781718,0.0845788761781718,0.0298206843715051,0.0576371059563282,0.0,0.0301736468521398,0.0327523630008713,0.0,0.0,0.0,0.0,0.0354537971074576,0.0,0.0,0.0369087528542235,0.0673356147942643,0.0,0.0,0.0785701865875544,0.0,0.0,0.0732074576078728,0.0,0.0,0.0,0.0864378066329688,0.0,0.0,0.0,0.0,0.0,0.0,0.0,0.0,0.0,0.0,0.0,0.0,0.0,0.0,0.0,0.0,0.0,0.0,0.915401301518438,0.0845986984815618,0.9938614966203302,0.110631485281529
J07A1001,0.0,0.0111731843575419,0.0167597765363128,0.0111731843575419,0.0083798882681564,0.0307262569832402,0.0195530726256983,0.0111731843575419,0.0279329608938547,0.0223463687150838,0.0251396648044692,0.0279329608938547,0.0391061452513966,0.0279329608938547,0.0363128491620111,0.0251396648044692,0.0195530726256983,0.0223463687150838,0.0335195530726257,0.0418994413407821,0.0418994413407821,0.0307262569832402,0.0335195530726257,0.0251396648044692,0.0446927374301676,0.0195530726256983,0.0307262569832402,0.0335195530726257,0.0307262569832402,0.0139664804469273,0.0167597765363128,0.0111731843575419,0.0223463687150838,0.0111731843575419,0.0027932960893854,0.0027932960893854,0.0083798882681564,0.0111731843575419,0.0223463687150838,0.0055865921787709,0.0139664804469273,0.0111731843575419,0.0167597765363128,0.0,0.0083798882681564,0.0027932960893854,0.0111731843575419,0.0055865921787709,0.0139664804469273,0.0083798882681564,0.0,0.0027932960893854,0.0,0.0,0.0,0.0,0.0,0.0,0.0055865921787709,0.0,0.0055865921787709,0.0,0.0027932960893854,0.0,0.0027932960893854,0.0027932960893854,0.0055865921787709,0.0,0.0,0.0,0.0,0.0,0.0,0.0,0.0,0.0,0.0,0.0,0.0,0.0,0.0,0.0,0.0,0.0,0.0,0.0,0.0,0.0,0.0,0.0,0.0,0.0,0.0027932960893854,0.0,0.0,0.0,0.0,0.0,0.0,0.0,0.0,0.0,0.06018835633905,0.0893591174113774,0.0589636251723242,0.0442227188792432,0.1621499692238917,0.102131507716096,0.0593689905046255,0.1484224762615638,0.1207900535325941,0.1340386761170661,0.1504708908476251,0.216519806216242,0.1562586194557606,0.2010541057722247,0.1391913039961556,0.107151070437627,0.1298304238550833,0.192742226551722,0.2485291319081399,0.253749052213199,0.184157137287744,0.2029992417705592,0.1609901848648218,0.2792774832146366,0.1221838989064035,0.1947071969121378,0.2287757496281929,0.2031066099379881,0.0949834382505848,0.1111783788528971,0.077081841649558,0.1615828858682304,0.0773588892923736,0.020124369070088,0.0215080834270672,0.064282894547789,0.0873377976942807,0.1720646674165376,0.049300131095884,0.1179351567664038,0.10022753382233,0.1432156586544111,0.0,0.0751706503667475,0.0264642438294928,0.1054039194833634,0.0552972047420291,0.1358157109081809,0.0856185725389085,0.0,0.0289388421750337,0.0,0.0,0.0,0.0,0.0,0.0,0.0659178911917263,0.0,0.0673805916568049,0.0,0.0352744667451064,0.0,0.0352744667451064,0.0365881975355159,0.0755647105543646,0.0,0.0,0.0,0.0,0.0,0.0,0.0,0.0,0.0,0.0,0.0,0.0,0.0,0.0,0.0,0.0,0.0,0.0,0.0,0.0,0.0,0.0,0.0,0.0,0.0,0.0563803629833008,0.0,0.0,0.0,0.0,0.0,0.0,0.0,0.0,0.9692737430167596,0.0307262569832402,0.9992718458722446,0.0381546595722881
J07A1003,0.0239520958083832,0.0479041916167664,0.0508982035928143,0.0419161676646706,0.0568862275449101,0.0508982035928143,0.0808383233532934,0.0419161676646706,0.0239520958083832,0.0329341317365269,0.0359281437125748,0.0359281437125748,0.029940119760479,0.0329341317365269,0.0449101796407185,0.0239520958083832,0.029940119760479,0.0269461077844311,0.029940119760479,0.0209580838323353,0.0179640718562874,0.0239520958083832,0.0149700598802395,0.0029940119760479,0.0149700598802395,0.0029940119760479,0.0089820359281437,0.0179640718562874,0.0179640718562874,0.0089820359281437,0.0179640718562874,0.0059880239520958,0.0089820359281437,0.0029940119760479,0.0119760479041916,0.0089820359281437,0.0029940119760479,0.0059880239520958,0.0029940119760479,0.0,0.0059880239520958,0.0,0.0,0.0,0.0029940119760479,0.0059880239520958,0.0,0.0029940119760479,0.0,0.0029940119760479,0.0,0.0,0.0,0.0029940119760479,0.0029940119760479,0.0029940119760479,0.0,0.0029940119760479,0.0,0.0,0.0,0.0,0.0,0.0,0.0,0.0,0.0,0.0,0.0029940119760479,0.0,0.0,0.0,0.0,0.0,0.0,0.0,0.0,0.0,0.0,0.0,0.0,0.0,0.0,0.0,0.0,0.0,0.0,0.0,0.0,0.0,0.0,0.0,0.0,0.0,0.0,0.0,0.0,0.0,0.0,0.0,0.0,0.1352365318655544,0.2464859589291347,0.2592126855498781,0.2112865885443753,0.2867460844530808,0.2565622860895986,0.4033157455208069,0.2127391494736903,0.1215652282706801,0.1700409731607991,0.1829736603881492,0.184864469196851,0.1583395126700394,0.1759771897764794,0.2375092690050592,0.1266716101360316,0.1567177485668212,0.1495370150355831,0.1644429789089819,0.1187418452903242,0.1039164088645332,0.1371215036473866,0.086597007387111,0.0183137212486058,0.0893522830407652,0.017870456608153,0.0543663634317439,0.1171115425323782,0.1134233140468959,0.0583470423939587,0.1138256258792508,0.0394586112885096,0.0620363643489829,0.0198002167370122,0.082414186228013,0.0660606248123558,0.0219378407346429,0.0447086906107006,0.0220202082707852,0.0,0.0482973152535896,0.0,0.0,0.0,0.02565350809521,0.0541887577133822,0.0,0.0283069379319813,0.0,0.0292190733086809,0.0,0.0,0.0,0.0326872086176918,0.0320226052925484,0.0328581346196362,0.0,0.0337437247194717,0.0,0.0,0.0,0.0,0.0,0.0,0.0,0.0,0.0,0.0,0.0424341120589212,0.0,0.0,0.0,0.0,0.0,0.0,0.0,0.0,0.0,0.0,0.0,0.0,0.0,0.0,0.0,0.0,0.0,0.0,0.0,0.0,0.0,0.0,0.0,0.0,0.0,0.0,0.0,0.0,0.0,0.0,0.0,0.0,0.9850299401197604,0.0149700598802395,0.999832501649968,0.0183021486270535
J07A1004,0.0609137055837563,0.1142131979695431,0.0939086294416243,0.0685279187817258,0.0558375634517766,0.0507614213197969,0.0736040609137055,0.0583756345177665,0.0304568527918781,0.0406091370558375,0.0304568527918781,0.0228426395939086,0.0203045685279187,0.0253807106598984,0.0279187817258883,0.0228426395939086,0.0177664974619289,0.0177664974619289,0.015228426395939,0.0126903553299492,0.015228426395939,0.0126903553299492,0.0126903553299492,0.0050761421319796,0.0076142131979695,0.0050761421319796,0.0076142131979695,0.0,0.0101522842639593,0.0,0.0050761421319796,0.0025380710659898,0.0050761421319796,0.0050761421319796,0.0,0.0025380710659898,0.0,0.0050761421319796,0.0025380710659898,0.0050761421319796,0.0,0.0025380710659898,0.0025380710659898,0.0,0.0,0.0,0.0025380710659898,0.0,0.0025380710659898,0.0,0.0025380710659898,0.0,0.0050761421319796,0.0,0.0,0.0,0.0,0.0,0.0,0.0,0.0025380710659898,0.0,0.0025380710659898,0.0,0.0,0.0,0.0,0.0025380710659898,0.0025380710659898,0.0,0.0,0.0025380710659898,0.0,0.0,0.0,0.0,0.0,0.0,0.0,0.0,0.0,0.0,0.0,0.0,0.0,0.0,0.0,0.0,0.0,0.0,0.0,0.0,0.0,0.0,0.0,0.0,0.0,0.0,0.0,0.0,0.0,0.2877332683647545,0.4916539302727569,0.4001140976787752,0.2889897630279143,0.2354731402449672,0.2140664911317884,0.3072233429046953,0.2478688879551091,0.1293228980635352,0.1754105372441031,0.1297667343823055,0.0983307860545514,0.0898367620313836,0.1134588800408166,0.1235255477931524,0.1010663572853065,0.0778020469486468,0.0824857708329082,0.0699747547920805,0.0601520672630739,0.0736985476405779,0.0607799563341727,0.0614154563671482,0.0259765454303972,0.0380217151098362,0.0253478100732241,0.0385571640629206,0.0,0.0536272927132837,0.0,0.0269087542036352,0.0139922192060554,0.0293312031813433,0.0280850201124398,0.0,0.0156169500662354,0.0,0.0317078467291526,0.0156169500662354,0.0357966663182254,0.0,0.018193722330873,0.0173314047056859,0.0,0.0,0.0,0.0191333615677447,0.0,0.0197230700044066,0.0,0.021411900639297,0.0,0.0416364326195163,0.0,0.0,0.0,0.0,0.0,0.0,0.0,0.024462415233462,0.0,0.0256126766310635,0.0,0.0,0.0,0.0,0.0300946930646617,0.0300946930646617,0.0,0.0,0.0313297214732938,0.0,0.0,0.0,0.0,0.0,0.0,0.0,0.0,0.0,0.0,0.0,0.0,0.0,0.0,0.0,0.0,0.0,0.0,0.0,0.0,0.0,0.0,0.0,0.0,0.0,0.0,0.0,0.0,0.0,0.9822335025380712,0.0177664974619289,0.9997627583007206,0.0217813478677219
J07A1006,0.0212765957446808,0.0744680851063829,0.0574468085106383,0.0617021276595744,0.076595744680851,0.0574468085106383,0.0595744680851063,0.0404255319148936,0.0425531914893617,0.0468085106382978,0.0382978723404255,0.0340425531914893,0.0340425531914893,0.025531914893617,0.0234042553191489,0.0148936170212765,0.0234042553191489,0.0170212765957446,0.0191489361702127,0.0106382978723404,0.0148936170212765,0.0234042553191489,0.0212765957446808,0.0127659574468085,0.0106382978723404,0.0085106382978723,0.0148936170212765,0.0106382978723404,0.0106382978723404,0.0106382978723404,0.0106382978723404,0.0042553191489361,0.0042553191489361,0.0042553191489361,0.0042553191489361,0.0042553191489361,0.0063829787234042,0.0,0.0063829787234042,0.0042553191489361,0.0085106382978723,0.0,0.002127659574468,0.002127659574468,0.0,0.002127659574468,0.0042553191489361,0.0042553191489361,0.0,0.0,0.0,0.002127659574468,0.0,0.0042553191489361,0.0,0.0,0.0,0.0,0.0,0.0,0.0,0.0,0.0,0.0,0.002127659574468,0.0,0.0,0.0,0.002127659574468,0.0,0.0,0.0,0.0,0.0,0.0,0.0,0.0,0.0,0.0,0.0,0.0,0.0,0.0,0.0,0.0,0.0,0.0,0.0,0.0,0.0,0.0,0.0,0.0,0.0,0.0,0.0,0.0,0.0,0.0,0.0,0.0,0.11481037053828,0.3661991460578419,0.279607087113324,0.2972480224691616,0.3689975451341317,0.2767481588505988,0.2840642139243338,0.196087570041985,0.2064079684652473,0.2309727037920714,0.1864047247422159,0.1674053239121563,0.1720625549416661,0.1303833152879425,0.1182930065223954,0.0752773677869789,0.1170814115869004,0.0902761990902367,0.1005159370620673,0.0576040261485148,0.0823394573395672,0.1280516992552783,0.1176277961993817,0.0746285374869866,0.0606851925753322,0.0485481540602658,0.086155726730917,0.0662819895727527,0.0641945512491641,0.0660457196947622,0.0644222489474484,0.0267990178125154,0.0280887336363036,0.0268953388727786,0.0279865303492274,0.0299108323589643,0.0446984244060579,0.0,0.0448662485384464,0.0342803198035815,0.0656039616961647,0.0,0.0165972465333655,0.0174950184283446,0.0,0.0184016294007525,0.036645745032738,0.0384503209355389,0.0,0.0,0.0,0.0201223149402203,0.0,0.0444001984551351,0.0,0.0,0.0,0.0,0.0,0.0,0.0,0.0,0.0,0.0,0.0245277238425843,0.0,0.0,0.0,0.0288198820939361,0.0,0.0,0.0,0.0,0.0,0.0,0.0,0.0,0.0,0.0,0.0,0.0,0.0,0.0,0.0,0.0,0.0,0.0,0.0,0.0,0.0,0.0,0.0,0.0,0.0,0.0,0.0,0.0,0.0,0.0,0.0,0.0,0.9893617021276596,0.0106382978723404,0.9999161407609136,0.0129503453930983
J07A1007,0.0,0.0,0.0039215686274509,0.0078431372549019,0.0039215686274509,0.0117647058823529,0.0117647058823529,0.0156862745098039,0.0117647058823529,0.0156862745098039,0.0078431372549019,0.0196078431372549,0.0,0.0078431372549019,0.0313725490196078,0.0156862745098039,0.0196078431372549,0.0352941176470588,0.0352941176470588,0.0196078431372549,0.0313725490196078,0.0352941176470588,0.0235294117647058,0.0235294117647058,0.0156862745098039,0.0039215686274509,0.0078431372549019,0.0078431372549019,0.0274509803921568,0.0196078431372549,0.0352941176470588,0.0117647058823529,0.0117647058823529,0.0235294117647058,0.0039215686274509,0.0117647058823529,0.0274509803921568,0.0196078431372549,0.0117647058823529,0.0078431372549019,0.0039215686274509,0.0156862745098039,0.0313725490196078,0.0156862745098039,0.0156862745098039,0.0235294117647058,0.0117647058823529,0.0156862745098039,0.0078431372549019,0.0156862745098039,0.0196078431372549,0.0039215686274509,0.0117647058823529,0.0196078431372549,0.0117647058823529,0.0078431372549019,0.0,0.0117647058823529,0.0039215686274509,0.0039215686274509,0.0039215686274509,0.0039215686274509,0.0078431372549019,0.0078431372549019,0.0156862745098039,0.0,0.0039215686274509,0.0,0.0,0.0039215686274509,0.0039215686274509,0.0039215686274509,0.0,0.0039215686274509,0.0,0.0078431372549019,0.0078431372549019,0.0039215686274509,0.0,0.0078431372549019,0.0117647058823529,0.0,0.0039215686274509,0.0,0.0,0.0,0.0,0.0,0.0039215686274509,0.0,0.0,0.0039215686274509,0.0039215686274509,0.0,0.0,0.0,0.0,0.0,0.0,0.0,0.0,0.0,0.0,0.0192877348023696,0.0381810429060476,0.0190905214530238,0.0572715643590714,0.0566860980589469,0.0768870627313394,0.0576652970485046,0.0782158526222442,0.0385754696047392,0.0974352496606836,0.0,0.0404732038536903,0.1602334511826495,0.0801167255913247,0.099120180470863,0.1891570808405442,0.1872111628212589,0.1072876305355498,0.175265631701691,0.1951335678478198,0.1314492237762683,0.1389958218661542,0.0904210480457023,0.0226052620114255,0.0458472109183924,0.0493801429095144,0.1673874980662379,0.1230103040852958,0.2159758549852383,0.0748698480130169,0.0784729960232368,0.1502778906115828,0.0260624884130367,0.0835634905848175,0.1942521414263676,0.1413858201280601,0.0835634905848175,0.0638471740889239,0.0305468822004725,0.1298017806080859,0.2472992772259651,0.130338047449225,0.1298017806080859,0.205638461239844,0.1023791759876944,0.1432276214815162,0.0703563998359391,0.1478428497618671,0.1909520478162379,0.0374778576285679,0.1113945306359378,0.2067386780950922,0.121521133813044,0.0831278974645447,0.0,0.1280525319387315,0.0426841773129105,0.0451485561226043,0.043631327849409,0.0454138403719062,0.0913658835830883,0.0991742429966313,0.1827317671661767,0.0,0.0489308357046789,0.0,0.0,0.0558799013092582,0.0568392000930151,0.0558799013092582,0.0,0.0545273439521571,0.0,0.1189553678419705,0.114675911353769,0.0600531824356676,0.0,0.1308669551397838,0.1837805893304475,0.0,0.0654334775698919,0.0,0.0,0.0,0.0,0.0,0.0688432965291429,0.0,0.0,0.0742235916633672,0.0730165776555524,0.0,0.0,0.0,0.0,0.0,0.0,0.0,0.0,0.807843137254902,0.192156862745098,0.9613233420328812,0.2754222795322342
J07A1010,0.0024509803921568,0.034313725490196,0.0465686274509803,0.017156862745098,0.0612745098039215,0.0514705882352941,0.0661764705882353,0.0269607843137254,0.0416666666666666,0.0465686274509803,0.0465686274509803,0.0416666666666666,0.0514705882352941,0.0318627450980392,0.034313725490196,0.0294117647058823,0.034313725490196,0.0269607843137254,0.0147058823529411,0.0147058823529411,0.0416666666666666,0.0416666666666666,0.0098039215686274,0.0073529411764705,0.0147058823529411,0.0122549019607843,0.0122549019607843,0.0098039215686274,0.017156862745098,0.0147058823529411,0.0147058823529411,0.0049019607843137,0.0147058823529411,0.0049019607843137,0.0024509803921568,0.0049019607843137,0.0024509803921568,0.0,0.0049019607843137,0.0,0.0,0.0024509803921568,0.0,0.0,0.0049019607843137,0.0024509803921568,0.0049019607843137,0.0049019607843137,0.0049019607843137,0.0024509803921568,0.0073529411764705,0.0,0.0,0.0,0.0,0.0024509803921568,0.0,0.0,0.0,0.0,0.0024509803921568,0.0,0.0,0.0,0.0024509803921568,0.0,0.0,0.0,0.0,0.0024509803921568,0.0,0.0,0.0,0.0,0.0,0.0,0.0,0.0,0.0,0.0,0.0,0.0,0.0,0.0,0.0,0.0,0.0,0.0,0.0,0.0,0.0,0.0,0.0,0.0,0.0,0.0,0.0,0.0,0.0,0.0,0.0,0.013666941974009,0.1743683068572787,0.2342223013816793,0.0854101034886948,0.3050360838881957,0.2562303104660844,0.3260712362376701,0.1351385892336161,0.2088505469974067,0.2374552687682846,0.2342223013816793,0.2117329440409813,0.2688288730392389,0.1681412833820491,0.1792192486928259,0.1536164988795651,0.1773836276325197,0.1477631687034615,0.0797689542532734,0.082285690306545,0.2380395462540158,0.2355764181028618,0.0560093050009449,0.0444186307673196,0.0866870476999737,0.0722392064166447,0.0732565305256625,0.0631212738825293,0.1069834095995962,0.094344406116068,0.092025324967282,0.0319013534828688,0.1003098651099889,0.0320160133637942,0.0166574798314583,0.0356056346066732,0.0177362250995011,0.0,0.0356056346066732,0.0,0.0,0.0207402542334084,0.0,0.0,0.0414805084668169,0.0219051641474713,0.0436228250643761,0.0457709789319792,0.0449673221032475,0.0236229293333879,0.0732266198422619,0.0,0.0,0.0,0.0,0.0265650242889806,0.0,0.0,0.0,0.0,0.0278863611238185,0.0,0.0,0.0,0.0291976218645988,0.0,0.0,0.0,0.0,0.0357148678319315,0.0,0.0,0.0,0.0,0.0,0.0,0.0,0.0,0.0,0.0,0.0,0.0,0.0,0.0,0.0,0.0,0.0,0.0,0.0,0.0,0.0,0.0,0.0,0.0,0.0,0.0,0.0,0.0,0.0,0.0,0.0,0.9852941176470588,0.0147058823529411,0.9998384464191824,0.0179744558214081
J07A1011,0.1214285714285714,0.1285714285714285,0.1285714285714285,0.0785714285714285,0.0833333333333333,0.0761904761904762,0.0738095238095238,0.0285714285714285,0.0357142857142857,0.0261904761904761,0.0261904761904761,0.0309523809523809,0.019047619047619,0.0142857142857142,0.0047619047619047,0.0166666666666666,0.0095238095238095,0.0119047619047619,0.0071428571428571,0.0119047619047619,0.0047619047619047,0.0023809523809523,0.0095238095238095,0.0047619047619047,0.0071428571428571,0.0,0.0023809523809523,0.0023809523809523,0.0023809523809523,0.0047619047619047,0.0023809523809523,0.0,0.0,0.0,0.0047619047619047,0.0,0.0,0.0023809523809523,0.0,0.0,0.0,0.0,0.0047619047619047,0.0,0.0023809523809523,0.0047619047619047,0.0,0.0,0.0,0.0,0.0,0.0,0.0,0.0,0.0,0.0,0.0,0.0,0.0,0.0,0.0,0.0,0.0,0.0,0.0,0.0,0.0,0.0,0.0,0.0,0.0,0.0,0.0,0.0,0.0,0.0,0.0,0.0,0.0023809523809523,0.0,0.0,0.0,0.0,0.0,0.0,0.0,0.0,0.0,0.0,0.0,0.0,0.0,0.0,0.0,0.0023809523809523,0.0,0.0,0.0,0.0,0.0,0.0,0.4705884727885395,0.4540806890606073,0.4494363148849352,0.2718472262552167,0.2883228157252298,0.2636094315202101,0.2527610657449577,0.0995331388066444,0.1244164235083055,0.0928155308070261,0.0915518419210053,0.1093157214405165,0.069142704340079,0.052394055306745,0.0172856760850197,0.0604998662975691,0.0342172612864461,0.0453464478715207,0.0269279728724425,0.0462959317340748,0.0189073187656576,0.0093558370884928,0.0378146375313153,0.0199928020540537,0.0292633455046357,0.0,0.0098918176134588,0.0106540694101741,0.0103185376475894,0.0212321834757405,0.010355137440349,0.0,0.0,0.0,0.0224925684045237,0.0,0.0,0.0122019439596924,0.0,0.0,0.0,0.0,0.0266781696995016,0.0,0.0140027660784299,0.0295785081527656,0.0,0.0,0.0,0.0,0.0,0.0,0.0,0.0,0.0,0.0,0.0,0.0,0.0,0.0,0.0,0.0,0.0,0.0,0.0,0.0,0.0,0.0,0.0,0.0,0.0,0.0,0.0,0.0,0.0,0.0,0.0,0.0,0.023913589166324,0.0,0.0,0.0,0.0,0.0,0.0,0.0,0.0,0.0,0.0,0.0,0.0,0.0,0.0,0.0,0.032028392420937,0.0,0.0,0.0,0.0,0.0,0.0,0.9952380952380953,0.0047619047619047,0.999983393884418,0.005762981467994
J07A1012,0.0579399141630901,0.0965665236051502,0.1180257510729613,0.0772532188841201,0.0793991416309012,0.0579399141630901,0.0622317596566523,0.0579399141630901,0.0407725321888412,0.0407725321888412,0.0321888412017167,0.0257510729613733,0.0150214592274678,0.0107296137339055,0.0321888412017167,0.01931330472103,0.0128755364806866,0.0214592274678111,0.01931330472103,0.0085836909871244,0.0064377682403433,0.0171673819742489,0.0107296137339055,0.0042918454935622,0.0042918454935622,0.0064377682403433,0.0021459227467811,0.0085836909871244,0.0021459227467811,0.0021459227467811,0.0107296137339055,0.0042918454935622,0.0,0.0021459227467811,0.0021459227467811,0.0021459227467811,0.0042918454935622,0.0021459227467811,0.0,0.0021459227467811,0.0021459227467811,0.0042918454935622,0.0,0.0,0.0,0.0042918454935622,0.0021459227467811,0.0,0.0,0.0,0.0,0.0,0.0,0.0,0.0021459227467811,0.0,0.0021459227467811,0.0,0.0,0.0,0.0,0.0,0.0,0.0,0.0021459227467811,0.0,0.0,0.0,0.0,0.0,0.0,0.0,0.0,0.0,0.0,0.0,0.0,0.0,0.0,0.0,0.0,0.0,0.0,0.0,0.0,0.0,0.0,0.0,0.0,0.0,0.0,0.0,0.0,0.0,0.0,0.0,0.0,0.0,0.0,0.0,0.0,0.2634054737451844,0.4000752723618768,0.4839795521921733,0.3135475342423491,0.3222571879713033,0.2351606506817618,0.2499979254113428,0.2367773419050236,0.1666210924516832,0.1695006981408086,0.1319944233251381,0.1066867392965005,0.0639652847697995,0.0461626456530316,0.1370684673638561,0.0822410804183136,0.0542658272531943,0.0958877640203061,0.0854112029564153,0.0391582016725519,0.0299854884752181,0.0791338983371395,0.0499758141253636,0.0211379851724592,0.0206263621511096,0.0309395432266644,0.0104584186587075,0.0450573282543854,0.0109095811185697,0.011224179038929,0.0547413866953414,0.0227718749515706,0.0,0.0114268608251942,0.0118904687832125,0.0127080354015369,0.0253210008970709,0.0129008685124685,0.0,0.0145644732454047,0.0139363802670318,0.0296096826186755,0.0,0.0,0.0,0.0312727583190297,0.0155694572321776,0.0,0.0,0.0,0.0,0.0,0.0,0.0,0.0184804974005196,0.0,0.0186701163594812,0.0,0.0,0.0,0.0,0.0,0.0,0.0,0.0208418929416564,0.0,0.0,0.0,0.0,0.0,0.0,0.0,0.0,0.0,0.0,0.0,0.0,0.0,0.0,0.0,0.0,0.0,0.0,0.0,0.0,0.0,0.0,0.0,0.0,0.0,0.0,0.0,0.0,0.0,0.0,0.0,0.0,0.0,0.0,0.0,0.0,0.9935622317596566,0.0064377682403433,0.9999695468560617,0.0078041886498837
J07A1013,0.0406976744186046,0.0465116279069767,0.063953488372093,0.0600775193798449,0.0717054263565891,0.0581395348837209,0.0406976744186046,0.0465116279069767,0.0368217054263565,0.0387596899224806,0.0387596899224806,0.0329457364341085,0.0523255813953488,0.0368217054263565,0.0368217054263565,0.0251937984496124,0.0193798449612403,0.0232558139534883,0.0174418604651162,0.0290697674418604,0.0193798449612403,0.0155038759689922,0.0174418604651162,0.005813953488372,0.0155038759689922,0.001937984496124,0.0096899224806201,0.005813953488372,0.003875968992248,0.005813953488372,0.005813953488372,0.0077519379844961,0.005813953488372,0.003875968992248,0.003875968992248,0.005813953488372,0.0096899224806201,0.0,0.003875968992248,0.001937984496124,0.003875968992248,0.0,0.001937984496124,0.005813953488372,0.001937984496124,0.005813953488372,0.001937984496124,0.0,0.001937984496124,0.0,0.0,0.001937984496124,0.001937984496124,0.0,0.0,0.0,0.0,0.0,0.0,0.0,0.0,0.0,0.0,0.0,0.001937984496124,0.0,0.0,0.001937984496124,0.0,0.0,0.0,0.0,0.0,0.0,0.0,0.0,0.0,0.001937984496124,0.0,0.0,0.0,0.0,0.0,0.0,0.0,0.0,0.0,0.0,0.0,0.0,0.001937984496124,0.0,0.0,0.0,0.0,0.0,0.0,0.0,0.0,0.0,0.0,0.2218932058414348,0.2311022192733695,0.3145154196259469,0.2924329204043218,0.3490328404825776,0.2829996003912791,0.1960746191336979,0.2279561412900201,0.1804652785212659,0.1932464678071278,0.1906154058339072,0.1636974053186367,0.2672229415591771,0.1899931600099233,0.1880457736897913,0.1286628977877519,0.097957762383079,0.12462584504341,0.0925078350139586,0.1590441447249132,0.1082563927862381,0.0857089627354748,0.0974307535076143,0.0343414419392828,0.0893606478197806,0.0111700809774725,0.0566369301858637,0.0366007831295864,0.023632069219375,0.0364703153717516,0.0355738380462718,0.0493278815439085,0.0387763574552418,0.024752587935893,0.0257568442162641,0.0412917557036453,0.0685621701924114,0.0,0.0275278371357635,0.0157746038155983,0.030188647901195,0.0,0.015274944340881,0.0483035723181723,0.016034943541902,0.0508067162187927,0.0168630897474439,0.0,0.0173828262431477,0.0,0.0,0.018519170640964,0.0183480278031735,0.0,0.0,0.0,0.0,0.0,0.0,0.0,0.0,0.0,0.0,0.0,0.022573600732555,0.0,0.0,0.0265238028495055,0.0,0.0,0.0,0.0,0.0,0.0,0.0,0.0,0.0,0.0296744585584671,0.0,0.0,0.0,0.0,0.0,0.0,0.0,0.0,0.0,0.0,0.0,0.0,0.0360801429639788,0.0,0.0,0.0,0.0,0.0,0.0,0.0,0.0,0.0,0.0,0.9883720930232558,0.0116279069767441,0.9998996151448944,0.014168967255676
J07A1014,0.0024691358024691,0.0148148148148148,0.0123456790123456,0.0148148148148148,0.0320987654320987,0.0222222222222222,0.0271604938271604,0.0345679012345679,0.0395061728395061,0.0469135802469135,0.0148148148148148,0.0395061728395061,0.037037037037037,0.0320987654320987,0.0296296296296296,0.0395061728395061,0.037037037037037,0.0320987654320987,0.0246913580246913,0.0172839506172839,0.0172839506172839,0.0098765432098765,0.0246913580246913,0.0172839506172839,0.0222222222222222,0.0123456790123456,0.0271604938271604,0.0172839506172839,0.0123456790123456,0.0123456790123456,0.0123456790123456,0.0172839506172839,0.019753086419753,0.0172839506172839,0.0172839506172839,0.0123456790123456,0.0098765432098765,0.0074074074074074,0.0098765432098765,0.0148148148148148,0.0024691358024691,0.0123456790123456,0.0172839506172839,0.0123456790123456,0.0074074074074074,0.0074074074074074,0.0,0.0049382716049382,0.0123456790123456,0.0049382716049382,0.0024691358024691,0.0,0.0049382716049382,0.0,0.0074074074074074,0.0,0.0,0.0,0.0049382716049382,0.0,0.0074074074074074,0.0024691358024691,0.0,0.0,0.0074074074074074,0.0024691358024691,0.0049382716049382,0.0,0.0,0.0,0.0,0.0,0.0,0.0024691358024691,0.0024691358024691,0.0,0.0,0.0024691358024691,0.0,0.0,0.0024691358024691,0.0,0.0024691358024691,0.0,0.0,0.0,0.0,0.0,0.0,0.0,0.0,0.0,0.0,0.0,0.0,0.0,0.0,0.0,0.0,0.0,0.0,0.0154432658733189,0.0844420101271206,0.0696486086564673,0.0827237581615563,0.1792348093500388,0.1240856372423345,0.1501098561846376,0.1943490979346981,0.2221132547825122,0.2683178764922601,0.0835783303877607,0.2251786936723218,0.2169779859347019,0.1899949929170851,0.1735823887477615,0.2314431849970153,0.2147556277699981,0.1973261582839624,0.1502278480088014,0.1084773093075188,0.110755685710096,0.0626340770075673,0.15822240815728,0.1171142523277767,0.1469309441661893,0.0816283023145496,0.1821112708340771,0.1248192594362021,0.0863487782428765,0.088838804740277,0.0866550568548921,0.1261667603272594,0.1511298254875482,0.1266202290405428,0.1317574357263776,0.1005834521842573,0.0801657723641548,0.0612658298545029,0.0804667617474059,0.1383324756641035,0.0220611478315694,0.1171795640223977,0.1562759381793198,0.1176636830718434,0.0703077384134386,0.0742566862224402,0.0,0.0517199383938915,0.1270295710943008,0.0533865116418757,0.0275813507117906,0.0,0.0536332140622347,0.0,0.0877633167311598,0.0,0.0,0.0,0.0616535553179614,0.0,0.0945324469570838,0.0327981572544389,0.0,0.0,0.0989775119074491,0.0342212473724215,0.0706763062049233,0.0,0.0,0.0,0.0,0.0,0.0,0.0393799860783423,0.0403568113926202,0.0,0.0,0.0433707809122654,0.0,0.0,0.0442424939167686,0.0,0.0472564634364138,0.0,0.0,0.0,0.0,0.0,0.0,0.0,0.0,0.0,0.0,0.0,0.0,0.0,0.0,0.0,0.0,0.0,0.0,0.945679012345679,0.0543209876543209,0.9976151366701328,0.0690220188536381
J07A1015,0.0066666666666666,0.03,0.07,0.0333333333333333,0.0566666666666666,0.04,0.07,0.0533333333333333,0.0433333333333333,0.0533333333333333,0.0333333333333333,0.0266666666666666,0.0133333333333333,0.0233333333333333,0.02,0.02,0.01,0.0233333333333333,0.0333333333333333,0.0266666666666666,0.0266666666666666,0.0233333333333333,0.0166666666666666,0.0233333333333333,0.0166666666666666,0.01,0.0133333333333333,0.0066666666666666,0.0066666666666666,0.0066666666666666,0.0133333333333333,0.0033333333333333,0.0066666666666666,0.0033333333333333,0.0133333333333333,0.0066666666666666,0.0133333333333333,0.0,0.01,0.01,0.0066666666666666,0.0,0.0066666666666666,0.0033333333333333,0.0,0.0,0.0033333333333333,0.0,0.01,0.0033333333333333,0.0,0.0033333333333333,0.0033333333333333,0.0066666666666666,0.0033333333333333,0.0033333333333333,0.0033333333333333,0.0066666666666666,0.0,0.0066666666666666,0.0033333333333333,0.0,0.0,0.0033333333333333,0.0,0.0,0.0,0.0,0.0033333333333333,0.0,0.0,0.0,0.0,0.0,0.0,0.0,0.0033333333333333,0.0,0.0,0.0,0.0,0.0,0.0,0.0,0.0,0.0,0.0,0.0,0.0,0.0,0.0,0.0,0.0,0.0,0.0,0.0,0.0,0.0,0.0,0.0,0.0,0.0380755935342118,0.1561447404253485,0.3606112517830995,0.1699638436379159,0.2889385341844571,0.2039566123654991,0.3532753671213033,0.2738117078677938,0.2224720126425824,0.2785438203520153,0.1717196437062378,0.138795324822532,0.0713283115638986,0.1261172177975571,0.1069924673458479,0.1069924673458479,0.0529483080795889,0.1309835890902358,0.1851944570929402,0.1528299212192625,0.1560398467634755,0.1351220633936324,0.0975249042271722,0.1443734345207256,0.1006278751305533,0.060376725078332,0.0816359910015337,0.0439633820843656,0.042578830274907,0.0438066694843353,0.0854597142743303,0.0222189969547485,0.0465765940747509,0.0222988564988422,0.0928142422164532,0.0495979888328186,0.0988249308446865,0.0,0.0743969832492279,0.0852651757596738,0.0543920764314648,0.0,0.0550429381795985,0.0290101498422172,0.0,0.0,0.0303828932456862,0.0,0.0939579689067229,0.0329063025619053,0.0,0.0333667194452514,0.0330583646509503,0.073624181391018,0.0360636193846711,0.0370045862848201,0.0364336497910992,0.0760038625081715,0.0,0.0803919594567654,0.0388451839964643,0.0,0.0,0.044147656131515,0.0,0.0,0.0,0.0,0.0477889806978172,0.0,0.0,0.0,0.0,0.0,0.0,0.0,0.0510482616054479,0.0,0.0,0.0,0.0,0.0,0.0,0.0,0.0,0.0,0.0,0.0,0.0,0.0,0.0,0.0,0.0,0.0,0.0,0.0,0.0,0.0,0.0,0.0,0.0,0.95,0.05,0.997996646223026,0.0632668485669385
J07A1017,0.0467289719626168,0.0934579439252336,0.0911214953271028,0.0467289719626168,0.0911214953271028,0.0537383177570093,0.0560747663551401,0.0607476635514018,0.0514018691588785,0.0443925233644859,0.02803738317757,0.0233644859813084,0.02803738317757,0.0350467289719626,0.0186915887850467,0.0186915887850467,0.0233644859813084,0.0163551401869158,0.0257009345794392,0.0116822429906542,0.0163551401869158,0.0093457943925233,0.0116822429906542,0.0116822429906542,0.0093457943925233,0.0046728971962616,0.0023364485981308,0.0046728971962616,0.0070093457943925,0.0046728971962616,0.0,0.0,0.0046728971962616,0.0023364485981308,0.0023364485981308,0.0023364485981308,0.0023364485981308,0.0023364485981308,0.0046728971962616,0.0,0.0023364485981308,0.0023364485981308,0.0023364485981308,0.0,0.0046728971962616,0.0,0.0,0.0,0.0023364485981308,0.0023364485981308,0.0023364485981308,0.0,0.0,0.0023364485981308,0.0,0.0,0.0,0.0,0.0,0.0,0.0,0.0,0.0,0.0,0.0023364485981308,0.0,0.0023364485981308,0.0023364485981308,0.0,0.0,0.0,0.0,0.0023364485981308,0.0,0.0,0.0,0.0,0.0,0.0,0.0,0.0,0.0,0.0,0.0,0.0023364485981308,0.0,0.0,0.0,0.0,0.0,0.0,0.0,0.0,0.0,0.0,0.0,0.0,0.0,0.0,0.0,0.0,0.2268968684164287,0.413548701805226,0.3990859197856848,0.2025668428822351,0.3950053436203584,0.2329518693145703,0.240595291173566,0.2651472940719687,0.2243554026762812,0.1971101398358423,0.1227956676263645,0.1033871754513065,0.1275160990628136,0.161045806412596,0.0850107327085424,0.0850107327085424,0.1051750318780306,0.07805463663177,0.121395472291677,0.056920699236478,0.081362706739226,0.0460118864939163,0.0581162190994471,0.0614527146332189,0.047972252297539,0.0239861261487695,0.0121619579558729,0.0261982881789474,0.0380598265980951,0.0261049013269307,0.0,0.0,0.0277555314471158,0.0132881466557009,0.0138272702725138,0.0147780077752535,0.0147227300015571,0.0150022508720526,0.0295560155505071,0.0,0.0162064339166208,0.0172163558778195,0.016400361940738,0.0,0.034432711755639,0.0,0.0,0.0,0.0186635470204364,0.0196092465262587,0.0202616537024483,0.0,0.0,0.0219367508773503,0.0,0.0,0.0,0.0,0.0,0.0,0.0,0.0,0.0,0.0,0.0242367640796429,0.0,0.0259599113954956,0.0284780066669349,0.0,0.0,0.0,0.0,0.0270434233210786,0.0,0.0,0.0,0.0,0.0,0.0,0.0,0.0,0.0,0.0,0.0,0.0335465894872452,0.0,0.0,0.0,0.0,0.0,0.0,0.0,0.0,0.0,0.0,0.0,0.0,0.0,0.0,0.0,0.0,0.985981308411215,0.014018691588785,0.99985339339675,0.0171228418495258
J07A1019,0.0,0.009009009009009,0.0202702702702702,0.027027027027027,0.0315315315315315,0.0405405405405405,0.0315315315315315,0.027027027027027,0.0382882882882882,0.0315315315315315,0.0292792792792792,0.0315315315315315,0.0157657657657657,0.0247747747747747,0.0157657657657657,0.0337837837837837,0.0315315315315315,0.0225225225225225,0.0292792792792792,0.0225225225225225,0.0337837837837837,0.0247747747747747,0.0225225225225225,0.0157657657657657,0.0292792792792792,0.0112612612612612,0.0247747747747747,0.0202702702702702,0.0292792792792792,0.0112612612612612,0.018018018018018,0.0157657657657657,0.0045045045045045,0.0112612612612612,0.0157657657657657,0.009009009009009,0.0135135135135135,0.0067567567567567,0.0067567567567567,0.0067567567567567,0.009009009009009,0.009009009009009,0.0067567567567567,0.009009009009009,0.018018018018018,0.009009009009009,0.0112612612612612,0.0022522522522522,0.0112612612612612,0.0045045045045045,0.0045045045045045,0.0,0.009009009009009,0.0,0.0067567567567567,0.0045045045045045,0.0022522522522522,0.0045045045045045,0.0045045045045045,0.0045045045045045,0.0022522522522522,0.0045045045045045,0.0022522522522522,0.0022522522522522,0.0,0.0,0.0022522522522522,0.0022522522522522,0.0,0.0022522522522522,0.0,0.0022522522522522,0.0022522522522522,0.0,0.0,0.0,0.0,0.0,0.0,0.0,0.0,0.0,0.0,0.0,0.0022522522522522,0.0,0.0,0.0,0.0,0.0,0.0,0.0,0.0,0.0,0.0,0.0,0.0,0.0,0.0,0.0,0.0,0.0,0.0525210941772929,0.116963784358681,0.1543571364500459,0.180083325858387,0.2315357046750689,0.1782423997428823,0.1554183166561014,0.2201759485961437,0.1844550305988649,0.1689476885180948,0.1838238296205254,0.094468912470986,0.1499884958552641,0.094468912470986,0.2024333838663987,0.1870026631048282,0.1416145151056952,0.1822049870179131,0.144579702085219,0.2214245192810095,0.1606977651362614,0.1476163461873397,0.1092637775927637,0.1980070134885435,0.0761565436494398,0.1699038758994049,0.1497243830353711,0.2094575436883608,0.0828837072330125,0.1293541466906239,0.1177094722973151,0.0352497994725023,0.0843803884402532,0.1229253900977629,0.0750728641854053,0.1121880763619706,0.057159020991938,0.0563046481390539,0.0645298439532204,0.0823293254987713,0.0874597690188975,0.0624858656504897,0.087821102845281,0.174919538037795,0.0923720883600775,0.1149709328880991,0.0241265078052387,0.1185144466013033,0.0498078740934582,0.0514650012271196,0.0,0.1000760788102853,0.0,0.081880311998904,0.0560111477455554,0.027573481374067,0.0575207562031898,0.0575207562031898,0.0608417276176214,0.029398563238657,0.061199221930251,0.0307809301110874,0.0334115462225372,0.0,0.0,0.0329693442461624,0.0361673501477973,0.0,0.0376515887410104,0.0,0.0376515887410104,0.0343454151088529,0.0,0.0,0.0,0.0,0.0,0.0,0.0,0.0,0.0,0.0,0.0,0.0426045004638031,0.0,0.0,0.0,0.0,0.0,0.0,0.0,0.0,0.0,0.0,0.0,0.0,0.0,0.0,0.0,0.0,0.9369369369369368,0.063063063063063,0.9967298590764898,0.0808058662806166
J07A1020,0.0217821782178217,0.093069306930693,0.1108910891089108,0.0693069306930693,0.0554455445544554,0.0297029702970297,0.0475247524752475,0.0356435643564356,0.0316831683168316,0.0415841584158415,0.0356435643564356,0.0118811881188118,0.0198019801980198,0.0118811881188118,0.0277227722772277,0.0198019801980198,0.0277227722772277,0.0158415841584158,0.0277227722772277,0.0217821782178217,0.0257425742574257,0.0118811881188118,0.0198019801980198,0.0079207920792079,0.0178217821782178,0.0178217821782178,0.0158415841584158,0.0039603960396039,0.0099009900990099,0.0099009900990099,0.0138613861386138,0.0019801980198019,0.0079207920792079,0.0019801980198019,0.0019801980198019,0.0039603960396039,0.0059405940594059,0.0019801980198019,0.0039603960396039,0.0039603960396039,0.0039603960396039,0.0099009900990099,0.0099009900990099,0.0039603960396039,0.0019801980198019,0.0099009900990099,0.0039603960396039,0.0,0.0019801980198019,0.0039603960396039,0.0,0.0,0.0,0.0,0.0019801980198019,0.0,0.0,0.0,0.0,0.0,0.0019801980198019,0.0,0.0,0.0,0.0,0.0019801980198019,0.0,0.0,0.0,0.0,0.0,0.0,0.0,0.0,0.0,0.0,0.0,0.0,0.0,0.0,0.0,0.0,0.0,0.0,0.0,0.0,0.0,0.0,0.0,0.0,0.0,0.0,0.0,0.0,0.0,0.0,0.0,0.0,0.0,0.0,0.0,0.1110684623307974,0.4324780761853897,0.510022568004067,0.3155048038226518,0.2524038430581214,0.1352163444954222,0.2141345234485683,0.1633751218441738,0.1452223305281545,0.1938984010844858,0.1639358254298787,0.0552099671726029,0.0945765222989398,0.0573335693169052,0.1324071312185157,0.0945765222989398,0.1310509748883661,0.0793944640351613,0.1375109896399542,0.1114531828158393,0.1344838917422503,0.0614272208276715,0.1034491474940387,0.0437552961187828,0.0960665501903948,0.0960665501903948,0.0865950470893844,0.0233169898172285,0.0564566523819929,0.0580846842227016,0.0793196653174755,0.0117843555518251,0.049405933678081,0.0118267108959355,0.0123065414786663,0.0263054329703426,0.0393105545503515,0.0133522972352163,0.0263054329703426,0.0301482300449845,0.0288480874800895,0.0766144703712905,0.072983217406996,0.0307723990465149,0.0153228940742581,0.0809176459780982,0.0322285310565104,0.0,0.0166109225479313,0.0349052272769273,0.0,0.0,0.0,0.0,0.0191271691598045,0.0,0.0,0.0,0.0,0.0,0.02060243586255,0.0,0.0,0.0,0.0,0.0223745732863612,0.0,0.0,0.0,0.0,0.0,0.0,0.0,0.0,0.0,0.0,0.0,0.0,0.0,0.0,0.0,0.0,0.0,0.0,0.0,0.0,0.0,0.0,0.0,0.0,0.0,0.0,0.0,0.0,0.0,0.0,0.0,0.0,0.0,0.0,0.0,0.994059405940594,0.0059405940594059,0.9999740946391809,0.0071979198766539
J07A1021,0.0046838407494145,0.018735362997658,0.063231850117096,0.0374707259953161,0.0585480093676815,0.0468384074941452,0.0608899297423887,0.0398126463700234,0.0468384074941452,0.0562060889929742,0.0468384074941452,0.0374707259953161,0.0327868852459016,0.0234192037470726,0.0538641686182669,0.0281030444964871,0.0140515222482435,0.018735362997658,0.0281030444964871,0.0257611241217798,0.0140515222482435,0.0304449648711943,0.0117096018735363,0.0140515222482435,0.018735362997658,0.009367681498829,0.0117096018735363,0.0163934426229508,0.0117096018735363,0.009367681498829,0.009367681498829,0.0023419203747072,0.0046838407494145,0.0070257611241217,0.0117096018735363,0.0046838407494145,0.009367681498829,0.0,0.0,0.0,0.0023419203747072,0.009367681498829,0.0,0.0,0.0046838407494145,0.0046838407494145,0.0023419203747072,0.0046838407494145,0.0023419203747072,0.0023419203747072,0.0,0.0046838407494145,0.0,0.0,0.0,0.0023419203747072,0.0023419203747072,0.0,0.0,0.0,0.0,0.0,0.0,0.0023419203747072,0.0023419203747072,0.0070257611241217,0.0,0.0,0.0023419203747072,0.0023419203747072,0.0,0.0,0.0,0.0023419203747072,0.0,0.0,0.0,0.0,0.0,0.0,0.0,0.0,0.0,0.0,0.0,0.0,0.0,0.0,0.0,0.0,0.0,0.0,0.0,0.0,0.0,0.0,0.0,0.0,0.0,0.0,0.0,0.0263149634049026,0.0959248052218738,0.3204349150099337,0.1879457956276217,0.2936653056681589,0.2349322445345271,0.3022898033239828,0.2010652606772764,0.2365473655026781,0.2887625546521947,0.2373591963036546,0.1918496104437476,0.1725385232400474,0.1245180841215951,0.2834561453229351,0.1478901627771835,0.0731877121344911,0.1034582008687625,0.153590841024585,0.1452336244768578,0.080882183496325,0.1734313757883663,0.0674018195802708,0.0855256900454247,0.1112741724882347,0.0556370862441173,0.0705257592963742,0.1063445475599003,0.0735681480251239,0.0605516971566134,0.0590632750531328,0.0153560860773579,0.0321902104428337,0.0462338368181414,0.080182708944024,0.0342783694210746,0.0683002994118341,0.0,0.0,0.0,0.0187958396436366,0.0798684932150078,0.0,0.0,0.0399342466075039,0.0421772181381411,0.0209983522168053,0.0440647819348387,0.0216455414425148,0.0227423414143009,0.0,0.046121093311625,0.0,0.0,0.0,0.0255747643966113,0.0251801763798732,0.0,0.0,0.0,0.0,0.0,0.0,0.0305115126956377,0.0281092270801426,0.0874683062179766,0.0,0.0,0.0330281201549939,0.0343835307779728,0.0,0.0,0.0,0.033551287047629,0.0,0.0,0.0,0.0,0.0,0.0,0.0,0.0,0.0,0.0,0.0,0.0,0.0,0.0,0.0,0.0,0.0,0.0,0.0,0.0,0.0,0.0,0.0,0.0,0.0,0.0,0.0,0.9718969555035128,0.0281030444964871,0.9993940415318066,0.0348073232340791
J07A1022,0.0554016620498614,0.1080332409972299,0.1024930747922437,0.0554016620498614,0.0969529085872576,0.0581717451523545,0.0637119113573407,0.0443213296398892,0.0277008310249307,0.0360110803324099,0.0166204986149584,0.0221606648199446,0.0249307479224376,0.0166204986149584,0.0193905817174515,0.0221606648199446,0.0166204986149584,0.0055401662049861,0.0166204986149584,0.0138504155124653,0.0138504155124653,0.0083102493074792,0.0110803324099723,0.0221606648199446,0.0138504155124653,0.0138504155124653,0.0138504155124653,0.0083102493074792,0.002770083102493,0.0055401662049861,0.0055401662049861,0.002770083102493,0.0055401662049861,0.002770083102493,0.0083102493074792,0.0,0.002770083102493,0.0,0.0055401662049861,0.0055401662049861,0.0,0.0,0.002770083102493,0.002770083102493,0.002770083102493,0.0,0.0,0.0,0.0,0.002770083102493,0.002770083102493,0.0,0.002770083102493,0.0,0.002770083102493,0.002770083102493,0.0,0.0,0.0,0.0,0.0,0.0,0.0,0.0,0.0,0.0,0.0,0.0,0.0,0.0,0.0,0.0,0.0,0.0,0.002770083102493,0.0,0.0,0.0,0.0,0.0,0.0,0.0,0.0,0.0,0.0,0.0,0.0,0.0,0.0,0.0,0.0,0.0,0.0,0.0,0.0,0.0,0.0,0.0,0.0,0.0,0.0,0.2592855503535324,0.4607667060659537,0.4326665648798068,0.2314825043935903,0.4050943826887831,0.2430566296132698,0.2634835647202531,0.1864591271675133,0.1165369544796958,0.1541162844914854,0.0701621456561849,0.0945162473981443,0.1092889100514902,0.0736137979148855,0.0850024855956035,0.0971456978235468,0.0721130253077683,0.0254847557054227,0.0756677581715769,0.0650459168125278,0.0664120926782062,0.0394349337949551,0.053129674142565,0.1123597768138366,0.0685251405488619,0.0685251405488619,0.0694901605291773,0.0449069941965777,0.0144975749771558,0.0298312786541209,0.0290979955818225,0.0151305976321524,0.0317175300692652,0.015184980043349,0.0474031846387025,0.0,0.0168243448127017,0.0,0.0337750265649586,0.0387090101046367,0.0,0.0,0.0187414524558219,0.0197552079153253,0.0196739264848288,0.0,0.0,0.0,0.0,0.0224083933509721,0.023153929218935,0.0,0.0225119439427981,0.0,0.0245584494736578,0.0251992250937421,0.0,0.0,0.0,0.0,0.0,0.0,0.0,0.0,0.0,0.0,0.0,0.0,0.0,0.0,0.0,0.0,0.0,0.0,0.0338786437347024,0.0,0.0,0.0,0.0,0.0,0.0,0.0,0.0,0.0,0.0,0.0,0.0,0.0,0.0,0.0,0.0,0.0,0.0,0.0,0.0,0.0,0.0,0.0,0.0,0.0,0.0,0.9861495844875346,0.0138504155124653,0.9998569399882752,0.0169144777419425
J07A1023,0.0020964360587002,0.0272536687631027,0.0524109014675052,0.0628930817610062,0.0587002096436058,0.0461215932914046,0.0377358490566037,0.0545073375262054,0.0524109014675052,0.0398322851153039,0.0167714884696016,0.0335429769392033,0.0461215932914046,0.0167714884696016,0.0314465408805031,0.0125786163522012,0.0272536687631027,0.0167714884696016,0.0335429769392033,0.0125786163522012,0.0188679245283018,0.0230607966457023,0.0020964360587002,0.0167714884696016,0.0125786163522012,0.0083857442348008,0.0146750524109014,0.0083857442348008,0.0146750524109014,0.0020964360587002,0.0125786163522012,0.0041928721174004,0.010482180293501,0.0020964360587002,0.0062893081761006,0.0083857442348008,0.0083857442348008,0.0083857442348008,0.0146750524109014,0.0083857442348008,0.0083857442348008,0.0041928721174004,0.0041928721174004,0.0020964360587002,0.0020964360587002,0.0020964360587002,0.0062893081761006,0.0062893081761006,0.0020964360587002,0.0041928721174004,0.0041928721174004,0.0062893081761006,0.0062893081761006,0.0020964360587002,0.0020964360587002,0.0041928721174004,0.0020964360587002,0.0,0.0041928721174004,0.0,0.0020964360587002,0.0,0.0020964360587002,0.0020964360587002,0.0,0.0,0.0020964360587002,0.0,0.0,0.0,0.0,0.0,0.0020964360587002,0.0041928721174004,0.0083857442348008,0.0020964360587002,0.0020964360587002,0.0020964360587002,0.0041928721174004,0.0,0.0,0.0041928721174004,0.0,0.0,0.0,0.0,0.0,0.0,0.0,0.0020964360587002,0.0,0.0,0.0,0.0,0.0,0.0,0.0,0.0,0.0,0.0,0.0,0.0121877103219422,0.1443888441879475,0.2748308141537268,0.3264248668273355,0.3046632090388464,0.2393782356733794,0.1938527667291369,0.2848464533997078,0.2738908205766421,0.2117544682395305,0.0879458605291926,0.1777093466928584,0.2511482002622549,0.0922723891052496,0.1712374092697193,0.0684949637078877,0.1468857353342801,0.0958328205300011,0.1896939166975877,0.0733795576950887,0.1123811506964588,0.1359334535232989,0.0124867945218287,0.1056293657535451,0.0773045373310937,0.0515363582207291,0.0914587275565607,0.0562893881232001,0.0954041370727427,0.0140221845094659,0.0820650299911118,0.0284485333929488,0.0745440823996215,0.0142753915719924,0.0445637083845447,0.0635037686177814,0.0632662300399225,0.0644673817075723,0.1111315950811174,0.0727806391619109,0.069641973749929,0.0369908954147803,0.0352376587484447,0.0185718603364853,0.0184954477073901,0.0195342744332778,0.058352009870291,0.0612254848343791,0.0200501581403542,0.0421322370752103,0.0435339928122285,0.064082611444023,0.0634903991798681,0.0235665451853719,0.0230873851422025,0.0473795559160457,0.0233242730268158,0.0,0.0486565263265565,0.0,0.0248681008492258,0.0,0.026037438225177,0.0282626635269737,0.0,0.0,0.0278886070380582,0.0,0.0,0.0,0.0,0.0,0.0290526186501655,0.0621567829942188,0.1273971790177585,0.033899886043589,0.0326803270618434,0.0342278970349367,0.063172166905376,0.0,0.0,0.0846089199598528,0.0,0.0,0.0,0.0,0.0,0.0,0.0,0.040970281440994,0.0,0.0,0.0,0.0,0.0,0.0,0.0,0.0,0.0,0.0,0.0,0.9329140461215932,0.0670859538784067,0.9962699370487276,0.0862914395112554
J07A1024,0.0110864745011086,0.0509977827050997,0.0509977827050997,0.0665188470066518,0.0598669623059867,0.0354767184035476,0.0576496674057649,0.0310421286031042,0.0509977827050997,0.0266075388026607,0.024390243902439,0.0421286031042128,0.0310421286031042,0.0376940133037694,0.024390243902439,0.0266075388026607,0.024390243902439,0.0177383592017738,0.0177383592017738,0.0088691796008869,0.0088691796008869,0.0221729490022172,0.0177383592017738,0.0110864745011086,0.0133037694013303,0.0044345898004434,0.0133037694013303,0.0177383592017738,0.0177383592017738,0.0133037694013303,0.0044345898004434,0.0044345898004434,0.0088691796008869,0.0066518847006651,0.0022172949002217,0.0110864745011086,0.0133037694013303,0.0022172949002217,0.0066518847006651,0.0066518847006651,0.0066518847006651,0.0,0.0044345898004434,0.0044345898004434,0.0022172949002217,0.0022172949002217,0.0022172949002217,0.0022172949002217,0.0088691796008869,0.0022172949002217,0.0066518847006651,0.0044345898004434,0.0022172949002217,0.0,0.0,0.0044345898004434,0.0066518847006651,0.0,0.0,0.0044345898004434,0.0066518847006651,0.0,0.0022172949002217,0.0,0.0022172949002217,0.0,0.0022172949002217,0.0,0.0,0.0022172949002217,0.0044345898004434,0.0,0.0022172949002217,0.0,0.0,0.0022172949002217,0.0,0.0,0.0022172949002217,0.0,0.0,0.0,0.0,0.0,0.0,0.0,0.0,0.0,0.0022172949002217,0.0,0.0,0.0,0.0,0.0,0.0,0.0,0.0022172949002217,0.0,0.0022172949002217,0.0,0.0,0.0646178053155449,0.2708807851028347,0.2681101944273755,0.3461332430395346,0.3115199187355812,0.1846043962877518,0.2969155359938563,0.1626393312996445,0.2671931871351303,0.1418143909366681,0.1282266147261361,0.2237710833458199,0.1694710425032148,0.2079173712718781,0.1331558191096687,0.1452608935741841,0.1317919944778683,0.1016188664855027,0.1005734814408889,0.0518733034948645,0.0529628116266654,0.1310369395759169,0.1059256232533309,0.0700043077367313,0.0819719112338211,0.0273239704112737,0.0831262982446565,0.1193758836400188,0.1156163435895664,0.0892127657908027,0.0290066085212246,0.030166154983004,0.0632358318559977,0.0454118673172654,0.0157514357029359,0.0841723762903906,0.1006290310758723,0.0170899234160619,0.0505034257742343,0.0578811570985362,0.0553850319218046,0.0,0.0373651836585453,0.0393863268446718,0.0196121372695953,0.0207136846703264,0.0206250324519163,0.0216406875170258,0.0850428624268667,0.0223380160909539,0.0692436314411995,0.0453011282241863,0.0224412414650451,0.0,0.0,0.0502401655314715,0.0741975298277296,0.0,0.0,0.0545730375070301,0.0791086458470991,0.0,0.0276094864368566,0.0,0.0276094864368566,0.0,0.0295724222598653,0.0,0.0,0.0337722422590663,0.068704030979912,0.0,0.0308067127664384,0.0,0.0,0.0359466409804643,0.0,0.0,0.0334931391920559,0.0,0.0,0.0,0.0,0.0,0.0,0.0,0.0,0.0,0.0416069540894079,0.0,0.0,0.0,0.0,0.0,0.0,0.0,0.0483643654355123,0.0,0.0494416659197496,0.0,0.0,0.9423503325942352,0.0576496674057649,0.997296190282674,0.0734867936956309
J07A1025,0.0227272727272727,0.0113636363636363,0.0,0.0454545454545454,0.0227272727272727,0.0454545454545454,0.0681818181818181,0.034090909090909,0.034090909090909,0.0454545454545454,0.0681818181818181,0.0227272727272727,0.034090909090909,0.0227272727272727,0.0227272727272727,0.0113636363636363,0.0113636363636363,0.0,0.0681818181818181,0.0113636363636363,0.034090909090909,0.034090909090909,0.0227272727272727,0.0227272727272727,0.0,0.0113636363636363,0.034090909090909,0.0113636363636363,0.0113636363636363,0.0113636363636363,0.034090909090909,0.0,0.0,0.034090909090909,0.0,0.0113636363636363,0.0113636363636363,0.0,0.0113636363636363,0.0113636363636363,0.0113636363636363,0.0,0.0,0.0113636363636363,0.0113636363636363,0.0,0.0,0.0113636363636363,0.0113636363636363,0.0,0.0,0.0,0.0,0.0113636363636363,0.0227272727272727,0.0,0.0,0.0,0.0,0.0,0.0,0.0,0.0,0.0,0.0,0.0,0.0,0.0,0.0,0.0,0.0,0.0,0.0,0.0,0.0,0.0,0.0,0.0,0.0,0.0,0.0,0.0,0.0,0.0,0.0,0.0,0.0,0.0,0.0,0.0,0.0,0.0,0.0,0.0,0.0,0.0,0.0,0.0,0.0,0.0,0.0,0.119912010783901,0.054638762465778,0.0,0.2141078245608488,0.1070539122804244,0.2141078245608488,0.31787861761947,0.1616848357716656,0.1616848357716656,0.2193055083949543,0.3244794765876725,0.109277524931556,0.168476453120077,0.1134807874610049,0.1123176354133847,0.0561588177066923,0.0555836210732046,0.0,0.349941329992828,0.0601636818375545,0.1842819446564353,0.1823750764373693,0.1228546297709569,0.1299078058014305,0.0,0.0633817610064249,0.1928230447255128,0.0692272536980997,0.0670470592993243,0.0689804850828197,0.2018546244809981,0.0,0.0,0.2106783222083149,0.0,0.0780998274713284,0.0778076917075406,0.0,0.0780998274713284,0.0895089454613353,0.0856488717601759,0.0,0.0,0.0913620794275176,0.0909861764989918,0.0,0.0,0.1003971870539673,0.0986343913514485,0.0,0.0,0.0,0.0,0.1159328432396345,0.2271513436908371,0.0,0.0,0.0,0.0,0.0,0.0,0.0,0.0,0.0,0.0,0.0,0.0,0.0,0.0,0.0,0.0,0.0,0.0,0.0,0.0,0.0,0.0,0.0,0.0,0.0,0.0,0.0,0.0,0.0,0.0,0.0,0.0,0.0,0.0,0.0,0.0,0.0,0.0,0.0,0.0,0.0,0.0,0.0,0.0,0.0,0.0,0.9659090909090908,0.034090909090909,0.9990976231419612,0.0424728081492587
J07A1026,0.0067415730337078,0.0247191011235955,0.0404494382022471,0.0179775280898876,0.0247191011235955,0.0314606741573033,0.0539325842696629,0.0337078651685393,0.0269662921348314,0.0202247191011235,0.0157303370786516,0.0247191011235955,0.0269662921348314,0.0359550561797752,0.0426966292134831,0.0292134831460674,0.0269662921348314,0.0157303370786516,0.0426966292134831,0.0359550561797752,0.0382022471910112,0.0224719101123595,0.0224719101123595,0.0179775280898876,0.0112359550561797,0.0179775280898876,0.0157303370786516,0.0112359550561797,0.0179775280898876,0.0134831460674157,0.0112359550561797,0.0112359550561797,0.0112359550561797,0.0044943820224719,0.0157303370786516,0.0157303370786516,0.0112359550561797,0.0089887640449438,0.0202247191011235,0.0067415730337078,0.0089887640449438,0.0089887640449438,0.0089887640449438,0.0022471910112359,0.0022471910112359,0.0112359550561797,0.0022471910112359,0.0044943820224719,0.0,0.0089887640449438,0.0022471910112359,0.0022471910112359,0.0067415730337078,0.0,0.0044943820224719,0.0044943820224719,0.0044943820224719,0.0,0.0067415730337078,0.0022471910112359,0.0,0.0022471910112359,0.0022471910112359,0.0067415730337078,0.0,0.0,0.0044943820224719,0.0022471910112359,0.0,0.0022471910112359,0.0,0.0,0.0022471910112359,0.0,0.0,0.0,0.0,0.0022471910112359,0.0,0.0,0.0,0.0,0.0,0.0,0.0,0.0,0.0,0.0,0.0,0.0,0.0,0.0,0.0,0.0,0.0,0.0,0.0,0.0,0.0,0.0,0.0,0.0421110851261814,0.1407135848237563,0.2279034897497822,0.1002547647765065,0.1378503015676964,0.1754458383588864,0.2976896907180895,0.1892699999575409,0.1514159999660328,0.115524619330714,0.0886291349026931,0.1407135848237563,0.157776271956219,0.2125469197940959,0.2498124305973467,0.1709242946192372,0.1561602767451474,0.0965773707568613,0.2594418762771273,0.2253704004730912,0.2444854065809243,0.1423268114778745,0.1438149450476025,0.1216571747433094,0.0741953680797639,0.1187125889276223,0.105336336356595,0.0810381644139083,0.1255776088108341,0.096899153316772,0.0787643949098228,0.0819130213810994,0.0858551255503117,0.0328829733022375,0.1197598279490613,0.127994291983453,0.0910825170208284,0.0742494235924968,0.164564089693011,0.0628680779721039,0.0802091890784616,0.0852075139386393,0.0811689813211014,0.0213898856832651,0.0213018784846598,0.1124916646644395,0.0224020426225556,0.0470104088580746,0.0,0.0970504535669498,0.0250698398738302,0.0246020899044401,0.0731241973521785,0.0,0.0531811590190629,0.0545687543631334,0.0537268237699089,0.0,0.0840592313058595,0.0296374688167151,0.0,0.0298116128944327,0.0299882627281814,0.097653406442905,0.0,0.0,0.0642406420898663,0.0352359722237114,0.0,0.0366819888555658,0.0,0.0,0.0334609554706645,0.0,0.0,0.0,0.0,0.0394215114421014,0.0,0.0,0.0,0.0,0.0,0.0,0.0,0.0,0.0,0.0,0.0,0.0,0.0,0.0,0.0,0.0,0.0,0.0,0.0,0.0,0.0,0.0,0.0,0.9415730337078652,0.0584269662921348,0.997218524865455,0.0745333057442495
J07A1027,0.0425531914893617,0.0,0.1063829787234042,0.0,0.0638297872340425,0.0425531914893617,0.1914893617021276,0.0212765957446808,0.1276595744680851,0.0,0.0212765957446808,0.0425531914893617,0.0,0.0,0.0638297872340425,0.0,0.0212765957446808,0.0638297872340425,0.0425531914893617,0.0,0.0212765957446808,0.0,0.0212765957446808,0.0,0.0212765957446808,0.0,0.0425531914893617,0.0,0.0212765957446808,0.0,0.0,0.0212765957446808,0.0,0.0,0.0,0.0,0.0,0.0,0.0,0.0,0.0,0.0,0.0,0.0,0.0,0.0,0.0,0.0,0.0,0.0,0.0,0.0,0.0,0.0,0.0,0.0,0.0,0.0,0.0,0.0,0.0,0.0,0.0,0.0,0.0,0.0,0.0,0.0,0.0,0.0,0.0,0.0,0.0,0.0,0.0,0.0,0.0,0.0,0.0,0.0,0.0,0.0,0.0,0.0,0.0,0.0,0.0,0.0,0.0,0.0,0.0,0.0,0.0,0.0,0.0,0.0,0.0,0.0,0.0,0.0,0.0,0.1563440459936437,0.0,0.3525531893481473,0.0,0.2093690407985876,0.1395793605323917,0.6216862125228405,0.07026947296635,0.4216168377981,0.0,0.0705106378696294,0.1424785580050042,0.0,0.0,0.219663486278454,0.0,0.0724712074524655,0.2305020360397675,0.152087193028209,0.0,0.0800903502571457,0.0,0.0800903502571457,0.0,0.0826386021981129,0.0,0.1676047560547197,0.0,0.0874175026697112,0.0,0.0,0.0912345037695745,0.0,0.0,0.0,0.0,0.0,0.0,0.0,0.0,0.0,0.0,0.0,0.0,0.0,0.0,0.0,0.0,0.0,0.0,0.0,0.0,0.0,0.0,0.0,0.0,0.0,0.0,0.0,0.0,0.0,0.0,0.0,0.0,0.0,0.0,0.0,0.0,0.0,0.0,0.0,0.0,0.0,0.0,0.0,0.0,0.0,0.0,0.0,0.0,0.0,0.0,0.0,0.0,0.0,0.0,0.0,0.0,0.0,0.0,0.0,0.0,0.0,0.0,0.0,0.0,0.0,0.0,0.0,0.0,0.0,1.0,0.0,1.0,0.0
J07A1028,0.0052083333333333,0.0729166666666666,0.0520833333333333,0.0833333333333333,0.046875,0.0729166666666666,0.0520833333333333,0.0520833333333333,0.0520833333333333,0.0260416666666666,0.046875,0.0416666666666666,0.03125,0.0104166666666666,0.0260416666666666,0.0208333333333333,0.03125,0.0208333333333333,0.0,0.0208333333333333,0.0208333333333333,0.0364583333333333,0.0052083333333333,0.0104166666666666,0.015625,0.0104166666666666,0.0104166666666666,0.015625,0.0052083333333333,0.0052083333333333,0.0052083333333333,0.0208333333333333,0.0052083333333333,0.0,0.0052083333333333,0.0052083333333333,0.0052083333333333,0.0,0.0,0.0,0.0,0.0,0.0052083333333333,0.0052083333333333,0.0052083333333333,0.0,0.0,0.0052083333333333,0.0,0.0,0.0,0.0,0.0,0.0052083333333333,0.0052083333333333,0.0,0.0,0.0052083333333333,0.0052083333333333,0.0,0.0,0.0052083333333333,0.0,0.0,0.0,0.0,0.0,0.0,0.0,0.0,0.0,0.0,0.0,0.0,0.0,0.0,0.0,0.0,0.0052083333333333,0.0,0.0,0.0,0.0,0.0,0.0,0.0,0.0,0.0,0.0,0.0,0.0,0.0,0.0,0.0,0.0,0.0,0.0,0.0,0.0,0.0,0.0,0.0271630513347383,0.3465570629715869,0.2450088922702889,0.3880059581485254,0.2182533514585455,0.3395052133799597,0.2400246967802093,0.2441708974996811,0.2441708974996811,0.1241953734154792,0.22050800304326,0.1980326074123354,0.1526564191486208,0.0514124387566961,0.1272136826238507,0.1017709460990805,0.1510928631130722,0.1067924882872645,0.0,0.1090285563594109,0.1113185107434391,0.1927916128802626,0.0278296276858597,0.0588546947832722,0.0861452668493542,0.0574301778995695,0.0582389506901431,0.0940901632958135,0.0303756513077386,0.0312515893137093,0.0304833935654859,0.126807899521448,0.0332276479081789,0.0,0.0331067462369965,0.0353831048110939,0.0352507527856945,0.0,0.0,0.0,0.0,0.0,0.039267520650567,0.0413915643197817,0.0412212616040208,0.0,0.0,0.0454849172819703,0.0,0.0,0.0,0.0,0.0,0.0525233419357045,0.0514554261002966,0.0,0.0,0.0542210016264842,0.0542210016264842,0.0,0.0,0.0576884472814997,0.0,0.0,0.0,0.0,0.0,0.0,0.0,0.0,0.0,0.0,0.0,0.0,0.0,0.0,0.0,0.0,0.0703966851545552,0.0,0.0,0.0,0.0,0.0,0.0,0.0,0.0,0.0,0.0,0.0,0.0,0.0,0.0,0.0,0.0,0.0,0.0,0.0,0.0,0.0,0.0,0.96875,0.03125,0.999246025475006,0.0388249993226471
J07A1030,0.016,0.036,0.052,0.028,0.032,0.032,0.028,0.056,0.068,0.048,0.064,0.028,0.028,0.036,0.044,0.024,0.036,0.016,0.024,0.036,0.032,0.008,0.02,0.004,0.012,0.012,0.016,0.004,0.024,0.024,0.012,0.0,0.008,0.012,0.004,0.008,0.0,0.004,0.0,0.004,0.004,0.008,0.0,0.004,0.004,0.004,0.0,0.004,0.0,0.004,0.0,0.004,0.0,0.0,0.0,0.004,0.004,0.0,0.0,0.0,0.0,0.0,0.0,0.0,0.012,0.004,0.0,0.0,0.0,0.0,0.0,0.0,0.0,0.0,0.0,0.0,0.0,0.0,0.0,0.0,0.0,0.0,0.0,0.0,0.0,0.0,0.0,0.0,0.0,0.0,0.0,0.0,0.0,0.0,0.0,0.0,0.0,0.0,0.0,0.0,0.0,0.0901385767667464,0.1848252826171646,0.2642392633284202,0.1408278674302653,0.1609461342060175,0.1609461342060175,0.1393882355392646,0.2835920722248398,0.3443618019873055,0.2472798964165511,0.325217554865748,0.143752997591128,0.147752218794617,0.191934422263273,0.2321820581058268,0.1266447589668146,0.1880214340537984,0.0885957433957613,0.1315264969339116,0.2035143000517234,0.1847011221705967,0.045697479121911,0.1154382013566229,0.0244131189387992,0.0714666740980408,0.0714666740980408,0.0966308251401168,0.0260192706344599,0.1511990282406671,0.1555591314680864,0.075867665155299,0.0,0.0551317459669828,0.0791840783726274,0.027465572170129,0.058708108120051,0.0,0.0297994756680078,0.0,0.0336422052262854,0.0321913849649843,0.0683948538720376,0.0,0.034338711177515,0.0341974269360188,0.0361181807139084,0.0,0.0377345834385941,0.0,0.0389505061414335,0.0,0.039495492033077,0.0,0.0,0.0,0.0438015593710822,0.0431257537146063,0.0,0.0,0.0,0.0,0.0,0.0,0.0,0.1444268998610099,0.0499352688517481,0.0,0.0,0.0,0.0,0.0,0.0,0.0,0.0,0.0,0.0,0.0,0.0,0.0,0.0,0.0,0.0,0.0,0.0,0.0,0.0,0.0,0.0,0.0,0.0,0.0,0.0,0.0,0.0,0.0,0.0,0.0,0.0,0.0,0.0,0.0,0.972,0.028,0.9993986004965076,0.0346761780711486
J07A1031,0.126232741617357,0.1518737672583826,0.0749506903353057,0.0611439842209073,0.0848126232741617,0.0571992110453648,0.0473372781065088,0.0433925049309664,0.029585798816568,0.0276134122287968,0.0315581854043392,0.0157790927021696,0.019723865877712,0.0138067061143984,0.019723865877712,0.0118343195266272,0.0256410256410256,0.0118343195266272,0.019723865877712,0.0039447731755424,0.0078895463510848,0.0039447731755424,0.009861932938856,0.0078895463510848,0.009861932938856,0.0078895463510848,0.0019723865877712,0.0039447731755424,0.0118343195266272,0.0059171597633136,0.0039447731755424,0.0059171597633136,0.0019723865877712,0.0039447731755424,0.0019723865877712,0.0019723865877712,0.0,0.0019723865877712,0.0019723865877712,0.0,0.0,0.0039447731755424,0.0,0.0,0.0019723865877712,0.0019723865877712,0.0019723865877712,0.0,0.0019723865877712,0.0019723865877712,0.0,0.0019723865877712,0.0039447731755424,0.0,0.0,0.0019723865877712,0.0019723865877712,0.0,0.0,0.0,0.0,0.0,0.0,0.0,0.0,0.0,0.0,0.0,0.0,0.0,0.0,0.0,0.0,0.0,0.0,0.0,0.0019723865877712,0.0,0.0,0.0,0.0,0.0,0.0,0.0,0.0,0.0,0.0,0.0019723865877712,0.0,0.0,0.0,0.0,0.0,0.0,0.0,0.0,0.0,0.0,0.0,0.0,0.0,0.5165452296522443,0.5663530851548215,0.2766401874294593,0.2233726170885927,0.3098394366067577,0.2089614805022319,0.1711658015597965,0.1596123188697542,0.1088265810475597,0.1033268704435394,0.116480078917667,0.0588418789771243,0.0755985816174296,0.0534670319484044,0.0755985816174296,0.0453591489704578,0.0972715596883453,0.047597242344902,0.0785126577241021,0.016197951443908,0.0330763222414206,0.0163670315295739,0.0413454028017758,0.0349752585993288,0.0426608983964563,0.034128718717165,0.008652335928519,0.0186381494574186,0.0541535180935042,0.0278575674016833,0.0181152001019468,0.0282590396645441,0.0098730065843983,0.0189070722246709,0.009837082795903,0.0105134623955853,0.0,0.0106729948171079,0.0105134623955853,0.0,0.0,0.0244963343994943,0.0,0.0,0.0122481671997471,0.0129361053146571,0.0128807402527677,0.0,0.0132777369420641,0.01395053237858,0.0,0.0141457247927591,0.0280299973282252,0.0,0.0,0.0156879879819731,0.0154459410966756,0.0,0.0,0.0,0.0,0.0,0.0,0.0,0.0,0.0,0.0,0.0,0.0,0.0,0.0,0.0,0.0,0.0,0.0,0.0,0.021641763764169,0.0,0.0,0.0,0.0,0.0,0.0,0.0,0.0,0.0,0.0,0.0263464446901563,0.0,0.0,0.0,0.0,0.0,0.0,0.0,0.0,0.0,0.0,0.0,0.0,0.0,0.9861932938856016,0.0138067061143984,0.9998578539125174,0.0168603668244569
J07A1032,0.0096153846153846,0.0064102564102564,0.0,0.0256410256410256,0.0448717948717948,0.0096153846153846,0.0224358974358974,0.0256410256410256,0.0192307692307692,0.0224358974358974,0.0288461538461538,0.0288461538461538,0.0288461538461538,0.048076923076923,0.032051282051282,0.0224358974358974,0.0224358974358974,0.0224358974358974,0.0096153846153846,0.0128205128205128,0.0192307692307692,0.0416666666666666,0.032051282051282,0.0224358974358974,0.0224358974358974,0.032051282051282,0.032051282051282,0.0064102564102564,0.0096153846153846,0.0192307692307692,0.0032051282051282,0.0096153846153846,0.0064102564102564,0.0256410256410256,0.0192307692307692,0.0128205128205128,0.016025641025641,0.0128205128205128,0.0096153846153846,0.0064102564102564,0.016025641025641,0.0064102564102564,0.0096153846153846,0.0192307692307692,0.0096153846153846,0.0128205128205128,0.0128205128205128,0.0064102564102564,0.0032051282051282,0.0032051282051282,0.0128205128205128,0.0032051282051282,0.0032051282051282,0.0032051282051282,0.0064102564102564,0.0096153846153846,0.0096153846153846,0.0032051282051282,0.0096153846153846,0.0,0.0,0.0,0.0032051282051282,0.0064102564102564,0.0,0.0,0.0032051282051282,0.0064102564102564,0.0,0.0,0.0032051282051282,0.0032051282051282,0.0064102564102564,0.0032051282051282,0.0,0.0,0.0,0.0,0.0,0.0032051282051282,0.0,0.0,0.0,0.0,0.0,0.0,0.0,0.0,0.0,0.0,0.0,0.0,0.0,0.0,0.0,0.0,0.0,0.0,0.0,0.0,0.0,0.0586954967968777,0.0356600286752481,0.0,0.1397376298230945,0.2445408521904154,0.0524016111836604,0.1210205001540933,0.140698303299033,0.1055237274742747,0.1252386642640264,0.1588288275227661,0.1604701290386168,0.164934422328717,0.277737449042045,0.1832604692541301,0.128282328477891,0.126968419701146,0.1346119849185716,0.0570973668648456,0.0785317427670313,0.1202717472763941,0.2578923280374037,0.2004529121273236,0.1483727444432583,0.1447815359539604,0.2068307656485148,0.2097435042404542,0.0451812182519527,0.0656374691512038,0.135060493598838,0.0219567616236192,0.0685034660544669,0.0478668192152645,0.1833324834399313,0.1430779549588768,0.1019438201552924,0.1269531186391532,0.1034907267667124,0.0764578651164693,0.0584180793597151,0.1397469985197549,0.0593821952874101,0.0848515361607807,0.1788825858339756,0.0890732929311151,0.125434984602322,0.1248981371110031,0.0655242982763583,0.0321869041796225,0.0338178449297001,0.1397719105649723,0.0342910158894189,0.033974119313227,0.0378318278796832,0.0741252461081071,0.1140889674535919,0.1123287111829547,0.0390546283880453,0.117163885164136,0.0,0.0,0.0,0.0417983999612386,0.0907411938036258,0.0,0.0,0.0447701168316703,0.0982255806799851,0.0,0.0,0.0520060119990888,0.0511282849378857,0.0932774540843066,0.0498907391239449,0.0,0.0,0.0,0.0,0.0,0.0598694952440065,0.0,0.0,0.0,0.0,0.0,0.0,0.0,0.0,0.0,0.0,0.0,0.0,0.0,0.0,0.0,0.0,0.0,0.0,0.0,0.0,0.0,0.903846153846154,0.0961538461538461,0.9918902480543992,0.1270973477873644
J07A1033,0.0082872928176795,0.0359116022099447,0.0580110497237569,0.0386740331491712,0.0607734806629834,0.0303867403314917,0.0469613259668508,0.0414364640883977,0.0331491712707182,0.0414364640883977,0.0497237569060773,0.0248618784530386,0.0193370165745856,0.0220994475138121,0.0359116022099447,0.0276243093922651,0.0331491712707182,0.0165745856353591,0.0248618784530386,0.0220994475138121,0.0138121546961325,0.0220994475138121,0.011049723756906,0.011049723756906,0.0138121546961325,0.0082872928176795,0.0138121546961325,0.011049723756906,0.011049723756906,0.0303867403314917,0.0138121546961325,0.0082872928176795,0.011049723756906,0.0165745856353591,0.0082872928176795,0.005524861878453,0.0138121546961325,0.005524861878453,0.0,0.0138121546961325,0.0027624309392265,0.0,0.0,0.0165745856353591,0.0082872928176795,0.0027624309392265,0.0,0.005524861878453,0.0,0.005524861878453,0.0,0.005524861878453,0.0082872928176795,0.0027624309392265,0.0,0.0027624309392265,0.0,0.0,0.0027624309392265,0.005524861878453,0.0,0.0027624309392265,0.0,0.0,0.0,0.005524861878453,0.0,0.0,0.0,0.0,0.0,0.0,0.0027624309392265,0.0027624309392265,0.0027624309392265,0.0,0.0,0.0,0.0,0.0,0.0,0.0,0.0,0.0,0.0,0.0,0.0,0.0,0.0,0.0,0.0,0.0,0.0,0.0,0.0,0.0,0.0,0.0,0.0,0.0,0.0,0.0492712107991079,0.1945734129189622,0.3110961003960105,0.2052768020511648,0.3225778317946877,0.1612889158973438,0.2467165462712317,0.2214514785812827,0.1771611828650262,0.2252786827377601,0.2666538003394376,0.1347046704823584,0.1076850183261554,0.1243430804323422,0.1999864626057172,0.1538357404659363,0.1827121265315844,0.0968557460154313,0.1437890410199982,0.1318450056121358,0.0841338622867384,0.13322125154797,0.0673070898293907,0.0711712401145746,0.0868107675216998,0.0520864605130199,0.0880332987634303,0.0758536327362981,0.0734647518204142,0.2078539199564651,0.0921566635824653,0.0575043896147535,0.0803624219418326,0.1154221439144543,0.0600525122385461,0.0427877411952065,0.1065692295223338,0.0434370070324271,0.0,0.1225958403833056,0.0234617788360749,0.0,0.0,0.1501607802284446,0.0747714770652238,0.026323712657683,0.0,0.0550035639703421,0.0,0.0567759455915001,0.0,0.0575703406429978,0.0855574661982466,0.0317574612721328,0.0,0.0319235254947049,0.0,0.0,0.0327839260760898,0.0693534241278657,0.0,0.0348804657676649,0.0,0.0,0.0,0.072787811720062,0.0,0.0,0.0,0.0,0.0,0.0,0.0391503041442564,0.0418801655739619,0.0429190081428091,0.0,0.0,0.0,0.0,0.0,0.0,0.0,0.0,0.0,0.0,0.0,0.0,0.0,0.0,0.0,0.0,0.0,0.0,0.0,0.0,0.0,0.0,0.0,0.0,0.0,0.0,0.9558011049723756,0.0441988950276243,0.9984524305356686,0.0556124442675925
J07A1034,0.0,0.0169491525423728,0.0305084745762711,0.0135593220338983,0.0576271186440678,0.0338983050847457,0.0508474576271186,0.0271186440677966,0.0271186440677966,0.0745762711864406,0.0406779661016949,0.0203389830508474,0.023728813559322,0.023728813559322,0.0305084745762711,0.023728813559322,0.0406779661016949,0.0203389830508474,0.0101694915254237,0.0203389830508474,0.0440677966101694,0.023728813559322,0.0169491525423728,0.0067796610169491,0.0203389830508474,0.0169491525423728,0.0203389830508474,0.0135593220338983,0.0203389830508474,0.0135593220338983,0.0203389830508474,0.0067796610169491,0.0101694915254237,0.0101694915254237,0.0101694915254237,0.0067796610169491,0.0135593220338983,0.0067796610169491,0.0067796610169491,0.0033898305084745,0.0135593220338983,0.0101694915254237,0.0135593220338983,0.0067796610169491,0.0033898305084745,0.0067796610169491,0.0067796610169491,0.0033898305084745,0.0,0.0067796610169491,0.0033898305084745,0.0067796610169491,0.0067796610169491,0.0,0.0033898305084745,0.0033898305084745,0.0067796610169491,0.0,0.0,0.0,0.0,0.0,0.0,0.0,0.0033898305084745,0.0033898305084745,0.0033898305084745,0.0,0.0,0.0033898305084745,0.0033898305084745,0.0,0.0033898305084745,0.0,0.0,0.0,0.0,0.0,0.0,0.0,0.0,0.0,0.0,0.0,0.0,0.0,0.0,0.0,0.0,0.0,0.0,0.0,0.0,0.0,0.0,0.0,0.0,0.0,0.0,0.0,0.0,0.0,0.0919149887164833,0.163754774541058,0.0720357394293007,0.3061518925745282,0.1800893485732519,0.267372541334597,0.1450619468417346,0.1450619468417346,0.4058146389466844,0.2183396993880773,0.11029798645978,0.1322609006509723,0.1336305834870297,0.170049729408393,0.1322609006509723,0.2244107006763838,0.1189601710650526,0.0588681952997523,0.1214510114288441,0.2686707351966337,0.143171887935608,0.1033348981525514,0.043706972726186,0.1279472722622932,0.1066227268852443,0.1297491171497462,0.0931649540418391,0.1353463238373446,0.0928328567033864,0.1358263964573615,0.0470853635912843,0.074027054573607,0.0708818967878839,0.0737577007320291,0.0525527624479606,0.1047123731593818,0.0533502037794243,0.0525527624479606,0.030114934309707,0.1152649104942205,0.0918358287287213,0.1166441834704464,0.0614768279567414,0.0306119429095737,0.0646626243594541,0.0643858756694493,0.0337782405705541,0.0,0.0697333558183414,0.0360267056974578,0.0707090477633948,0.0700555980314222,0.0,0.0382120901902825,0.0392091146894332,0.0772083299198976,0.0,0.0,0.0,0.0,0.0,0.0,0.0,0.0430947433698615,0.0446997255706949,0.0461586256241559,0.0,0.0,0.0527139871474173,0.0536189362001658,0.0,0.0480851892618488,0.0,0.0,0.0,0.0,0.0,0.0,0.0,0.0,0.0,0.0,0.0,0.0,0.0,0.0,0.0,0.0,0.0,0.0,0.0,0.0,0.0,0.0,0.0,0.0,0.0,0.0,0.0,0.0,0.9491525423728814,0.0508474576271186,0.9979246836133814,0.0643919702690691
J07A1036,0.069377990430622,0.0741626794258373,0.062200956937799,0.055023923444976,0.0598086124401913,0.0574162679425837,0.0502392344497607,0.0526315789473684,0.0358851674641148,0.0263157894736842,0.0358851674641148,0.0454545454545454,0.0382775119617224,0.0287081339712918,0.0287081339712918,0.0311004784688995,0.0215311004784689,0.0167464114832535,0.0311004784688995,0.0143540669856459,0.0071770334928229,0.0311004784688995,0.0119617224880382,0.0095693779904306,0.0143540669856459,0.0071770334928229,0.0119617224880382,0.0071770334928229,0.0023923444976076,0.0095693779904306,0.0023923444976076,0.0023923444976076,0.0047846889952153,0.0071770334928229,0.0047846889952153,0.0023923444976076,0.0,0.0,0.0023923444976076,0.0,0.0,0.0023923444976076,0.0047846889952153,0.0,0.0023923444976076,0.0023923444976076,0.0023923444976076,0.0,0.0023923444976076,0.0,0.0023923444976076,0.0,0.0023923444976076,0.0,0.0,0.0,0.0,0.0,0.0023923444976076,0.0,0.0,0.0023923444976076,0.0,0.0,0.0,0.0,0.0,0.0,0.0,0.0,0.0,0.0,0.0,0.0,0.0,0.0,0.0,0.0,0.0,0.0,0.0,0.0,0.0,0.0,0.0,0.0,0.0,0.0,0.0,0.0,0.0,0.0,0.0,0.0,0.0,0.0,0.0,0.0,0.0,0.0,0.0,0.3619912726959259,0.3526386907457063,0.2927364100906319,0.2563113250788338,0.2785992663900367,0.2674552957344352,0.2316310481265433,0.2468528401070712,0.1683087546184576,0.1255595198678799,0.168886390436903,0.2161333911022071,0.1870705189922785,0.141755854242188,0.1403028892442089,0.1519947966812263,0.104149396519835,0.0858816347020596,0.1578536950344882,0.0751541675384337,0.0383663247771657,0.1645337502627998,0.0639438746286096,0.054091952174248,0.079174068808144,0.039587034404072,0.066907545502746,0.0432380172202582,0.0139587698470813,0.0574451870237843,0.0140082815221879,0.0145682660947648,0.0305387420346085,0.043861882119933,0.0304276241800436,0.0162598856409504,0.0,0.0,0.0162598856409504,0.0,0.0,0.0189427412669261,0.0360898456249487,0.0,0.0189427412669261,0.0200066909588168,0.0199210645932148,0.0,0.0205350507877636,0.0,0.0222934090378564,0.0,0.0216752832665511,0.0,0.0,0.0,0.0,0.0,0.0249166174221093,0.0,0.0,0.0265100408968939,0.0,0.0,0.0,0.0,0.0,0.0,0.0,0.0,0.0,0.0,0.0,0.0,0.0,0.0,0.0,0.0,0.0,0.0,0.0,0.0,0.0,0.0,0.0,0.0,0.0,0.0,0.0,0.0,0.0,0.0,0.0,0.0,0.0,0.0,0.0,0.0,0.0,0.0,0.0,0.9904306220095692,0.0095693779904306,0.9999322909630376,0.0116367301855471
J07A1038,0.0465587044534413,0.0668016194331983,0.1032388663967611,0.0789473684210526,0.0728744939271255,0.0506072874493927,0.0607287449392712,0.0425101214574898,0.0506072874493927,0.048582995951417,0.0303643724696356,0.0465587044534413,0.0222672064777327,0.0222672064777327,0.0141700404858299,0.0141700404858299,0.020242914979757,0.020242914979757,0.0141700404858299,0.0101214574898785,0.0121457489878542,0.0040485829959514,0.0101214574898785,0.0121457489878542,0.0080971659919028,0.0060728744939271,0.0040485829959514,0.0040485829959514,0.0060728744939271,0.0080971659919028,0.0060728744939271,0.0080971659919028,0.0060728744939271,0.0020242914979757,0.0040485829959514,0.0020242914979757,0.0040485829959514,0.0040485829959514,0.0040485829959514,0.0060728744939271,0.0020242914979757,0.0020242914979757,0.0020242914979757,0.0,0.0020242914979757,0.0080971659919028,0.0060728744939271,0.0060728744939271,0.0,0.0,0.0,0.0,0.0,0.0,0.0020242914979757,0.0020242914979757,0.0,0.0040485829959514,0.0020242914979757,0.0,0.0,0.0,0.0,0.0020242914979757,0.0,0.0,0.0,0.0,0.0,0.0,0.0,0.0,0.0,0.0020242914979757,0.0,0.0,0.0,0.0,0.0,0.0,0.0,0.0,0.0,0.0,0.0,0.0,0.0,0.0,0.0,0.0,0.0,0.0,0.0,0.0,0.0,0.0,0.0,0.0,0.0,0.0,0.0,0.2308118740802167,0.3017952606722126,0.4616403692633767,0.3494095539836228,0.3225318959848826,0.2239804833228351,0.2660289751051827,0.1894370626797769,0.2255203127140201,0.220241122489356,0.1357765791951108,0.2103421513776027,0.1033970772395016,0.1044678487320319,0.065798140061501,0.065798140061501,0.0930345919928511,0.0986353230490282,0.0683344414538607,0.0503502964045185,0.0616893797191834,0.0203503484160913,0.0514078164326528,0.0652310130722065,0.0424347760089619,0.0318260820067214,0.0215161864190545,0.0231741983636006,0.0336665497090481,0.0461831824644675,0.0337859647642008,0.0468487562564205,0.0368275316529743,0.0117542850273434,0.0244623543289254,0.01307217026026,0.0260465464903157,0.0265410575862608,0.0261443405205201,0.0449454069018191,0.0143357120047317,0.0152290578485789,0.0145072547585351,0.0,0.0152290578485789,0.0643376900264033,0.0480467490138364,0.0504127537273668,0.0,0.0,0.0,0.0,0.0,0.0,0.0190100358458766,0.0195060430355826,0.0,0.040063537031437,0.0200317685157185,0.0,0.0,0.0,0.0,0.0232713338231453,0.0,0.0,0.0,0.0,0.0,0.0,0.0,0.0,0.0,0.0255897899547005,0.0,0.0,0.0,0.0,0.0,0.0,0.0,0.0,0.0,0.0,0.0,0.0,0.0,0.0,0.0,0.0,0.0,0.0,0.0,0.0,0.0,0.0,0.0,0.0,0.0,0.0,0.0,0.98582995951417,0.0141700404858299,0.9998501654433292,0.0173103051084363
J07A1039,0.0234375,0.03125,0.03125,0.0546875,0.0390625,0.0546875,0.0625,0.03125,0.0546875,0.0546875,0.046875,0.0625,0.03125,0.0546875,0.0078125,0.015625,0.0234375,0.0390625,0.0546875,0.03125,0.0,0.0,0.03125,0.0078125,0.015625,0.015625,0.0,0.0078125,0.015625,0.0,0.0078125,0.0078125,0.0,0.0078125,0.0078125,0.0,0.03125,0.0,0.0078125,0.0,0.0,0.0,0.0,0.0,0.0,0.0078125,0.0,0.0,0.0,0.0,0.0,0.0,0.0,0.0,0.0,0.0,0.0,0.0,0.0,0.0,0.0,0.0,0.0078125,0.0,0.0,0.0,0.0,0.0078125,0.0,0.0,0.0,0.0,0.0078125,0.0,0.0,0.0,0.0,0.0,0.0,0.0,0.0,0.0,0.0,0.0,0.0,0.0,0.0,0.0,0.0,0.0,0.0,0.0,0.0,0.0,0.0,0.0,0.0,0.0,0.0,0.0,0.0,0.1222293308140845,0.1485191089486957,0.1470000434371846,0.254619743856827,0.1818712456120192,0.254619743856827,0.2880192675926523,0.1464972646745934,0.2563702131805386,0.2608008954761251,0.2205000651557769,0.2970382178973914,0.1526509237948828,0.2699055870121212,0.0381627309487207,0.0763254618974414,0.1133155680333831,0.200228707409457,0.277436448949483,0.1635369472942032,0.0,0.0,0.1669717552189495,0.0441394320908919,0.0861421657762593,0.0861421657762593,0.0,0.0470433881104405,0.0911236735184373,0.0,0.0457234443280512,0.0475512505002953,0.0,0.0477221592588578,0.0496583316814221,0.0,0.2114969029358342,0.0,0.0530727466254089,0.0,0.0,0.0,0.0,0.0,0.0,0.0653024297659253,0.0,0.0,0.0,0.0,0.0,0.0,0.0,0.0,0.0,0.0,0.0,0.0,0.0,0.0,0.0,0.0,0.0870422900421456,0.0,0.0,0.0,0.0,0.1022740044000965,0.0,0.0,0.0,0.0,0.0971219379249958,0.0,0.0,0.0,0.0,0.0,0.0,0.0,0.0,0.0,0.0,0.0,0.0,0.0,0.0,0.0,0.0,0.0,0.0,0.0,0.0,0.0,0.0,0.0,0.0,0.0,0.0,0.0,0.0,0.9765625,0.0234375,0.999582437156942,0.0288955243487331
J07A1040,0.0893719806763285,0.1231884057971014,0.0845410628019323,0.0579710144927536,0.0652173913043478,0.0555555555555555,0.0410628019323671,0.0289855072463768,0.0338164251207729,0.0289855072463768,0.0338164251207729,0.0338164251207729,0.0169082125603864,0.0169082125603864,0.0265700483091787,0.0120772946859903,0.0338164251207729,0.0096618357487922,0.0120772946859903,0.0120772946859903,0.0144927536231884,0.0048309178743961,0.0144927536231884,0.0144927536231884,0.0096618357487922,0.0048309178743961,0.0096618357487922,0.0120772946859903,0.0144927536231884,0.0169082125603864,0.0048309178743961,0.002415458937198,0.002415458937198,0.0,0.0096618357487922,0.0072463768115942,0.002415458937198,0.002415458937198,0.002415458937198,0.0,0.0048309178743961,0.0,0.0,0.0,0.0048309178743961,0.002415458937198,0.0,0.002415458937198,0.0048309178743961,0.002415458937198,0.002415458937198,0.002415458937198,0.002415458937198,0.0,0.0,0.0,0.002415458937198,0.0,0.0,0.0,0.0,0.0,0.0,0.0,0.0,0.002415458937198,0.0,0.0,0.0,0.0,0.0,0.0,0.0,0.0,0.0,0.0,0.0,0.0,0.0,0.0,0.0,0.0,0.0,0.0,0.0,0.0,0.0,0.0,0.0,0.0,0.0,0.0,0.0,0.0,0.0,0.0,0.0,0.0,0.0,0.0,0.0,0.4191936887798182,0.5265642276215964,0.3576715099486722,0.242752723265535,0.2730968136737269,0.2326380264628043,0.1701920651306586,0.1222108043764588,0.1425792717725353,0.124322895483154,0.1430686039794688,0.1445470428765166,0.0742841772453031,0.0750534579780273,0.1167322785283335,0.0530601266037879,0.1470466697252303,0.0445425588818967,0.0551054195688806,0.0568440132041854,0.0696455068931942,0.0229749486434057,0.0696455068931942,0.0736439074481027,0.0479076220006842,0.0239538110003421,0.048582291356628,0.0654074817749589,0.0760171015012636,0.0912440608547307,0.0254289112387432,0.0132227191764885,0.0138590689962741,0.0,0.0552345662995584,0.0442742946086151,0.0147028949017871,0.0149820391896547,0.0147580982028717,0.0,0.0323691998132999,0.0,0.0,0.0,0.0343863225144484,0.0181588429589634,0.0,0.0189715085654763,0.0372768053624587,0.0195828280997018,0.0202343563246759,0.0198568262088422,0.0196733215771944,0.0,0.0,0.0,0.0216819832480906,0.0,0.0,0.0,0.0,0.0,0.0,0.0,0.0,0.0251055476014974,0.0,0.0,0.0,0.0,0.0,0.0,0.0,0.0,0.0,0.0,0.0,0.0,0.0,0.0,0.0,0.0,0.0,0.0,0.0,0.0,0.0,0.0,0.0,0.0,0.0,0.0,0.0,0.0,0.0,0.0,0.0,0.0,0.0,0.0,0.0,0.9903381642512076,0.0096618357487922,0.999930963503929,0.0117502436614832
J07A1041,0.0024449877750611,0.0,0.0024449877750611,0.0097799511002444,0.0024449877750611,0.0122249388753056,0.0171149144254278,0.0073349633251833,0.0097799511002444,0.0122249388753056,0.0195599022004889,0.0146699266503667,0.0122249388753056,0.0342298288508557,0.0244498777506112,0.0195599022004889,0.0244498777506112,0.0220048899755501,0.0195599022004889,0.0171149144254278,0.0293398533007334,0.0244498777506112,0.0317848410757946,0.0146699266503667,0.0464547677261613,0.0268948655256723,0.0220048899755501,0.0146699266503667,0.0146699266503667,0.0146699266503667,0.0195599022004889,0.0268948655256723,0.0122249388753056,0.0195599022004889,0.0220048899755501,0.0122249388753056,0.0122249388753056,0.0171149144254278,0.0146699266503667,0.0220048899755501,0.0268948655256723,0.0146699266503667,0.0122249388753056,0.0048899755501222,0.0122249388753056,0.0122249388753056,0.0,0.0171149144254278,0.0073349633251833,0.0122249388753056,0.0171149144254278,0.0146699266503667,0.0097799511002444,0.0122249388753056,0.0122249388753056,0.0122249388753056,0.0048899755501222,0.0097799511002444,0.0048899755501222,0.0,0.0073349633251833,0.0,0.0097799511002444,0.0048899755501222,0.0048899755501222,0.0146699266503667,0.0048899755501222,0.0073349633251833,0.0048899755501222,0.0024449877750611,0.0,0.0024449877750611,0.0024449877750611,0.0,0.0,0.0,0.0048899755501222,0.0,0.0073349633251833,0.0,0.0,0.0,0.0,0.0,0.0,0.0,0.0,0.0,0.0,0.0024449877750611,0.0,0.0,0.0,0.0,0.0,0.0,0.0,0.0,0.0,0.0,0.0,0.0142172032312754,0.0,0.0128238214917393,0.0507708016117519,0.0126927004029379,0.0634635020146899,0.0879406329140842,0.0383398819610116,0.0511198426146821,0.0650041426669129,0.1025905719339148,0.077738039938095,0.0665839326139785,0.188365716718749,0.1331678652279571,0.1065342921823656,0.1318039172159473,0.1257647237196373,0.110640837950128,0.0998651428433557,0.1747930898269575,0.1441536734076448,0.1893591806458706,0.0924140458157987,0.2855613221457805,0.1653249759791361,0.1371708003200614,0.0984940135889457,0.0953921124550947,0.0981429201965556,0.1276406236276451,0.1825217482262513,0.0869571347832516,0.1332201949825861,0.1559533207074281,0.0925979901620077,0.0922516233970987,0.1316043149861084,0.1111175881944092,0.1910250982015259,0.2234065043562898,0.1294518159506869,0.1027635508613588,0.04332887897923,0.1078765132922391,0.1139355720874896,0.0,0.1666483685836718,0.0701667086525897,0.1228702031111047,0.177741398856611,0.1495072472883225,0.0987503952239365,0.1374541868443728,0.1346594388834774,0.1381729540808968,0.0544164442843682,0.1135175853444991,0.0567587926722495,0.0,0.0870273827675662,0.0,0.1214927303293923,0.0659379031181481,0.0607463651646961,0.1890262458909172,0.0650652146504356,0.1070647500508511,0.0713765000339007,0.0371528272608715,0.0,0.0371528272608715,0.0338904497103539,0.0,0.0,0.0,0.0762444855070586,0.0,0.110537358338361,0.0,0.0,0.0,0.0,0.0,0.0,0.0,0.0,0.0,0.0,0.0477926371978569,0.0,0.0,0.0,0.0,0.0,0.0,0.0,0.0,0.0,0.0,0.0,0.8312958435207825,0.1687041564792176,0.9714001763919108,0.2374483044912392
J07A1043,0.0,0.0112676056338028,0.0338028169014084,0.0197183098591549,0.0253521126760563,0.0197183098591549,0.0197183098591549,0.0366197183098591,0.0366197183098591,0.0422535211267605,0.0225352112676056,0.0366197183098591,0.0422535211267605,0.0394366197183098,0.0253521126760563,0.0225352112676056,0.0338028169014084,0.0197183098591549,0.0253521126760563,0.0197183098591549,0.0309859154929577,0.0366197183098591,0.0225352112676056,0.0253521126760563,0.0225352112676056,0.0169014084507042,0.028169014084507,0.0140845070422535,0.0140845070422535,0.0225352112676056,0.0169014084507042,0.0112676056338028,0.0169014084507042,0.0169014084507042,0.0140845070422535,0.0056338028169014,0.0140845070422535,0.0112676056338028,0.0056338028169014,0.0028169014084507,0.0112676056338028,0.0084507042253521,0.0140845070422535,0.0084507042253521,0.0056338028169014,0.0084507042253521,0.0084507042253521,0.0028169014084507,0.0056338028169014,0.0,0.0,0.0056338028169014,0.0028169014084507,0.0,0.0028169014084507,0.0056338028169014,0.0084507042253521,0.0,0.0084507042253521,0.0,0.0,0.0,0.0,0.0028169014084507,0.0,0.0,0.0028169014084507,0.0,0.0,0.0,0.0028169014084507,0.0,0.0,0.0,0.0,0.0028169014084507,0.0,0.0,0.0,0.0,0.0,0.0,0.0,0.0,0.0,0.0,0.0,0.0,0.0,0.0,0.0,0.0,0.0,0.0,0.0,0.0,0.0,0.0,0.0,0.0,0.0,0.0,0.064255563262609,0.1907950564249714,0.1101591248096788,0.141633160469587,0.1101591248096788,0.1090330082813626,0.2059876944816912,0.2059876944816912,0.2417857476412116,0.1271967042833142,0.2088305806034793,0.2476618453450854,0.2335448366739112,0.1485971072070512,0.1320863175173788,0.196100170596168,0.1212782102842834,0.1543250358317448,0.1238175867723962,0.1986571068553689,0.2323472164038239,0.1444778958948137,0.1718690397519493,0.1490747802567717,0.1118060851925787,0.1889676972553642,0.1017646625479713,0.0985597578980206,0.1622430568737979,0.1186912185402502,0.0822906198768903,0.1293763442372592,0.1238795833744909,0.1074213310144985,0.0459229691377613,0.1143779807413018,0.0932396185293532,0.0459229691377613,0.0263157850219547,0.1007236666680368,0.080250280518098,0.1274111718417515,0.0805818288545873,0.0535001870120653,0.0847576672805647,0.0843949140885914,0.0295169469118865,0.0579973638433109,0.0,0.0,0.0617887484300054,0.0306088673217716,0.0,0.0333914442696588,0.0685253783027979,0.1012021705500416,0.0,0.1055584041142782,0.0,0.0,0.0,0.0,0.0408764850701074,0.0,0.0,0.0403354845918637,0.0,0.0,0.0,0.0468546397491111,0.0,0.0,0.0,0.0,0.0490296388525659,0.0,0.0,0.0,0.0,0.0,0.0,0.0,0.0,0.0,0.0,0.0,0.0,0.0,0.0,0.0,0.0,0.0,0.0,0.0,0.0,0.0,0.0,0.0,0.0,0.0,0.9549295774647888,0.0450704225352112,0.998388015309554,0.0567571218989313
J07A1045,0.0211764705882352,0.0658823529411764,0.0988235294117647,0.0729411764705882,0.08,0.0447058823529411,0.0564705882352941,0.0588235294117647,0.0517647058823529,0.04,0.0305882352941176,0.0188235294117647,0.0188235294117647,0.0188235294117647,0.0188235294117647,0.0329411764705882,0.028235294117647,0.0117647058823529,0.0164705882352941,0.0117647058823529,0.0164705882352941,0.0070588235294117,0.0141176470588235,0.0141176470588235,0.0164705882352941,0.0094117647058823,0.0117647058823529,0.0070588235294117,0.0117647058823529,0.0094117647058823,0.0117647058823529,0.0023529411764705,0.0070588235294117,0.0023529411764705,0.0023529411764705,0.0023529411764705,0.0047058823529411,0.0047058823529411,0.0023529411764705,0.0,0.0,0.0094117647058823,0.0023529411764705,0.0,0.0023529411764705,0.0,0.0,0.0023529411764705,0.0023529411764705,0.0023529411764705,0.0023529411764705,0.0023529411764705,0.0,0.0,0.0,0.0023529411764705,0.0,0.0023529411764705,0.0,0.0023529411764705,0.0023529411764705,0.0,0.0,0.0023529411764705,0.0023529411764705,0.0,0.0,0.0,0.0,0.0023529411764705,0.0,0.0,0.0023529411764705,0.0,0.0,0.0,0.0,0.0,0.0,0.0,0.0,0.0,0.0,0.0,0.0,0.0,0.0,0.0,0.0,0.0,0.0,0.0,0.0,0.0,0.0,0.0,0.0,0.0,0.0,0.0,0.0,0.1079627650616052,0.3060960216301189,0.4544478699820403,0.3319961449250282,0.3641248041113212,0.203481508179856,0.2544017570350472,0.269579487435795,0.2372299489434996,0.1864821508710253,0.1406624359468219,0.0874560061800339,0.0898890400655774,0.0908199234538011,0.0898890400655774,0.1573058201147605,0.1334525515049374,0.0589526936856008,0.0816847204566593,0.0601870711051325,0.0860316735652744,0.03648919533541,0.0737414344845209,0.0779749853008689,0.0887689618708379,0.0507251210690502,0.0642993355744528,0.0415524999150544,0.067073124552686,0.0552058415807214,0.0673110325336625,0.0140003615933984,0.0440224075031496,0.0140506817089407,0.014620742721803,0.0156260379210412,0.0311351761082202,0.0317262982389582,0.0156260379210412,0.0,0.0,0.0728172386698673,0.0173414902402415,0.0,0.0182043096674668,0.0,0.0,0.0200872435044378,0.0197345473028397,0.0207345154016951,0.0214243607062948,0.0210246276359997,0.0,0.0,0.0,0.0233168756292967,0.0,0.0239453103975949,0.0,0.0253277972873569,0.024476650463574,0.0,0.0,0.0278177791104171,0.025627581224177,0.0,0.0,0.0,0.0,0.0313479529435007,0.0,0.0,0.0285952994988659,0.0,0.0,0.0,0.0,0.0,0.0,0.0,0.0,0.0,0.0,0.0,0.0,0.0,0.0,0.0,0.0,0.0,0.0,0.0,0.0,0.0,0.0,0.0,0.0,0.0,0.0,0.0,0.0,0.976470588235294,0.0235294117647058,0.9995790786253076,0.0290114731542776
J07A1046,0.0022573363431151,0.0045146726862302,0.0135440180586907,0.0180586907449209,0.0135440180586907,0.0158013544018058,0.0270880361173814,0.0293453724604966,0.0293453724604966,0.0180586907449209,0.0225733634311512,0.0180586907449209,0.0225733634311512,0.0158013544018058,0.0270880361173814,0.0248306997742663,0.0383747178329571,0.0180586907449209,0.0225733634311512,0.0248306997742663,0.0225733634311512,0.0293453724604966,0.0383747178329571,0.0225733634311512,0.0203160270880361,0.0248306997742663,0.0248306997742663,0.0293453724604966,0.0203160270880361,0.0180586907449209,0.0112866817155756,0.0135440180586907,0.0158013544018058,0.0270880361173814,0.0067720090293453,0.0135440180586907,0.0225733634311512,0.0112866817155756,0.0158013544018058,0.0090293453724604,0.0180586907449209,0.0112866817155756,0.0067720090293453,0.0158013544018058,0.0135440180586907,0.0045146726862302,0.0135440180586907,0.0022573363431151,0.0067720090293453,0.0067720090293453,0.0090293453724604,0.0022573363431151,0.0067720090293453,0.0067720090293453,0.0067720090293453,0.0045146726862302,0.0045146726862302,0.0,0.0045146726862302,0.0022573363431151,0.0,0.0,0.0022573363431151,0.0,0.0067720090293453,0.0022573363431151,0.0022573363431151,0.0045146726862302,0.0022573363431151,0.0022573363431151,0.0,0.0067720090293453,0.0022573363431151,0.0022573363431151,0.0,0.0045146726862302,0.0022573363431151,0.0022573363431151,0.0,0.0,0.0022573363431151,0.0,0.0,0.0045146726862302,0.0,0.0,0.0,0.0,0.0,0.0,0.0,0.0,0.0,0.0,0.0,0.0,0.0,0.0,0.0,0.0,0.0,0.0143361384170103,0.0261294546400419,0.0775866013659485,0.1023910578766271,0.0767932934074703,0.0895921756420487,0.1520165271922014,0.1675293420857213,0.1675293420857213,0.1048767042904089,0.1293110022765808,0.1045178185601677,0.1342818919832308,0.0949707528256625,0.161138270379877,0.1477100811815539,0.2259411073778545,0.1127260612304788,0.1394580162519021,0.1582437574597895,0.146879446525256,0.188967483701028,0.2496950590929353,0.1553119052248799,0.13639746738724,0.1667080156955156,0.1690557170608297,0.2151889423227477,0.1442851845543218,0.1319519238488273,0.0804427573672694,0.1003901721592425,0.1227584146085583,0.2015019892601046,0.0524193203563361,0.112047151539276,0.1860467239161875,0.094789472666379,0.130721676795822,0.0856102819596189,0.1638366762812381,0.108778963157809,0.0621739366909122,0.1529197260096716,0.1305347557893708,0.0459554838035743,0.1372763986530212,0.024006068464284,0.0707536940385511,0.0743388503549841,0.1024161766755512,0.0251263270818806,0.0746823748473186,0.0831624427059025,0.0814715661126814,0.055731540527841,0.054871669535264,0.0,0.0572336130316935,0.030269003091214,0.0,0.0,0.0306272719452858,0.0,0.0918818158358574,0.0317679267557898,0.0328047615338706,0.0719736060294008,0.0359868030147004,0.0374636323002992,0.0,0.1123908969008976,0.0341739630614237,0.0365568355754613,0.0,0.0797513964155851,0.0384411575181819,0.0402615303985852,0.0,0.0,0.0410707503132702,0.0,0.0,0.0877372968231124,0.0,0.0,0.0,0.0,0.0,0.0,0.0,0.0,0.0,0.0,0.0,0.0,0.0,0.0,0.0,0.0,0.0,0.90744920993228,0.09255079006772,0.992538858318615,0.1219287280651289
J07A1047,0.010593220338983,0.0317796610169491,0.0360169491525423,0.0296610169491525,0.0254237288135593,0.0466101694915254,0.0572033898305084,0.0635593220338983,0.0360169491525423,0.0444915254237288,0.0423728813559322,0.0233050847457627,0.0338983050847457,0.0233050847457627,0.0402542372881355,0.0211864406779661,0.0360169491525423,0.0190677966101694,0.0296610169491525,0.0233050847457627,0.0233050847457627,0.0338983050847457,0.0233050847457627,0.0211864406779661,0.0169491525423728,0.0254237288135593,0.0233050847457627,0.0148305084745762,0.0127118644067796,0.0063559322033898,0.0148305084745762,0.0042372881355932,0.010593220338983,0.0063559322033898,0.0042372881355932,0.0021186440677966,0.010593220338983,0.0084745762711864,0.010593220338983,0.0042372881355932,0.0063559322033898,0.0042372881355932,0.0063559322033898,0.0021186440677966,0.0084745762711864,0.0,0.0021186440677966,0.0021186440677966,0.0,0.0,0.0021186440677966,0.0021186440677966,0.0,0.0042372881355932,0.0,0.0,0.0021186440677966,0.0021186440677966,0.0,0.0,0.0,0.0,0.0021186440677966,0.0021186440677966,0.0,0.0,0.0,0.0,0.0,0.0,0.0,0.0,0.0,0.0,0.0,0.0,0.0,0.0,0.0,0.0,0.0,0.0,0.0,0.0,0.0,0.0,0.0,0.0,0.0,0.0,0.0,0.0,0.0,0.0,0.0,0.0,0.0,0.0,0.0,0.0,0.0,0.0629749830583399,0.1721699995580252,0.1931302349248506,0.1574221894097599,0.1349333052083657,0.2473777262153371,0.3004963453701671,0.3396523743350694,0.1924696787898726,0.24186565823994,0.2272120410880595,0.1262579996758852,0.1887571032411794,0.1311144010211133,0.2241490600989006,0.1179731895257371,0.1985002794395483,0.111414758820613,0.1715289339080281,0.1390248566977286,0.1419448309752416,0.2043287978479183,0.1419448309752416,0.1364490815558826,0.1065171783742146,0.159775767561322,0.1485236903849797,0.1017982959411425,0.0845077131983845,0.0434723245924904,0.0989420384906823,0.0293992203807164,0.0770351805583043,0.0442573306380059,0.0307019525560484,0.0164064809845603,0.0817255591839137,0.0666217388436076,0.0820324049228018,0.0376064034763346,0.0539769407198079,0.0382270492245729,0.0546228349069892,0.019192490782233,0.0764540984491459,0.0,0.0201006682739297,0.021090501651991,0.0,0.0,0.0224944012237983,0.02207470346997,0.0,0.0487081738764493,0.0,0.0,0.0241037185806323,0.0251412598441563,0.0,0.0,0.0,0.0,0.0269075517517187,0.0292071391554224,0.0,0.0,0.0,0.0,0.0,0.0,0.0,0.0,0.0,0.0,0.0,0.0,0.0,0.0,0.0,0.0,0.0,0.0,0.0,0.0,0.0,0.0,0.0,0.0,0.0,0.0,0.0,0.0,0.0,0.0,0.0,0.0,0.0,0.0,0.0,0.0,0.0,0.9851694915254238,0.0148305084745762,0.9998356557363404,0.0181290241955432
J07A1049,0.0461095100864553,0.0979827089337175,0.0922190201729106,0.0403458213256484,0.0489913544668587,0.031700288184438,0.0835734870317002,0.0518731988472622,0.0662824207492795,0.0403458213256484,0.0605187319884726,0.0345821325648415,0.0345821325648415,0.0230547550432276,0.0288184438040345,0.0230547550432276,0.0230547550432276,0.0115273775216138,0.0172910662824207,0.0,0.0144092219020172,0.0144092219020172,0.0144092219020172,0.0172910662824207,0.0028818443804034,0.0057636887608069,0.0086455331412103,0.0028818443804034,0.0028818443804034,0.0028818443804034,0.0057636887608069,0.0,0.0057636887608069,0.0057636887608069,0.0057636887608069,0.0057636887608069,0.0028818443804034,0.0028818443804034,0.0028818443804034,0.0,0.0,0.0,0.0028818443804034,0.0028818443804034,0.0028818443804034,0.0028818443804034,0.0,0.0,0.0028818443804034,0.0,0.0,0.0,0.0028818443804034,0.0028818443804034,0.0,0.0,0.0,0.0,0.0,0.0,0.0,0.0,0.0,0.0,0.0,0.0,0.0,0.0,0.0,0.0,0.0,0.0,0.0,0.0,0.0,0.0,0.0,0.0,0.0,0.0,0.0,0.0,0.0,0.0,0.0,0.0,0.0,0.0,0.0,0.0,0.0,0.0,0.0,0.0,0.0,0.0,0.0,0.0,0.0,0.0,0.0,0.2230445133764483,0.4319352452728165,0.4023692955249187,0.1742366270221302,0.2115730470983009,0.1369002069459594,0.3572291869767185,0.2255586113473201,0.2882137811660201,0.1784663972392602,0.2640548501882279,0.1524477336256999,0.1566888431604995,0.1055409998187362,0.1305740359670829,0.1044592287736663,0.1033893238294215,0.0548067075766785,0.0813643407656838,0.0,0.0714118703950383,0.070672931882238,0.0714118703950383,0.0906140150370335,0.0147367994542444,0.0294735989084889,0.0448330007742865,0.0160959263093618,0.0155890125361272,0.0160385505038108,0.0312886133450573,0.0,0.0341053572507042,0.0326563366121042,0.033981261958155,0.036317750614073,0.0180909512529239,0.0184344200553657,0.0181588753070365,0.0,0.0,0.0,0.0201523867087706,0.0212424618828372,0.0211550612492167,0.0223432694700264,0.0,0.0,0.0229333363661261,0.0,0.0,0.0,0.0242067364293584,0.0269553738150265,0.0,0.0,0.0,0.0,0.0,0.0,0.0,0.0,0.0,0.0,0.0,0.0,0.0,0.0,0.0,0.0,0.0,0.0,0.0,0.0,0.0,0.0,0.0,0.0,0.0,0.0,0.0,0.0,0.0,0.0,0.0,0.0,0.0,0.0,0.0,0.0,0.0,0.0,0.0,0.0,0.0,0.0,0.0,0.0,0.0,0.0,0.0,0.9942363112391932,0.0057636887608069,0.9999756231622068,0.0069823406788809
J07A1052,0.0066518847006651,0.0465631929046563,0.0443458980044345,0.048780487804878,0.0953436807095343,0.0576496674057649,0.0509977827050997,0.0643015521064301,0.0509977827050997,0.0310421286031042,0.0376940133037694,0.0332594235033259,0.0421286031042128,0.024390243902439,0.0376940133037694,0.0133037694013303,0.0354767184035476,0.0155210643015521,0.0177383592017738,0.0288248337028824,0.0110864745011086,0.0199556541019955,0.0177383592017738,0.0133037694013303,0.0133037694013303,0.0155210643015521,0.0110864745011086,0.0066518847006651,0.0088691796008869,0.0044345898004434,0.0022172949002217,0.0044345898004434,0.0088691796008869,0.0066518847006651,0.0022172949002217,0.0066518847006651,0.0044345898004434,0.0044345898004434,0.0066518847006651,0.0022172949002217,0.0022172949002217,0.0,0.0022172949002217,0.0022172949002217,0.0,0.0022172949002217,0.0,0.0044345898004434,0.0022172949002217,0.0,0.0022172949002217,0.0,0.0022172949002217,0.0022172949002217,0.0022172949002217,0.0022172949002217,0.0022172949002217,0.0,0.0,0.0,0.0066518847006651,0.0022172949002217,0.0022172949002217,0.0,0.0,0.0,0.0022172949002217,0.0,0.0,0.0,0.0,0.0,0.0,0.0,0.0,0.0,0.0022172949002217,0.0,0.0,0.0,0.0,0.0022172949002217,0.0,0.0,0.0,0.0,0.0,0.0,0.0,0.0,0.0,0.0,0.0,0.0,0.0,0.0,0.0,0.0,0.0,0.0,0.0,0.0358590518681799,0.2287520562995315,0.2156308206520631,0.2347686410430199,0.458865980220448,0.2774538485053871,0.2429308999501107,0.3115952945749798,0.2471273025939495,0.1530250190499858,0.1832861975542536,0.1633943259282368,0.2127239628061005,0.1244313714893702,0.1903319667212478,0.067175988254558,0.1773012005991449,0.0822389861692165,0.0930205348701486,0.1559274641206694,0.0612317108242261,0.1090766017962384,0.0979707373187618,0.0776964828770991,0.075815920042302,0.0884519067160191,0.0640696783230256,0.0414040872940659,0.0534668481509875,0.0275043317324265,0.0134141236872622,0.0279007133022841,0.0584868975194113,0.0420014911165922,0.0145685219708836,0.0467106797039262,0.0310239709316218,0.0316129817577469,0.0467106797039262,0.0178447841156266,0.017075227715285,0.0,0.0172795518244143,0.0182142307155549,0.0,0.0191581120545958,0.0,0.0400309962218944,0.0196640616306125,0.0,0.0213478395455482,0.0,0.0207559314276653,0.0231127352563405,0.0226428021738254,0.0232335949931742,0.0228751284193329,0.0,0.0,0.0,0.0731676824161182,0.0253856239954959,0.0255360474655139,0.0,0.0,0.0,0.0273515691871057,0.0,0.0,0.0,0.0,0.0,0.0,0.0,0.0,0.0,0.032051017301418,0.0,0.0,0.0,0.0,0.0414898227969963,0.0,0.0,0.0,0.0,0.0,0.0,0.0,0.0,0.0,0.0,0.0,0.0,0.0,0.0,0.0,0.0,0.0,0.0,0.0,0.9689578713968958,0.0310421286031042,0.999256330489369,0.038558863791881
J07A1053,0.0073710073710073,0.0466830466830466,0.0933660933660933,0.0687960687960688,0.0737100737100737,0.0589680589680589,0.0687960687960688,0.0589680589680589,0.0687960687960688,0.0491400491400491,0.0393120393120393,0.0343980343980344,0.0319410319410319,0.0417690417690417,0.0221130221130221,0.027027027027027,0.0122850122850122,0.0122850122850122,0.0196560196560196,0.0073710073710073,0.0098280098280098,0.0098280098280098,0.0196560196560196,0.0049140049140049,0.0098280098280098,0.0049140049140049,0.0049140049140049,0.0049140049140049,0.0073710073710073,0.0073710073710073,0.0024570024570024,0.0098280098280098,0.0049140049140049,0.0073710073710073,0.0,0.0049140049140049,0.0,0.0,0.0073710073710073,0.0049140049140049,0.0098280098280098,0.0024570024570024,0.0024570024570024,0.0049140049140049,0.0,0.0,0.0,0.0,0.0024570024570024,0.0,0.0049140049140049,0.0,0.0,0.0,0.0,0.0,0.0024570024570024,0.0,0.0,0.0,0.0024570024570024,0.0,0.0,0.0,0.0,0.0,0.0,0.0,0.0,0.0,0.0,0.0,0.0,0.0,0.0,0.0,0.0,0.0,0.0,0.0,0.0,0.0,0.0,0.0,0.0,0.0,0.0,0.0,0.0,0.0,0.0,0.0,0.0,0.0,0.0,0.0,0.0,0.0,0.0,0.0,0.0,0.0366406652033717,0.2114773502192786,0.4186286854030803,0.3053092650246676,0.3271170696692868,0.2616936557354294,0.3021881998365923,0.2634927570526957,0.3074082165614783,0.2233721114291574,0.1762647096434022,0.1558254159510474,0.1487204577013436,0.1964946233610666,0.1029603168701609,0.1258403872857522,0.0566143134792577,0.0600225247363328,0.0950480868190528,0.03676758164926,0.0500530939722031,0.0495351666498088,0.1001061879444062,0.0264633397358496,0.0516456440541613,0.0258228220270806,0.0261864774534637,0.0282043765159566,0.0409741916026143,0.0421557580923346,0.0137065089402918,0.0570177203124217,0.0298808629780628,0.0429169901006521,0.0,0.0318192160191539,0.0,0.0,0.0477288240287308,0.0364674873619467,0.0697896535900629,0.0185346683758112,0.0176561911226799,0.0372224860846268,0.0,0.0,0.0,0.0,0.0200926756623225,0.0,0.0436263091661846,0.0,0.0,0.0,0.0,0.0,0.0233737334990908,0.0,0.0,0.0,0.0249208350978419,0.0,0.0,0.0,0.0,0.0,0.0,0.0,0.0,0.0,0.0,0.0,0.0,0.0,0.0,0.0,0.0,0.0,0.0,0.0,0.0,0.0,0.0,0.0,0.0,0.0,0.0,0.0,0.0,0.0,0.0,0.0,0.0,0.0,0.0,0.0,0.0,0.0,0.0,0.0,0.0,0.995085995085995,0.0049140049140049,0.99998231073175,0.0059479596156624
J07A1055,0.0,0.0034013605442176,0.0034013605442176,0.0,0.0136054421768707,0.0,0.0136054421768707,0.0136054421768707,0.0136054421768707,0.0068027210884353,0.0034013605442176,0.0340136054421768,0.0170068027210884,0.0374149659863945,0.0170068027210884,0.0170068027210884,0.0442176870748299,0.0204081632653061,0.0238095238095238,0.0340136054421768,0.0340136054421768,0.0272108843537414,0.0204081632653061,0.0306122448979591,0.0204081632653061,0.0170068027210884,0.0204081632653061,0.0374149659863945,0.0238095238095238,0.010204081632653,0.0272108843537414,0.0238095238095238,0.0136054421768707,0.0238095238095238,0.0170068027210884,0.0136054421768707,0.0034013605442176,0.0204081632653061,0.0136054421768707,0.0068027210884353,0.0204081632653061,0.0034013605442176,0.0340136054421768,0.010204081632653,0.0136054421768707,0.010204081632653,0.0136054421768707,0.0170068027210884,0.0306122448979591,0.0034013605442176,0.0068027210884353,0.010204081632653,0.010204081632653,0.0034013605442176,0.0034013605442176,0.0034013605442176,0.010204081632653,0.0068027210884353,0.0068027210884353,0.0204081632653061,0.0,0.010204081632653,0.0068027210884353,0.0068027210884353,0.0,0.0034013605442176,0.0,0.0,0.0034013605442176,0.0,0.0,0.0,0.0,0.0,0.0034013605442176,0.0,0.0,0.0034013605442176,0.0,0.0,0.0,0.0,0.0,0.0,0.0034013605442176,0.0,0.0,0.0,0.0,0.0,0.0,0.0,0.0,0.0,0.0,0.0,0.0,0.0,0.0,0.0,0.0,0.0,0.0171913655432683,0.0170155308599241,0.0,0.0673662014216541,0.0,0.0666775413310637,0.0678293330989442,0.0678293330989442,0.034500792023166,0.0170155308599241,0.1719136554326834,0.0883481543234264,0.1963787769408374,0.0883481543234264,0.0883481543234264,0.2273524868526099,0.1112488732483684,0.1284551581995942,0.1892970851135412,0.1932729397374486,0.153018429336013,0.1159637638424691,0.1839319951718874,0.1196534079175001,0.0997111732645834,0.1213384526825069,0.2395958596406008,0.1476683067293959,0.0651113978919344,0.1693623832580015,0.1541161011868821,0.0923045793392004,0.1546700254528313,0.1149609014283933,0.0982923201283512,0.0244811633693214,0.1496757277220004,0.0982923201283512,0.0563256168835109,0.1616897231579782,0.0286275996927674,0.272707534502598,0.0862376177653353,0.1145103987710697,0.0907065453529565,0.1204244421844149,0.1579432498349195,0.2793060860648744,0.0326065320567493,0.0673827278459619,0.0991882638749875,0.0982716266624371,0.0364767391620791,0.0357350862904299,0.0366674811511508,0.1083052373589796,0.0753114809738126,0.0753114809738126,0.2389788094424056,0.0,0.1201915015267996,0.080602467193881,0.0874909578294011,0.0,0.0418021768103523,0.0,0.0,0.0473536316683196,0.0,0.0,0.0,0.0,0.0,0.0492969337726679,0.0,0.0,0.0529785788451019,0.0,0.0,0.0,0.0,0.0,0.0,0.0557817427633291,0.0,0.0,0.0,0.0,0.0,0.0,0.0,0.0,0.0,0.0,0.0,0.0,0.0,0.0,0.0,0.0,0.8809523809523809,0.119047619047619,0.9870108240223132,0.1606537682807173
J07A1057,0.0141242937853107,0.0875706214689265,0.0677966101694915,0.03954802259887,0.0536723163841807,0.0536723163841807,0.0621468926553672,0.0254237288135593,0.0508474576271186,0.0310734463276836,0.0423728813559322,0.0423728813559322,0.0423728813559322,0.0310734463276836,0.0282485875706214,0.0169491525423728,0.0282485875706214,0.0141242937853107,0.019774011299435,0.0282485875706214,0.0169491525423728,0.019774011299435,0.0084745762711864,0.0084745762711864,0.019774011299435,0.0112994350282485,0.0254237288135593,0.0112994350282485,0.0112994350282485,0.0028248587570621,0.0028248587570621,0.0084745762711864,0.0141242937853107,0.0056497175141242,0.0028248587570621,0.0056497175141242,0.0028248587570621,0.0,0.0084745762711864,0.0028248587570621,0.0,0.0,0.0028248587570621,0.0028248587570621,0.0056497175141242,0.0028248587570621,0.0028248587570621,0.0,0.0,0.0,0.0,0.0056497175141242,0.0028248587570621,0.0028248587570621,0.0,0.0,0.0,0.0,0.0,0.0,0.0,0.0,0.0,0.0,0.0,0.0,0.0,0.0,0.0,0.0,0.0,0.0028248587570621,0.0,0.0,0.0,0.0,0.0,0.0,0.0,0.0,0.0,0.0,0.0,0.0,0.0,0.0,0.0,0.0,0.0,0.0,0.0,0.0,0.0,0.0,0.0,0.0,0.0,0.0,0.0,0.0,0.0,0.0760111128144518,0.4294740666294028,0.3290952549576115,0.1900093532004311,0.2578698364862994,0.2578698364862994,0.29553378946158,0.1229886235270388,0.2459772470540777,0.1529173032251858,0.2056845343485072,0.2078100322400336,0.2135913258558781,0.1582557238385044,0.142394217237252,0.0854365303423512,0.1409357699670342,0.0747100884847764,0.1035181314312328,0.1525488023290195,0.0934516940771872,0.1078988133971581,0.0467258470385936,0.0494084128071821,0.1124959112375875,0.06428337785005,0.1466744901703354,0.0702120237168088,0.0680008156642456,0.0174904361935018,0.0170605035400439,0.0532275043634084,0.0929818400216858,0.0356125431467023,0.0185287035107244,0.0396054057164347,0.0197286299964473,0.0,0.0594081085746521,0.0226955565397878,0.0,0.0,0.0219766763706469,0.023165430321548,0.046140235535765,0.0243658882345297,0.0242616049995619,0.0,0.0,0.0,0.0,0.0532885502882006,0.0263980450646093,0.0293955021478836,0.0,0.0,0.0,0.0,0.0,0.0,0.0,0.0,0.0,0.0,0.0,0.0,0.0,0.0,0.0,0.0,0.0,0.0397269096933153,0.0,0.0,0.0,0.0,0.0,0.0,0.0,0.0,0.0,0.0,0.0,0.0,0.0,0.0,0.0,0.0,0.0,0.0,0.0,0.0,0.0,0.0,0.0,0.0,0.0,0.0,0.0,0.0,0.0,0.9858757062146892,0.0141242937853107,0.9998511449329984,0.0172536366071632
J07A1059,0.0290697674418604,0.0377906976744186,0.0436046511627907,0.0377906976744186,0.0581395348837209,0.0261627906976744,0.0348837209302325,0.0494186046511627,0.0319767441860465,0.0436046511627907,0.0436046511627907,0.0348837209302325,0.0406976744186046,0.0319767441860465,0.0348837209302325,0.0261627906976744,0.0348837209302325,0.0261627906976744,0.0203488372093023,0.0145348837209302,0.0203488372093023,0.002906976744186,0.0174418604651162,0.0203488372093023,0.002906976744186,0.0174418604651162,0.0174418604651162,0.002906976744186,0.0174418604651162,0.0087209302325581,0.0145348837209302,0.0087209302325581,0.0,0.0087209302325581,0.002906976744186,0.005813953488372,0.005813953488372,0.002906976744186,0.005813953488372,0.0,0.0116279069767441,0.0116279069767441,0.0116279069767441,0.0087209302325581,0.005813953488372,0.0,0.0087209302325581,0.005813953488372,0.0,0.0,0.0087209302325581,0.002906976744186,0.002906976744186,0.0,0.005813953488372,0.002906976744186,0.0,0.002906976744186,0.0,0.002906976744186,0.0,0.002906976744186,0.0,0.0,0.0,0.0,0.0,0.0,0.005813953488372,0.0,0.0,0.0,0.0,0.0,0.002906976744186,0.0,0.0,0.0,0.0,0.0,0.0087209302325581,0.0,0.0,0.0,0.0,0.0,0.0,0.0,0.0,0.0,0.002906976744186,0.0,0.0,0.0,0.0,0.0,0.0,0.0,0.0,0.0,0.0,0.1728688832303351,0.2047992410908533,0.2338898513259081,0.2006319232117469,0.3086644972488414,0.1388990237619786,0.1833054796477755,0.2641685381422293,0.1709325835037954,0.2371182299087076,0.2338898513259081,0.1890454533146338,0.2266888337846696,0.179957174890677,0.194304714672574,0.1457285360044305,0.1923145834284625,0.1529190163882533,0.1177134705177341,0.0867338344365381,0.1239777379808815,0.0175278387247858,0.1062666325550412,0.1310953924923097,0.0182746234855461,0.1096477409132766,0.1111918787279565,0.0199600322897767,0.1159885504964778,0.0596666472841173,0.0969999676729453,0.0605265394476027,0.0,0.0607440840044385,0.0210695263166568,0.0450364558719016,0.0448679950716615,0.0228599219750649,0.0450364558719016,0.0,0.0987792613222201,0.1049348008957952,0.0999612651529534,0.079026248681787,0.0524674004478976,0.0,0.0827657247675311,0.0578942826228262,0.0,0.0,0.0926220658501186,0.0302979782698739,0.0300179829028594,0.0,0.0654936879990623,0.0336012700614088,0.0,0.0345068890946482,0.0,0.0364991506685309,0.0,0.0367136126716781,0.0,0.0,0.0,0.0,0.0,0.0,0.0867876448625789,0.0,0.0,0.0,0.0,0.0,0.0451746215690851,0.0,0.0,0.0,0.0,0.0,0.1485725346721559,0.0,0.0,0.0,0.0,0.0,0.0,0.0,0.0,0.0,0.0590283122656983,0.0,0.0,0.0,0.0,0.0,0.0,0.0,0.0,0.0,0.0,0.9534883720930232,0.0465116279069767,0.9982783651232804,0.0586541194358143
J07A1060,0.0068493150684931,0.0251141552511415,0.0273972602739726,0.0410958904109589,0.0547945205479452,0.0388127853881278,0.0296803652968036,0.0410958904109589,0.0365296803652968,0.045662100456621,0.0433789954337899,0.0365296803652968,0.0342465753424657,0.0319634703196347,0.0365296803652968,0.0182648401826484,0.0319634703196347,0.0182648401826484,0.0342465753424657,0.0114155251141552,0.0342465753424657,0.0159817351598173,0.0114155251141552,0.0114155251141552,0.0205479452054794,0.0228310502283105,0.0182648401826484,0.0091324200913242,0.0136986301369863,0.0136986301369863,0.0205479452054794,0.0091324200913242,0.0091324200913242,0.0068493150684931,0.0068493150684931,0.0091324200913242,0.0045662100456621,0.0136986301369863,0.0045662100456621,0.0068493150684931,0.0,0.0091324200913242,0.0045662100456621,0.0068493150684931,0.0,0.0091324200913242,0.0091324200913242,0.0045662100456621,0.0,0.0045662100456621,0.002283105022831,0.0045662100456621,0.002283105022831,0.002283105022831,0.0045662100456621,0.002283105022831,0.002283105022831,0.002283105022831,0.0,0.0045662100456621,0.0045662100456621,0.002283105022831,0.002283105022831,0.0,0.0,0.002283105022831,0.0,0.0,0.002283105022831,0.0,0.002283105022831,0.0,0.0,0.0,0.0,0.0,0.0,0.0,0.0,0.002283105022831,0.0,0.0,0.0,0.0,0.0,0.0,0.0,0.0,0.0,0.0,0.0,0.0,0.0,0.0,0.0,0.0,0.0,0.0,0.0,0.0,0.0,0.0421855395463247,0.1409623731970063,0.1522042893737966,0.2259720450305858,0.301296060040781,0.2134180425288865,0.1615336777072213,0.227525566084573,0.2022449476307316,0.2571752720082617,0.2409901248418447,0.2050361791956456,0.1975690349743164,0.1863073738330869,0.2107403039726041,0.105370151986302,0.1825091048798136,0.1105692847826056,0.205184669975916,0.0705527706751737,0.2161038251619245,0.099804916479307,0.0720346083873081,0.0761701690429313,0.1337877882944091,0.148653098104899,0.1205972297785011,0.0649451550232136,0.0943497270388918,0.0970704756717044,0.1420265774543233,0.0656462780282604,0.0688055372271671,0.0494116679664888,0.0514163867460956,0.0732689097350527,0.0364974221134194,0.111571050206886,0.0366344548675263,0.0629792317520863,0.0,0.0853581649138669,0.040656245988391,0.0642831120840724,0.0,0.0901524442623914,0.0897666020374972,0.0470935255177793,0.0,0.048611021713994,0.0251141645542629,0.0492911751609429,0.0244178281478645,0.0271904346708421,0.0532751858612934,0.0273326172702734,0.0269109076868074,0.0280692840207554,0.0,0.059379738568797,0.0573842679281219,0.0298643212572056,0.0300412834163409,0.0,0.0,0.0311601141925125,0.0,0.0,0.0352982711141874,0.0,0.0373776830516733,0.0,0.0,0.0,0.0,0.0,0.0,0.0,0.0,0.0430293139518821,0.0,0.0,0.0,0.0,0.0,0.0,0.0,0.0,0.0,0.0,0.0,0.0,0.0,0.0,0.0,0.0,0.0,0.0,0.0,0.0,0.0,0.95662100456621,0.0433789954337899,0.9985117350900976,0.0545372797943126
J07A1061,0.0092807424593967,0.0092807424593967,0.0348027842227378,0.0464037122969837,0.0464037122969837,0.0556844547563805,0.0487238979118329,0.0324825986078886,0.037122969837587,0.037122969837587,0.0510440835266821,0.0348027842227378,0.0719257540603248,0.0348027842227378,0.0232018561484918,0.0232018561484918,0.037122969837587,0.0232018561484918,0.0185614849187935,0.0185614849187935,0.0278422273781902,0.025522041763341,0.0162412993039443,0.025522041763341,0.0139211136890951,0.0185614849187935,0.0116009280742459,0.0046403712296983,0.0162412993039443,0.0069605568445475,0.0139211136890951,0.0069605568445475,0.0092807424593967,0.0162412993039443,0.0069605568445475,0.0116009280742459,0.0069605568445475,0.0046403712296983,0.0139211136890951,0.0046403712296983,0.0092807424593967,0.0046403712296983,0.0023201856148491,0.0023201856148491,0.0,0.0,0.0023201856148491,0.0046403712296983,0.0023201856148491,0.0,0.0023201856148491,0.0,0.0,0.0,0.0,0.0023201856148491,0.0,0.0,0.0,0.0046403712296983,0.0,0.0,0.0,0.0023201856148491,0.0,0.0,0.0,0.0,0.0,0.0,0.0,0.0,0.0023201856148491,0.0,0.0,0.0,0.0,0.0,0.0,0.0,0.0,0.0,0.0023201856148491,0.0,0.0,0.0,0.0,0.0,0.0,0.0,0.0,0.0,0.0,0.0,0.0,0.0,0.0,0.0,0.0,0.0,0.0,0.0536066679546586,0.0488525207409775,0.1813231994633525,0.239292273198805,0.239292273198805,0.287150727838566,0.2486883794052435,0.1686561580583882,0.1927498949238722,0.1960810679814612,0.2659406925462504,0.1831969527786658,0.3891399172163833,0.1902434601698798,0.125529005553672,0.125529005553672,0.198789275510265,0.1317228086123058,0.1042941879238655,0.1075847029538265,0.1647664975786159,0.149473102708931,0.0961137902541926,0.1597070431324875,0.0850044543772034,0.1133392725029379,0.0718346231890739,0.0309480458058099,0.1049068644245605,0.0462565918336153,0.0902391158227322,0.0469232235724135,0.0655752355056696,0.1098810418437164,0.0490024757541542,0.0872863254314995,0.0521758963061841,0.0354443270497066,0.1047435905177994,0.0400149767062504,0.0765786612887873,0.0406753728851676,0.019373752556157,0.0204217101502213,0.0,0.0,0.0213880535868717,0.0448825654311047,0.0220472537801727,0.0,0.0239350976904179,0.0,0.0,0.0,0.0,0.026049397864113,0.0,0.0,0.0,0.0565919618948417,0.0,0.0,0.0,0.0310777656176537,0.0,0.0,0.0,0.0,0.0,0.0,0.0,0.0,0.0319464042066383,0.0,0.0,0.0,0.0,0.0,0.0,0.0,0.0,0.0,0.041009161613347,0.0,0.0,0.0,0.0,0.0,0.0,0.0,0.0,0.0,0.0,0.0,0.0,0.0,0.0,0.0,0.0,0.0,0.0,0.9860788863109048,0.0139211136890951,0.9998554553849164,0.0170020097935991
J07A1062,0.0277777777777777,0.0648148148148148,0.095679012345679,0.0709876543209876,0.0617283950617283,0.074074074074074,0.0339506172839506,0.0308641975308641,0.0493827160493827,0.0462962962962962,0.0339506172839506,0.0308641975308641,0.0339506172839506,0.037037037037037,0.0185185185185185,0.0185185185185185,0.0277777777777777,0.0185185185185185,0.0185185185185185,0.0246913580246913,0.015432098765432,0.0092592592592592,0.0308641975308641,0.0061728395061728,0.0123456790123456,0.0123456790123456,0.0030864197530864,0.0092592592592592,0.0185185185185185,0.015432098765432,0.0030864197530864,0.015432098765432,0.0,0.0030864197530864,0.0,0.0,0.0030864197530864,0.0030864197530864,0.0,0.0030864197530864,0.0,0.0030864197530864,0.0,0.0030864197530864,0.0,0.0,0.0,0.0,0.0030864197530864,0.0,0.0,0.0030864197530864,0.0,0.0,0.0,0.0,0.0030864197530864,0.0,0.0,0.0,0.0,0.0,0.0,0.0,0.0,0.0,0.0,0.0,0.0,0.0,0.0030864197530864,0.0,0.0,0.0,0.0,0.0,0.0,0.0,0.0,0.0,0.0,0.0,0.0,0.0,0.0,0.0,0.0,0.0,0.0,0.0,0.0,0.0,0.0,0.0,0.0,0.0,0.0,0.0,0.0,0.0,0.0,0.1419959196429419,0.3019401137902481,0.4411622485291638,0.3239672048825643,0.2817106129413603,0.3380527355296323,0.153356933488422,0.1418236637917744,0.2269178620668391,0.2164120670907614,0.1565414430264775,0.1437810065667848,0.1625591076807199,0.1791736976914965,0.0886686041894836,0.0886686041894836,0.1316406478346561,0.093043655751561,0.0920864865802955,0.1266557929643505,0.0808224854146426,0.047991702006946,0.1616449708292853,0.0341850258609185,0.0667152254862066,0.0667152254862066,0.016913689237423,0.0546511145350401,0.1058599416057893,0.0907605071114569,0.0177059043667129,0.092068511706511,0.0,0.0184798848911737,0.0,0.0,0.0204749663562662,0.020863697279041,0.0,0.023554132074684,0.0,0.0239428629974588,0.0,0.0240417812360787,0.0,0.0,0.0,0.0,0.0259554781818053,0.0,0.0,0.0276522311615552,0.0,0.0,0.0,0.0,0.0301939094652592,0.0,0.0,0.0,0.0,0.0,0.0,0.0,0.0,0.0,0.0,0.0,0.0,0.0,0.0419375812669687,0.0,0.0,0.0,0.0,0.0,0.0,0.0,0.0,0.0,0.0,0.0,0.0,0.0,0.0,0.0,0.0,0.0,0.0,0.0,0.0,0.0,0.0,0.0,0.0,0.0,0.0,0.0,0.0,0.0,0.0,0.9907407407407408,0.0092592592592592,0.9999366476660356,0.0112561385213027
J07A1064,0.0,0.0208333333333333,0.0208333333333333,0.0208333333333333,0.0,0.0208333333333333,0.0416666666666666,0.0,0.0,0.0,0.0416666666666666,0.0,0.0,0.0208333333333333,0.0625,0.0,0.0625,0.0416666666666666,0.0833333333333333,0.0416666666666666,0.0208333333333333,0.0208333333333333,0.0208333333333333,0.0,0.0416666666666666,0.0208333333333333,0.0416666666666666,0.0416666666666666,0.0,0.0416666666666666,0.0208333333333333,0.0416666666666666,0.0208333333333333,0.0208333333333333,0.0,0.0,0.0,0.0,0.0,0.0208333333333333,0.0208333333333333,0.0,0.0,0.0,0.0,0.0,0.0208333333333333,0.0208333333333333,0.0,0.0,0.0208333333333333,0.0,0.0208333333333333,0.0,0.0,0.0208333333333333,0.0,0.0,0.0,0.0,0.0,0.0,0.0,0.0208333333333333,0.0,0.0,0.0,0.0,0.0,0.0,0.0,0.0,0.0,0.0,0.0,0.0,0.0,0.0,0.0,0.0,0.0,0.0,0.0,0.0,0.0,0.0,0.0,0.0,0.0,0.0,0.0,0.0,0.0,0.0,0.0,0.0,0.0,0.0,0.0,0.0,0.0,0.0,0.0878246247219854,0.0869263473257571,0.0860375422753889,0.0,0.0860375422753889,0.1703160237634049,0.0,0.0,0.0,0.1738526946515143,0.0,0.0,0.0912027205791897,0.2708037408246459,0.0,0.2680300820045521,0.1894437553392899,0.3749897764196486,0.1934104119794295,0.0987363299246634,0.0977146499659915,0.0987363299246634,0.0,0.2037556900412705,0.1018778450206352,0.2066251232218208,0.2225474114783361,0.0,0.221754115288888,0.1081515871602719,0.2249499480470042,0.1178878870934184,0.1128792317028998,0.0,0.0,0.0,0.0,0.0,0.1438738578555121,0.1376692970473154,0.0,0.0,0.0,0.0,0.0,0.1538015030798707,0.1613752742236839,0.0,0.0,0.1721172983879851,0.0,0.1673450297035329,0.0,0.0,0.1873212318995381,0.0,0.0,0.0,0.0,0.0,0.0,0.0,0.2234802267043585,0.0,0.0,0.0,0.0,0.0,0.0,0.0,0.0,0.0,0.0,0.0,0.0,0.0,0.0,0.0,0.0,0.0,0.0,0.0,0.0,0.0,0.0,0.0,0.0,0.0,0.0,0.0,0.0,0.0,0.0,0.0,0.0,0.0,0.0,0.0,0.0,0.0,0.9166666666666666,0.0833333333333333,0.99405841916219,0.1088478722473155
J07A1065,0.0,0.0,0.0,0.0,0.0073529411764705,0.0,0.0147058823529411,0.0220588235294117,0.0147058823529411,0.0220588235294117,0.0220588235294117,0.0294117647058823,0.0367647058823529,0.0220588235294117,0.0661764705882353,0.0220588235294117,0.0220588235294117,0.0220588235294117,0.0367647058823529,0.0367647058823529,0.0294117647058823,0.0367647058823529,0.0220588235294117,0.0220588235294117,0.0294117647058823,0.0147058823529411,0.0220588235294117,0.0220588235294117,0.0,0.0073529411764705,0.0147058823529411,0.0220588235294117,0.0514705882352941,0.0073529411764705,0.0147058823529411,0.0,0.0294117647058823,0.0294117647058823,0.0220588235294117,0.0,0.0147058823529411,0.0,0.0,0.0220588235294117,0.0147058823529411,0.0147058823529411,0.0,0.0073529411764705,0.0073529411764705,0.0,0.0147058823529411,0.0147058823529411,0.0,0.0073529411764705,0.0,0.0,0.0,0.0367647058823529,0.0147058823529411,0.0,0.0,0.0073529411764705,0.0,0.0,0.0,0.0,0.0073529411764705,0.0,0.0073529411764705,0.0,0.0,0.0073529411764705,0.0,0.0073529411764705,0.0,0.0,0.0,0.0,0.0,0.0,0.0,0.0,0.0,0.0,0.0,0.0,0.0,0.0,0.0,0.0,0.0,0.0,0.0,0.0,0.0,0.0,0.0,0.0,0.0,0.0,0.0,0.0,0.0,0.0,0.0,0.0332437987568127,0.0,0.065807919070124,0.1004170333979364,0.0669446889319576,0.1021524767106829,0.1007616647595324,0.1357372176348391,0.1743917989070255,0.1057186714831005,0.313905238032646,0.1046350793442153,0.1035633732819928,0.1097979424739283,0.1811140278632024,0.1868282334453553,0.152601787321891,0.1887784142336565,0.1144513404914182,0.1210220774096332,0.15745715128883,0.078728575644415,0.1197559315298932,0.1289841823471931,0.0,0.0428414677313928,0.0835767620436649,0.1303766461498964,0.3188525338507207,0.0436150820131952,0.0907692460928061,0.0,0.1932949998562989,0.196964834636706,0.1455155570922594,0.0,0.1063872882696692,0.0,0.0,0.1702257778979488,0.113016930507356,0.1193647091470656,0.0,0.0623533285440232,0.0612585152049198,0.0,0.1330078167937905,0.1305261734108627,0.0,0.072002003997163,0.0,0.0,0.0,0.3716462654470215,0.1486585061788086,0.0,0.0,0.0790826260986463,0.0,0.0,0.0,0.0,0.0852070415767172,0.0,0.0934720716540112,0.0,0.0,0.0973079859681514,0.0,0.0949526734274669,0.0,0.0,0.0,0.0,0.0,0.0,0.0,0.0,0.0,0.0,0.0,0.0,0.0,0.0,0.0,0.0,0.0,0.0,0.0,0.0,0.0,0.0,0.0,0.0,0.0,0.0,0.0,0.8823529411764706,0.1176470588235294,0.9873483912288308,0.1585659305709768
J07A1067,0.0023529411764705,0.0047058823529411,0.0094117647058823,0.0023529411764705,0.0117647058823529,0.0070588235294117,0.0117647058823529,0.0094117647058823,0.0117647058823529,0.0141176470588235,0.0211764705882352,0.0211764705882352,0.0211764705882352,0.0117647058823529,0.0188235294117647,0.0164705882352941,0.0164705882352941,0.0235294117647058,0.0329411764705882,0.0141176470588235,0.028235294117647,0.0235294117647058,0.0117647058823529,0.0070588235294117,0.0141176470588235,0.0094117647058823,0.0047058823529411,0.0070588235294117,0.0164705882352941,0.0047058823529411,0.0141176470588235,0.0094117647058823,0.0235294117647058,0.0164705882352941,0.0070588235294117,0.0094117647058823,0.0164705882352941,0.0070588235294117,0.0070588235294117,0.0023529411764705,0.0094117647058823,0.0070588235294117,0.0,0.0,0.0164705882352941,0.0211764705882352,0.0141176470588235,0.0070588235294117,0.0094117647058823,0.0070588235294117,0.0070588235294117,0.0047058823529411,0.0141176470588235,0.0094117647058823,0.0094117647058823,0.0164705882352941,0.0023529411764705,0.0047058823529411,0.0070588235294117,0.0023529411764705,0.0094117647058823,0.0023529411764705,0.0047058823529411,0.0117647058823529,0.0047058823529411,0.0047058823529411,0.0211764705882352,0.0023529411764705,0.0117647058823529,0.0047058823529411,0.0094117647058823,0.0117647058823529,0.0141176470588235,0.0070588235294117,0.0141176470588235,0.0070588235294117,0.0094117647058823,0.0047058823529411,0.0070588235294117,0.0047058823529411,0.0117647058823529,0.0094117647058823,0.0141176470588235,0.0070588235294117,0.0023529411764705,0.0047058823529411,0.0047058823529411,0.0164705882352941,0.0023529411764705,0.0070588235294117,0.0070588235294117,0.0070588235294117,0.0117647058823529,0.0047058823529411,0.0047058823529411,0.0070588235294117,0.0047058823529411,0.0047058823529411,0.0094117647058823,0.0,0.0,0.0116474750615727,0.0212290201475227,0.0420237760097619,0.0103985227616369,0.0519926138081845,0.0311955682849107,0.0514611122928909,0.0418800436569845,0.0523500545712307,0.0639057444670599,0.0945534960219642,0.0955305906638522,0.0981882602092995,0.0551139386821604,0.0872784535193774,0.0763686468294552,0.0755864546403365,0.1144811410140128,0.158624812822982,0.0701269184864071,0.1431996238343216,0.1180982144474154,0.0596665099309673,0.0378552052913855,0.0738779185692728,0.0492519457128485,0.024972773397814,0.0403457187862307,0.0911752312758084,0.0268012678458129,0.0784273965330324,0.0543750342730309,0.1424796484002833,0.0954983208952162,0.0425883671624277,0.0606888859148421,0.1058082839219066,0.0462073392513266,0.0455166644361315,0.0173886369385868,0.0665550075497476,0.0530268426719843,0.0,0.0,0.1237292995679634,0.1680155430902444,0.1115309704289974,0.0585115898641976,0.0766456408140657,0.0603970107172164,0.0624064425003064,0.0408280472135895,0.1213522181874383,0.0900877162595065,0.0882560335214387,0.1584778957524544,0.0222903959179313,0.046499765911815,0.0697496488677226,0.0245922192147129,0.0950631666880232,0.0247367183742282,0.0497665934591496,0.1350494309055704,0.0497665934591496,0.0516200560964027,0.2398716918580475,0.0292376774321677,0.1461883871608389,0.060875071130161,0.1238402455113314,0.1521876778254026,0.1665889534272721,0.0891024106303236,0.1826252133904831,0.0971916956145554,0.1249269253705739,0.0654214067439328,0.0905579742847001,0.0712826527612535,0.1668407928687043,0.1617170508958971,0.2138479582837605,0.1069239791418802,0.034441468247714,0.0749972794306279,0.0771438987785742,0.266148158696464,0.0374986397153139,0.1174626698725676,0.1193154225665995,0.1212877881719228,0.1988590376109992,0.0871776343266499,0.0808585254479485,0.1233962834447428,0.0871776343266499,0.0963863972636287,0.1782389754621894,0.0,0.0,0.6141176470588235,0.3858823529411764,0.797374455223619,0.6034848615805011
J07A1068,0.0089086859688195,0.0690423162583518,0.0712694877505567,0.0467706013363029,0.0467706013363029,0.0311804008908685,0.0222717149220489,0.0311804008908685,0.042316258351893,0.0334075723830735,0.0356347438752783,0.0178173719376391,0.0267260579064587,0.0200445434298441,0.0111358574610244,0.0222717149220489,0.0200445434298441,0.0089086859688195,0.0111358574610244,0.0155902004454342,0.0222717149220489,0.0178173719376391,0.0133630289532293,0.0133630289532293,0.0111358574610244,0.0089086859688195,0.0111358574610244,0.0066815144766146,0.0089086859688195,0.0111358574610244,0.0111358574610244,0.0044543429844097,0.0133630289532293,0.0044543429844097,0.0111358574610244,0.0066815144766146,0.0066815144766146,0.0044543429844097,0.0111358574610244,0.0044543429844097,0.0111358574610244,0.0044543429844097,0.0022271714922048,0.0,0.0066815144766146,0.0133630289532293,0.0044543429844097,0.0089086859688195,0.0066815144766146,0.0022271714922048,0.0133630289532293,0.0022271714922048,0.0022271714922048,0.0022271714922048,0.0111358574610244,0.0089086859688195,0.0022271714922048,0.0044543429844097,0.0022271714922048,0.0044543429844097,0.0044543429844097,0.0044543429844097,0.0044543429844097,0.0022271714922048,0.0066815144766146,0.0044543429844097,0.0044543429844097,0.0022271714922048,0.0044543429844097,0.0022271714922048,0.0,0.0022271714922048,0.0044543429844097,0.0022271714922048,0.0022271714922048,0.0044543429844097,0.0044543429844097,0.0,0.0022271714922048,0.0066815144766146,0.0,0.0,0.0,0.0044543429844097,0.0,0.0,0.0022271714922048,0.0044543429844097,0.0044543429844097,0.0044543429844097,0.0022271714922048,0.0,0.0,0.0,0.0,0.0,0.0,0.0,0.0,0.0,0.0,0.0529865635067337,0.3742274330581078,0.3823481852612483,0.2483504291538074,0.2483504291538074,0.1655669527692049,0.1170531587412655,0.1667051986391162,0.2262427695816577,0.181699562016047,0.1911740926306241,0.0965748214343504,0.148892312359334,0.1128256715290519,0.0620384634830558,0.1240769269661117,0.1105254821351262,0.0520796328525748,0.064429841737287,0.0930476734295055,0.1357171104024433,0.1074502157209144,0.0814302662414659,0.0861052386302165,0.0700176254818178,0.0560141003854542,0.0710036637011194,0.0458850733611865,0.059253334879117,0.0762025177809969,0.0743293826397514,0.030920287352602,0.0972250238588526,0.0310314210845277,0.0807260518327935,0.0517659754154928,0.0515723425579583,0.0350343186366522,0.0862766256924881,0.0395520965089558,0.0946160303945537,0.0402048534403025,0.0191496433064788,0.0,0.0603072801604537,0.1273890721237491,0.0422812871199064,0.0887267571105841,0.0653766550213652,0.0228964505688077,0.1419493457290691,0.0232168120676648,0.0230022565036634,0.0256141270614812,0.1254666757257224,0.1029922677086702,0.0253508050597238,0.0528840539797201,0.02644202698986,0.0559373245404464,0.0540575370653121,0.0562660015220174,0.0565994078308195,0.0307182681628338,0.0848991117462293,0.0587073457147171,0.0606234234692952,0.0332519289343677,0.0665038578687354,0.034616524239843,0.0,0.034616524239843,0.0631537172479575,0.033778640968025,0.034616524239843,0.0736905627583628,0.0710395217617561,0.0,0.0343304437951256,0.1216043430280776,0.0,0.0,0.0,0.0810695620187184,0.0,0.0,0.0438677703770503,0.0864827308581024,0.0852941965614009,0.0890599777200819,0.0452323656825256,0.0,0.0,0.0,0.0,0.0,0.0,0.0,0.0,0.0,0.0,0.8596881959910914,0.1403118040089087,0.9812194777877414,0.1928946251453159
J07A1070,0.0199556541019955,0.0842572062084257,0.082039911308204,0.0798226164079822,0.0709534368070953,0.0332594235033259,0.0687361419068736,0.0643015521064301,0.0509977827050997,0.0399113082039911,0.0288248337028824,0.024390243902439,0.0310421286031042,0.0310421286031042,0.0266075388026607,0.0288248337028824,0.0155210643015521,0.0110864745011086,0.0221729490022172,0.0088691796008869,0.0088691796008869,0.024390243902439,0.0088691796008869,0.0133037694013303,0.0133037694013303,0.0110864745011086,0.0133037694013303,0.0066518847006651,0.0177383592017738,0.0044345898004434,0.0022172949002217,0.0088691796008869,0.0,0.0044345898004434,0.0,0.0,0.0022172949002217,0.0022172949002217,0.0044345898004434,0.0022172949002217,0.0,0.0022172949002217,0.0022172949002217,0.0,0.0,0.0,0.0,0.0066518847006651,0.0,0.0,0.0,0.0022172949002217,0.0022172949002217,0.0,0.0,0.0022172949002217,0.0,0.0,0.0044345898004434,0.0022172949002217,0.0022172949002217,0.0,0.0022172949002217,0.0,0.0,0.0,0.0,0.0,0.0,0.0,0.0,0.0,0.0,0.0,0.0,0.0,0.0,0.0,0.0,0.0,0.0,0.0,0.0,0.0,0.0,0.0,0.0,0.0,0.0,0.0,0.0,0.0,0.0,0.0,0.0,0.0,0.0,0.0,0.0,0.0,0.0,0.0999713961843595,0.3846670695058695,0.3707133828522983,0.3570060749613862,0.3173387332990099,0.1487525312339109,0.3042792360206701,0.2895653493354024,0.2296552770591122,0.1828363791236485,0.1302506480291859,0.1113509938043306,0.1456620942954246,0.1471705587731247,0.1248532236817925,0.1352576589886085,0.0720850881898235,0.0545890344065884,0.1080549198912847,0.0445856348876877,0.0455220782699074,0.1238903487193801,0.0455220782699074,0.0722033021619507,0.0704556960726227,0.0587130800605189,0.0714479035149209,0.0384767973392317,0.0993734297805843,0.025559761540046,0.0124657383444399,0.0518562374640656,0.0,0.0260213096058317,0.0,0.0,0.0144152802320715,0.0146889639631784,0.0289388073175941,0.0165831488351082,0.0,0.016856832566215,0.0160578787533381,0.0,0.0,0.0,0.0,0.0558011767525956,0.0,0.0,0.0,0.0194683915128313,0.0192884765568477,0.0,0.0,0.0215909680526221,0.0,0.0,0.0443457725661151,0.0234530419413274,0.0226648967295694,0.0,0.0237306359683093,0.0,0.0,0.0,0.0,0.0,0.0,0.0,0.0,0.0,0.0,0.0,0.0,0.0,0.0,0.0,0.0,0.0,0.0,0.0,0.0,0.0,0.0,0.0,0.0,0.0,0.0,0.0,0.0,0.0,0.0,0.0,0.0,0.0,0.0,0.0,0.0,0.0,0.0,0.9822616407982262,0.0177383592017738,0.9997635224618237,0.0217462446120412
J07A1073,0.0155555555555555,0.0311111111111111,0.0444444444444444,0.0555555555555555,0.06,0.0466666666666666,0.0622222222222222,0.0555555555555555,0.0288888888888888,0.0422222222222222,0.02,0.0466666666666666,0.0377777777777777,0.0288888888888888,0.0266666666666666,0.0177777777777777,0.0244444444444444,0.0177777777777777,0.0288888888888888,0.0177777777777777,0.0222222222222222,0.0244444444444444,0.02,0.0155555555555555,0.0088888888888888,0.0066666666666666,0.0155555555555555,0.0044444444444444,0.0177777777777777,0.0111111111111111,0.0133333333333333,0.0066666666666666,0.02,0.0088888888888888,0.0088888888888888,0.0044444444444444,0.0044444444444444,0.0088888888888888,0.0,0.0044444444444444,0.0022222222222222,0.0044444444444444,0.0022222222222222,0.0066666666666666,0.0,0.0044444444444444,0.0022222222222222,0.0022222222222222,0.0044444444444444,0.0022222222222222,0.0044444444444444,0.0022222222222222,0.0022222222222222,0.0044444444444444,0.0,0.0,0.0,0.0022222222222222,0.0022222222222222,0.0,0.0,0.0,0.0022222222222222,0.0022222222222222,0.0022222222222222,0.0022222222222222,0.0,0.0,0.0,0.0,0.0022222222222222,0.0,0.0,0.0,0.0,0.0,0.0,0.0,0.0022222222222222,0.0,0.0,0.0,0.0,0.0,0.0,0.0,0.0,0.0,0.0,0.0022222222222222,0.0,0.0,0.0,0.0,0.0,0.0,0.0,0.0,0.0,0.0,0.0,0.090880307324142,0.1656410393667542,0.2342097848000003,0.2897687939412139,0.312950297456511,0.2434057869106196,0.321223384515311,0.291760907267069,0.1517156717788759,0.2255704504493716,0.1053944031600001,0.2484615590501313,0.2067311566664845,0.1597256831922949,0.1459278752939891,0.0972852501959927,0.1323971322336022,0.1020854609326759,0.1641823233133382,0.1042229711965802,0.1330149908228403,0.1448024714534224,0.1197134917405563,0.0984560365376177,0.0548988629851252,0.0411741472388439,0.0974259789839394,0.0299810028568252,0.1161472090261442,0.0746853301935181,0.087419386873559,0.0454569994113127,0.1429339191424042,0.0608271746803097,0.0632950407615507,0.0338235452867565,0.0336970268608357,0.0686735748811649,0.0,0.0387646166247004,0.0185464461736706,0.0394043772044472,0.0187683750495331,0.0593507603869549,0.0,0.0416175877633126,0.020719734606621,0.0217400531661191,0.0427166731441518,0.0224405836025724,0.0463743809051812,0.0227545667230802,0.022544282947571,0.0502083026364914,0.0,0.0,0.0,0.0259155678083919,0.0259155678083919,0.0,0.0,0.0,0.0277362584970683,0.0301066692744685,0.0277362584970683,0.0287692429801976,0.0,0.0,0.0,0.0,0.0345097466301583,0.0,0.0,0.0,0.0,0.0,0.0,0.0,0.0336469267052009,0.0,0.0,0.0,0.0,0.0,0.0,0.0,0.0,0.0,0.0,0.0436433994357494,0.0,0.0,0.0,0.0,0.0,0.0,0.0,0.0,0.0,0.0,0.0,0.9711111111111111,0.0288888888888888,0.999358676231522,0.0358083264169112
J07A1074,0.0021786492374727,0.0130718954248366,0.0217864923747276,0.008714596949891,0.0261437908496732,0.0217864923747276,0.0348583877995642,0.0348583877995642,0.0392156862745098,0.0348583877995642,0.0413943355119825,0.037037037037037,0.0305010893246187,0.0305010893246187,0.0392156862745098,0.0326797385620915,0.0413943355119825,0.0239651416122004,0.0283224400871459,0.0283224400871459,0.0261437908496732,0.0239651416122004,0.0239651416122004,0.0108932461873638,0.0261437908496732,0.0283224400871459,0.0239651416122004,0.0239651416122004,0.0152505446623093,0.0217864923747276,0.0174291938997821,0.0043572984749455,0.0065359477124183,0.0108932461873638,0.0108932461873638,0.0152505446623093,0.0217864923747276,0.0108932461873638,0.0043572984749455,0.0043572984749455,0.0130718954248366,0.0043572984749455,0.0043572984749455,0.0021786492374727,0.0043572984749455,0.0108932461873638,0.0043572984749455,0.008714596949891,0.0065359477124183,0.0021786492374727,0.0,0.0043572984749455,0.0043572984749455,0.0043572984749455,0.0021786492374727,0.0,0.0,0.0043572984749455,0.0021786492374727,0.0043572984749455,0.0,0.0,0.0021786492374727,0.0021786492374727,0.0,0.0,0.0,0.0,0.0,0.0021786492374727,0.0,0.0,0.0,0.0021786492374727,0.0,0.0,0.0,0.0,0.0021786492374727,0.0,0.0,0.0,0.0,0.0,0.0,0.0,0.0,0.0,0.0,0.0,0.0,0.0,0.0,0.0,0.0,0.0,0.0,0.0,0.0,0.0,0.0,0.0135585065745054,0.0741363620146601,0.1222968154689834,0.0484185416954258,0.1452556250862774,0.1210463542385646,0.1916943064596688,0.1950056451761573,0.219381350823177,0.198375802921484,0.2323639493910686,0.2100530257082039,0.177797298495943,0.1796385524632807,0.228596526637641,0.1904971055313675,0.2388248991865604,0.1465907953765871,0.1714614555038033,0.1768711193367115,0.1666947583884488,0.1512223850588834,0.1528035285227447,0.0734436787242479,0.1719985214541437,0.1863317315753223,0.1598856668757671,0.1722062677610147,0.1061345884966571,0.1559931076785101,0.1217269111566433,0.0316482437516504,0.049756996413975,0.0794049847632311,0.0826265854640453,0.1236309710963401,0.175955034473564,0.0896478292101359,0.0353231345989543,0.0404832716116041,0.116212290989142,0.0411513964009456,0.0392009668092299,0.0206607052367901,0.0411513964009456,0.1086568277943711,0.0432767155636316,0.0908156513653143,0.0669158177667973,0.0234355017592765,0.0,0.0475268110593339,0.047087597367019,0.0524343210322257,0.025684107594445,0.0,0.0,0.0541291033889688,0.0270645516944844,0.0572542571058042,0.0,0.0,0.0289659639123325,0.0314414684236146,0.0,0.0,0.0,0.0,0.0,0.0354315011527624,0.0,0.0,0.0,0.0345738915930733,0.0,0.0,0.0,0.0,0.0351386855154512,0.0,0.0,0.0,0.0,0.0,0.0,0.0,0.0,0.0,0.0,0.0,0.0,0.0,0.0,0.0,0.0,0.0,0.0,0.0,0.0,0.0,0.0,0.9629629629629628,0.037037037037037,0.9989286622698306,0.0462766430913764
J07A1075,0.0186915887850467,0.0342679127725856,0.0467289719626168,0.0373831775700934,0.0404984423676012,0.0404984423676012,0.0467289719626168,0.0249221183800623,0.0467289719626168,0.0342679127725856,0.0404984423676012,0.0311526479750778,0.0311526479750778,0.0186915887850467,0.0311526479750778,0.0186915887850467,0.02803738317757,0.0498442367601246,0.0311526479750778,0.0404984423676012,0.02803738317757,0.0031152647975077,0.0124610591900311,0.0218068535825545,0.0186915887850467,0.0062305295950155,0.0124610591900311,0.0124610591900311,0.0311526479750778,0.0093457943925233,0.0218068535825545,0.0062305295950155,0.0062305295950155,0.0093457943925233,0.0062305295950155,0.0062305295950155,0.0031152647975077,0.0124610591900311,0.0124610591900311,0.0124610591900311,0.0062305295950155,0.0155763239875389,0.0,0.0093457943925233,0.0,0.0031152647975077,0.0031152647975077,0.0031152647975077,0.0,0.0031152647975077,0.0,0.0,0.0031152647975077,0.0,0.0,0.0,0.0031152647975077,0.0,0.0031152647975077,0.0,0.0,0.0,0.0,0.0,0.0,0.0,0.0,0.0,0.0,0.0,0.0,0.0,0.0,0.0,0.0,0.0,0.0031152647975077,0.0,0.0,0.0,0.0,0.0,0.0,0.0,0.0,0.0,0.0,0.0,0.0,0.0,0.0,0.0,0.0,0.0,0.0,0.0,0.0,0.0,0.0,0.0,0.0,0.1105905788738568,0.1847684137614367,0.2493798919302703,0.1974640247028984,0.2139193600948066,0.2139193600948066,0.2443067775581429,0.1325477051694129,0.2485269471926492,0.1854028581845195,0.2161292396729009,0.1679712852376697,0.1726442613616908,0.1046592905442175,0.1726442613616908,0.1035865568170145,0.1537883850885125,0.2898604910895822,0.179299128506344,0.2404428954623195,0.1699566774197682,0.018688671193636,0.0755363010754525,0.1397775689152665,0.116909483777684,0.0389698279258946,0.0790372577618832,0.0851277756111488,0.2061170534191271,0.0636182457990494,0.1447937045824912,0.0430233912267927,0.0450939129468953,0.0647670389226167,0.04492983484391,0.0480191271001639,0.0239197547449538,0.0974955491118331,0.0960382542003279,0.1100678853685666,0.0526606036427851,0.1398555193757306,0.0,0.0842599935148861,0.0,0.029542146150942,0.0294157091198411,0.0308642505478852,0.0,0.031858790291735,0.0,0.0,0.032006011760847,0.0,0.0,0.0,0.0352738508397747,0.0,0.0367922089158213,0.0,0.0,0.0,0.0,0.0,0.0,0.0,0.0,0.0,0.0,0.0,0.0,0.0,0.0,0.0,0.0,0.0,0.0494232330777981,0.0,0.0,0.0,0.0,0.0,0.0,0.0,0.0,0.0,0.0,0.0,0.0,0.0,0.0,0.0,0.0,0.0,0.0,0.0,0.0,0.0,0.0,0.0,0.0,0.9875389408099688,0.0124610591900311,0.9998845224203138,0.0151967701930642
J07A1076,0.0,0.03125,0.078125,0.03125,0.0416666666666666,0.0729166666666666,0.0572916666666666,0.0364583333333333,0.0208333333333333,0.0364583333333333,0.015625,0.0416666666666666,0.0520833333333333,0.0520833333333333,0.0416666666666666,0.03125,0.0364583333333333,0.0208333333333333,0.0208333333333333,0.0208333333333333,0.0104166666666666,0.0052083333333333,0.0104166666666666,0.0052083333333333,0.0208333333333333,0.0208333333333333,0.0208333333333333,0.015625,0.0208333333333333,0.0052083333333333,0.0208333333333333,0.0052083333333333,0.0052083333333333,0.0052083333333333,0.015625,0.0,0.0052083333333333,0.0,0.0104166666666666,0.0052083333333333,0.0104166666666666,0.0,0.0104166666666666,0.0,0.0,0.0,0.0104166666666666,0.0,0.0052083333333333,0.0,0.0,0.0,0.0,0.0,0.0,0.0,0.0052083333333333,0.0,0.0,0.0,0.0,0.0,0.0,0.0,0.0,0.0,0.0,0.0,0.0052083333333333,0.0,0.0,0.0,0.0052083333333333,0.0,0.0,0.0,0.0,0.0,0.0,0.0,0.0,0.0,0.0,0.0,0.0,0.0,0.0,0.0,0.0,0.0,0.0,0.0,0.0,0.0,0.0,0.0,0.0,0.0,0.0,0.0,0.0,0.0,0.1551040686210041,0.3837941290175629,0.151947963379385,0.2025972845058467,0.3545452478852318,0.2757235338109662,0.1784913443978525,0.10199505394163,0.1815760960533893,0.0767588258035125,0.2068054248280055,0.2656984627201527,0.2684500137995982,0.2125587701761221,0.1594190776320916,0.1840839656577567,0.111523380908188,0.1103761050276525,0.1138585064900157,0.0581249527699847,0.0287617507078826,0.0581249527699847,0.0307309748551517,0.1199486538470795,0.1199486538470795,0.1216378564761763,0.0982583446574116,0.1268851540200034,0.0326360304447995,0.1273352149201047,0.033106368030438,0.034699628164661,0.0332253589760191,0.103720111697957,0.0,0.0368123563114711,0.0,0.0739011430269774,0.0423484506618177,0.0810443470489313,0.0,0.0820141328864527,0.0,0.0,0.0,0.0905411929863223,0.0,0.046665879417712,0.0,0.0,0.0,0.0,0.0,0.0,0.0,0.0542862407845301,0.0,0.0,0.0,0.0,0.0,0.0,0.0,0.0,0.0,0.0,0.0,0.0712057158117262,0.0,0.0,0.0,0.0676187184762743,0.0,0.0,0.0,0.0,0.0,0.0,0.0,0.0,0.0,0.0,0.0,0.0,0.0,0.0,0.0,0.0,0.0,0.0,0.0,0.0,0.0,0.0,0.0,0.0,0.0,0.0,0.0,0.0,0.984375,0.015625,0.999817286217808,0.0191152865544253
J07A1077,0.0155038759689922,0.0310077519379844,0.0387596899224806,0.0542635658914728,0.0697674418604651,0.0542635658914728,0.0465116279069767,0.0620155038759689,0.0465116279069767,0.0465116279069767,0.0387596899224806,0.0387596899224806,0.0232558139534883,0.0387596899224806,0.0310077519379844,0.0,0.0155038759689922,0.0310077519379844,0.0155038759689922,0.0310077519379844,0.0077519379844961,0.0155038759689922,0.0310077519379844,0.0310077519379844,0.0,0.0077519379844961,0.0155038759689922,0.0155038759689922,0.0232558139534883,0.0,0.0232558139534883,0.0077519379844961,0.0077519379844961,0.0077519379844961,0.0077519379844961,0.0155038759689922,0.0155038759689922,0.0155038759689922,0.0,0.0077519379844961,0.0077519379844961,0.0077519379844961,0.0,0.0,0.0,0.0,0.0,0.0,0.0,0.0,0.0,0.0,0.0,0.0,0.0,0.0,0.0,0.0,0.0,0.0,0.0,0.0,0.0,0.0,0.0,0.0,0.0,0.0,0.0,0.0,0.0,0.0,0.0,0.0,0.0,0.0,0.0,0.0,0.0,0.0,0.0,0.0,0.0,0.0,0.0,0.0,0.0,0.0,0.0,0.0,0.0,0.0,0.0,0.0,0.0,0.0,0.0,0.0,0.0,0.0,0.0,0.0852252256501234,0.1553339262663621,0.1921814478121419,0.2663030016688213,0.3423895735741989,0.2663030016688213,0.2259262999499781,0.3064386188453076,0.2298289641339807,0.2338009510109598,0.1921814478121419,0.1941674078329526,0.1197414974532203,0.201635883993038,0.159655329937627,0.0,0.0790100444058405,0.1675329807366056,0.0829047582972873,0.1710408599448226,0.0436583186118912,0.0864131232043913,0.1746332744475648,0.18465910113194,0.0,0.0450474047475482,0.0913635889618599,0.098403959353019,0.1429573414858274,0.0,0.1434644103409833,0.0497331453936861,0.0521265773108455,0.0499118963213528,0.0519369102502302,0.1110159920756378,0.110600731982399,0.1127005608101971,0.0,0.0636168139019403,0.0608733384981271,0.0646667283158394,0.0,0.0,0.0,0.0,0.0,0.0,0.0,0.0,0.0,0.0,0.0,0.0,0.0,0.0,0.0,0.0,0.0,0.0,0.0,0.0,0.0,0.0,0.0,0.0,0.0,0.0,0.0,0.0,0.0,0.0,0.0,0.0,0.0,0.0,0.0,0.0,0.0,0.0,0.0,0.0,0.0,0.0,0.0,0.0,0.0,0.0,0.0,0.0,0.0,0.0,0.0,0.0,0.0,0.0,0.0,0.0,0.0,0.0,0.0,1.0,0.0,1.0,0.0
J07A1080,0.0735294117647058,0.1323529411764706,0.0735294117647058,0.088235294117647,0.1029411764705882,0.088235294117647,0.0294117647058823,0.088235294117647,0.0147058823529411,0.0,0.0,0.0147058823529411,0.0294117647058823,0.0,0.0294117647058823,0.0294117647058823,0.0588235294117647,0.0,0.0147058823529411,0.0147058823529411,0.0147058823529411,0.0147058823529411,0.0,0.0147058823529411,0.0147058823529411,0.0147058823529411,0.0,0.0,0.0,0.0,0.0,0.0,0.0,0.0147058823529411,0.0,0.0147058823529411,0.0,0.0,0.0,0.0,0.0,0.0,0.0,0.0,0.0,0.0,0.0,0.0,0.0,0.0,0.0,0.0,0.0,0.0,0.0,0.0,0.0,0.0,0.0,0.0,0.0,0.0,0.0,0.0,0.0,0.0147058823529411,0.0,0.0,0.0,0.0,0.0,0.0,0.0,0.0,0.0,0.0,0.0,0.0,0.0,0.0,0.0,0.0,0.0,0.0,0.0,0.0,0.0,0.0,0.0,0.0,0.0,0.0,0.0,0.0,0.0,0.0,0.0,0.0,0.0,0.0,0.0,0.2974288497138146,0.48789207177395,0.2682788177939805,0.3186428626668156,0.3717500064446182,0.3186428626668156,0.105128497658796,0.3208334805186329,0.0534722467531054,0.0,0.0,0.0542102301971055,0.1114367272642338,0.0,0.1114367272642338,0.1114367272642338,0.2205907130824477,0.0,0.0578661228716342,0.0596918175802759,0.0609455399436902,0.0603149023984379,0.0,0.0644444688997785,0.062884657327447,0.062884657327447,0.0,0.0,0.0,0.0,0.0,0.0,0.0,0.0696753234580548,0.0,0.0774872898745961,0.0,0.0,0.0,0.0,0.0,0.0,0.0,0.0,0.0,0.0,0.0,0.0,0.0,0.0,0.0,0.0,0.0,0.0,0.0,0.0,0.0,0.0,0.0,0.0,0.0,0.0,0.0,0.0,0.0,0.1318164995052794,0.0,0.0,0.0,0.0,0.0,0.0,0.0,0.0,0.0,0.0,0.0,0.0,0.0,0.0,0.0,0.0,0.0,0.0,0.0,0.0,0.0,0.0,0.0,0.0,0.0,0.0,0.0,0.0,0.0,0.0,0.0,0.0,0.0,0.0,0.0,0.9852941176470588,0.0147058823529411,0.9998384464191824,0.0179744558214081
J07A1081,0.0615384615384615,0.08,0.0892307692307692,0.08,0.0584615384615384,0.0461538461538461,0.0676923076923076,0.0369230769230769,0.0369230769230769,0.04,0.0369230769230769,0.0246153846153846,0.0215384615384615,0.0307692307692307,0.0276923076923076,0.0246153846153846,0.0215384615384615,0.0092307692307692,0.0184615384615384,0.0123076923076923,0.0215384615384615,0.0153846153846153,0.0184615384615384,0.0153846153846153,0.0061538461538461,0.003076923076923,0.0061538461538461,0.0123076923076923,0.0061538461538461,0.0092307692307692,0.0092307692307692,0.0,0.003076923076923,0.0092307692307692,0.0061538461538461,0.003076923076923,0.0061538461538461,0.0,0.0092307692307692,0.0,0.0061538461538461,0.0,0.0,0.0,0.0,0.0,0.0,0.003076923076923,0.003076923076923,0.0,0.0,0.0,0.0,0.0,0.0,0.0,0.0,0.0,0.0,0.0,0.0,0.0,0.0,0.0,0.0,0.0,0.0,0.0,0.003076923076923,0.0,0.0,0.0,0.0,0.0,0.0,0.0,0.0,0.0,0.0,0.0,0.0,0.0,0.0,0.0,0.0,0.0,0.0,0.0,0.0,0.0,0.0,0.0,0.0,0.0,0.0,0.0,0.0,0.0,0.0,0.0,0.0,0.3085325493419985,0.3655211439809858,0.4035267060297386,0.3580834074425595,0.2616763362080243,0.2065865812168613,0.2998962589255321,0.1664054642882253,0.1664054642882253,0.1833881220316406,0.1669765680123056,0.1124680443018417,0.1011473009022647,0.1459925341414673,0.1300465297314832,0.1155969153168739,0.1001113177861455,0.0454877448999637,0.0900395964982952,0.0619202497357628,0.1106363587422752,0.0782082446701519,0.0948311646362359,0.08356291050688,0.0326161427487678,0.0163080713743839,0.0330754665703795,0.0712484460156765,0.0345022988043862,0.0532458544685852,0.051937017385047,0.0,0.0188708749827342,0.0542073470514708,0.0376044233434702,0.0200950169339786,0.0400397013176711,0.0,0.0602850508019359,0.0,0.0440747587830138,0.0,0.0,0.0,0.0,0.0,0.0,0.0258321079481762,0.0253785421639718,0.0,0.0,0.0,0.0,0.0,0.0,0.0,0.0,0.0,0.0,0.0,0.0,0.0,0.0,0.0,0.0,0.0,0.0,0.0,0.0387241659986333,0.0,0.0,0.0,0.0,0.0,0.0,0.0,0.0,0.0,0.0,0.0,0.0,0.0,0.0,0.0,0.0,0.0,0.0,0.0,0.0,0.0,0.0,0.0,0.0,0.0,0.0,0.0,0.0,0.0,0.0,0.0,0.0,0.9969230769230768,0.003076923076923,0.9999930900178622,0.0037175148322219
J07A1083,0.1,0.131578947368421,0.1157894736842105,0.0736842105263157,0.0526315789473684,0.0526315789473684,0.0473684210526315,0.0421052631578947,0.0526315789473684,0.0210526315789473,0.031578947368421,0.0210526315789473,0.031578947368421,0.0105263157894736,0.0105263157894736,0.0,0.0052631578947368,0.0105263157894736,0.0157894736842105,0.0052631578947368,0.0210526315789473,0.0105263157894736,0.0105263157894736,0.0,0.0157894736842105,0.0105263157894736,0.0105263157894736,0.0052631578947368,0.0105263157894736,0.0,0.0105263157894736,0.0157894736842105,0.0052631578947368,0.0,0.0,0.0,0.0052631578947368,0.0,0.0052631578947368,0.0,0.0,0.0,0.0,0.0052631578947368,0.0,0.0,0.0,0.0,0.0052631578947368,0.0,0.0,0.0052631578947368,0.0052631578947368,0.0052631578947368,0.0,0.0,0.0,0.0,0.0,0.0,0.0,0.0,0.0,0.0,0.0,0.0,0.0,0.0,0.0,0.0,0.0,0.0,0.0052631578947368,0.0,0.0,0.0,0.0,0.0,0.0,0.0,0.0,0.0,0.0,0.0,0.0,0.0,0.0,0.0,0.0,0.0,0.0,0.0,0.0,0.0,0.0,0.0,0.0,0.0,0.0,0.0,0.0,0.4261990088394077,0.5110542536651042,0.4451278913332416,0.2803668922308997,0.2002620658792141,0.2002620658792141,0.1783933738821733,0.1613110680067243,0.2016388350084054,0.0820494519711181,0.1213985158181568,0.0817686805864166,0.1260652388506821,0.0424569199769384,0.0420217462835607,0.0,0.0207956730362348,0.0440951668409232,0.0654623191138603,0.0225092254155602,0.0919279695124479,0.0454883697310152,0.0459639847562239,0.0,0.0711396461530174,0.0474264307686782,0.0480943236459527,0.0259002077465616,0.0501690496699916,0.0,0.0503469989961054,0.0785394493913871,0.0274397329201914,0.0,0.0,0.0,0.0291104337071375,0.0,0.0292197313690858,0.0,0.0,0.0,0.0,0.0341815789436051,0.0,0.0,0.0,0.0,0.0369023916230885,0.0,0.0,0.0393147626265351,0.0389514396584923,0.0433743152321312,0.0,0.0,0.0,0.0,0.0,0.0,0.0,0.0,0.0,0.0,0.0,0.0,0.0,0.0,0.0,0.0,0.0,0.0,0.0534714541201973,0.0,0.0,0.0,0.0,0.0,0.0,0.0,0.0,0.0,0.0,0.0,0.0,0.0,0.0,0.0,0.0,0.0,0.0,0.0,0.0,0.0,0.0,0.0,0.0,0.0,0.0,0.0,0.0,0.9789473684210528,0.0210526315789473,0.9996646895697632,0.0258941774804461
J07A1084,0.0165289256198347,0.0330578512396694,0.0330578512396694,0.046831955922865,0.0495867768595041,0.0330578512396694,0.0385674931129476,0.0330578512396694,0.0330578512396694,0.0523415977961432,0.0440771349862259,0.0137741046831955,0.0192837465564738,0.0192837465564738,0.0495867768595041,0.0303030303030303,0.0082644628099173,0.0303030303030303,0.0330578512396694,0.0220385674931129,0.0055096418732782,0.024793388429752,0.0220385674931129,0.0110192837465564,0.0192837465564738,0.024793388429752,0.024793388429752,0.0110192837465564,0.0,0.0220385674931129,0.024793388429752,0.0220385674931129,0.0,0.0137741046831955,0.0110192837465564,0.0165289256198347,0.0,0.0137741046831955,0.0082644628099173,0.0192837465564738,0.0055096418732782,0.0027548209366391,0.0082644628099173,0.0055096418732782,0.0082644628099173,0.0082644628099173,0.0027548209366391,0.0055096418732782,0.0,0.0027548209366391,0.0,0.0027548209366391,0.0,0.0027548209366391,0.0,0.0055096418732782,0.0027548209366391,0.0,0.0027548209366391,0.0,0.0,0.0,0.0,0.0,0.0,0.0,0.0,0.0,0.0,0.0,0.0,0.0,0.0,0.0,0.0,0.0,0.0,0.0,0.0,0.0,0.0,0.0,0.0,0.0,0.0,0.0,0.0,0.0,0.0,0.0,0.0,0.0,0.0,0.0,0.0,0.0,0.0,0.0,0.0,0.0,0.0,0.0983934064013107,0.1793346279631147,0.177500378819777,0.2488877517953468,0.2635282077833084,0.1756854718555389,0.2028710872958316,0.1768932808983359,0.1768932808983359,0.2849214892217371,0.2366671717597026,0.0747227616512978,0.1075221777550658,0.1086356684438617,0.2764855999415977,0.1689634221865319,0.0456089576161668,0.1773003492299691,0.1914288055800673,0.1316456304683793,0.0336026542470957,0.1496472696610083,0.1344106169883829,0.0710636154369215,0.1213512899960817,0.1560230871378194,0.1582203157063784,0.0757389273755525,0.0,0.1509378942808322,0.1656311487957242,0.1531131516209513,0.0,0.0960396694277696,0.0799489349700052,0.1281691135695701,0.0,0.1084283046956189,0.064084556784785,0.1713746324722803,0.0468526001791982,0.0248861360443708,0.0711198655506338,0.0499779026972303,0.0746584081331126,0.0788517183415441,0.0261714139801421,0.054920387945412,0.0,0.028345044691414,0.0,0.0287416415776966,0.0,0.0317094378496522,0.0,0.0637505019020148,0.0313834539646996,0.0,0.0327343504403349,0.0,0.0,0.0,0.0,0.0,0.0,0.0,0.0,0.0,0.0,0.0,0.0,0.0,0.0,0.0,0.0,0.0,0.0,0.0,0.0,0.0,0.0,0.0,0.0,0.0,0.0,0.0,0.0,0.0,0.0,0.0,0.0,0.0,0.0,0.0,0.0,0.0,0.0,0.0,0.0,0.0,0.0,0.9834710743801652,0.0165289256198347,0.9997951650495388,0.020239267367308
J07A1085,0.0067720090293453,0.0225733634311512,0.0293453724604966,0.0270880361173814,0.0248306997742663,0.0316027088036117,0.0474040632054176,0.0632054176072234,0.0361173814898419,0.0428893905191873,0.0541760722347629,0.0338600451467268,0.0293453724604966,0.0406320541760722,0.0451467268623024,0.0158013544018058,0.0474040632054176,0.0203160270880361,0.0270880361173814,0.0248306997742663,0.0158013544018058,0.0270880361173814,0.0112866817155756,0.0180586907449209,0.0225733634311512,0.0112866817155756,0.0203160270880361,0.0090293453724604,0.0135440180586907,0.0090293453724604,0.0135440180586907,0.0158013544018058,0.0158013544018058,0.0090293453724604,0.0135440180586907,0.0045146726862302,0.0112866817155756,0.0022573363431151,0.0135440180586907,0.0022573363431151,0.0090293453724604,0.0022573363431151,0.0067720090293453,0.0022573363431151,0.0022573363431151,0.0067720090293453,0.0045146726862302,0.0,0.0022573363431151,0.0022573363431151,0.0045146726862302,0.0045146726862302,0.0090293453724604,0.0022573363431151,0.0022573363431151,0.0,0.0,0.0045146726862302,0.0045146726862302,0.0,0.0,0.0,0.0,0.0,0.0,0.0,0.0,0.0,0.0,0.0,0.0,0.0,0.0,0.0,0.0,0.0,0.0,0.0,0.0,0.0,0.0,0.0,0.0,0.0,0.0,0.0,0.0,0.0,0.0,0.0,0.0,0.0,0.0,0.0,0.0,0.0,0.0,0.0,0.0,0.0,0.0,0.0404791682886624,0.1229641438183282,0.1582183935360188,0.1445544379693046,0.1325082348051959,0.1686468442975221,0.2503842437385876,0.3396125278414585,0.1940643016236906,0.2344341014929914,0.2920954957588041,0.1844462157274922,0.1643005224344454,0.2298489298845451,0.2527700345145314,0.0884695120800859,0.2626901368369511,0.1193589515792934,0.157508091645254,0.1489377288481133,0.0967692127119062,0.164173521623731,0.0691208662227901,0.1169426348241,0.1426401994506074,0.0713200997253037,0.1301840645711901,0.0623181755641896,0.090533356213276,0.0620960351632744,0.0908544774989082,0.1102341427350102,0.1155392147045017,0.0632173408091688,0.0986732702377624,0.0351526205352327,0.0875528266154511,0.0178430151106948,0.1054578616056981,0.020143924104482,0.0771008691244951,0.0204763738920866,0.0585176001438405,0.0205609705770755,0.0204763738920866,0.0648793876203285,0.0430678074721199,0.0,0.0221975991699468,0.0233223724267385,0.0481966334603743,0.047297386638725,0.0937205862929075,0.0260906033849409,0.0255601236499645,0.0,0.0,0.0538678079663159,0.0538678079663159,0.0,0.0,0.0,0.0,0.0,0.0,0.0,0.0,0.0,0.0,0.0,0.0,0.0,0.0,0.0,0.0,0.0,0.0,0.0,0.0,0.0,0.0,0.0,0.0,0.0,0.0,0.0,0.0,0.0,0.0,0.0,0.0,0.0,0.0,0.0,0.0,0.0,0.0,0.0,0.0,0.0,0.0,0.9706546275395034,0.0293453724604966,0.9993376468762982,0.036390486885218
J07A1086,0.010752688172043,0.086021505376344,0.1935483870967742,0.053763440860215,0.053763440860215,0.053763440860215,0.053763440860215,0.064516129032258,0.043010752688172,0.053763440860215,0.010752688172043,0.064516129032258,0.021505376344086,0.032258064516129,0.021505376344086,0.032258064516129,0.010752688172043,0.0,0.010752688172043,0.0,0.021505376344086,0.0,0.010752688172043,0.0,0.021505376344086,0.010752688172043,0.0,0.0,0.021505376344086,0.010752688172043,0.010752688172043,0.0,0.0,0.0,0.0,0.0,0.0,0.0,0.0,0.0,0.0,0.0,0.010752688172043,0.0,0.0,0.0,0.0,0.0,0.0,0.0,0.0,0.0,0.0,0.0,0.0,0.010752688172043,0.0,0.0,0.0,0.0,0.0,0.0,0.0,0.0,0.0,0.0,0.0,0.0,0.0,0.0,0.0,0.0,0.0,0.0,0.0,0.0,0.0,0.0,0.0,0.0,0.0,0.0,0.0,0.0,0.0,0.0,0.0,0.0,0.0,0.0,0.0,0.0,0.0,0.0,0.0,0.0,0.0,0.0,0.0,0.0,0.0,0.04304276251012,0.3138038648554913,0.6988370702251455,0.1921365546262765,0.1921365546262765,0.1921365546262765,0.1901724127521268,0.2321489546247157,0.1547659697498104,0.1968008636769618,0.0388242816791747,0.2353528986416184,0.0806334790850763,0.1222027689857041,0.0806334790850763,0.1209502186276145,0.039903802557661,0.0,0.0418708169456618,0.0,0.0881980481843436,0.0,0.0440990240921718,0.0,0.0910042644982149,0.0455021322491074,0.0,0.0,0.0962669421205369,0.0495214885955579,0.0483042002009445,0.0,0.0,0.0,0.0,0.0,0.0,0.0,0.0,0.0,0.0,0.0,0.0622235898645912,0.0,0.0,0.0,0.0,0.0,0.0,0.0,0.0,0.0,0.0,0.0,0.0,0.0836640730399439,0.0,0.0,0.0,0.0,0.0,0.0,0.0,0.0,0.0,0.0,0.0,0.0,0.0,0.0,0.0,0.0,0.0,0.0,0.0,0.0,0.0,0.0,0.0,0.0,0.0,0.0,0.0,0.0,0.0,0.0,0.0,0.0,0.0,0.0,0.0,0.0,0.0,0.0,0.0,0.0,0.0,0.0,0.0,0.0,0.0,0.989247311827957,0.010752688172043,0.9999143080618168,0.0130910860228587
J07A1087,0.0109409190371991,0.0437636761487965,0.0503282275711159,0.0328227571115973,0.0481400437636761,0.0459518599562363,0.0547045951859956,0.0481400437636761,0.0284463894967177,0.0306345733041575,0.0525164113785558,0.0393873085339168,0.0196936542669584,0.0350109409190372,0.0175054704595186,0.024070021881838,0.024070021881838,0.024070021881838,0.0196936542669584,0.024070021881838,0.0284463894967177,0.0196936542669584,0.0175054704595186,0.0196936542669584,0.0131291028446389,0.0131291028446389,0.0153172866520787,0.0131291028446389,0.0065645514223194,0.0153172866520787,0.0065645514223194,0.0131291028446389,0.0153172866520787,0.0175054704595186,0.0087527352297593,0.0021881838074398,0.0087527352297593,0.0021881838074398,0.0065645514223194,0.0087527352297593,0.0087527352297593,0.0109409190371991,0.0065645514223194,0.0021881838074398,0.0021881838074398,0.0043763676148796,0.0,0.0021881838074398,0.0021881838074398,0.0,0.0043763676148796,0.0021881838074398,0.0021881838074398,0.0,0.0043763676148796,0.0,0.0021881838074398,0.0,0.0065645514223194,0.0021881838074398,0.0,0.0021881838074398,0.0021881838074398,0.0,0.0,0.0,0.0021881838074398,0.0,0.0,0.0,0.0,0.0,0.0,0.0,0.0,0.0021881838074398,0.0,0.0,0.0021881838074398,0.0,0.0,0.0,0.0,0.0,0.0,0.0,0.0,0.0,0.0,0.0,0.0,0.0,0.0,0.0,0.0,0.0,0.0,0.0,0.0,0.0,0.0,0.065942285748612,0.240376580388566,0.2736056875765287,0.1766139929091331,0.2590338562667286,0.2472595900727863,0.2913475541969523,0.2608146718952785,0.1541177606653918,0.1688413776801813,0.2855015870363778,0.2163389223497094,0.1111787452242272,0.1996979609248154,0.0988255513104242,0.1358851330518332,0.1344933539107434,0.1425899240999823,0.1154643193460709,0.1455755346218768,0.1756572934373517,0.1203505402860535,0.1080967959614472,0.1285905529499287,0.0836521012675145,0.0836521012675145,0.098968508233761,0.0913670611998036,0.0442448056439106,0.1062149347699507,0.0444017417110707,0.0923534249784074,0.112930975116133,0.1235804823511611,0.0642971805682181,0.0171795339144561,0.0684610925157786,0.0174402180300102,0.0515386017433683,0.078756740647845,0.0753603558306973,0.100070650315134,0.0571965947890625,0.0200968170204534,0.0200141300630268,0.0422765120779712,0.0,0.0220842597961284,0.0216964995470191,0.0,0.0471086187310121,0.023114835976758,0.02290122281336,0.0,0.0499662334604212,0.0,0.0252394557498446,0.0,0.0789776539925837,0.0278458144460733,0.0,0.0280094311066253,0.0281754020443905,0.0,0.0,0.0,0.0301785724447923,0.0,0.0,0.0,0.0,0.0,0.0,0.0,0.0,0.0366834444416872,0.0,0.0,0.0341796528748597,0.0,0.0,0.0,0.0,0.0,0.0,0.0,0.0,0.0,0.0,0.0,0.0,0.0,0.0,0.0,0.0,0.0,0.0,0.0,0.0,0.0,0.0,0.9671772428884028,0.0328227571115973,0.9991656166884492,0.0408420179177125
J07A1088,0.1991525423728813,0.125,0.1207627118644067,0.0635593220338983,0.0508474576271186,0.0381355932203389,0.0381355932203389,0.0254237288135593,0.0381355932203389,0.0296610169491525,0.0148305084745762,0.0317796610169491,0.0211864406779661,0.0254237288135593,0.0063559322033898,0.0084745762711864,0.0127118644067796,0.0084745762711864,0.0148305084745762,0.0127118644067796,0.0148305084745762,0.0042372881355932,0.010593220338983,0.0021186440677966,0.0084745762711864,0.0021186440677966,0.0084745762711864,0.0021186440677966,0.0063559322033898,0.0021186440677966,0.0042372881355932,0.0021186440677966,0.0,0.0021186440677966,0.0021186440677966,0.0021186440677966,0.0021186440677966,0.0021186440677966,0.0,0.0084745762711864,0.0042372881355932,0.0021186440677966,0.0021186440677966,0.0,0.0021186440677966,0.0,0.0,0.0,0.0,0.0042372881355932,0.0021186440677966,0.0,0.0,0.0,0.0021186440677966,0.0021186440677966,0.0021186440677966,0.0021186440677966,0.0,0.0,0.0,0.0,0.0,0.0,0.0,0.0,0.0,0.0,0.0,0.0,0.0,0.0021186440677966,0.0,0.0,0.0,0.0,0.0,0.0,0.0,0.0,0.0,0.0,0.0,0.0,0.0,0.0,0.0,0.0,0.0,0.0,0.0,0.0,0.0,0.0,0.0,0.0,0.0,0.0,0.0,0.0,0.0,0.7119873642965471,0.4072532966899136,0.3894238810608109,0.2028642617728523,0.1622914094182819,0.1217185570637114,0.1204742726782912,0.0817035682302204,0.1225553523453305,0.096968198486469,0.0478239853934329,0.1035389737347238,0.0709462914739116,0.0860172064085819,0.0212838874421734,0.0283785165895646,0.0421317820730948,0.029778758247472,0.0515767259924485,0.0456034184702806,0.0543214450553487,0.0153598144914419,0.0388010321823919,0.0082057256825282,0.0320284583908237,0.0080071145977059,0.032479506021493,0.0087455846105152,0.0254104719744748,0.0087144099547422,0.0170004018467543,0.0088399985904468,0.0,0.0088717713234221,0.0092317147803502,0.0098664703961222,0.0098295644392414,0.0100161852906974,0.0,0.0452312067350776,0.0216403053641387,0.0114944225352254,0.0109496278547739,0.0,0.0114944225352254,0.0,0.0,0.0,0.0,0.026184050419242,0.013527601925237,0.0,0.0,0.0,0.0143481879571873,0.0147225588654652,0.0144954073963865,0.0151193602215504,0.0,0.0,0.0,0.0,0.0,0.0,0.0,0.0,0.0,0.0,0.0,0.0,0.0,0.019793478760192,0.0,0.0,0.0,0.0,0.0,0.0,0.0,0.0,0.0,0.0,0.0,0.0,0.0,0.0,0.0,0.0,0.0,0.0,0.0,0.0,0.0,0.0,0.0,0.0,0.0,0.0,0.0,0.0,0.0,0.989406779661017,0.010593220338983,0.9999168574138751,0.0128948927703913
J07A1089,0.003875968992248,0.0193798449612403,0.0348837209302325,0.0387596899224806,0.0426356589147286,0.0193798449612403,0.0465116279069767,0.0348837209302325,0.0581395348837209,0.0310077519379844,0.0232558139534883,0.0465116279069767,0.0426356589147286,0.0542635658914728,0.0387596899224806,0.0465116279069767,0.0387596899224806,0.0232558139534883,0.0193798449612403,0.0155038759689922,0.0232558139534883,0.0310077519379844,0.0310077519379844,0.0348837209302325,0.0193798449612403,0.0193798449612403,0.0116279069767441,0.0155038759689922,0.0116279069767441,0.003875968992248,0.0116279069767441,0.0077519379844961,0.0077519379844961,0.0155038759689922,0.003875968992248,0.0155038759689922,0.0116279069767441,0.003875968992248,0.0077519379844961,0.003875968992248,0.0077519379844961,0.0,0.003875968992248,0.003875968992248,0.0,0.0,0.0,0.003875968992248,0.003875968992248,0.0,0.0,0.0,0.0,0.0,0.0,0.0,0.0,0.0,0.0,0.0,0.003875968992248,0.0,0.0,0.0,0.0,0.0,0.0,0.0,0.0,0.0,0.0,0.0,0.0,0.0,0.0,0.0,0.0,0.0,0.0,0.0,0.0,0.0,0.0,0.0,0.003875968992248,0.0,0.0,0.0,0.0,0.0,0.0,0.0,0.0,0.0,0.0,0.0,0.0,0.0,0.0,0.0,0.0,0.0223700549453183,0.1019307499318281,0.1815987490938365,0.1997132634311473,0.219684589774262,0.0998566317155736,0.2372060011537748,0.1809776336694965,0.3016293894491608,0.1636492037965136,0.1210658327292243,0.2446337998363875,0.2304862394526093,0.2963839908782584,0.2095329449569176,0.2514395339483011,0.2073868412911772,0.1319229825081276,0.1088048746243457,0.0897901626114294,0.137514072208287,0.1814548497192269,0.183352096277716,0.2181132866628992,0.1182411559088886,0.1182411559088886,0.0719437873993586,0.1033169210534424,0.0750473480000685,0.0257371589613032,0.0753135405050309,0.0522161454697726,0.0547290729785616,0.1048076415982668,0.0272649682561687,0.1165586279694381,0.0870919765561843,0.0295818253159256,0.058279313984719,0.0333964882246207,0.0639125290203835,0.0,0.0323386567913383,0.0340879070136732,0.0,0.0,0.0,0.0374589763956184,0.0368012635199035,0.0,0.0,0.0,0.0,0.0,0.0,0.0,0.0,0.0,0.0,0.0,0.0456444047067115,0.0,0.0,0.0,0.0,0.0,0.0,0.0,0.0,0.0,0.0,0.0,0.0,0.0,0.0,0.0,0.0,0.0,0.0,0.0,0.0,0.0,0.0,0.0,0.0661480306268852,0.0,0.0,0.0,0.0,0.0,0.0,0.0,0.0,0.0,0.0,0.0,0.0,0.0,0.0,0.0,0.0,0.992248062015504,0.0077519379844961,0.9999557286600996,0.009409607847772
J07A1090,0.0199430199430199,0.0313390313390313,0.0541310541310541,0.0512820512820512,0.0512820512820512,0.0427350427350427,0.0398860398860398,0.0484330484330484,0.0313390313390313,0.0398860398860398,0.037037037037037,0.0398860398860398,0.0341880341880341,0.0284900284900284,0.0256410256410256,0.0512820512820512,0.0455840455840455,0.0227920227920227,0.0284900284900284,0.0256410256410256,0.017094017094017,0.0142450142450142,0.0284900284900284,0.0227920227920227,0.0142450142450142,0.017094017094017,0.0056980056980056,0.0,0.0313390313390313,0.0113960113960113,0.0056980056980056,0.0056980056980056,0.0028490028490028,0.0056980056980056,0.0056980056980056,0.0056980056980056,0.0,0.0056980056980056,0.0227920227920227,0.0,0.0,0.0,0.0028490028490028,0.0028490028490028,0.0028490028490028,0.0028490028490028,0.0028490028490028,0.0028490028490028,0.0,0.0028490028490028,0.0,0.0028490028490028,0.0,0.0,0.0,0.0,0.0,0.0,0.0,0.0,0.0028490028490028,0.0,0.0,0.0,0.0,0.0,0.0,0.0,0.0,0.0,0.0,0.0,0.0,0.0,0.0,0.0,0.0,0.0,0.0,0.0,0.0028490028490028,0.0,0.0,0.0,0.0,0.0,0.0,0.0,0.0,0.0,0.0,0.0,0.0,0.0,0.0,0.0,0.0,0.0,0.0,0.0,0.0,0.1137877065371824,0.1629514215394537,0.2785827347349384,0.2612219497358279,0.2612219497358279,0.2176849581131898,0.2010956679522529,0.2484057076982351,0.1607331049812109,0.2081048484476163,0.1906092395554842,0.2073927183229411,0.1827106304815056,0.1538356387536263,0.1370329728611292,0.2740659457222585,0.2411189994246166,0.1278172445972193,0.1581279358095127,0.1468052305433195,0.0999257453222191,0.0824097981816962,0.1665429088703652,0.140883409300714,0.0859209202536028,0.1031051043043234,0.0348523680121757,0.0,0.1999571939373239,0.0748084832449511,0.0364848074429376,0.0379432967850545,0.0198846682392383,0.0380796726254598,0.0396246323075599,0.0423491486599997,0.0,0.0429917592464027,0.1693965946399989,0.0,0.0,0.0,0.0234991541643778,0.0247702614002767,0.0246683458806316,0.0260538834134161,0.0259423757507497,0.0272198770295307,0.0,0.0280969840076047,0.0,0.0284901100898762,0.0,0.0,0.0,0.0,0.0,0.0,0.0,0.0,0.0331678866523472,0.0,0.0,0.0,0.0,0.0,0.0,0.0,0.0,0.0,0.0,0.0,0.0,0.0,0.0,0.0,0.0,0.0,0.0,0.0,0.0465690904239916,0.0,0.0,0.0,0.0,0.0,0.0,0.0,0.0,0.0,0.0,0.0,0.0,0.0,0.0,0.0,0.0,0.0,0.0,0.0,0.0,0.9914529914529916,0.0085470085470085,0.9999460960796646,0.0103829155365017
J07A1093,0.0,0.0325581395348837,0.0348837209302325,0.041860465116279,0.0488372093023255,0.055813953488372,0.0720930232558139,0.0604651162790697,0.0511627906976744,0.0581395348837209,0.0441860465116279,0.0232558139534883,0.0395348837209302,0.0325581395348837,0.0372093023255813,0.0302325581395348,0.0209302325581395,0.027906976744186,0.027906976744186,0.027906976744186,0.0162790697674418,0.0302325581395348,0.0255813953488372,0.0093023255813953,0.0069767441860465,0.0069767441860465,0.0046511627906976,0.0116279069767441,0.0255813953488372,0.0069767441860465,0.0116279069767441,0.0069767441860465,0.0023255813953488,0.0023255813953488,0.0046511627906976,0.0093023255813953,0.0069767441860465,0.0046511627906976,0.0093023255813953,0.0023255813953488,0.0,0.0,0.0023255813953488,0.0046511627906976,0.0,0.0023255813953488,0.0,0.0023255813953488,0.0,0.0,0.0,0.0023255813953488,0.0023255813953488,0.0,0.0023255813953488,0.0,0.0,0.0,0.0,0.0023255813953488,0.0,0.0023255813953488,0.0,0.0,0.0,0.0,0.0,0.0046511627906976,0.0,0.0,0.0,0.0,0.0,0.0,0.0,0.0,0.0,0.0,0.0,0.0,0.0,0.0,0.0,0.0,0.0,0.0,0.0,0.0,0.0,0.0,0.0,0.0,0.0,0.0,0.0,0.0,0.0,0.0,0.0,0.0,0.0,0.0,0.1636529583187594,0.1735490384640741,0.2061294398267871,0.2404843464645849,0.2748392531023828,0.3513716593122252,0.2997894556186216,0.2536680009080644,0.2932408893165821,0.219828782054494,0.1168949702276853,0.2042498978180136,0.1699477233947944,0.1922351979463657,0.1561910983314222,0.1070247731381522,0.151290293880392,0.149733923335358,0.1544580765699535,0.0919929492261366,0.1690762297608889,0.144560348783929,0.0555853332183844,0.0406799608819735,0.0406799608819735,0.0275018967672971,0.0740529012260504,0.1577856088177865,0.0442733586165933,0.0719751242957039,0.0449114087812742,0.0156909307561665,0.0150242764725771,0.0312676758946167,0.0668351667940237,0.0499388752335006,0.0339246654409824,0.0668351667940237,0.0191496751438462,0.0,0.0,0.0185431105204026,0.039092274687986,0.0,0.020559039539943,0.0,0.0214791215283608,0.0,0.0,0.0,0.0224814585427015,0.0222736986658009,0.0,0.0242985459036979,0.0,0.0,0.0,0.0,0.0270828018717768,0.0,0.0272419352169061,0.0,0.0,0.0,0.0,0.0,0.0643974598772755,0.0,0.0,0.0,0.0,0.0,0.0,0.0,0.0,0.0,0.0,0.0,0.0,0.0,0.0,0.0,0.0,0.0,0.0,0.0,0.0,0.0,0.0,0.0,0.0,0.0,0.0,0.0,0.0,0.0,0.0,0.0,0.0,0.0,0.983720930232558,0.0162790697674418,0.9998014099857,0.0199283865530154
J07A1095,0.0137741046831955,0.0165289256198347,0.0358126721763085,0.0192837465564738,0.0385674931129476,0.0303030303030303,0.0303030303030303,0.0413223140495867,0.0192837465564738,0.0330578512396694,0.0413223140495867,0.0358126721763085,0.0413223140495867,0.0220385674931129,0.0413223140495867,0.0275482093663911,0.0413223140495867,0.0192837465564738,0.0358126721763085,0.0303030303030303,0.0220385674931129,0.0440771349862259,0.0220385674931129,0.0220385674931129,0.0303030303030303,0.0137741046831955,0.0082644628099173,0.0165289256198347,0.0220385674931129,0.0192837465564738,0.0192837465564738,0.0165289256198347,0.0055096418732782,0.0082644628099173,0.0082644628099173,0.0055096418732782,0.0055096418732782,0.0027548209366391,0.0055096418732782,0.0110192837465564,0.0027548209366391,0.0082644628099173,0.0027548209366391,0.0055096418732782,0.0,0.0055096418732782,0.0055096418732782,0.0082644628099173,0.0027548209366391,0.0027548209366391,0.0027548209366391,0.0,0.0027548209366391,0.0,0.0027548209366391,0.0,0.0055096418732782,0.0,0.0027548209366391,0.0055096418732782,0.0027548209366391,0.0,0.0,0.0,0.0027548209366391,0.0027548209366391,0.0027548209366391,0.0,0.0,0.0,0.0,0.0,0.0,0.0,0.0,0.0,0.0,0.0,0.0,0.0,0.0,0.0,0.0,0.0,0.0,0.0,0.0,0.0,0.0,0.0,0.0,0.0,0.0,0.0,0.0,0.0,0.0,0.0,0.0,0.0,0.0,0.084563127902414,0.092476300819938,0.1983159656891698,0.105693658745436,0.211387317490872,0.1660900351713994,0.1643921573594772,0.2280434688378321,0.106420285457655,0.1855876785139817,0.2288261142567343,0.2003653184431991,0.2376224993743642,0.1280444256657563,0.2376224993743642,0.1584149995829094,0.2351886934777564,0.1163620153409028,0.2138777882715454,0.1866832854508865,0.1386212667479669,0.2743737501374647,0.1386212667479669,0.1465796171802092,0.1966687380318616,0.0893948809235734,0.0543922820977182,0.1171673743879784,0.1513031834311148,0.1362080038950871,0.1328598730715356,0.118432268460446,0.041377293078444,0.059428968927138,0.0618401073275195,0.0440614124069119,0.0438965987986899,0.0223650025347928,0.0440614124069119,0.1009961401394271,0.0241601702782073,0.0769972145109137,0.0244492736126294,0.0515435486907666,0.0,0.0542145917074565,0.0539825594108583,0.0849612990163655,0.0278231766673004,0.0292330032343438,0.0302055964987571,0.0,0.0293680907766926,0.0,0.0320378717764148,0.0,0.0647331920794496,0.0,0.0337598117312659,0.0714178813129706,0.0345089329702428,0.0,0.0,0.0,0.0361315974982241,0.0374772505022255,0.0387004249638852,0.0,0.0,0.0,0.0,0.0,0.0,0.0,0.0,0.0,0.0,0.0,0.0,0.0,0.0,0.0,0.0,0.0,0.0,0.0,0.0,0.0,0.0,0.0,0.0,0.0,0.0,0.0,0.0,0.0,0.0,0.0,0.0,0.0,0.0,0.9669421487603306,0.0330578512396694,0.9991532254263588,0.0411440411250985
J07A1096,0.0032154340836012,0.0064308681672025,0.0289389067524115,0.0353697749196141,0.0546623794212218,0.0482315112540192,0.0418006430868167,0.0257234726688102,0.0385852090032154,0.0289389067524115,0.0321543408360128,0.0514469453376205,0.022508038585209,0.0321543408360128,0.0321543408360128,0.022508038585209,0.0353697749196141,0.0257234726688102,0.0289389067524115,0.0289389067524115,0.022508038585209,0.0321543408360128,0.022508038585209,0.022508038585209,0.0128617363344051,0.0192926045016077,0.0192926045016077,0.0160771704180064,0.0192926045016077,0.0192926045016077,0.0128617363344051,0.0064308681672025,0.0096463022508038,0.0192926045016077,0.0128617363344051,0.0032154340836012,0.0128617363344051,0.0128617363344051,0.0064308681672025,0.0032154340836012,0.0128617363344051,0.0,0.0096463022508038,0.0032154340836012,0.0064308681672025,0.0096463022508038,0.0064308681672025,0.0,0.0,0.0032154340836012,0.0032154340836012,0.0032154340836012,0.0032154340836012,0.0,0.0,0.0,0.0,0.0,0.0,0.0,0.0,0.0,0.0032154340836012,0.0,0.0,0.0,0.0,0.0,0.0,0.0,0.0032154340836012,0.0,0.0,0.0,0.0,0.0,0.0,0.0,0.0,0.0,0.0032154340836012,0.0,0.0,0.0,0.0,0.0,0.0,0.0,0.0,0.0,0.0,0.0,0.0,0.0,0.0,0.0,0.0,0.0,0.0,0.0,0.0,0.0195354253167802,0.0356058231889747,0.1585873977160626,0.1918471772766379,0.296491092154804,0.2616097871954153,0.2244107197108872,0.1404844330293923,0.2107266495440885,0.1607763775088414,0.176208219684514,0.2848465855117982,0.1280873312708289,0.1848768471015841,0.1829819018154699,0.1280873312708289,0.1992185166998044,0.1536084185550201,0.1710317258289393,0.1764278315529815,0.140103747765975,0.1980771657536439,0.140103747765975,0.1481472085404269,0.0826065479507923,0.1239098219261884,0.1256548085538456,0.1127813498968191,0.1310753921402046,0.1348551931545079,0.0876935438602938,0.0455995576518851,0.0716910879595135,0.1372903549013847,0.0952403116460366,0.0254472147843325,0.1014081135317127,0.1033334143534144,0.050894429568665,0.0291646401025648,0.1116276594345656,0.0,0.0847225564894369,0.0297684455089071,0.0592919306159806,0.0939332366527668,0.0623541420438265,0.0,0.0,0.0337664396785763,0.0348898621176372,0.0342388913886782,0.033922476515212,0.0,0.0,0.0,0.0,0.0,0.0,0.0,0.0,0.0,0.0417348637645636,0.0,0.0,0.0,0.0,0.0,0.0,0.0,0.0519269595901515,0.0,0.0,0.0,0.0,0.0,0.0,0.0,0.0,0.0,0.0559658781263596,0.0,0.0,0.0,0.0,0.0,0.0,0.0,0.0,0.0,0.0,0.0,0.0,0.0,0.0,0.0,0.0,0.0,0.0,0.0,0.0,0.9839228295819936,0.0160771704180064,0.9998063834585152,0.0196772862865877
J07A1097,0.0259365994236311,0.0720461095100864,0.0778097982708933,0.0662824207492795,0.0720461095100864,0.0547550432276657,0.0403458213256484,0.0518731988472622,0.0345821325648415,0.0403458213256484,0.0259365994236311,0.0288184438040345,0.0172910662824207,0.0461095100864553,0.0230547550432276,0.0345821325648415,0.0201729106628242,0.0201729106628242,0.0172910662824207,0.0230547550432276,0.0201729106628242,0.0201729106628242,0.0172910662824207,0.0086455331412103,0.0057636887608069,0.0172910662824207,0.0172910662824207,0.0144092219020172,0.0057636887608069,0.0057636887608069,0.0057636887608069,0.0028818443804034,0.0028818443804034,0.0057636887608069,0.0028818443804034,0.0057636887608069,0.0057636887608069,0.0,0.0028818443804034,0.0028818443804034,0.0028818443804034,0.0,0.0028818443804034,0.0057636887608069,0.0028818443804034,0.0086455331412103,0.0028818443804034,0.0028818443804034,0.0028818443804034,0.0028818443804034,0.0,0.0,0.0,0.0,0.0,0.0,0.0,0.0,0.0,0.0028818443804034,0.0,0.0,0.0,0.0,0.0,0.0,0.0,0.0,0.0,0.0,0.0,0.0,0.0,0.0,0.0,0.0,0.0,0.0,0.0,0.0,0.0,0.0,0.0,0.0,0.0,0.0,0.0,0.0,0.0,0.0,0.0,0.0,0.0,0.0,0.0,0.0,0.0,0.0,0.0,0.0,0.0,0.1381745865488738,0.3497790849536909,0.3738976373425638,0.3152487388553471,0.3426616726688555,0.2604228712283302,0.1899289097719366,0.2484125394715045,0.1656083596476696,0.1965488734113084,0.1246325457808546,0.1399116339814763,0.0862823928642138,0.2324691363076647,0.1150431904856184,0.1725647857284276,0.0996317710577925,0.1056296557412464,0.089608294674707,0.1232472867591924,0.110106395646743,0.1089670632668611,0.0943769105543512,0.0498975797301698,0.032459907021454,0.097379721064362,0.0987510918598388,0.0886339454248967,0.0343370281349136,0.0353271997579264,0.0344588213731262,0.0179181607065984,0.0187804809437859,0.0359651243603272,0.0187121465393168,0.0399975181796217,0.039847905742548,0.0,0.0199987590898108,0.0229202534067239,0.0219318173689267,0.0,0.0221942559800078,0.0467895583274074,0.0232985229701609,0.0738213665529114,0.0245018064954224,0.0257083686634784,0.0252569755206168,0.0265367702585764,0.0,0.0,0.0,0.0,0.0,0.0,0.0,0.0,0.0,0.0324154157813323,0.0,0.0,0.0,0.0,0.0,0.0,0.0,0.0,0.0,0.0,0.0,0.0,0.0,0.0,0.0,0.0,0.0,0.0,0.0,0.0,0.0,0.0,0.0,0.0,0.0,0.0,0.0,0.0,0.0,0.0,0.0,0.0,0.0,0.0,0.0,0.0,0.0,0.0,0.0,0.0,0.0,0.9971181556195964,0.0028818443804034,0.9999939407998044,0.0034811440184751
J07A1098,0.0369318181818181,0.1051136363636363,0.0681818181818181,0.0511363636363636,0.0596590909090909,0.0255681818181818,0.03125,0.0397727272727272,0.0284090909090909,0.0198863636363636,0.0227272727272727,0.0284090909090909,0.0142045454545454,0.0113636363636363,0.0198863636363636,0.0085227272727272,0.0113636363636363,0.0113636363636363,0.0227272727272727,0.0227272727272727,0.0085227272727272,0.0142045454545454,0.0227272727272727,0.0056818181818181,0.0085227272727272,0.002840909090909,0.0113636363636363,0.0170454545454545,0.0170454545454545,0.0142045454545454,0.0056818181818181,0.0113636363636363,0.0056818181818181,0.0085227272727272,0.0085227272727272,0.002840909090909,0.002840909090909,0.0198863636363636,0.002840909090909,0.0113636363636363,0.0085227272727272,0.0,0.0113636363636363,0.0056818181818181,0.0056818181818181,0.002840909090909,0.0,0.0113636363636363,0.0056818181818181,0.0,0.0056818181818181,0.0085227272727272,0.0056818181818181,0.0085227272727272,0.002840909090909,0.0056818181818181,0.0056818181818181,0.002840909090909,0.002840909090909,0.002840909090909,0.0113636363636363,0.002840909090909,0.0,0.0,0.002840909090909,0.0085227272727272,0.0,0.0056818181818181,0.0,0.002840909090909,0.0,0.002840909090909,0.002840909090909,0.0056818181818181,0.0,0.0,0.0,0.002840909090909,0.0,0.0,0.0056818181818181,0.0,0.002840909090909,0.0,0.0,0.0,0.0,0.0,0.0,0.0,0.0,0.0,0.0,0.0,0.0,0.0,0.0,0.0,0.0,0.0,0.0,0.2018329574988346,0.5235023313751318,0.3360959396771612,0.2494945678856791,0.2910769958666256,0.1247472839428395,0.1509102686519071,0.1953854019119545,0.1395610013656817,0.0993810613749346,0.112031979892387,0.1414871165878734,0.0727116503899643,0.0587717169327739,0.10179631054595,0.0436269902339786,0.0575735314655883,0.0610394881467106,0.1208231117035805,0.1246351195722982,0.047719823458622,0.0787100663159483,0.1272528625563254,0.0336396361037898,0.0492381353696152,0.0164127117898717,0.0665753892870345,0.107558415377831,0.1041710463544901,0.0893125090572272,0.0348468468157959,0.0724797165408099,0.0379839191531645,0.054555167415249,0.056768567066443,0.0202239562102997,0.0201483076322478,0.1437158570455437,0.0202239562102997,0.0927133926949949,0.0665363453936672,0.0,0.0897767024532132,0.0473164347079348,0.0471217545245857,0.0248842120294555,0.0,0.1039914366193502,0.051082766149607,0.0,0.0554568387645258,0.0816331978963963,0.0539191959043754,0.0900624554852439,0.0294104287848825,0.0603556031376227,0.0594243883912512,0.0309911515235032,0.0309911515235032,0.0327804313435791,0.1267153477167936,0.0329730428657983,0.0,0.0,0.0331684258717785,0.1032111634606448,0.0,0.0779452776785177,0.0,0.0405720010930098,0.0,0.0405720010930098,0.037009387012094,0.0791799343446338,0.0,0.0,0.0,0.0436020416345106,0.0,0.0,0.0889568055357741,0.0,0.0475084433093879,0.0,0.0,0.0,0.0,0.0,0.0,0.0,0.0,0.0,0.0,0.0,0.0,0.0,0.0,0.0,0.0,0.0,0.0,0.8920454545454546,0.1079545454545454,0.989542567593292,0.1442411415681225
J07A1099,0.1203501094091903,0.0897155361050328,0.0919037199124726,0.0306345733041575,0.061269146608315,0.0328227571115973,0.037199124726477,0.0284463894967177,0.0328227571115973,0.0306345733041575,0.0328227571115973,0.0262582056892779,0.0262582056892779,0.0262582056892779,0.0109409190371991,0.0153172866520787,0.0262582056892779,0.0196936542669584,0.0350109409190372,0.0087527352297593,0.0131291028446389,0.0131291028446389,0.0087527352297593,0.0065645514223194,0.0175054704595186,0.0087527352297593,0.0087527352297593,0.0021881838074398,0.0065645514223194,0.0065645514223194,0.0065645514223194,0.0131291028446389,0.0021881838074398,0.0043763676148796,0.0043763676148796,0.0021881838074398,0.0021881838074398,0.0021881838074398,0.0065645514223194,0.0021881838074398,0.0043763676148796,0.0021881838074398,0.0021881838074398,0.0021881838074398,0.0043763676148796,0.0021881838074398,0.0043763676148796,0.0065645514223194,0.0065645514223194,0.0,0.0,0.0021881838074398,0.0,0.0065645514223194,0.0065645514223194,0.0,0.0043763676148796,0.0021881838074398,0.0043763676148796,0.0,0.0021881838074398,0.0021881838074398,0.0021881838074398,0.0021881838074398,0.0021881838074398,0.0,0.0,0.0,0.0,0.0,0.0021881838074398,0.0021881838074398,0.0,0.0,0.0,0.0021881838074398,0.0,0.0,0.0,0.0,0.0,0.0,0.0,0.0,0.0,0.0,0.0,0.0,0.0,0.0,0.0,0.0,0.0,0.0,0.0,0.0,0.0,0.0,0.0,0.0,0.0,0.5742560491692332,0.3901170309065446,0.3955446110573599,0.1305000813624276,0.2610001627248553,0.1398215157454582,0.1568444609431706,0.1220117304670059,0.1407827659234684,0.1336681027303444,0.1412659325204857,0.1141805944116716,0.1173571087233726,0.1185724491355169,0.0488987953014052,0.0684583134219673,0.1161550995534843,0.0923607729353802,0.1625077845210798,0.0419087392917514,0.0641834387366461,0.0635192968439314,0.0427889591577641,0.0339341289400855,0.0883007693924845,0.0441503846962422,0.0447721419524729,0.0120555575993133,0.0350276650626298,0.0360377524769843,0.0351519079859906,0.0731142286750125,0.0127721477744925,0.024459005306256,0.0254513504199892,0.0136006690758393,0.0135497951881863,0.0138070471072011,0.0408020072275181,0.0155875062207262,0.0298305898807984,0.015844758139741,0.0150937730492662,0.0159102196330765,0.031689516279482,0.0167347046001456,0.0333261639292683,0.0524509065439653,0.051529962089623,0.0,0.0,0.0182995206055999,0.0,0.0605672619380222,0.0593357953986293,0.0,0.0399630731563762,0.0208416390822533,0.0416832781645066,0.0,0.0213041095076184,0.022174466745176,0.0223058623821003,0.0242121777777159,0.0223058623821003,0.0,0.0,0.0,0.0,0.0,0.0277531902601363,0.0272847881429644,0.0,0.0,0.0,0.0290414973361704,0.0,0.0,0.0,0.0,0.0,0.0,0.0,0.0,0.0,0.0,0.0,0.0,0.0,0.0,0.0,0.0,0.0,0.0,0.0,0.0,0.0,0.0,0.0,0.0,0.0,0.9562363238512036,0.0437636761487965,0.998484066510156,0.0550415200130075
J07A1100,0.0225225225225225,0.018018018018018,0.054054054054054,0.063063063063063,0.036036036036036,0.0495495495495495,0.0585585585585585,0.045045045045045,0.063063063063063,0.0405405405405405,0.0405405405405405,0.0135135135135135,0.027027027027027,0.018018018018018,0.054054054054054,0.0225225225225225,0.045045045045045,0.0045045045045045,0.0225225225225225,0.0135135135135135,0.0225225225225225,0.0225225225225225,0.009009009009009,0.018018018018018,0.0225225225225225,0.0045045045045045,0.009009009009009,0.009009009009009,0.0225225225225225,0.018018018018018,0.0045045045045045,0.0045045045045045,0.0225225225225225,0.009009009009009,0.0,0.0045045045045045,0.0135135135135135,0.0,0.018018018018018,0.0045045045045045,0.0045045045045045,0.0,0.0,0.0,0.009009009009009,0.0045045045045045,0.0,0.0,0.0045045045045045,0.0045045045045045,0.0,0.0,0.0,0.0,0.0045045045045045,0.009009009009009,0.0,0.0,0.0,0.009009009009009,0.0,0.0,0.0,0.0,0.0,0.0,0.0,0.0,0.0,0.0,0.0,0.0,0.0,0.0,0.0,0.0,0.0,0.0,0.0,0.0,0.0,0.0,0.0,0.0,0.0,0.0,0.0,0.0,0.0,0.0,0.0,0.0,0.0,0.0,0.0,0.0,0.0,0.0,0.0,0.0,0.0,0.1250262010539104,0.0911505275473253,0.2706546976404438,0.3125351901287239,0.1785915372164136,0.2455633636725688,0.2872445243065775,0.2247741562323488,0.3146838187252884,0.2057929056898852,0.2029910232303328,0.068362895660494,0.1405295150198145,0.09465655129026,0.281059030039629,0.1171079291831787,0.2318169443802159,0.0245772445575278,0.1216220538007748,0.0752755611291156,0.1280943213422418,0.1267688578473469,0.0512377285368967,0.1083586495826327,0.1321699259804937,0.0264339851960987,0.0536124949176278,0.057743810533653,0.1398131690267044,0.1150759519801999,0.0280618171041029,0.0291835952916616,0.1529403503576067,0.0585769740060182,0.0,0.0325722991979615,0.0973513833355586,0.0,0.130289196791846,0.0373305837779342,0.035720702173951,0.0,0.0,0.0,0.075893354947338,0.0400780139701917,0.0,0.0,0.0411364405060645,0.0432208626909406,0.0,0.0,0.0,0.0,0.0473678481084555,0.0972075267187761,0.0,0.0,0.0,0.1055910135938205,0.0,0.0,0.0,0.0,0.0,0.0,0.0,0.0,0.0,0.0,0.0,0.0,0.0,0.0,0.0,0.0,0.0,0.0,0.0,0.0,0.0,0.0,0.0,0.0,0.0,0.0,0.0,0.0,0.0,0.0,0.0,0.0,0.0,0.0,0.0,0.0,0.0,0.0,0.0,0.0,0.0,0.9774774774774776,0.0225225225225225,0.999615105951984,0.0277423854887021
J07A1101,0.0060975609756097,0.0426829268292682,0.0365853658536585,0.024390243902439,0.0274390243902439,0.0182926829268292,0.0213414634146341,0.0182926829268292,0.0518292682926829,0.024390243902439,0.0365853658536585,0.0365853658536585,0.0457317073170731,0.0182926829268292,0.024390243902439,0.0396341463414634,0.0365853658536585,0.0213414634146341,0.0365853658536585,0.0304878048780487,0.0304878048780487,0.0182926829268292,0.0213414634146341,0.0213414634146341,0.024390243902439,0.0213414634146341,0.0121951219512195,0.024390243902439,0.0304878048780487,0.0030487804878048,0.0182926829268292,0.0335365853658536,0.0091463414634146,0.0121951219512195,0.0121951219512195,0.0091463414634146,0.0,0.0121951219512195,0.0121951219512195,0.0,0.0091463414634146,0.0060975609756097,0.0091463414634146,0.0,0.0,0.0091463414634146,0.0030487804878048,0.0030487804878048,0.0,0.0060975609756097,0.0030487804878048,0.0030487804878048,0.0030487804878048,0.0030487804878048,0.0,0.0060975609756097,0.0,0.0030487804878048,0.0030487804878048,0.0030487804878048,0.0,0.0,0.0,0.0030487804878048,0.0,0.0,0.0,0.0,0.0,0.0,0.0,0.0,0.0,0.0,0.0,0.0,0.0,0.0,0.0,0.0,0.0,0.0,0.0,0.0,0.0,0.0,0.0,0.0,0.0,0.0,0.0,0.0,0.0,0.0,0.0,0.0,0.0,0.0,0.0,0.0,0.0,0.03687779981969,0.2352508530221986,0.1995811613027262,0.1316936550787016,0.1481553619635393,0.0987702413090262,0.1140539740435121,0.0994492706525019,0.281772933515422,0.134890651654893,0.1995811613027262,0.2016435883047417,0.259066663625982,0.1046998145392518,0.1381688872671904,0.2245244418091844,0.2051305757737838,0.1268630671192043,0.2152422635855625,0.1850276882788071,0.1889138716796395,0.1121754445945949,0.1322397101757476,0.1398316906800824,0.1559396680505459,0.1364472095442277,0.0790678609259636,0.1703214740379065,0.2061968617801985,0.0212142929112724,0.1241569445066525,0.2367202741753216,0.0676670599118153,0.0863894888922391,0.0898944632812915,0.0720565801026496,0.0,0.0975332993118157,0.0960754401368661,0.0,0.0790214906806848,0.0559638685291614,0.0799670707897539,0.0,0.0,0.0886607545401329,0.0294270988592909,0.0308762011614374,0.0,0.0637422519805886,0.0329314906137624,0.0323170589379287,0.0320184044634434,0.0356540446413125,0.0,0.0716809692905181,0.0,0.0368064548301941,0.0368064548301941,0.0389314822537881,0.0,0.0,0.0,0.0427588456070597,0.0,0.0,0.0,0.0,0.0,0.0,0.0,0.0,0.0,0.0,0.0,0.0,0.0,0.0,0.0,0.0,0.0,0.0,0.0,0.0,0.0,0.0,0.0,0.0,0.0,0.0,0.0,0.0,0.0,0.0,0.0,0.0,0.0,0.0,0.0,0.0,0.0,0.972560975609756,0.0274390243902439,0.99942310183531,0.0339626783085099
J07A1102,0.0123076923076923,0.04,0.0584615384615384,0.0184615384615384,0.0646153846153846,0.04,0.043076923076923,0.0338461538461538,0.0615384615384615,0.0492307692307692,0.0338461538461538,0.0246153846153846,0.0307692307692307,0.0307692307692307,0.0461538461538461,0.0307692307692307,0.0276923076923076,0.0153846153846153,0.0215384615384615,0.0307692307692307,0.0215384615384615,0.0215384615384615,0.0092307692307692,0.0092307692307692,0.0215384615384615,0.0123076923076923,0.0092307692307692,0.0123076923076923,0.0215384615384615,0.0092307692307692,0.0123076923076923,0.0092307692307692,0.0123076923076923,0.0061538461538461,0.0153846153846153,0.0,0.003076923076923,0.0153846153846153,0.003076923076923,0.003076923076923,0.0123076923076923,0.003076923076923,0.0,0.0061538461538461,0.003076923076923,0.003076923076923,0.003076923076923,0.0,0.0061538461538461,0.003076923076923,0.0,0.0,0.003076923076923,0.0,0.0,0.0,0.003076923076923,0.0,0.003076923076923,0.0,0.0,0.0,0.0,0.0,0.0061538461538461,0.0,0.0,0.0,0.0,0.0,0.0,0.003076923076923,0.0,0.0,0.0,0.0,0.0,0.0,0.0,0.0,0.0,0.0,0.0,0.0,0.0,0.0,0.0,0.0,0.0,0.0,0.0,0.0,0.0,0.0,0.0,0.0,0.0,0.0,0.0,0.0,0.0,0.0711933796858489,0.2108585110561451,0.3050257560336269,0.0953390295185391,0.3336866033148871,0.2065678972901682,0.2201836313028708,0.1759898613716114,0.3199815661302025,0.2604092821776994,0.1765938587563103,0.1297590837268585,0.1667112412494754,0.1684376889342663,0.2500668618742131,0.1667112412494754,0.1485033580939359,0.087468521031322,0.1211961870191197,0.1785999507621753,0.1276457915347475,0.1263249692283141,0.0547053392291775,0.0578460136026994,0.1317071252034149,0.0752612144019514,0.0572408224396479,0.0822023102593003,0.1393236049841176,0.0614319679068531,0.0798958771412163,0.0623173011741816,0.0870884689810008,0.0416941880592328,0.1084644875665737,0.0,0.0230977385084352,0.1176813225685611,0.0231844609819188,0.0265713346721908,0.1017017829494263,0.0270098606774678,0.0,0.0542428999985145,0.0270098606774678,0.0285269131748262,0.0284048212255863,0.0,0.0585605697682875,0.0307639444969146,0.0,0.0,0.030906106614906,0.0,0.0,0.0,0.034061644509735,0.0,0.035527823330406,0.0,0.0,0.0,0.0,0.0,0.0760476404774139,0.0,0.0,0.0,0.0,0.0,0.0,0.0465111754850518,0.0,0.0,0.0,0.0,0.0,0.0,0.0,0.0,0.0,0.0,0.0,0.0,0.0,0.0,0.0,0.0,0.0,0.0,0.0,0.0,0.0,0.0,0.0,0.0,0.0,0.0,0.0,0.0,0.0,0.9815384615384616,0.0184615384615384,0.9997434775100296,0.0226490436034896
J07A1103,0.0272536687631027,0.0398322851153039,0.0649895178197065,0.050314465408805,0.0670859538784067,0.0566037735849056,0.0461215932914046,0.0545073375262054,0.0524109014675052,0.0335429769392033,0.0356394129979035,0.0398322851153039,0.0335429769392033,0.0293501048218029,0.0272536687631027,0.0356394129979035,0.0188679245283018,0.0188679245283018,0.0251572327044025,0.0083857442348008,0.0230607966457023,0.0230607966457023,0.0083857442348008,0.0041928721174004,0.0146750524109014,0.0062893081761006,0.010482180293501,0.0041928721174004,0.0062893081761006,0.0083857442348008,0.020964360587002,0.0062893081761006,0.0062893081761006,0.0062893081761006,0.0062893081761006,0.010482180293501,0.0083857442348008,0.0041928721174004,0.0062893081761006,0.0062893081761006,0.0041928721174004,0.0062893081761006,0.0020964360587002,0.0041928721174004,0.0020964360587002,0.0020964360587002,0.0041928721174004,0.0,0.0020964360587002,0.0,0.0,0.0020964360587002,0.0,0.0020964360587002,0.0,0.0,0.0,0.0020964360587002,0.0020964360587002,0.0,0.0020964360587002,0.0020964360587002,0.0,0.0,0.0,0.0,0.0,0.0,0.0,0.0,0.0020964360587002,0.0,0.0,0.0,0.0020964360587002,0.0,0.0,0.0,0.0,0.0,0.0,0.0,0.0,0.0,0.0,0.0,0.0,0.0,0.0,0.0,0.0,0.0,0.0,0.0,0.0,0.0,0.0,0.0,0.0,0.0,0.0,0.1534620920034012,0.2043993579003872,0.3300826886608118,0.2529349603797453,0.3372466138396603,0.2845518304272134,0.2294868570436588,0.2758966676820155,0.2652852573865534,0.1727168081182486,0.1810130873301226,0.2043993579003872,0.1769143294755044,0.1564031345532628,0.1437428926988473,0.1879714750677234,0.0984950528273542,0.1044245064793072,0.1378003452520816,0.0473826634254452,0.1330390971428099,0.1316624672906135,0.0483778535064763,0.025577631099968,0.0873549286773942,0.0374378265760261,0.0632750879894586,0.0272603966517676,0.039602815362391,0.0543264475805898,0.1324776210571303,0.0413320341707465,0.0433211585062837,0.0414805898149128,0.0431635307236779,0.0768856252982295,0.0612784250479152,0.0312209184545212,0.0461313751789377,0.0528704208272907,0.0337269224508159,0.0537429797231362,0.0170652513127304,0.0359766766855405,0.0179143265743787,0.0189205136922125,0.0376790720839587,0.0,0.019420188495936,0.0,0.0,0.0206897186686024,0.0,0.022826091769161,0.0,0.0,0.0,0.0235638768084675,0.0235638768084675,0.0,0.0240867529646017,0.0250707922066318,0.0,0.0,0.0,0.0,0.0,0.0,0.0,0.0,0.0313781825772365,0.0,0.0,0.0,0.0308485999593674,0.0,0.0,0.0,0.0,0.0,0.0,0.0,0.0,0.0,0.0,0.0,0.0,0.0,0.0,0.0,0.0,0.0,0.0,0.0,0.0,0.0,0.0,0.0,0.0,0.0,0.0,0.9832285115303984,0.0167714884696016,0.9997890068924616,0.0205412194619791
J07A1106,0.004524886877828,0.0361990950226244,0.0520361990950226,0.0520361990950226,0.0429864253393665,0.0429864253393665,0.0497737556561085,0.0520361990950226,0.0407239819004524,0.0610859728506787,0.0316742081447963,0.0429864253393665,0.0407239819004524,0.0361990950226244,0.0294117647058823,0.0271493212669683,0.0294117647058823,0.0316742081447963,0.0180995475113122,0.0248868778280542,0.0248868778280542,0.0180995475113122,0.0158371040723981,0.0113122171945701,0.0158371040723981,0.002262443438914,0.0158371040723981,0.006787330316742,0.0113122171945701,0.002262443438914,0.006787330316742,0.0090497737556561,0.006787330316742,0.002262443438914,0.004524886877828,0.006787330316742,0.002262443438914,0.006787330316742,0.0090497737556561,0.004524886877828,0.0135746606334841,0.004524886877828,0.0090497737556561,0.0,0.002262443438914,0.006787330316742,0.004524886877828,0.002262443438914,0.0,0.004524886877828,0.002262443438914,0.0,0.0,0.004524886877828,0.0,0.002262443438914,0.002262443438914,0.0,0.0,0.002262443438914,0.002262443438914,0.0,0.0,0.0,0.002262443438914,0.0,0.0,0.0,0.002262443438914,0.0,0.0,0.0,0.0,0.0,0.0,0.0,0.0,0.0,0.0,0.0,0.0,0.002262443438914,0.0,0.0,0.0,0.0,0.0,0.0,0.0,0.0,0.0,0.0,0.0,0.0,0.0,0.0,0.0,0.0,0.0,0.0,0.0,0.0261222466554738,0.1904446062742561,0.2709640398446846,0.2681934850647902,0.221551139836131,0.221551139836131,0.2539104565600596,0.2700372716514628,0.211333516944623,0.3224787882697393,0.1649346329489384,0.2261529699506791,0.2202106412162453,0.1977698881928354,0.1590410186561771,0.1468070941441635,0.157412069503521,0.1797259243751509,0.1016440157774363,0.1441700109127312,0.1471980501673894,0.1059453888867088,0.0936714864701569,0.0707494546090949,0.0966518523499972,0.013807407478571,0.0980129727782834,0.0452424586468266,0.0730293741674237,0.0150270622097646,0.0439730453585939,0.0609745051898037,0.0479316997789924,0.0152984149564047,0.0318381974287622,0.0510409994032865,0.0169500261165691,0.0518155010779358,0.0680546658710487,0.038998174343454,0.1119491336650693,0.0396417894956063,0.0755258197867635,0.0,0.0198208947478031,0.0628025020495172,0.0416891429811916,0.0218710374931981,0.0,0.0451515772837202,0.0233268938155528,0.0,0.0,0.0505108088302143,0.0,0.0253874684697241,0.0249957702050552,0.0,0.0,0.0275769646526922,0.0266502340093832,0.0,0.0,0.0,0.0279033701010357,0.0,0.0,0.0,0.0327862398278934,0.0,0.0,0.0,0.0,0.0,0.0,0.0,0.0,0.0,0.0,0.0,0.0,0.0453361422708211,0.0,0.0,0.0,0.0,0.0,0.0,0.0,0.0,0.0,0.0,0.0,0.0,0.0,0.0,0.0,0.0,0.0,0.0,0.0,0.9796380090497736,0.0203619909502262,0.9996867604595224,0.0250276039992975
J07A1107,0.0045454545454545,0.0113636363636363,0.025,0.0204545454545454,0.0409090909090909,0.0272727272727272,0.0454545454545454,0.0363636363636363,0.0386363636363636,0.0409090909090909,0.0318181818181818,0.0318181818181818,0.0454545454545454,0.0159090909090909,0.0409090909090909,0.0159090909090909,0.0295454545454545,0.0272727272727272,0.0318181818181818,0.0272727272727272,0.0272727272727272,0.0227272727272727,0.0181818181818181,0.0159090909090909,0.0181818181818181,0.0318181818181818,0.0068181818181818,0.0227272727272727,0.0136363636363636,0.009090909090909,0.0159090909090909,0.0113636363636363,0.0136363636363636,0.0068181818181818,0.0045454545454545,0.0022727272727272,0.0113636363636363,0.0159090909090909,0.0136363636363636,0.0068181818181818,0.0068181818181818,0.009090909090909,0.0045454545454545,0.0068181818181818,0.0045454545454545,0.009090909090909,0.0045454545454545,0.0068181818181818,0.0022727272727272,0.0022727272727272,0.0022727272727272,0.0068181818181818,0.0045454545454545,0.0022727272727272,0.009090909090909,0.0045454545454545,0.0,0.0045454545454545,0.0068181818181818,0.0,0.0022727272727272,0.0022727272727272,0.0,0.0,0.0045454545454545,0.0,0.0,0.0022727272727272,0.0,0.0,0.0045454545454545,0.0,0.0,0.0,0.0045454545454545,0.0,0.0022727272727272,0.0,0.0,0.0,0.0,0.0,0.0022727272727272,0.0,0.0,0.0,0.0,0.0,0.0,0.0,0.0,0.0,0.0,0.0,0.0,0.0,0.0,0.0,0.0,0.0,0.0,0.0284169353369181,0.0647418957337549,0.1409753628025164,0.1141641139471585,0.228328227894317,0.1522188185962113,0.2511045686146331,0.2043537309531078,0.217125839137677,0.233871126391513,0.1794231890213846,0.1812773080545139,0.2661720841700881,0.0941249890117935,0.2395548757530793,0.0931602294595308,0.1712398117714995,0.1675832657787647,0.1935024983952507,0.1710921978773027,0.1746856906436437,0.144065100187668,0.1164571270957625,0.1077501405055686,0.1201624686157886,0.2102843200776301,0.045695505876449,0.164055825519977,0.0953335000981508,0.0653884117626991,0.111616922043786,0.0829134546710278,0.1042844462172463,0.0499268773823936,0.0346349994129461,0.0185082189229301,0.0921949406699839,0.1315234525448982,0.111049313537581,0.0636359084954646,0.0608916096372143,0.0862481840550504,0.0410801636906383,0.0649533842281304,0.0431240920275252,0.0910924527677169,0.0453512937065775,0.0713768459190269,0.0233745318980731,0.0245589414446953,0.0253760268751163,0.0747076923196616,0.0493448597084233,0.0274739460061499,0.1076613594110992,0.0552352222522962,0.0,0.0567239180213986,0.0850858770320979,0.0,0.028991303334152,0.0301757128807742,0.0,0.0,0.0607090404053797,0.0,0.0,0.03566632186802,0.0,0.0,0.0755348311586848,0.0,0.0,0.0,0.0742599984456411,0.0,0.0380988190716098,0.0,0.0,0.0,0.0,0.0,0.0434779753434175,0.0,0.0,0.0,0.0,0.0,0.0,0.0,0.0,0.0,0.0,0.0,0.0,0.0,0.0,0.0,0.0,0.0,0.0,0.9340909090909092,0.0659090909090909,0.9964079788059472,0.0846825824585382
J07A1108,0.0456852791878172,0.1116751269035533,0.0862944162436548,0.0558375634517766,0.0406091370558375,0.0761421319796954,0.0862944162436548,0.0609137055837563,0.0304568527918781,0.0507614213197969,0.0253807106598984,0.0355329949238578,0.0203045685279187,0.0355329949238578,0.0355329949238578,0.0101522842639593,0.0304568527918781,0.0050761421319796,0.0304568527918781,0.015228426395939,0.0050761421319796,0.0050761421319796,0.0050761421319796,0.0050761421319796,0.0101522842639593,0.0050761421319796,0.015228426395939,0.0,0.0,0.0050761421319796,0.0050761421319796,0.0,0.0101522842639593,0.0,0.0050761421319796,0.0,0.0050761421319796,0.0,0.0050761421319796,0.0,0.0050761421319796,0.0,0.0,0.0,0.0,0.0,0.0,0.0,0.0101522842639593,0.0050761421319796,0.0,0.0,0.0,0.0,0.0,0.0,0.0,0.0,0.0,0.0,0.0,0.0,0.0,0.0,0.0050761421319796,0.0,0.0,0.0,0.0,0.0,0.0,0.0,0.0,0.0,0.0,0.0,0.0,0.0,0.0,0.0,0.0,0.0,0.0,0.0,0.0,0.0,0.0,0.0,0.0,0.0,0.0,0.0,0.0,0.0,0.0,0.0,0.0,0.0,0.0,0.0,0.0,0.2124760798614786,0.4733238417235482,0.3620093181511936,0.2318462513853749,0.1686154555529999,0.3161539791618749,0.3546449927417081,0.2546619890755411,0.1273309945377705,0.2158859576894418,0.1064733288679981,0.1506030405484017,0.0884530460328009,0.1563958521769104,0.1547928305574016,0.0442265230164004,0.1313206223233588,0.0232043654021707,0.1377939290509071,0.0710706858209796,0.0241878004786997,0.0239375157961285,0.0241878004786997,0.0255764401651674,0.0499147778824516,0.0249573889412258,0.075926570162009,0.0,0.0,0.0271619590278005,0.026494290538076,0.0,0.0577588552065236,0.0,0.0287743473077899,0.0,0.0306377859139514,0.0,0.030752818152954,0.0,0.033725352072171,0.0,0.0,0.0,0.0,0.0,0.0,0.0,0.0776771370454553,0.040806555369953,0.0,0.0,0.0,0.0,0.0,0.0,0.0,0.0,0.0,0.0,0.0,0.0,0.0,0.0,0.0504363517527327,0.0,0.0,0.0,0.0,0.0,0.0,0.0,0.0,0.0,0.0,0.0,0.0,0.0,0.0,0.0,0.0,0.0,0.0,0.0,0.0,0.0,0.0,0.0,0.0,0.0,0.0,0.0,0.0,0.0,0.0,0.0,0.0,0.0,0.0,0.0,0.0,0.9949238578680204,0.0050761421319796,0.9999811180430438,0.0061452060489705
J07A1109,0.0,0.022167487684729,0.0443349753694581,0.041871921182266,0.041871921182266,0.0615763546798029,0.064039408866995,0.0467980295566502,0.0517241379310344,0.0517241379310344,0.0467980295566502,0.0566502463054187,0.0394088669950738,0.0295566502463054,0.0320197044334975,0.0344827586206896,0.0172413793103448,0.0172413793103448,0.0123152709359605,0.0295566502463054,0.0147783251231527,0.0295566502463054,0.0098522167487684,0.0098522167487684,0.0246305418719211,0.0147783251231527,0.0123152709359605,0.0098522167487684,0.0073891625615763,0.0073891625615763,0.0172413793103448,0.0172413793103448,0.0147783251231527,0.0049261083743842,0.0024630541871921,0.0,0.0098522167487684,0.0024630541871921,0.0024630541871921,0.0024630541871921,0.0,0.0049261083743842,0.0024630541871921,0.0073891625615763,0.0147783251231527,0.0,0.0,0.0,0.0,0.0049261083743842,0.0024630541871921,0.0,0.0,0.0024630541871921,0.0,0.0,0.0,0.0,0.0,0.0,0.0,0.0,0.0,0.0,0.0024630541871921,0.0,0.0,0.0,0.0,0.0,0.0,0.0,0.0,0.0,0.0,0.0,0.0,0.0,0.0024630541871921,0.0,0.0,0.0,0.0,0.0,0.0,0.0,0.0,0.0,0.0,0.0,0.0,0.0,0.0,0.0,0.0,0.0,0.0,0.0,0.0,0.0,0.0,0.0,0.1125216754311112,0.2227415891878524,0.2082160940834772,0.2082160940834772,0.3062001383580548,0.3151927647409143,0.2343119630231365,0.2589763801834667,0.2634521031951956,0.2351161219205108,0.2875553927683952,0.2056036239447804,0.1557996284213277,0.1670529444551341,0.1799031709516828,0.0890302724700582,0.0943899413983777,0.0667278018327339,0.1651994048414753,0.0843345648915775,0.1669238160807158,0.0562230432610517,0.0594508501563102,0.1450297598743116,0.0870178559245869,0.0735360862776175,0.0633621522732744,0.0460250019377375,0.0473522178717664,0.1077725888184229,0.1120808251277375,0.1006926596481428,0.0321381903304932,0.016721046782644,0.0,0.071215634690713,0.0181419277798603,0.0178707550003916,0.0204813824367303,0.0,0.0416388030878248,0.019832636077744,0.0627162462698733,0.1249164092634746,0.0,0.0,0.0,0.0,0.0474261545591908,0.0245020204838143,0.0,0.0,0.0265276826481454,0.0,0.0,0.0,0.0,0.0,0.0,0.0,0.0,0.0,0.0,0.0293090435095646,0.0,0.0,0.0,0.0,0.0,0.0,0.0,0.0,0.0,0.0,0.0,0.0,0.0,0.0355548762595394,0.0,0.0,0.0,0.0,0.0,0.0,0.0,0.0,0.0,0.0,0.0,0.0,0.0,0.0,0.0,0.0,0.0,0.0,0.0,0.0,0.0,0.0,0.9926108374384236,0.0073891625615763,0.9999598044775272,0.0089660152389688
J07A1110,0.0060975609756097,0.0121951219512195,0.0182926829268292,0.024390243902439,0.048780487804878,0.0426829268292682,0.024390243902439,0.0853658536585365,0.0426829268292682,0.024390243902439,0.0426829268292682,0.0548780487804878,0.024390243902439,0.0304878048780487,0.073170731707317,0.0060975609756097,0.0365853658536585,0.0182926829268292,0.0426829268292682,0.0304878048780487,0.0060975609756097,0.024390243902439,0.0182926829268292,0.024390243902439,0.0060975609756097,0.024390243902439,0.024390243902439,0.0121951219512195,0.0,0.0304878048780487,0.0121951219512195,0.0060975609756097,0.0121951219512195,0.0304878048780487,0.0,0.0060975609756097,0.0182926829268292,0.0121951219512195,0.0060975609756097,0.0,0.0060975609756097,0.0060975609756097,0.0060975609756097,0.0,0.0,0.0,0.0060975609756097,0.0,0.0,0.0,0.0,0.0,0.0,0.0,0.0,0.0121951219512195,0.0,0.0,0.0,0.0,0.0,0.0,0.0,0.0,0.0,0.0,0.0,0.0,0.0,0.0,0.0,0.0,0.0,0.0,0.0,0.0,0.0,0.0,0.0,0.0,0.0,0.0,0.0,0.0,0.0,0.0,0.0,0.0,0.0,0.0,0.0,0.0,0.0,0.0,0.0,0.0,0.0,0.0,0.0,0.0,0.0,0.0326491153572486,0.059507208562697,0.0883478459990339,0.1165926752003932,0.2331853504007864,0.2040371816006881,0.1154007908344762,0.4108798080728424,0.2054399040364212,0.1194230802278935,0.2061449739977458,0.2677824385321367,0.1223254088157555,0.1544902506606616,0.3669762264472666,0.0305813522039388,0.1816087690828348,0.0962708559435518,0.2223211376286125,0.1638110290862408,0.0334503187240569,0.1324167583650734,0.1003509561721709,0.1414829059971828,0.03451461472652,0.1380584589060802,0.1400026967468026,0.0753955697041225,0.0,0.1878170335185736,0.0732801201702364,0.038104755690604,0.0798771313454597,0.1912085592339555,0.0,0.0425293556470818,0.1271108182891947,0.0863494014278017,0.0425293556470818,0.0,0.0466401968582718,0.0495466326185466,0.0471982987372968,0.0,0.0,0.0,0.0521055350364567,0.0,0.0,0.0,0.0,0.0,0.0,0.0,0.0,0.1269229860093749,0.0,0.0,0.0,0.0,0.0,0.0,0.0,0.0,0.0,0.0,0.0,0.0,0.0,0.0,0.0,0.0,0.0,0.0,0.0,0.0,0.0,0.0,0.0,0.0,0.0,0.0,0.0,0.0,0.0,0.0,0.0,0.0,0.0,0.0,0.0,0.0,0.0,0.0,0.0,0.0,0.0,0.0,0.0,0.0,0.0,0.9878048780487804,0.0121951219512195,0.9998894574720134,0.014868518296134
J07A1111,0.0,0.0063492063492063,0.0095238095238095,0.0095238095238095,0.0158730158730158,0.0222222222222222,0.019047619047619,0.0317460317460317,0.0222222222222222,0.0285714285714285,0.0158730158730158,0.0253968253968253,0.0222222222222222,0.0285714285714285,0.0317460317460317,0.0317460317460317,0.0317460317460317,0.0095238095238095,0.0253968253968253,0.0444444444444444,0.0158730158730158,0.019047619047619,0.0285714285714285,0.0476190476190476,0.0222222222222222,0.0253968253968253,0.0412698412698412,0.0253968253968253,0.019047619047619,0.0158730158730158,0.0317460317460317,0.0222222222222222,0.0158730158730158,0.0158730158730158,0.0222222222222222,0.0063492063492063,0.019047619047619,0.0158730158730158,0.0158730158730158,0.0063492063492063,0.0095238095238095,0.0063492063492063,0.0095238095238095,0.0095238095238095,0.0095238095238095,0.0095238095238095,0.0126984126984126,0.0126984126984126,0.0031746031746031,0.0031746031746031,0.0031746031746031,0.0,0.0095238095238095,0.0063492063492063,0.0031746031746031,0.0031746031746031,0.0,0.0031746031746031,0.0,0.0031746031746031,0.0031746031746031,0.0,0.0,0.0,0.0,0.0063492063492063,0.0031746031746031,0.0,0.0,0.0031746031746031,0.0031746031746031,0.0,0.0,0.0,0.0,0.0,0.0,0.0,0.0,0.0,0.0,0.0,0.0,0.0,0.0,0.0,0.0,0.0,0.0,0.0,0.0,0.0,0.0,0.0,0.0,0.0,0.0,0.0,0.0,0.0,0.0,0.0,0.0349955315320448,0.0519563915889269,0.0514251475568949,0.0857085792614916,0.1199920109660883,0.1017988940839621,0.1725956236058836,0.1208169365241185,0.1580206349634636,0.0865939859815449,0.1399821261281795,0.1258918861825881,0.1635372154761109,0.1798455516894117,0.1798455516894117,0.1780035158328206,0.0566158261522194,0.1494224038694145,0.269739274988913,0.0983588133218621,0.1168092476860269,0.1770458639793518,0.3120169987170384,0.1420836436469704,0.162381307025109,0.2675856244557132,0.1773572043243914,0.1288287310300986,0.1104531211849618,0.2154761429775019,0.1568628991427981,0.1174371448521291,0.1124476399664862,0.1638137754987992,0.0500220878288009,0.149504934173371,0.1269528210710812,0.1250552195720023,0.0573295034867266,0.0822857525619643,0.0582756538573687,0.0832703931984816,0.0877746233758889,0.0874134807860531,0.0923232002737917,0.1225707566128689,0.1286066069844209,0.0315871260338813,0.0331876754604121,0.0342918421912668,0.0,0.1000231133738327,0.0742537218651933,0.0363719896458944,0.0373210024996596,0.0,0.0383268754961713,0.0,0.0405396846859122,0.0391773386648155,0.0,0.0,0.0,0.0,0.085094426791921,0.0439358602188546,0.0,0.0,0.0501755487640729,0.051036920058151,0.0,0.0,0.0,0.0,0.0,0.0,0.0,0.0,0.0,0.0,0.0,0.0,0.0,0.0,0.0,0.0,0.0,0.0,0.0,0.0,0.0,0.0,0.0,0.0,0.0,0.0,0.0,0.0,0.0,0.0,0.9492063492063492,0.0507936507936507,0.9979292939178775,0.0643204815013569
J07A1113,0.002710027100271,0.018970189701897,0.037940379403794,0.043360433604336,0.037940379403794,0.040650406504065,0.040650406504065,0.048780487804878,0.043360433604336,0.059620596205962,0.024390243902439,0.043360433604336,0.051490514905149,0.024390243902439,0.035230352303523,0.035230352303523,0.05420054200542,0.035230352303523,0.037940379403794,0.029810298102981,0.024390243902439,0.013550135501355,0.018970189701897,0.024390243902439,0.018970189701897,0.013550135501355,0.013550135501355,0.010840108401084,0.005420054200542,0.002710027100271,0.018970189701897,0.005420054200542,0.005420054200542,0.005420054200542,0.002710027100271,0.010840108401084,0.005420054200542,0.005420054200542,0.008130081300813,0.005420054200542,0.0,0.008130081300813,0.0,0.005420054200542,0.0,0.002710027100271,0.0,0.0,0.002710027100271,0.002710027100271,0.0,0.0,0.0,0.0,0.0,0.0,0.002710027100271,0.0,0.0,0.0,0.002710027100271,0.0,0.0,0.0,0.0,0.002710027100271,0.0,0.002710027100271,0.0,0.0,0.002710027100271,0.0,0.0,0.0,0.0,0.0,0.0,0.0,0.0,0.0,0.0,0.0,0.0,0.0,0.0,0.0,0.0,0.0,0.0,0.0,0.0,0.0,0.0,0.0,0.0,0.0,0.0,0.0,0.0,0.0,0.0,0.0154776099497075,0.0987347662066722,0.1954497979940723,0.221087270512397,0.1934513616983474,0.2072693161053722,0.2051504775336034,0.2504331107281206,0.2226072095361072,0.3113747827450018,0.125646298710475,0.2256794656152509,0.2754499925462773,0.1318275140465422,0.1884657843737686,0.1884657843737686,0.2869776266578646,0.1977649893388152,0.2107867128489867,0.1708434366141892,0.1427168492056756,0.0784667101372263,0.1110019938266366,0.1509103300849787,0.1145337681953561,0.0818098344252543,0.0829619389546915,0.0714839104856366,0.0346163232632297,0.0178072744385475,0.1215868750587083,0.0361278116944217,0.0378664802809764,0.0362576623162521,0.0188643499084678,0.0806457107232806,0.0401720259868442,0.0409347187532145,0.0604842830424604,0.0462133704806887,0.0,0.0704640948705885,0.0,0.0471701415172386,0.0,0.0248072748976065,0.0,0.0,0.0254624140982128,0.0267526186023918,0.0,0.0,0.0,0.0,0.0,0.0,0.0296203298842442,0.0,0.0,0.0,0.0315808921419268,0.0,0.0,0.0,0.0,0.0342973515555335,0.0,0.0388521430385748,0.0,0.0,0.0411409126434648,0.0,0.0,0.0,0.0,0.0,0.0,0.0,0.0,0.0,0.0,0.0,0.0,0.0,0.0,0.0,0.0,0.0,0.0,0.0,0.0,0.0,0.0,0.0,0.0,0.0,0.0,0.0,0.0,0.0,0.0,0.986449864498645,0.013550135501355,0.9998631579611452,0.0165428338553533
J07A1115,0.0045766590389016,0.022883295194508,0.0640732265446224,0.0640732265446224,0.0480549199084668,0.0366132723112128,0.068649885583524,0.0366132723112128,0.05720823798627,0.034324942791762,0.0160183066361556,0.0320366132723112,0.022883295194508,0.0251716247139588,0.0389016018306636,0.0137299771167048,0.0251716247139588,0.0160183066361556,0.0183066361556064,0.0274599542334096,0.0320366132723112,0.022883295194508,0.0137299771167048,0.022883295194508,0.0137299771167048,0.011441647597254,0.011441647597254,0.0205949656750572,0.0091533180778032,0.0045766590389016,0.0045766590389016,0.011441647597254,0.0068649885583524,0.0091533180778032,0.0068649885583524,0.0068649885583524,0.0091533180778032,0.011441647597254,0.0045766590389016,0.0137299771167048,0.0045766590389016,0.0045766590389016,0.0068649885583524,0.0045766590389016,0.0,0.011441647597254,0.0022883295194508,0.0,0.0045766590389016,0.0022883295194508,0.0022883295194508,0.0022883295194508,0.0068649885583524,0.0022883295194508,0.0022883295194508,0.0022883295194508,0.0022883295194508,0.0,0.0022883295194508,0.0,0.0022883295194508,0.0022883295194508,0.0,0.0022883295194508,0.0022883295194508,0.0022883295194508,0.0022883295194508,0.0,0.0,0.0,0.0,0.0022883295194508,0.0,0.0,0.0,0.0,0.0,0.0,0.0,0.0,0.0,0.0,0.0,0.0,0.0,0.0,0.0,0.0,0.0,0.0,0.0,0.0,0.0,0.0,0.0,0.0,0.0,0.0,0.0,0.0,0.0,0.0264503203978279,0.1205227703140705,0.3340121501596352,0.3305969406739115,0.2479477055054336,0.1889125375279494,0.350590038007371,0.1902112804957891,0.2972051257746705,0.1814049190360757,0.0835030375399088,0.1687318784396988,0.1238757245245574,0.137674428295002,0.2105887316917475,0.0743254347147344,0.1348676445596409,0.0909915664264351,0.1029205802737378,0.1592516363136444,0.1896958452275602,0.134094968825103,0.0812982193832401,0.1432760181054345,0.083884902356599,0.0699040852971659,0.0708885245624795,0.1374319991588419,0.0591572500070991,0.0304315792840183,0.0296835402136517,0.0771753679746845,0.0485336821555961,0.0619622014159392,0.0483570881547969,0.0516820320031461,0.0686516175194079,0.0874437679602756,0.0344546880020974,0.118463877160263,0.0377850406303633,0.0401396574778273,0.0573557710602746,0.0403054916229307,0.0,0.1059854156053158,0.0211063620121723,0.0,0.043513760405406,0.0228593218143324,0.0236198602457569,0.0231791638167986,0.0688948685246517,0.025572591338208,0.0250526439350912,0.0257063140077672,0.0253096963379163,0.0,0.0263991487487552,0.0,0.0269849388347907,0.0280873804464202,0.0,0.0306684555932787,0.0282538132759309,0.0293060731078169,0.0302625584346922,0.0,0.0,0.0,0.0,0.034560390280327,0.0,0.0,0.0,0.0,0.0,0.0,0.0,0.0,0.0,0.0,0.0,0.0,0.0,0.0,0.0,0.0,0.0,0.0,0.0,0.0,0.0,0.0,0.0,0.0,0.0,0.0,0.0,0.0,0.0,0.9633867276887872,0.0366132723112128,0.998953918929694,0.0457281954050918
J07A1117,0.0285714285714285,0.0857142857142857,0.1142857142857142,0.0476190476190476,0.0857142857142857,0.0666666666666666,0.0666666666666666,0.0285714285714285,0.0095238095238095,0.0571428571428571,0.0571428571428571,0.0952380952380952,0.019047619047619,0.019047619047619,0.0285714285714285,0.019047619047619,0.0285714285714285,0.019047619047619,0.0380952380952381,0.0095238095238095,0.0,0.0,0.0095238095238095,0.0095238095238095,0.0,0.0,0.0,0.0,0.0095238095238095,0.0,0.0095238095238095,0.0,0.0,0.0095238095238095,0.0,0.0,0.0,0.0,0.0095238095238095,0.0,0.0,0.0095238095238095,0.0,0.0,0.0,0.0,0.0,0.0,0.0,0.0,0.0095238095238095,0.0,0.0,0.0,0.0,0.0,0.0,0.0,0.0,0.0,0.0,0.0,0.0,0.0,0.0,0.0,0.0,0.0,0.0,0.0,0.0,0.0,0.0,0.0,0.0,0.0,0.0,0.0,0.0,0.0,0.0,0.0,0.0,0.0,0.0,0.0,0.0,0.0,0.0,0.0,0.0,0.0,0.0,0.0,0.0,0.0,0.0,0.0,0.0,0.0,0.0,0.126178539800335,0.3449649064856555,0.45524876986447,0.1877474747685385,0.3379454545833693,0.2628464646759539,0.2601594811982579,0.1134229248716466,0.0378076416238822,0.2307662813637059,0.227624384932235,0.3832943405396172,0.0787915246501171,0.0796074830959533,0.1181872869751757,0.0787915246501171,0.1169767748532109,0.0826792252195577,0.1636573563699919,0.0422051995939773,0.0,0.0,0.0430916460908053,0.0455655696693303,0.0,0.0,0.0,0.0,0.04703393199169,0.0,0.0472007610737129,0.0,0.0,0.0492640541455689,0.0,0.0,0.0,0.0,0.0547875180841258,0.0,0.0,0.0638273726299077,0.0,0.0,0.0,0.0,0.0,0.0,0.0,0.0,0.0751174133563572,0.0,0.0,0.0,0.0,0.0,0.0,0.0,0.0,0.0,0.0,0.0,0.0,0.0,0.0,0.0,0.0,0.0,0.0,0.0,0.0,0.0,0.0,0.0,0.0,0.0,0.0,0.0,0.0,0.0,0.0,0.0,0.0,0.0,0.0,0.0,0.0,0.0,0.0,0.0,0.0,0.0,0.0,0.0,0.0,0.0,0.0,0.0,0.0,0.0,0.0,1.0,0.0,1.0,0.0
J07A1118,0.0534979423868312,0.0473251028806584,0.0555555555555555,0.0823045267489712,0.0473251028806584,0.0473251028806584,0.0267489711934156,0.0411522633744856,0.0596707818930041,0.0329218106995884,0.0390946502057613,0.0411522633744856,0.0349794238683127,0.0205761316872428,0.022633744855967,0.0308641975308641,0.0329218106995884,0.0164609053497942,0.0267489711934156,0.0205761316872428,0.0185185185185185,0.0144032921810699,0.0164609053497942,0.0102880658436214,0.0144032921810699,0.0205761316872428,0.0082304526748971,0.0164609053497942,0.0061728395061728,0.0061728395061728,0.0061728395061728,0.0123456790123456,0.0082304526748971,0.0020576131687242,0.0061728395061728,0.0061728395061728,0.0082304526748971,0.0020576131687242,0.0082304526748971,0.0,0.0041152263374485,0.0020576131687242,0.0061728395061728,0.0020576131687242,0.0,0.0,0.0,0.0020576131687242,0.0,0.0020576131687242,0.0020576131687242,0.0,0.0020576131687242,0.0,0.0,0.0,0.0,0.0,0.0,0.0020576131687242,0.0,0.0,0.0,0.0,0.0,0.0020576131687242,0.0,0.0,0.0,0.0020576131687242,0.0,0.0,0.0,0.0,0.0,0.0,0.0,0.0,0.0,0.0,0.0,0.0,0.0,0.0,0.0,0.0,0.0,0.0,0.0,0.0,0.0,0.0,0.0,0.0,0.0,0.0,0.0,0.0,0.0,0.0,0.0,0.2954146432005752,0.2381522401969712,0.2767105562136622,0.4057499917301947,0.2333062452448619,0.2333062452448619,0.1305207012364815,0.2042697284629341,0.2961911062712545,0.1662399931439218,0.194722243261466,0.2070889045191054,0.1809226158528669,0.1075271972621274,0.1170675749636197,0.1596376022231179,0.1685360455147873,0.0893410017643445,0.1436856247970966,0.1140145786736914,0.1047683301725239,0.0806432929072429,0.093127404597799,0.0615461990211363,0.084079151893981,0.1201130741342586,0.0487218368989174,0.1049525683542695,0.0381177247660605,0.0392169197589664,0.0382529281131386,0.0795641970463588,0.0555955085980266,0.0133083611289602,0.0415449146481392,0.0444014660589135,0.0589805072871737,0.0150250729108922,0.059201954745218,0.0,0.0324621756161138,0.0172425461039309,0.0492759325302955,0.0173137824590027,0.0,0.0,0.0,0.0190260014553111,0.0,0.0196390769156885,0.0202924765604111,0.0,0.0197298303224895,0.0,0.0,0.0,0.0,0.0,0.0,0.023989688179098,0.0,0.0,0.0,0.0,0.0,0.0251776596233205,0.0,0.0,0.0,0.0296917891293696,0.0,0.0,0.0,0.0,0.0,0.0,0.0,0.0,0.0,0.0,0.0,0.0,0.0,0.0,0.0,0.0,0.0,0.0,0.0,0.0,0.0,0.0,0.0,0.0,0.0,0.0,0.0,0.0,0.0,0.0,0.0,0.9897119341563786,0.0102880658436214,0.9999216263191022,0.0125196333557218
J07A1120,0.0022935779816513,0.0091743119266055,0.0298165137614678,0.0229357798165137,0.0389908256880734,0.0275229357798165,0.0344036697247706,0.0527522935779816,0.0344036697247706,0.0160550458715596,0.0252293577981651,0.0412844036697247,0.0389908256880734,0.0114678899082568,0.0412844036697247,0.0137614678899082,0.0137614678899082,0.0206422018348623,0.0229357798165137,0.0275229357798165,0.0298165137614678,0.0137614678899082,0.0137614678899082,0.018348623853211,0.0229357798165137,0.018348623853211,0.0206422018348623,0.0137614678899082,0.018348623853211,0.0137614678899082,0.0229357798165137,0.0068807339449541,0.0068807339449541,0.0068807339449541,0.0114678899082568,0.0091743119266055,0.0137614678899082,0.0045871559633027,0.0068807339449541,0.0114678899082568,0.0160550458715596,0.0022935779816513,0.0137614678899082,0.0045871559633027,0.0091743119266055,0.0045871559633027,0.0068807339449541,0.0068807339449541,0.0091743119266055,0.0022935779816513,0.0091743119266055,0.0045871559633027,0.0045871559633027,0.0022935779816513,0.0114678899082568,0.0,0.0114678899082568,0.0022935779816513,0.0114678899082568,0.0045871559633027,0.0022935779816513,0.0068807339449541,0.0022935779816513,0.0,0.0022935779816513,0.0022935779816513,0.0045871559633027,0.0022935779816513,0.0,0.0022935779816513,0.0,0.0045871559633027,0.0022935779816513,0.0045871559633027,0.0,0.0,0.0,0.0,0.0068807339449541,0.0,0.0,0.0022935779816513,0.0,0.0,0.0022935779816513,0.0,0.0,0.0,0.0022935779816513,0.0,0.0022935779816513,0.0,0.0,0.0,0.0,0.0,0.0,0.0,0.0,0.0,0.0,0.0144003586245233,0.0524930084426863,0.1688573434859423,0.12856216144808,0.218555674461736,0.154274593737696,0.1908718760891079,0.297725812412391,0.1941690080950376,0.0921781964960315,0.1428792906419512,0.2362185379920883,0.2293018166157051,0.0681401314909475,0.2427901587695701,0.08093005292319,0.080101141349009,0.1273849078764566,0.140082732788709,0.1734028654448336,0.1917986305596211,0.0876064536889769,0.0885224448736713,0.1248061127112177,0.1522316376449071,0.1217853101159257,0.1389379250819479,0.0997628784632811,0.1288280221229789,0.0994072620541413,0.1616062179561151,0.0504199401337887,0.052846424383321,0.0506011595398905,0.0877568968281068,0.0750327188576527,0.1121280836183294,0.0380856367459648,0.0562745391432395,0.1074922275358245,0.1439992745928591,0.0218532499437591,0.1249049024785104,0.0438870701888047,0.0874129997750364,0.0461613461230068,0.068945671204631,0.0723408183560168,0.0947608566572809,0.024890619628699,0.1028749604796331,0.0504777661000865,0.0500112814878337,0.0278449924756916,0.1363942106302158,0.0,0.1377936820658364,0.0287449984458736,0.1437249922293683,0.0608091924116885,0.0293828423124678,0.09174974333054,0.0307644699621208,0.0,0.0307644699621208,0.0319102344532445,0.0659034276788495,0.0361480096025633,0.0,0.0376314544969421,0.0,0.0752629089938842,0.0343270488461386,0.0734411913656957,0.0,0.0,0.0,0.0,0.1119613735265604,0.0,0.0,0.049984728799384,0.0,0.0,0.0425817176426943,0.0,0.0,0.0,0.0463614523300296,0.0,0.0491718839008063,0.0,0.0,0.0,0.0,0.0,0.0,0.0,0.0,0.0,0.0,0.8922018348623854,0.1077981651376146,0.9895759686427412,0.1440118130042832
J07A1121,0.0,0.0122699386503067,0.0122699386503067,0.0214723926380368,0.0460122699386503,0.0306748466257668,0.0552147239263803,0.0490797546012269,0.0214723926380368,0.0245398773006134,0.0398773006134969,0.0214723926380368,0.0398773006134969,0.0276073619631901,0.0368098159509202,0.0214723926380368,0.0398773006134969,0.0153374233128834,0.0245398773006134,0.0552147239263803,0.0214723926380368,0.0214723926380368,0.0245398773006134,0.0306748466257668,0.0184049079754601,0.0184049079754601,0.0153374233128834,0.0061349693251533,0.0153374233128834,0.0153374233128834,0.0061349693251533,0.0122699386503067,0.0061349693251533,0.0153374233128834,0.0122699386503067,0.0153374233128834,0.0030674846625766,0.0061349693251533,0.00920245398773,0.0030674846625766,0.0122699386503067,0.0030674846625766,0.0122699386503067,0.0061349693251533,0.0122699386503067,0.0,0.0061349693251533,0.0030674846625766,0.0122699386503067,0.0,0.0061349693251533,0.0061349693251533,0.00920245398773,0.0,0.0030674846625766,0.0,0.0030674846625766,0.0030674846625766,0.0,0.0,0.0030674846625766,0.0030674846625766,0.0,0.00920245398773,0.0,0.0,0.0,0.0,0.0030674846625766,0.0030674846625766,0.0,0.0,0.0,0.0030674846625766,0.0,0.0,0.0030674846625766,0.0,0.0,0.0030674846625766,0.0,0.0,0.0,0.0,0.0,0.0,0.0,0.0,0.0,0.0,0.0,0.0,0.0,0.0,0.0,0.0,0.0,0.0,0.0,0.0,0.0,0.0,0.0670678064291728,0.0663818314566563,0.1149804076722156,0.2463865878690334,0.1642577252460223,0.2926414412455173,0.2646191526234637,0.1157708792727653,0.1345961980297086,0.215740952234133,0.1173686612510524,0.2240343260374675,0.156706897014472,0.2068009163422776,0.1206338678663286,0.2217396945729045,0.0904186692551448,0.1431816066248215,0.3323228223797395,0.1319510433068662,0.1305856721554842,0.1508011923507042,0.1993235017581592,0.1166994497994384,0.1166994497994384,0.0986190790133827,0.0424874195636788,0.1028733766972847,0.1058399205102476,0.0412953071853954,0.0858921949261242,0.0450128993830264,0.1077511359383678,0.0896982321098023,0.1198321455916842,0.0238767816594058,0.0486601966393117,0.0718992873550105,0.0274675356695725,0.1051319922497576,0.0279208523298224,0.1063900135784096,0.0560724106978931,0.1116834093192899,0.0,0.0587257245318714,0.0308088013138396,0.1210714146492891,0.0,0.0657192085245987,0.0644930276662272,0.0958455338798998,0.0,0.0348528719842562,0.0,0.0352104795290775,0.0367261097957385,0.0,0.0,0.037541052399447,0.0390747530523517,0.0,0.1279965211875551,0.0,0.0,0.0,0.0,0.0461845831044644,0.0480799097008276,0.0,0.0,0.0,0.0469161489555337,0.0,0.0,0.0493344416647693,0.0,0.0,0.0562999507740772,0.0,0.0,0.0,0.0,0.0,0.0,0.0,0.0,0.0,0.0,0.0,0.0,0.0,0.0,0.0,0.0,0.0,0.0,0.0,0.0,0.0,0.9447852760736196,0.0552147239263803,0.9975316614514091,0.0702181201826901
J07A1122,0.010752688172043,0.053763440860215,0.0623655913978494,0.0516129032258064,0.053763440860215,0.075268817204301,0.0946236559139784,0.0559139784946236,0.0494623655913978,0.053763440860215,0.0473118279569892,0.0387096774193548,0.0387096774193548,0.0236559139784946,0.0301075268817204,0.021505376344086,0.0236559139784946,0.0150537634408602,0.0193548387096774,0.0086021505376344,0.0172043010752688,0.010752688172043,0.0150537634408602,0.010752688172043,0.010752688172043,0.010752688172043,0.010752688172043,0.0086021505376344,0.0064516129032258,0.0043010752688172,0.0,0.0043010752688172,0.010752688172043,0.0064516129032258,0.0064516129032258,0.0043010752688172,0.0043010752688172,0.0021505376344086,0.0043010752688172,0.0043010752688172,0.0,0.0,0.0021505376344086,0.0,0.0,0.0021505376344086,0.0,0.0,0.0,0.0,0.0,0.0043010752688172,0.0021505376344086,0.0021505376344086,0.0,0.0,0.0043010752688172,0.0,0.0,0.0,0.0,0.0,0.0,0.0,0.0021505376344086,0.0,0.0,0.0,0.0,0.0,0.0,0.0,0.0,0.0,0.0,0.0,0.0,0.0,0.0,0.0,0.0,0.0,0.0,0.0,0.0,0.0,0.0,0.0,0.0,0.0,0.0,0.0,0.0,0.0,0.0,0.0,0.0,0.0,0.0,0.0,0.0,0.0553245500420634,0.2520902558895451,0.289433753277095,0.2370822200754088,0.2469606459118842,0.3457449042766379,0.4302074609563975,0.2586047985903396,0.2287657833683773,0.2529558651877292,0.2195704335205548,0.1815049842404724,0.1865544690768029,0.115186140404481,0.1450979203930689,0.1036413717093349,0.1128378278715714,0.0761286425941128,0.0968727644365731,0.0444129471905537,0.0906915271386642,0.056095682030094,0.0793550862463312,0.0599363721443057,0.0584856743812494,0.0584856743812494,0.0593093114272746,0.0511036936027673,0.03712070238632,0.0254607642650097,0.0,0.025827694747354,0.0676766629353285,0.0388807870157297,0.0404582493258301,0.0288267224273358,0.0287188948322377,0.0146320711238934,0.0288267224273358,0.0330378389955433,0.0,0.0,0.0159956838757782,0.0,0.0,0.0177346673800342,0.0,0.0,0.0,0.0,0.0,0.0387859742862235,0.0192137690281512,0.0213954627076972,0.0,0.0,0.0423510200416768,0.0,0.0,0.0,0.0,0.0,0.0,0.0,0.0236387232056624,0.0,0.0,0.0,0.0,0.0,0.0,0.0,0.0,0.0,0.0,0.0,0.0,0.0,0.0,0.0,0.0,0.0,0.0,0.0,0.0,0.0,0.0,0.0,0.0,0.0,0.0,0.0,0.0,0.0,0.0,0.0,0.0,0.0,0.0,0.0,0.0,0.9849462365591398,0.0150537634408602,0.9998305950086462,0.0184060121877723
J07A1123,0.0,0.0,0.0,0.0555555555555555,0.0,0.1666666666666666,0.0,0.0,0.0,0.0,0.0555555555555555,0.0,0.0555555555555555,0.0,0.0,0.0,0.1111111111111111,0.0555555555555555,0.0,0.0,0.0,0.0,0.0,0.1111111111111111,0.0555555555555555,0.0,0.0,0.0,0.0555555555555555,0.0555555555555555,0.0,0.0,0.0,0.0,0.0555555555555555,0.0,0.0,0.0,0.0,0.0,0.0,0.0,0.0,0.0,0.0,0.0,0.0,0.0,0.0555555555555555,0.0,0.0,0.0,0.0,0.0,0.0,0.0,0.0555555555555555,0.0,0.0,0.0,0.0,0.0,0.0,0.0,0.0,0.0,0.0,0.0,0.0,0.0,0.0,0.0,0.0,0.0555555555555555,0.0,0.0,0.0,0.0,0.0,0.0,0.0,0.0,0.0,0.0,0.0,0.0,0.0,0.0,0.0,0.0,0.0,0.0,0.0,0.0,0.0,0.0,0.0,0.0,0.0,0.0,0.0,0.0,0.0,0.0,0.147152012302326,0.0,0.4414560369069782,0.0,0.0,0.0,0.0,0.1486721562795625,0.0,0.1543873149149803,0.0,0.0,0.0,0.3056120609790242,0.1620050333786688,0.0,0.0,0.0,0.0,0.0,0.3571321146561372,0.1742440509960885,0.0,0.0,0.0,0.1843203949241011,0.1896356139313858,0.0,0.0,0.0,0.0,0.200892763721598,0.0,0.0,0.0,0.0,0.0,0.0,0.0,0.0,0.0,0.0,0.0,0.0,0.0,0.2711577533301383,0.0,0.0,0.0,0.0,0.0,0.0,0.0,0.3154367874675708,0.0,0.0,0.0,0.0,0.0,0.0,0.0,0.0,0.0,0.0,0.0,0.0,0.0,0.0,0.0,0.0,0.4203032592800166,0.0,0.0,0.0,0.0,0.0,0.0,0.0,0.0,0.0,0.0,0.0,0.0,0.0,0.0,0.0,0.0,0.0,0.0,0.0,0.0,0.0,0.0,0.0,0.0,0.0,0.0,0.0,0.8888888888888888,0.1111111111111111,0.9888549116361244,0.1488823822119748
J07A1124,0.0104712041884816,0.0287958115183246,0.0523560209424083,0.0523560209424083,0.0732984293193717,0.0523560209424083,0.0706806282722513,0.0811518324607329,0.0471204188481675,0.0497382198952879,0.0602094240837696,0.0261780104712041,0.0340314136125654,0.0445026178010471,0.0445026178010471,0.0157068062827225,0.0340314136125654,0.0209424083769633,0.013089005235602,0.013089005235602,0.0209424083769633,0.0052356020942408,0.0261780104712041,0.0183246073298429,0.0078534031413612,0.0052356020942408,0.0157068062827225,0.0104712041884816,0.0157068062827225,0.0026178010471204,0.0026178010471204,0.0052356020942408,0.0,0.0,0.0026178010471204,0.0026178010471204,0.0,0.0,0.0026178010471204,0.0026178010471204,0.0026178010471204,0.0,0.0026178010471204,0.0026178010471204,0.0,0.0,0.0026178010471204,0.0026178010471204,0.0026178010471204,0.0,0.0,0.0,0.0,0.0,0.0,0.0,0.0026178010471204,0.0,0.0026178010471204,0.0,0.0,0.0,0.0,0.0,0.0026178010471204,0.0,0.0,0.0026178010471204,0.0,0.0,0.0,0.0,0.0,0.0,0.0,0.0,0.0,0.0,0.0026178010471204,0.0,0.0,0.0,0.0,0.0,0.0,0.0,0.0,0.0,0.0,0.0,0.0,0.0,0.0,0.0,0.0,0.0,0.0,0.0,0.0,0.0,0.0,0.0540030798861124,0.1353378856100903,0.2435520704030617,0.2410617976967824,0.3374865167754954,0.2410617976967824,0.3221066397405107,0.3762145404361735,0.2184471525113265,0.2345681256468821,0.2800848809635209,0.1230344414637184,0.1643944517662398,0.2172036475797135,0.2149773600020059,0.0758743623536491,0.1627106710336421,0.1061575005904879,0.0656658907488143,0.0677376706319128,0.1106566113357257,0.0273778963916915,0.1383207641696572,0.1023833037671457,0.0428165237232263,0.0285443491488175,0.0868389931927762,0.0623538023808464,0.0905851134294322,0.0155328837459976,0.0151510697162679,0.0315134750679182,0.0,0.0,0.0164549468299176,0.0175863585075999,0.0,0.0,0.0175863585075999,0.0201554402293416,0.0192862367730437,0.0,0.019517018067022,0.0205727251241623,0.0,0.0,0.0215462145014725,0.0226072320753054,0.022210289364881,0.0,0.0,0.0,0.0,0.0,0.0,0.0,0.0258371454990386,0.0,0.026949301886745,0.0,0.0,0.0,0.0,0.0,0.028842617262827,0.0,0.0,0.0338898478362686,0.0,0.0,0.0,0.0,0.0,0.0,0.0,0.0,0.0,0.0,0.034989053376867,0.0,0.0,0.0,0.0,0.0,0.0,0.0,0.0,0.0,0.0,0.0,0.0,0.0,0.0,0.0,0.0,0.0,0.0,0.0,0.0,0.0,0.0,0.986910994764398,0.013089005235602,0.9998724308549886,0.0159725394391765
J07A1125,0.0129032258064516,0.0408602150537634,0.0473118279569892,0.0258064516129032,0.0344086021505376,0.0344086021505376,0.0559139784946236,0.032258064516129,0.0365591397849462,0.0279569892473118,0.0473118279569892,0.0236559139784946,0.0387096774193548,0.0172043010752688,0.0258064516129032,0.0236559139784946,0.0193548387096774,0.0258064516129032,0.0387096774193548,0.0344086021505376,0.0236559139784946,0.010752688172043,0.0064516129032258,0.0193548387096774,0.0086021505376344,0.0086021505376344,0.021505376344086,0.0129032258064516,0.0129032258064516,0.0064516129032258,0.0129032258064516,0.0129032258064516,0.0064516129032258,0.0064516129032258,0.010752688172043,0.0150537634408602,0.0043010752688172,0.0064516129032258,0.0064516129032258,0.0043010752688172,0.0064516129032258,0.010752688172043,0.0021505376344086,0.0086021505376344,0.0043010752688172,0.0043010752688172,0.0086021505376344,0.0064516129032258,0.0086021505376344,0.0043010752688172,0.0021505376344086,0.0021505376344086,0.0021505376344086,0.0,0.0021505376344086,0.0,0.0,0.0043010752688172,0.0,0.0021505376344086,0.0043010752688172,0.0,0.0043010752688172,0.0021505376344086,0.0,0.0021505376344086,0.0021505376344086,0.0043010752688172,0.0,0.0021505376344086,0.0043010752688172,0.0,0.0043010752688172,0.0021505376344086,0.0086021505376344,0.0021505376344086,0.0,0.0,0.0043010752688172,0.0,0.0021505376344086,0.0021505376344086,0.0,0.0,0.0043010752688172,0.0,0.0,0.0,0.0,0.0,0.0,0.0,0.0021505376344086,0.0,0.0,0.0021505376344086,0.0,0.0,0.0,0.0,0.0,0.0799594114590852,0.230749146700867,0.2644504507910043,0.1427708161071803,0.190361088142907,0.190361088142907,0.3061745313487697,0.1796904278068217,0.2036491515143979,0.1584231154596134,0.2644504507910043,0.1335916112478704,0.2246860501817911,0.1008946133972396,0.149790700121194,0.1373081417777612,0.111192371774695,0.1571816142168918,0.2333469567269796,0.2139636692824493,0.1501896016645901,0.0675615936191085,0.0409608004539791,0.1299371717801862,0.0563520787637901,0.0563520787637901,0.1428641724804772,0.092323870251903,0.0894162872691334,0.0459973855273302,0.0897334463177461,0.0933205633743604,0.0489058305373426,0.0468279881246225,0.0812131374041079,0.1215160833121856,0.0345890134788742,0.0528685635312199,0.0520783214195081,0.039790746301524,0.0571121552654154,0.1011186046086578,0.0192651885950025,0.0812290951556432,0.0404474418434631,0.0427192378143165,0.0850728086542337,0.0669465880565543,0.0876948336871217,0.046069206752796,0.0238009734928284,0.0233568978753233,0.0231410477240468,0.0,0.0252447435344792,0.0,0.0,0.0532031462561452,0.0,0.028137419834002,0.0543837099144419,0.0,0.0569409178424379,0.0309036163231634,0.0,0.029530787310367,0.0304946068111759,0.0669051294393022,0.0,0.0348253937324475,0.0708464931504331,0.0,0.0635347747101763,0.0339824548330733,0.13930157492979,0.0370675987664852,0.0,0.0,0.0690751742659841,0.0,0.0381784937211028,0.0462575227112097,0.0,0.0,0.0788130622392626,0.0,0.0,0.0,0.0,0.0,0.0,0.0,0.0455052891338794,0.0,0.0,0.0470616743033774,0.0,0.0,0.0,0.0,0.0,0.9268817204301076,0.0731182795698924,0.9955162009338498,0.0945911923924983
J07A1126,0.03,0.0966666666666666,0.1066666666666666,0.0733333333333333,0.0866666666666666,0.0533333333333333,0.0566666666666666,0.0433333333333333,0.0466666666666666,0.04,0.0266666666666666,0.0366666666666666,0.03,0.0266666666666666,0.0133333333333333,0.02,0.0333333333333333,0.02,0.0133333333333333,0.0133333333333333,0.0166666666666666,0.0033333333333333,0.0133333333333333,0.0033333333333333,0.0066666666666666,0.0066666666666666,0.01,0.01,0.0066666666666666,0.0033333333333333,0.0166666666666666,0.0033333333333333,0.0,0.0033333333333333,0.0,0.0,0.0,0.0066666666666666,0.0,0.0,0.0,0.0033333333333333,0.0033333333333333,0.0,0.0033333333333333,0.0,0.0,0.0033333333333333,0.0033333333333333,0.0,0.0033333333333333,0.0,0.0,0.0,0.0,0.0,0.0033333333333333,0.0,0.0,0.0,0.0,0.0,0.0,0.0,0.0,0.0,0.0,0.0,0.0,0.0,0.0,0.0,0.0,0.0,0.0,0.0,0.0,0.0,0.0,0.0,0.0,0.0,0.0,0.0,0.0,0.0,0.0,0.0,0.0,0.0,0.0,0.0,0.0,0.0,0.0,0.0,0.0,0.0,0.0,0.0,0.0,0.1422342775870897,0.4176648469087508,0.4561577235033447,0.3104018494559222,0.366838549356999,0.225746799604307,0.2374040144913303,0.1846802523577586,0.1988864256160478,0.1734202734905884,0.1140394308758361,0.1584245971033192,0.1332261683285666,0.1196496421298134,0.0592116303682518,0.0888174455523777,0.146512914619433,0.0931998411867249,0.0614940435247105,0.0634342002918245,0.0809581560840026,0.0160240873641473,0.0647665248672021,0.0171212048552179,0.0334136076760219,0.0334136076760219,0.0508262429526154,0.054742853278933,0.0353458802609083,0.0181825719991069,0.0886781297292964,0.0184446120480406,0.0,0.0185109056936153,0.0,0.0,0.0,0.0417974392185661,0.0,0.0,0.0,0.023983054093199,0.0228463427663868,0.0,0.023983054093199,0.0,0.0,0.026463703175251,0.0259990477043264,0.0,0.0282252725380482,0.0,0.0,0.0,0.0,0.0,0.030244593725793,0.0,0.0,0.0,0.0,0.0,0.0,0.0,0.0,0.0,0.0,0.0,0.0,0.0,0.0,0.0,0.0,0.0,0.0,0.0,0.0,0.0,0.0,0.0,0.0,0.0,0.0,0.0,0.0,0.0,0.0,0.0,0.0,0.0,0.0,0.0,0.0,0.0,0.0,0.0,0.0,0.0,0.0,0.0,0.0,0.9966666666666668,0.0033333333333333,0.9999918862096056,0.0040283389821845
J07A1127,0.0,0.0126262626262626,0.0328282828282828,0.0328282828282828,0.0252525252525252,0.0454545454545454,0.0429292929292929,0.0277777777777777,0.0328282828282828,0.0353535353535353,0.0277777777777777,0.0353535353535353,0.0202020202020202,0.0555555555555555,0.053030303030303,0.0328282828282828,0.0479797979797979,0.0227272727272727,0.0303030303030303,0.0126262626262626,0.0176767676767676,0.0252525252525252,0.0202020202020202,0.0227272727272727,0.0277777777777777,0.0126262626262626,0.005050505050505,0.0126262626262626,0.0101010101010101,0.0151515151515151,0.0025252525252525,0.0151515151515151,0.0101010101010101,0.0151515151515151,0.0075757575757575,0.0025252525252525,0.0075757575757575,0.0075757575757575,0.0126262626262626,0.0075757575757575,0.0101010101010101,0.0025252525252525,0.0025252525252525,0.0025252525252525,0.005050505050505,0.0025252525252525,0.0025252525252525,0.0,0.005050505050505,0.005050505050505,0.0025252525252525,0.0,0.0025252525252525,0.0075757575757575,0.005050505050505,0.0,0.0025252525252525,0.0,0.0025252525252525,0.0025252525252525,0.0,0.0025252525252525,0.0025252525252525,0.0,0.0,0.0,0.0,0.0,0.0,0.0,0.0,0.0025252525252525,0.0025252525252525,0.005050505050505,0.0025252525252525,0.0,0.0025252525252525,0.0,0.0,0.0,0.0,0.0,0.005050505050505,0.0025252525252525,0.0,0.0,0.0,0.005050505050505,0.0025252525252525,0.0025252525252525,0.0075757575757575,0.0025252525252525,0.0,0.0025252525252525,0.0025252525252525,0.0,0.0,0.0,0.0,0.0,0.0,0.0,0.0689549252519453,0.1774490865544967,0.1756347040437279,0.1351036184951753,0.2431865132913156,0.2273282559701746,0.14963567728668,0.1768421640660764,0.1937367535315211,0.1501492270845741,0.1930737907054469,0.113397211867762,0.3150717457770837,0.2976676811528753,0.1842704692851133,0.2665599329266706,0.1338664642997169,0.1766524508481339,0.0759274551027538,0.1085310501425132,0.153440026775047,0.124035485877158,0.1475510127057357,0.1759751807995019,0.0799887185452281,0.0324460707279696,0.0873658166606491,0.0676915033021595,0.1044652692280416,0.016982901167237,0.1059707814439005,0.0740471180457113,0.1063516617469403,0.055333268401091,0.0197126271622579,0.0589166736975085,0.0600352461305345,0.0985631358112897,0.0677769667371138,0.0864721129631797,0.0229651797233799,0.0218767120156226,0.0230600587329648,0.0459303594467598,0.0242550561750826,0.0241512472887446,0.0,0.0497912234902475,0.0523141916804557,0.0270273524822457,0.0,0.0262779694214919,0.0877853763050524,0.0573336701573026,0.0,0.0289609708535999,0.0,0.0302075918756554,0.0319516327356799,0.0,0.0321393743963708,0.0323298174684719,0.0,0.0,0.0,0.0,0.0,0.0,0.0,0.0,0.0395462056215246,0.0360736663038051,0.0771780015857092,0.0395462056215246,0.0,0.0405780706835332,0.0,0.0,0.0,0.0,0.0,0.0926145428994035,0.0463072714497017,0.0,0.0,0.0,0.0987985920691904,0.0487204002945154,0.0508714301754337,0.1550214939231517,0.0525280351094909,0.0,0.0566331108724022,0.0525280351094909,0.0,0.0,0.0,0.0,0.0,0.0,0.9217171717171716,0.0782828282828282,0.9948082152425254,0.101767454944994
J07A1128,0.0,0.0132743362831858,0.0265486725663716,0.0176991150442477,0.0176991150442477,0.0176991150442477,0.0287610619469026,0.0199115044247787,0.0353982300884955,0.0287610619469026,0.0287610619469026,0.0353982300884955,0.0199115044247787,0.0243362831858407,0.0265486725663716,0.0154867256637168,0.0331858407079646,0.0265486725663716,0.0331858407079646,0.0243362831858407,0.0287610619469026,0.0221238938053097,0.0199115044247787,0.0221238938053097,0.0243362831858407,0.0176991150442477,0.0154867256637168,0.0154867256637168,0.0221238938053097,0.0176991150442477,0.0398230088495575,0.0154867256637168,0.0221238938053097,0.0154867256637168,0.0154867256637168,0.0154867256637168,0.0022123893805309,0.0176991150442477,0.0176991150442477,0.0088495575221238,0.0088495575221238,0.0088495575221238,0.0088495575221238,0.0044247787610619,0.0066371681415929,0.0088495575221238,0.0044247787610619,0.0110619469026548,0.0022123893805309,0.0044247787610619,0.0044247787610619,0.0022123893805309,0.0044247787610619,0.0,0.0022123893805309,0.0,0.0088495575221238,0.0044247787610619,0.0,0.0,0.0022123893805309,0.0044247787610619,0.0044247787610619,0.0,0.0044247787610619,0.0066371681415929,0.0,0.0,0.0066371681415929,0.0044247787610619,0.0,0.0022123893805309,0.0,0.0022123893805309,0.0022123893805309,0.0,0.0022123893805309,0.0,0.0022123893805309,0.0,0.0022123893805309,0.0,0.0022123893805309,0.0022123893805309,0.0,0.0022123893805309,0.0,0.0,0.0,0.0022123893805309,0.0,0.0,0.0,0.0,0.0,0.0,0.0,0.0,0.0,0.0,0.0,0.0,0.0774624733788243,0.1533403618166393,0.101181657561825,0.101181657561825,0.101181657561825,0.1627393859076224,0.1146119231247846,0.2037545299996171,0.1684116599110682,0.1661187253013592,0.2065665956768649,0.1194262294369013,0.1474769969325512,0.1592349725825351,0.0928870673398121,0.1970050461144017,0.1670918822734311,0.2067161948114673,0.1563746484374183,0.1886879383825146,0.1436426760655608,0.1306301111878947,0.1534774260138358,0.1647389303979975,0.1198101311985436,0.106310210171156,0.1145023495613825,0.1584232759467329,0.1303933629593227,0.2861733642859376,0.1157384730471253,0.1732977765740031,0.1161544603984208,0.1208670523362954,0.1291776470695268,0.0183849217892338,0.1498717745504982,0.1476315966508877,0.0845990891455256,0.0809507530214702,0.0859952892638391,0.0819194189022567,0.0431752863480436,0.0644964669478793,0.0908253537316501,0.0452183157653171,0.1186125941625505,0.0233059936740074,0.0489738606485267,0.0506032398340054,0.0248295454242552,0.0492001719317468,0.0,0.026836419359236,0.0,0.1084470966879242,0.0565575935525199,0.0,0.0,0.0289062957518596,0.060174464804231,0.0605310308592522,0.0,0.0605310308592522,0.0941780919089576,0.0,0.0,0.1066852258846361,0.0740422551156451,0.0,0.0370211275578225,0.0,0.0361250415363138,0.0370211275578225,0.0,0.0379871066570231,0.0,0.0367151748121829,0.0,0.0405856398027618,0.0,0.0433504902999093,0.0433504902999093,0.0,0.0456095376439782,0.0,0.0,0.0,0.0476232213931675,0.0,0.0,0.0,0.0,0.0,0.0,0.0,0.0,0.0,0.0,0.0,0.9203539823008848,0.079646017699115,0.9946114934837964,0.1036724506796861
J07A1130,0.0,0.0,0.0029585798816568,0.0029585798816568,0.014792899408284,0.0088757396449704,0.0088757396449704,0.0059171597633136,0.0177514792899408,0.0236686390532544,0.0266272189349112,0.0118343195266272,0.014792899408284,0.0207100591715976,0.029585798816568,0.029585798816568,0.0177514792899408,0.029585798816568,0.029585798816568,0.0207100591715976,0.0325443786982248,0.0355029585798816,0.0325443786982248,0.0177514792899408,0.0118343195266272,0.0177514792899408,0.0355029585798816,0.029585798816568,0.0325443786982248,0.0088757396449704,0.0236686390532544,0.0207100591715976,0.0236686390532544,0.0207100591715976,0.0207100591715976,0.0207100591715976,0.0355029585798816,0.0118343195266272,0.0355029585798816,0.0118343195266272,0.0059171597633136,0.0118343195266272,0.0207100591715976,0.0177514792899408,0.0118343195266272,0.0118343195266272,0.0059171597633136,0.014792899408284,0.0118343195266272,0.0088757396449704,0.0059171597633136,0.0059171597633136,0.0088757396449704,0.0029585798816568,0.0059171597633136,0.0,0.0029585798816568,0.0,0.0088757396449704,0.0029585798816568,0.0029585798816568,0.0,0.0,0.0029585798816568,0.0029585798816568,0.0029585798816568,0.0088757396449704,0.0,0.0059171597633136,0.0029585798816568,0.0029585798816568,0.0,0.0,0.0,0.0,0.0,0.0,0.0,0.0,0.0,0.0029585798816568,0.0,0.0,0.0,0.0,0.0029585798816568,0.0,0.0,0.0,0.0,0.0,0.0,0.0,0.0,0.0,0.0,0.0,0.0,0.0,0.0,0.0,0.0,0.0,0.0154865866331137,0.01532823928693,0.0766411964346503,0.0459847178607902,0.0455146328730739,0.0308672368776103,0.0926017106328309,0.1256027822996021,0.139379279698024,0.0625864861975959,0.0804095597762355,0.1137391842420995,0.160819119552471,0.160819119552471,0.0955031751118832,0.1687541936031055,0.1670181664625774,0.1206013501722678,0.1934968685192885,0.208903252729818,0.1934968685192885,0.1116030917589447,0.0726012364004857,0.1089018546007286,0.220870976623059,0.1982425279483266,0.2111991390480465,0.0592607608047958,0.1541441899349213,0.1402678748160445,0.1680209540727814,0.1407720257710412,0.1464833958850373,0.1565553229720063,0.2673766646620619,0.0908176631229102,0.2683805536662966,0.1025288664468924,0.0490536542954769,0.1042209746824487,0.1737422255785752,0.1569773343600721,0.1042209746824487,0.1100747142410177,0.0548018034813655,0.143751131940583,0.1129816945761201,0.0890299375892351,0.0613279985768643,0.0601837483701833,0.0894413505175608,0.0331990923925573,0.0650481626737806,0.0,0.0328577943485384,0.0,0.10281646081193,0.0362508626812315,0.035032643572777,0.0,0.0,0.03981469368171,0.036679933800382,0.0380460085527503,0.1178632380529314,0.0,0.0861972659285298,0.0448673180932245,0.0456375621822228,0.0,0.0,0.0,0.0,0.0,0.0,0.0,0.0,0.0,0.0491872865893513,0.0,0.0,0.0,0.0,0.0552759402144377,0.0,0.0,0.0,0.0,0.0,0.0,0.0,0.0,0.0,0.0,0.0,0.0,0.0,0.0,0.0,0.9230769230769232,0.0769230769230769,0.9950003175692792,0.0998717579550552
J07A1132,0.0,0.0034843205574912,0.0348432055749128,0.024390243902439,0.0348432055749128,0.048780487804878,0.0627177700348432,0.0278745644599303,0.048780487804878,0.024390243902439,0.0627177700348432,0.048780487804878,0.0696864111498257,0.024390243902439,0.0522648083623693,0.0383275261324041,0.0313588850174216,0.0209059233449477,0.0313588850174216,0.0278745644599303,0.024390243902439,0.0174216027874564,0.0174216027874564,0.0209059233449477,0.024390243902439,0.0104529616724738,0.0139372822299651,0.0069686411149825,0.0104529616724738,0.0139372822299651,0.0209059233449477,0.0174216027874564,0.0034843205574912,0.0104529616724738,0.0034843205574912,0.0034843205574912,0.0,0.0034843205574912,0.0174216027874564,0.0069686411149825,0.0,0.0069686411149825,0.0,0.0,0.0,0.0,0.0034843205574912,0.0,0.0104529616724738,0.0,0.0,0.0,0.0,0.0034843205574912,0.0,0.0,0.0,0.0,0.0,0.0,0.0,0.0034843205574912,0.0,0.0,0.0,0.0,0.0,0.0,0.0,0.0,0.0,0.0,0.0,0.0,0.0,0.0034843205574912,0.0,0.0034843205574912,0.0,0.0,0.0,0.0,0.0,0.0,0.0,0.0,0.0,0.0,0.0,0.0,0.0,0.0,0.0,0.0,0.0,0.0,0.0,0.0,0.0,0.0,0.0,0.0,0.0175137276224943,0.1733459579361621,0.1201014703840749,0.1715735291201071,0.2402029407681499,0.3056752719915299,0.1382024553803424,0.2418542969155993,0.123017054960902,0.3120227242850918,0.2451921867149207,0.360019221713651,0.1273116427422856,0.2700144162852382,0.198010571942508,0.1603493051882326,0.1133349447708215,0.1682535491498305,0.1542773355643696,0.1378279538288404,0.0974298364296537,0.0984485384491717,0.1249206510634546,0.1422132555504113,0.0609485380930334,0.0824091452602677,0.0443797483913078,0.0644731257516891,0.0884431032100855,0.129403623104213,0.1121471378688181,0.0235088547327278,0.0675301303434817,0.0234233157312124,0.0250338595526089,0.0,0.0254137260593996,0.1251692977630447,0.0573818007524745,0.0,0.0583288142228185,0.0,0.0,0.0,0.0,0.030670642105195,0.0,0.0948478215674306,0.0,0.0,0.0,0.0,0.0371607288922769,0.0,0.0,0.0,0.0,0.0,0.0,0.0,0.0408150866003242,0.0,0.0,0.0,0.0,0.0,0.0,0.0,0.0,0.0,0.0,0.0,0.0,0.0,0.0534547794271869,0.0,0.0539720010830249,0.0,0.0,0.0,0.0,0.0,0.0,0.0,0.0,0.0,0.0,0.0,0.0,0.0,0.0,0.0,0.0,0.0,0.0,0.0,0.0,0.0,0.0,0.0,0.9860627177700348,0.0139372822299651,0.9998551147528528,0.0170220299188838
J07A1133,0.03125,0.0432692307692307,0.0745192307692307,0.0841346153846153,0.0889423076923077,0.0673076923076923,0.0673076923076923,0.0552884615384615,0.0456730769230769,0.0216346153846153,0.0216346153846153,0.0264423076923076,0.0288461538461538,0.0192307692307692,0.0456730769230769,0.0120192307692307,0.0216346153846153,0.0216346153846153,0.0264423076923076,0.016826923076923,0.0072115384615384,0.0192307692307692,0.0048076923076923,0.0120192307692307,0.0144230769230769,0.0048076923076923,0.0096153846153846,0.0096153846153846,0.0024038461538461,0.0024038461538461,0.0144230769230769,0.0072115384615384,0.0096153846153846,0.0024038461538461,0.0096153846153846,0.0024038461538461,0.0048076923076923,0.0048076923076923,0.0024038461538461,0.0024038461538461,0.0072115384615384,0.0024038461538461,0.0024038461538461,0.0,0.0024038461538461,0.0,0.0024038461538461,0.0,0.0024038461538461,0.0,0.0024038461538461,0.0,0.0048076923076923,0.0,0.0,0.0,0.0,0.0,0.0,0.0,0.0,0.0,0.0024038461538461,0.0,0.0,0.0024038461538461,0.0,0.0,0.0,0.0,0.0,0.0024038461538461,0.0,0.0,0.0,0.0,0.0,0.0,0.0,0.0,0.0,0.0,0.0,0.0,0.0,0.0,0.0,0.0,0.0,0.0,0.0,0.0,0.0,0.0,0.0,0.0,0.0,0.0,0.0,0.0,0.0,0.1588737968746214,0.2004700929892357,0.3417227625762098,0.3818711282278756,0.4036923355551828,0.3054969025823005,0.3023739192439553,0.2526690826509425,0.2087266334942568,0.100579226351723,0.099209834296319,0.1225095012711996,0.1373647925606843,0.0925248872499347,0.2174942548877502,0.0572353302336184,0.1019683937040384,0.1081069442918734,0.1307714397767006,0.0858437494613674,0.0375628917745095,0.0991312201363558,0.025041927849673,0.066199009065709,0.0775160768007131,0.0258386922669043,0.0524051423786833,0.0564434208322736,0.0136664578668027,0.0140605554198477,0.0822895962781367,0.0427895717798018,0.0597984544330601,0.0143144553690994,0.0595808725839005,0.0159193857671879,0.0317196772400425,0.0323218965154782,0.0159193857671879,0.0182449498103731,0.0523744087875944,0.0185460594480909,0.0176670422987131,0.0,0.0185460594480909,0.0,0.0195038956088204,0.0,0.0201050242577288,0.0,0.0218265605537558,0.0,0.0424427580307548,0.0,0.0,0.0,0.0,0.0,0.0,0.0,0.0,0.0,0.02610868819397,0.0,0.0,0.0270810568997955,0.0,0.0,0.0,0.0,0.0,0.0319364485380688,0.0,0.0,0.0,0.0,0.0,0.0,0.0,0.0,0.0,0.0,0.0,0.0,0.0,0.0,0.0,0.0,0.0,0.0,0.0,0.0,0.0,0.0,0.0,0.0,0.0,0.0,0.0,0.0,0.0,0.9879807692307692,0.0120192307692307,0.9998926609166988,0.0146515065752059
J07A3054,0.040650406504065,0.0853658536585365,0.089430894308943,0.0853658536585365,0.08130081300813,0.048780487804878,0.0934959349593495,0.0528455284552845,0.0447154471544715,0.0365853658536585,0.056910569105691,0.0284552845528455,0.0203252032520325,0.0284552845528455,0.0365853658536585,0.016260162601626,0.0040650406504065,0.0040650406504065,0.024390243902439,0.024390243902439,0.0203252032520325,0.016260162601626,0.0121951219512195,0.0040650406504065,0.0,0.0040650406504065,0.008130081300813,0.0,0.0040650406504065,0.0,0.0,0.0,0.0,0.008130081300813,0.0,0.0,0.0,0.008130081300813,0.0,0.0,0.0,0.0,0.0,0.0,0.0,0.0,0.0,0.0,0.0040650406504065,0.0,0.0040650406504065,0.0,0.0,0.0,0.0,0.0,0.0,0.0,0.0,0.0,0.0,0.0,0.0,0.0,0.0,0.0,0.0,0.0040650406504065,0.0,0.0,0.0,0.0,0.0,0.0,0.0,0.0,0.0,0.0,0.0,0.0,0.0,0.0,0.0,0.0,0.0,0.0,0.0,0.0,0.0,0.0,0.0,0.0,0.0,0.0,0.0,0.0,0.0,0.0,0.0,0.0,0.0,0.1867151356499893,0.3573279464765909,0.3705147466029739,0.350056927638217,0.3333875501316352,0.2000325300789811,0.3794763685149919,0.2181916979524545,0.1846237444213077,0.1536663914355196,0.2357821114746197,0.1191093154921969,0.0874449623311283,0.1236907490763692,0.157400932196031,0.0699559698649026,0.0173098645928041,0.0183519274871154,0.10897881283452,0.1124171292806971,0.0956485456000422,0.0757270533364614,0.0573891273600253,0.0202279600047062,0.0,0.0197383631992912,0.0400326658600259,0.0,0.0208798112718945,0.0,0.0,0.0,0.0,0.0437396623879803,0.0,0.0,0.0,0.0493818592769554,0.0,0.0,0.0,0.0,0.0,0.0,0.0,0.0,0.0,0.0,0.0307167457880914,0.0,0.0333469337496755,0.0,0.0,0.0,0.0,0.0,0.0,0.0,0.0,0.0,0.0,0.0,0.0,0.0,0.0,0.0,0.0,0.0468695307693638,0.0,0.0,0.0,0.0,0.0,0.0,0.0,0.0,0.0,0.0,0.0,0.0,0.0,0.0,0.0,0.0,0.0,0.0,0.0,0.0,0.0,0.0,0.0,0.0,0.0,0.0,0.0,0.0,0.0,0.0,0.0,0.0,0.0,0.9959349593495936,0.0040650406504065,0.9999879154243312,0.0049161982568542
J07A3055,0.2605633802816901,0.1866197183098591,0.102112676056338,0.0598591549295774,0.0704225352112676,0.0211267605633802,0.0492957746478873,0.0422535211267605,0.0316901408450704,0.0422535211267605,0.0211267605633802,0.0035211267605633,0.0035211267605633,0.0035211267605633,0.0246478873239436,0.0035211267605633,0.0070422535211267,0.0035211267605633,0.0035211267605633,0.0070422535211267,0.0070422535211267,0.0035211267605633,0.0035211267605633,0.0035211267605633,0.0035211267605633,0.0,0.0035211267605633,0.0035211267605633,0.0035211267605633,0.0035211267605633,0.0,0.0,0.0,0.0070422535211267,0.0,0.0,0.0,0.0,0.0,0.0,0.0,0.0,0.0,0.0070422535211267,0.0,0.0,0.0,0.0035211267605633,0.0,0.0,0.0,0.0,0.0,0.0,0.0,0.0,0.0,0.0,0.0,0.0,0.0,0.0,0.0,0.0,0.0,0.0,0.0,0.0,0.0,0.0,0.0,0.0,0.0,0.0,0.0,0.0,0.0,0.0,0.0,0.0,0.0,0.0,0.0,0.0,0.0,0.0,0.0,0.0,0.0,0.0,0.0,0.0,0.0,0.0,0.0,0.0,0.0,0.0,0.0,0.0,0.0,0.7535912332409832,0.4918675272628086,0.2663823268085585,0.1545585008847124,0.1818335304526029,0.0545500591357808,0.1259822988440108,0.1098501638389434,0.0823876228792075,0.1117486339070934,0.0551135848569431,0.0092805193823171,0.0095387042585638,0.0096374862828573,0.0667709298099467,0.0095387042585638,0.0188820115767569,0.010009359270539,0.0099063898628938,0.0204378792713213,0.0208671412261739,0.0103256086298847,0.0104335706130869,0.011032569692712,0.0107655377786775,0.0,0.0109171457720657,0.0117584081471866,0.0113880971177645,0.0117164939307274,0.0,0.0,0.0,0.0238561314892265,0.0,0.0,0.0,0.0,0.0,0.0,0.0,0.0,0.0,0.0310361183405987,0.0,0.0,0.0,0.0170526929662442,0.0,0.0,0.0,0.0,0.0,0.0,0.0,0.0,0.0,0.0,0.0,0.0,0.0,0.0,0.0,0.0,0.0,0.0,0.0,0.0,0.0,0.0,0.0,0.0,0.0,0.0,0.0,0.0,0.0,0.0,0.0,0.0,0.0,0.0,0.0,0.0,0.0,0.0,0.0,0.0,0.0,0.0,0.0,0.0,0.0,0.0,0.0,0.0,0.0,0.0,0.0,0.0,0.0,1.0,0.0,1.0,0.0
J07A3056,0.2261904761904762,0.1825396825396825,0.0873015873015873,0.0912698412698412,0.0634920634920634,0.0357142857142857,0.0317460317460317,0.0198412698412698,0.0476190476190476,0.0079365079365079,0.0238095238095238,0.0317460317460317,0.0198412698412698,0.0039682539682539,0.0317460317460317,0.0158730158730158,0.0079365079365079,0.0,0.0079365079365079,0.0119047619047619,0.0119047619047619,0.0039682539682539,0.0039682539682539,0.0,0.0,0.0,0.0039682539682539,0.0,0.0,0.0079365079365079,0.0,0.0,0.0039682539682539,0.0039682539682539,0.0,0.0,0.0,0.0,0.0,0.0,0.0,0.0039682539682539,0.0,0.0,0.0,0.0,0.0,0.0,0.0,0.0039682539682539,0.0,0.0,0.0,0.0,0.0,0.0,0.0,0.0,0.0,0.0039682539682539,0.0,0.0,0.0,0.0,0.0,0.0,0.0,0.0,0.0,0.0,0.0,0.0,0.0,0.0,0.0,0.0,0.0,0.0,0.0,0.0,0.0,0.0,0.0,0.0,0.0,0.0,0.0,0.0,0.0,0.0,0.0,0.0,0.0,0.0,0.0,0.0,0.0,0.0,0.0,0.0,0.0,0.706859683899401,0.5198575461262898,0.2460845395671172,0.2546396625297727,0.1771406348033202,0.0996416070768676,0.0876648953722409,0.0557370149545915,0.1337688358910196,0.0226801128430424,0.0671139653364865,0.0904100080219634,0.0580782640637464,0.0117359435427301,0.0929252225019943,0.0464626112509971,0.0229933631378717,0.0,0.0241267958741471,0.0373320060161343,0.0381160995939618,0.0125738970067541,0.0127053665313206,0.0,0.0,0.0,0.0132942348936587,0.0,0.0,0.0285352647472698,0.0,0.0,0.0151697841743526,0.0145252716366254,0.0,0.0,0.0,0.0,0.0,0.0,0.0,0.018819196701961,0.0,0.0,0.0,0.0,0.0,0.0,0.0,0.0214348652045666,0.0,0.0,0.0,0.0,0.0,0.0,0.0,0.0,0.0,0.0261832943893496,0.0,0.0,0.0,0.0,0.0,0.0,0.0,0.0,0.0,0.0,0.0,0.0,0.0,0.0,0.0,0.0,0.0,0.0,0.0,0.0,0.0,0.0,0.0,0.0,0.0,0.0,0.0,0.0,0.0,0.0,0.0,0.0,0.0,0.0,0.0,0.0,0.0,0.0,0.0,0.0,0.0,0.996031746031746,0.0039682539682539,0.9999884862577476,0.0047986823127032
J07A3057,0.1469387755102041,0.1306122448979592,0.0938775510204081,0.0816326530612244,0.073469387755102,0.0448979591836734,0.0489795918367346,0.0530612244897959,0.0489795918367346,0.0326530612244898,0.0163265306122449,0.0122448979591836,0.036734693877551,0.0244897959183673,0.0204081632653061,0.0122448979591836,0.0244897959183673,0.0122448979591836,0.0081632653061224,0.0040816326530612,0.0081632653061224,0.0040816326530612,0.0081632653061224,0.0,0.0122448979591836,0.0081632653061224,0.0081632653061224,0.0,0.0040816326530612,0.0,0.0,0.0,0.0081632653061224,0.0,0.0,0.0,0.0,0.0,0.0,0.0081632653061224,0.0,0.0,0.0,0.0,0.0,0.0,0.0,0.0,0.0040816326530612,0.0,0.0,0.0,0.0,0.0,0.0,0.0,0.0,0.0,0.0,0.0,0.0,0.0,0.0,0.0,0.0,0.0,0.0,0.0,0.0,0.0,0.0,0.0,0.0,0.0,0.0,0.0,0.0,0.0,0.0,0.0,0.0,0.0,0.0,0.0,0.0,0.0,0.0,0.0,0.0,0.0,0.0,0.0,0.0,0.0,0.0,0.0,0.0,0.0,0.0,0.0,0.0,0.5753817255696185,0.4660920616342258,0.3315772245554526,0.2853799232278358,0.2568419309050522,0.1569589577753097,0.1694775530564202,0.1867722114579167,0.1724051182688462,0.116923123715933,0.0576656042705135,0.0436961307782086,0.1347352830912768,0.0907537269500923,0.0748529350507093,0.0449117610304256,0.0889035207216625,0.0471277795642452,0.031095307576119,0.0160381872443206,0.0327500827063476,0.0162055996533888,0.0327500827063476,0.0,0.050688148722705,0.03379209914847,0.0342679836281497,0.0,0.0178731297417442,0.0,0.0,0.0,0.0391025072061305,0.0,0.0,0.0,0.0,0.0,0.0,0.0477218542318165,0.0,0.0,0.0,0.0,0.0,0.0,0.0,0.0,0.0262935510079885,0.0,0.0,0.0,0.0,0.0,0.0,0.0,0.0,0.0,0.0,0.0,0.0,0.0,0.0,0.0,0.0,0.0,0.0,0.0,0.0,0.0,0.0,0.0,0.0,0.0,0.0,0.0,0.0,0.0,0.0,0.0,0.0,0.0,0.0,0.0,0.0,0.0,0.0,0.0,0.0,0.0,0.0,0.0,0.0,0.0,0.0,0.0,0.0,0.0,0.0,0.0,0.0,1.0,0.0,1.0,0.0
J07A3058,0.6356589147286822,0.2015503875968992,0.0930232558139534,0.0155038759689922,0.0155038759689922,0.0077519379844961,0.0077519379844961,0.0,0.0,0.0077519379844961,0.0,0.0,0.0,0.0,0.0,0.0,0.0,0.0,0.0,0.0077519379844961,0.0,0.0077519379844961,0.0,0.0,0.0,0.0,0.0,0.0,0.0,0.0,0.0,0.0,0.0,0.0,0.0,0.0,0.0,0.0,0.0,0.0,0.0,0.0,0.0,0.0,0.0,0.0,0.0,0.0,0.0,0.0,0.0,0.0,0.0,0.0,0.0,0.0,0.0,0.0,0.0,0.0,0.0,0.0,0.0,0.0,0.0,0.0,0.0,0.0,0.0,0.0,0.0,0.0,0.0,0.0,0.0,0.0,0.0,0.0,0.0,0.0,0.0,0.0,0.0,0.0,0.0,0.0,0.0,0.0,0.0,0.0,0.0,0.0,0.0,0.0,0.0,0.0,0.0,0.0,0.0,0.0,0.0,0.9523689825816818,0.2751901610821254,0.1257117663503405,0.0207377313181937,0.0207377313181937,0.0103688656590968,0.0102628685297735,0.0,0.0,0.0106205803524988,0.0,0.0,0.0,0.0,0.0,0.0,0.0,0.0,0.0,0.0116544855062587,0.0,0.0117761392483762,0.0,0.0,0.0,0.0,0.0,0.0,0.0,0.0,0.0,0.0,0.0,0.0,0.0,0.0,0.0,0.0,0.0,0.0,0.0,0.0,0.0,0.0,0.0,0.0,0.0,0.0,0.0,0.0,0.0,0.0,0.0,0.0,0.0,0.0,0.0,0.0,0.0,0.0,0.0,0.0,0.0,0.0,0.0,0.0,0.0,0.0,0.0,0.0,0.0,0.0,0.0,0.0,0.0,0.0,0.0,0.0,0.0,0.0,0.0,0.0,0.0,0.0,0.0,0.0,0.0,0.0,0.0,0.0,0.0,0.0,0.0,0.0,0.0,0.0,0.0,0.0,0.0,0.0,0.0,1.0,0.0,1.0,0.0
J07A3059,0.054054054054054,0.0888030888030888,0.1003861003861003,0.0308880308880308,0.0849420849420849,0.0424710424710424,0.0617760617760617,0.0386100386100386,0.0308880308880308,0.0231660231660231,0.0193050193050193,0.0115830115830115,0.0193050193050193,0.0115830115830115,0.0231660231660231,0.0077220077220077,0.0115830115830115,0.0038610038610038,0.0077220077220077,0.0154440154440154,0.0077220077220077,0.0077220077220077,0.0115830115830115,0.0077220077220077,0.0077220077220077,0.0154440154440154,0.0231660231660231,0.0038610038610038,0.0077220077220077,0.0038610038610038,0.0038610038610038,0.0038610038610038,0.0077220077220077,0.0077220077220077,0.0,0.0,0.0077220077220077,0.0,0.0038610038610038,0.0038610038610038,0.0038610038610038,0.0038610038610038,0.0038610038610038,0.0115830115830115,0.0,0.0038610038610038,0.0077220077220077,0.0,0.0,0.0,0.0,0.0077220077220077,0.0077220077220077,0.0038610038610038,0.0038610038610038,0.0,0.0077220077220077,0.0077220077220077,0.0038610038610038,0.0,0.0,0.0038610038610038,0.0,0.0,0.0,0.0115830115830115,0.0038610038610038,0.0,0.0077220077220077,0.0,0.0,0.0,0.0038610038610038,0.0038610038610038,0.0,0.0077220077220077,0.0038610038610038,0.0,0.0,0.0,0.0077220077220077,0.0,0.0038610038610038,0.0077220077220077,0.0,0.0,0.0,0.0,0.0,0.0077220077220077,0.0,0.0038610038610038,0.0,0.0,0.0077220077220077,0.0115830115830115,0.0,0.0,0.0038610038610038,0.0,0.0,0.2613782909354935,0.3913248960655105,0.4378427054002221,0.1333433380354316,0.366694179597437,0.1833470897987185,0.2639604355136334,0.1678250647442458,0.1342600517953966,0.1024352867495151,0.0842005202692735,0.0510423777476752,0.0874373020754021,0.053005677281913,0.1049247624904826,0.0349749208301608,0.0519250447002553,0.0183503198421022,0.0363230887315072,0.0749381876274329,0.0382560666812782,0.0378602097899424,0.0573841000219173,0.040452376035184,0.0394732682025768,0.0789465364051536,0.1200874768897015,0.0215568793668885,0.0417559643640703,0.0214800373576081,0.0209520362628748,0.021789599175406,0.0456764685602748,0.043735830755027,0.0,0.0,0.0484575346949389,0.0,0.0243197363673614,0.0278724553769258,0.0266704556054763,0.0283324547207487,0.0269895972984906,0.085348524737786,0.0,0.0299237928510583,0.0595914448308314,0.0,0.0,0.0,0.0,0.0654437681404762,0.0648389768994208,0.0361006710922839,0.0353666645171598,0.0,0.0714590876502645,0.0745350342865858,0.0372675171432929,0.0,0.0,0.0396507835256056,0.0,0.0,0.0,0.1241136135497163,0.0427214690139573,0.0,0.0937308499143667,0.0,0.0,0.0,0.0445045729872274,0.0476077753734895,0.0,0.1038598255704571,0.0500617179636572,0.0,0.0,0.0,0.1069724457577135,0.0,0.0571299109083131,0.1142598218166262,0.0,0.0,0.0,0.0,0.0,0.1255215512690164,0.0,0.0648045516837137,0.0,0.0,0.1296091033674274,0.1977933874943276,0.0,0.0,0.0714253496053871,0.0,0.0,0.8571428571428571,0.1428571428571428,0.9804395433135692,0.1968204814217254
J07A3060,0.0643776824034334,0.1330472103004291,0.0815450643776824,0.0815450643776824,0.0686695278969957,0.0429184549356223,0.03862660944206,0.0171673819742489,0.0257510729613733,0.03862660944206,0.0472103004291845,0.0128755364806866,0.0171673819742489,0.0257510729613733,0.0343347639484978,0.0042918454935622,0.0214592274678111,0.0085836909871244,0.0300429184549356,0.0042918454935622,0.0042918454935622,0.0085836909871244,0.0085836909871244,0.0257510729613733,0.0128755364806866,0.0128755364806866,0.0042918454935622,0.0128755364806866,0.0128755364806866,0.0042918454935622,0.0042918454935622,0.0128755364806866,0.0042918454935622,0.0,0.0042918454935622,0.0,0.0,0.0085836909871244,0.0128755364806866,0.0,0.0042918454935622,0.0085836909871244,0.0042918454935622,0.0,0.0,0.0,0.0,0.0,0.0,0.0042918454935622,0.0,0.0,0.0042918454935622,0.0,0.0,0.0,0.0,0.0,0.0,0.0,0.0085836909871244,0.0042918454935622,0.0,0.0,0.0,0.0,0.0,0.0042918454935622,0.0,0.0,0.0,0.0,0.0,0.0,0.0,0.0,0.0042918454935622,0.0,0.0,0.0,0.0,0.0,0.0,0.0,0.0,0.0,0.0,0.0,0.0,0.0,0.0,0.0,0.0,0.0,0.0,0.0,0.0,0.0,0.0,0.0,0.0,0.2980123765444331,0.5612713830974476,0.3404865297455444,0.3370051209836404,0.2837937860914867,0.1773711163071792,0.1580021245080409,0.0714362055525607,0.1071543083288411,0.1635092814776813,0.1971237803789993,0.0543165854610433,0.074436903611967,0.1128116489492748,0.148873807223934,0.0186092259029917,0.0920931211960231,0.0390548700872942,0.135285851506857,0.0199363090640234,0.0203550364127742,0.0402888229618593,0.0407100728255485,0.1291418055137964,0.0630080309841051,0.0630080309841051,0.0212984516954561,0.0688190557771378,0.0666517168763539,0.0228579140769762,0.022296043375588,0.0695619999301498,0.0243032350528167,0.0,0.0242148056297908,0.0,0.0,0.0525449465753549,0.077639312493509,0.0,0.0283812813020019,0.0602997848481217,0.0287208949291038,0.0,0.0,0.0,0.0,0.0,0.0,0.0343404073126344,0.0,0.0,0.0344990964897242,0.0,0.0,0.0,0.0,0.0,0.0,0.0,0.0810762277568734,0.0421942563611072,0.0,0.0,0.0,0.0,0.0,0.0498716943093604,0.0,0.0,0.0,0.0,0.0,0.0,0.0,0.0,0.0532730194416438,0.0,0.0,0.0,0.0,0.0,0.0,0.0,0.0,0.0,0.0,0.0,0.0,0.0,0.0,0.0,0.0,0.0,0.0,0.0,0.0,0.0,0.0,0.0,0.0,0.9742489270386266,0.0257510729613733,0.9994936016913046,0.0318204364857524
J07A3061,0.1098039215686274,0.1294117647058823,0.1529411764705882,0.0784313725490196,0.0549019607843137,0.0588235294117647,0.0705882352941176,0.0313725490196078,0.0470588235294117,0.0235294117647058,0.0313725490196078,0.0196078431372549,0.0117647058823529,0.0235294117647058,0.0235294117647058,0.0117647058823529,0.0156862745098039,0.0117647058823529,0.0235294117647058,0.0,0.0156862745098039,0.0039215686274509,0.0039215686274509,0.0078431372549019,0.0,0.0039215686274509,0.0,0.0039215686274509,0.0078431372549019,0.0,0.0,0.0039215686274509,0.0,0.0039215686274509,0.0,0.0,0.0,0.0,0.0,0.0,0.0,0.0039215686274509,0.0,0.0,0.0,0.0,0.0039215686274509,0.0,0.0,0.0,0.0,0.0,0.0,0.0,0.0,0.0,0.0,0.0,0.0,0.0,0.0,0.0,0.0,0.0,0.0,0.0,0.0,0.0039215686274509,0.0,0.0,0.0,0.0,0.0,0.0,0.0039215686274509,0.0,0.0,0.0,0.0,0.0,0.0,0.0,0.0,0.0,0.0,0.0,0.0,0.0,0.0,0.0,0.0,0.0,0.0,0.0,0.0,0.0,0.0,0.0,0.0,0.0,0.0,0.4273882645138928,0.4590359145853432,0.536948286680542,0.2725426125840587,0.1907798288088411,0.204406959438044,0.2427808580325783,0.1097665194860067,0.16464977922901,0.0837476579867583,0.1101432382934445,0.0695508961492944,0.0428914849669046,0.0866713312028318,0.0857829699338092,0.0428914849669046,0.0566029021508021,0.0450078198299556,0.0890896206367092,0.0,0.0625537564252969,0.0154766194414447,0.0156384391063242,0.0330725071452232,0.0,0.0161360106948918,0.0,0.0176241822302365,0.0341382772815441,0.0,0.0,0.0178144461475732,0.0,0.0178784748501525,0.0,0.0,0.0,0.0,0.0,0.0,0.0,0.0231636655997334,0.0,0.0,0.0,0.0,0.0243599842348899,0.0,0.0,0.0,0.0,0.0,0.0,0.0,0.0,0.0,0.0,0.0,0.0,0.0,0.0,0.0,0.0,0.0,0.0,0.0,0.0,0.0383156010517719,0.0,0.0,0.0,0.0,0.0,0.0,0.0398879997365192,0.0,0.0,0.0,0.0,0.0,0.0,0.0,0.0,0.0,0.0,0.0,0.0,0.0,0.0,0.0,0.0,0.0,0.0,0.0,0.0,0.0,0.0,0.0,0.0,0.0,0.0,0.992156862745098,0.0078431372549019,0.9999546725939256,0.0095211741699678
J07A3062,0.2588235294117647,0.1803921568627451,0.1411764705882353,0.0941176470588235,0.0509803921568627,0.0156862745098039,0.0313725490196078,0.0431372549019607,0.0156862745098039,0.0117647058823529,0.0274509803921568,0.0039215686274509,0.0117647058823529,0.0039215686274509,0.0117647058823529,0.0078431372549019,0.0078431372549019,0.0117647058823529,0.0039215686274509,0.0078431372549019,0.0,0.0039215686274509,0.0156862745098039,0.0039215686274509,0.0,0.0039215686274509,0.0039215686274509,0.0039215686274509,0.0,0.0,0.0,0.0,0.0,0.0,0.0,0.0,0.0078431372549019,0.0,0.0,0.0,0.0,0.0039215686274509,0.0,0.0039215686274509,0.0,0.0,0.0,0.0,0.0,0.0,0.0,0.0,0.0,0.0039215686274509,0.0,0.0,0.0,0.0,0.0,0.0,0.0,0.0,0.0,0.0,0.0,0.0,0.0,0.0,0.0,0.0,0.0,0.0,0.0,0.0,0.0,0.0,0.0,0.0,0.0,0.0,0.0,0.0,0.0,0.0,0.0,0.0,0.0,0.0,0.0039215686274509,0.0,0.0,0.0,0.0,0.0,0.0,0.0,0.0,0.0,0.0,0.0,0.0,0.7347612264660959,0.4666897804675843,0.3614998222022731,0.2385357043990094,0.1292068398827967,0.0397559507331682,0.0786990803169874,0.1100804826768195,0.0400292664279343,0.0305407999630965,0.0702916320948864,0.0101454300101648,0.0312830303314635,0.0105356649265722,0.0312830303314635,0.020855353554309,0.0206417463302879,0.0328265853695659,0.0108296293415317,0.0223426152310474,0.0,0.0112879177717631,0.0456237656753895,0.0120607650324985,0.0,0.0117688467160001,0.01193458402256,0.0128542489890743,0.0,0.0,0.0,0.0,0.0,0.0,0.0,0.0,0.0288949622885679,0.0,0.0,0.0,0.0,0.0168944874280634,0.0,0.0169642858034267,0.0,0.0,0.0,0.0,0.0,0.0,0.0,0.0,0.0,0.0215266322641149,0.0,0.0,0.0,0.0,0.0,0.0,0.0,0.0,0.0,0.0,0.0,0.0,0.0,0.0,0.0,0.0,0.0,0.0,0.0,0.0,0.0,0.0,0.0,0.0,0.0,0.0,0.0,0.0,0.0,0.0,0.0,0.0,0.0,0.0,0.0358414869894502,0.0,0.0,0.0,0.0,0.0,0.0,0.0,0.0,0.0,0.0,0.0,0.0,0.992156862745098,0.0078431372549019,0.9999546725939256,0.0095211741699678
J07A3063,0.0598290598290598,0.0769230769230769,0.1025641025641025,0.0641025641025641,0.0982905982905982,0.0512820512820512,0.0726495726495726,0.0512820512820512,0.0384615384615384,0.0256410256410256,0.0512820512820512,0.0299145299145299,0.0213675213675213,0.0299145299145299,0.0256410256410256,0.0085470085470085,0.0299145299145299,0.0085470085470085,0.0085470085470085,0.017094017094017,0.017094017094017,0.0128205128205128,0.0085470085470085,0.0085470085470085,0.017094017094017,0.0042735042735042,0.0,0.0128205128205128,0.0042735042735042,0.0085470085470085,0.0042735042735042,0.0042735042735042,0.0042735042735042,0.0042735042735042,0.0,0.0042735042735042,0.0,0.0,0.0,0.0,0.0,0.0,0.0,0.0042735042735042,0.0085470085470085,0.0,0.0,0.0,0.0,0.0,0.0,0.0,0.0,0.0,0.0,0.0,0.0,0.0,0.0,0.0,0.0,0.0,0.0,0.0,0.0,0.0,0.0,0.0,0.0,0.0,0.0,0.0,0.0,0.0,0.0,0.0,0.0,0.0,0.0,0.0,0.0,0.0,0.0,0.0,0.0,0.0,0.0,0.0,0.0,0.0,0.0,0.0,0.0,0.0,0.0,0.0,0.0,0.0,0.0,0.0,0.0,0.2798398558271981,0.3278854929886728,0.4327091380401201,0.2676779818663401,0.4104395721950548,0.214142385493072,0.3002671552253263,0.2156145795618982,0.1617109346714237,0.1096704541643685,0.21635456902006,0.1275110250511505,0.0936131379508422,0.1324156228998372,0.1123357655410106,0.0374452551803368,0.1297160510093581,0.0392928643049716,0.0388886463272961,0.0802311911465814,0.0819163071752324,0.0608015050405604,0.0409581535876162,0.0433095917684581,0.0845226559811239,0.0211306639952809,0.0,0.0692384282473156,0.0223526273083843,0.0459944131993682,0.0224319119468728,0.0233286332616005,0.024451335133562,0.0234124810617688,0.0,0.0260374780722607,0.0,0.0,0.0,0.0,0.0,0.0,0.0,0.0304589423146093,0.0606672422251138,0.0,0.0,0.0,0.0,0.0,0.0,0.0,0.0,0.0,0.0,0.0,0.0,0.0,0.0,0.0,0.0,0.0,0.0,0.0,0.0,0.0,0.0,0.0,0.0,0.0,0.0,0.0,0.0,0.0,0.0,0.0,0.0,0.0,0.0,0.0,0.0,0.0,0.0,0.0,0.0,0.0,0.0,0.0,0.0,0.0,0.0,0.0,0.0,0.0,0.0,0.0,0.0,0.0,0.0,0.0,0.0,1.0,0.0,1.0,0.0
J07A3064,0.0083333333333333,0.0375,0.0291666666666666,0.025,0.025,0.0333333333333333,0.0208333333333333,0.0291666666666666,0.025,0.025,0.0208333333333333,0.0208333333333333,0.0083333333333333,0.0041666666666666,0.0083333333333333,0.0083333333333333,0.0125,0.0,0.0083333333333333,0.0125,0.025,0.0083333333333333,0.0041666666666666,0.0166666666666666,0.0,0.0041666666666666,0.0125,0.0041666666666666,0.0041666666666666,0.0041666666666666,0.0041666666666666,0.0166666666666666,0.0,0.0083333333333333,0.0083333333333333,0.0,0.0,0.0,0.0041666666666666,0.0,0.0125,0.0,0.0125,0.0208333333333333,0.0083333333333333,0.0,0.0083333333333333,0.0041666666666666,0.0041666666666666,0.0041666666666666,0.0,0.0083333333333333,0.0041666666666666,0.0041666666666666,0.0,0.0,0.0041666666666666,0.0041666666666666,0.0041666666666666,0.0083333333333333,0.0041666666666666,0.0083333333333333,0.0,0.0041666666666666,0.0,0.0083333333333333,0.0125,0.0041666666666666,0.0,0.0041666666666666,0.0083333333333333,0.0,0.0041666666666666,0.0083333333333333,0.0,0.0083333333333333,0.0083333333333333,0.0083333333333333,0.0083333333333333,0.0,0.0083333333333333,0.0041666666666666,0.0,0.0,0.0208333333333333,0.0125,0.0041666666666666,0.0166666666666666,0.0125,0.0083333333333333,0.0041666666666666,0.0,0.0125,0.0166666666666666,0.0291666666666666,0.0333333333333333,0.0166666666666666,0.0125,0.0333333333333333,0.0375,0.0166666666666666,0.0243768808594291,0.0999674957333268,0.0769572378290717,0.0652888842777885,0.0652888842777885,0.0870518457037181,0.0538512165351704,0.0766940238605352,0.0657377347376016,0.0668738379293119,0.054969455592194,0.055537497629626,0.0228330223051556,0.0115347395881652,0.0228330223051556,0.0228330223051556,0.0338987387446698,0.0,0.0237131600447668,0.0366919767577336,0.0749252552778799,0.0247166539363872,0.0124875425463133,0.0528178467532876,0.0,0.0128848613797231,0.0391989456060164,0.014073190038196,0.0136299788972777,0.0140230245118638,0.0136783243528059,0.0569004752186207,0.0,0.0285524934856429,0.0297109186562744,0.0,0.0,0.0,0.015876893206649,0.0,0.0522346092520693,0.0,0.0528596545035356,0.0928648644416404,0.0369931113634313,0.0,0.038903670307824,0.0204097175206819,0.0200513592499891,0.0210673805085964,0.0,0.0427243002190394,0.0211647341959278,0.0235679569450341,0.0,0.0,0.0233256702731049,0.0243297205538424,0.0243297205538424,0.051468802869029,0.0248695905788987,0.0517712236750122,0.0,0.0282643566087554,0.0,0.0540175424616509,0.083670833135683,0.0305956173163135,0.0,0.0318512026942436,0.0647959942921856,0.0,0.0290543590544023,0.0621605065115298,0.0,0.0678038336491329,0.0653645695696826,0.0684598949309859,0.0631759512495089,0.0,0.0698358761663476,0.0423069942389642,0.0,0.0,0.1802054873824658,0.1177207765501022,0.0403634182433534,0.1591482132075331,0.1177207765501022,0.0819454715514793,0.0416190036212834,0.0,0.1248570108638503,0.1824531749888688,0.29614895967275,0.3443397513626913,0.1824531749888688,0.1512945752283806,0.3730345200465962,0.4861653404545349,0.2551446883546193,0.5625,0.4375,0.7297846904184223,0.6836770477578484
J07A3065,0.5,0.1724137931034483,0.0862068965517241,0.0172413793103448,0.0344827586206896,0.0,0.0344827586206896,0.0,0.0,0.0,0.0,0.0,0.0,0.0,0.0,0.0172413793103448,0.0172413793103448,0.0,0.0,0.0,0.0,0.0,0.0172413793103448,0.0,0.0,0.0,0.0,0.0,0.0,0.0172413793103448,0.0,0.0,0.0,0.0,0.0,0.0,0.0,0.0172413793103448,0.0,0.0,0.0,0.0,0.0172413793103448,0.0,0.0,0.0,0.0,0.0,0.0,0.0,0.0,0.0,0.0,0.0,0.0,0.0,0.0,0.0,0.0,0.0,0.0,0.0,0.0,0.0,0.0,0.0,0.0,0.0,0.0,0.0,0.0,0.0,0.0,0.0,0.0,0.0,0.0,0.0,0.0,0.0,0.0,0.0,0.0,0.0172413793103448,0.0172413793103448,0.0,0.0,0.0,0.0,0.0,0.0,0.0,0.0,0.0,0.0,0.0172413793103448,0.0,0.0,0.0,0.0,0.0,0.9216690032391894,0.2896310697453702,0.1433343498176891,0.0283737567753538,0.0567475135507076,0.0,0.056167404430735,0.0,0.0,0.0,0.0,0.0,0.0,0.0,0.0,0.0297688631916069,0.0294639609413495,0.0,0.0,0.0,0.0,0.0,0.03256160666708,0.0,0.0,0.0,0.0,0.0,0.0,0.0365654176347881,0.0,0.0,0.0,0.0,0.0,0.0,0.0,0.042027630116537,0.0,0.0,0.0,0.0,0.0459443287078134,0.0,0.0,0.0,0.0,0.0,0.0,0.0,0.0,0.0,0.0,0.0,0.0,0.0,0.0,0.0,0.0,0.0,0.0,0.0,0.0,0.0,0.0,0.0,0.0,0.0,0.0,0.0,0.0,0.0,0.0,0.0,0.0,0.0,0.0,0.0,0.0,0.0,0.0,0.0,0.0,0.0972521144643543,0.0939781414579388,0.0,0.0,0.0,0.0,0.0,0.0,0.0,0.0,0.0,0.0,0.1122344078321307,0.0,0.0,0.0,0.0,0.0,0.9482758620689656,0.0517241379310344,0.9978487770650905,0.0655577463745013
J07A3066,0.0336134453781512,0.0756302521008403,0.0840336134453781,0.0462184873949579,0.0756302521008403,0.0336134453781512,0.0378151260504201,0.0336134453781512,0.0378151260504201,0.0504201680672268,0.042016806722689,0.0168067226890756,0.0252100840336134,0.0378151260504201,0.0210084033613445,0.0126050420168067,0.0126050420168067,0.0084033613445378,0.0126050420168067,0.0126050420168067,0.0126050420168067,0.0084033613445378,0.0168067226890756,0.0168067226890756,0.0210084033613445,0.0084033613445378,0.0084033613445378,0.0084033613445378,0.0126050420168067,0.0126050420168067,0.0042016806722689,0.0,0.0168067226890756,0.0042016806722689,0.0084033613445378,0.0,0.0168067226890756,0.0126050420168067,0.0042016806722689,0.0042016806722689,0.0,0.0042016806722689,0.0042016806722689,0.0,0.0168067226890756,0.0042016806722689,0.0,0.0084033613445378,0.0126050420168067,0.0084033613445378,0.0042016806722689,0.0,0.0,0.0,0.0,0.0,0.0042016806722689,0.0,0.0042016806722689,0.0,0.0042016806722689,0.0,0.0,0.0,0.0,0.0,0.0042016806722689,0.0,0.0,0.0,0.0,0.0,0.0042016806722689,0.0,0.0,0.0,0.0,0.0,0.0,0.0042016806722689,0.0,0.0,0.0,0.0042016806722689,0.0,0.0,0.0,0.0,0.0,0.0,0.0,0.0,0.0,0.0,0.0,0.0,0.0,0.0,0.0,0.0,0.0,0.1810453543228605,0.3712257279792326,0.4082542234181713,0.2222439467190342,0.3636719128129652,0.1616319612502067,0.1799771137885397,0.1627431546934729,0.1830860490301571,0.2483336106998014,0.2041271117090856,0.0824946062176072,0.1271844202710935,0.1927522972507548,0.1059870168925779,0.0635922101355467,0.0629408783112721,0.0444866347182558,0.0660434802012243,0.0681271731524721,0.0695580654254806,0.0458922061788092,0.0927440872339741,0.0980685945339136,0.1196186823154712,0.0478474729261885,0.0485212952198975,0.0522602889928924,0.0759216603561973,0.078111001651587,0.0253969846806598,0.0,0.1107333490394384,0.0265071664096325,0.0551652180851335,0.0,0.1174754807474784,0.089779373457008,0.0294791381711181,0.0337855620971054,0.0,0.0343431497292385,0.0327154067760712,0.0,0.137372598916954,0.0362720882634293,0.0,0.0757907576746445,0.1116900105371271,0.0782329657109931,0.0404179032893744,0.0,0.0,0.0,0.0,0.0,0.0433095220812367,0.0,0.0451737745247951,0.0,0.0461761685609543,0.0,0.0,0.0,0.0,0.0,0.0517847754972284,0.0,0.0,0.0,0.0,0.0,0.0539461627593058,0.0,0.0,0.0,0.0,0.0,0.0,0.0692499504077706,0.0,0.0,0.0,0.0692499504077706,0.0,0.0,0.0,0.0,0.0,0.0,0.0,0.0,0.0,0.0,0.0,0.0,0.0,0.0,0.0,0.0,0.0,0.9705882352941176,0.0294117647058823,0.9993345584691324,0.0364752004696911
J07A3067,0.0694980694980695,0.1003861003861003,0.081081081081081,0.0579150579150579,0.0424710424710424,0.0656370656370656,0.0424710424710424,0.0463320463320463,0.0501930501930501,0.027027027027027,0.0347490347490347,0.0424710424710424,0.0231660231660231,0.0115830115830115,0.0231660231660231,0.0077220077220077,0.0193050193050193,0.0154440154440154,0.0193050193050193,0.0193050193050193,0.0115830115830115,0.0077220077220077,0.0231660231660231,0.0115830115830115,0.0115830115830115,0.0077220077220077,0.0115830115830115,0.0038610038610038,0.0077220077220077,0.0154440154440154,0.0077220077220077,0.0077220077220077,0.0038610038610038,0.0154440154440154,0.0077220077220077,0.0,0.0,0.0115830115830115,0.0038610038610038,0.0,0.0038610038610038,0.0,0.0038610038610038,0.0,0.0,0.0,0.0,0.0038610038610038,0.0,0.0038610038610038,0.0038610038610038,0.0,0.0038610038610038,0.0,0.0,0.0,0.0038610038610038,0.0,0.0,0.0,0.0,0.0,0.0,0.0,0.0,0.0,0.0,0.0,0.0,0.0,0.0,0.0,0.0,0.0,0.0,0.0,0.0,0.0,0.0,0.0,0.0,0.0,0.0,0.0038610038610038,0.0,0.0,0.0,0.0,0.0,0.0,0.0,0.0,0.0,0.0,0.0,0.0,0.0,0.0,0.0,0.0,0.0,0.3485884743821437,0.4588619335355427,0.3668285301716289,0.2593412711156255,0.1901835988181253,0.2939201072643755,0.188239421298435,0.2088993601370071,0.2263076401484244,0.1239639532044894,0.1572122272164123,0.194133894957345,0.1088371184810401,0.0549821132930621,0.1088371184810401,0.03627903949368,0.0897686448212136,0.0761382113207462,0.0941936921760242,0.0971655333303845,0.0595237953822367,0.0392719129480876,0.1190475907644735,0.062941100921438,0.061417676812765,0.0409451178751767,0.0622826044115141,0.0223606761459035,0.043312929502172,0.0891238756372394,0.043466560210101,0.0452041468728253,0.0236898092618559,0.0907332393377277,0.0472072236832665,0.0,0.0,0.0768280288204038,0.0252265524897639,0.0,0.0276649235869354,0.0,0.0279959651964695,0.0,0.0,0.0,0.0,0.0324286876302171,0.0,0.0334736382807797,0.0345873191046864,0.0,0.0336283220637825,0.0,0.0,0.0,0.0370618003059303,0.0,0.0,0.0,0.0,0.0,0.0,0.0,0.0,0.0,0.0,0.0,0.0,0.0,0.0,0.0,0.0,0.0,0.0,0.0,0.0,0.0,0.0,0.0,0.0,0.0,0.0,0.0592601282552662,0.0,0.0,0.0,0.0,0.0,0.0,0.0,0.0,0.0,0.0,0.0,0.0,0.0,0.0,0.0,0.0,0.0,0.9884169884169884,0.0115830115830115,0.9999003977528856,0.014113630773874
J07A3068,0.2366412213740458,0.2022900763358778,0.1106870229007633,0.0725190839694656,0.0610687022900763,0.0229007633587786,0.0190839694656488,0.0190839694656488,0.0267175572519083,0.015267175572519,0.0343511450381679,0.015267175572519,0.0038167938931297,0.0114503816793893,0.0114503816793893,0.0076335877862595,0.0076335877862595,0.0038167938931297,0.0038167938931297,0.0038167938931297,0.0,0.0114503816793893,0.0038167938931297,0.0038167938931297,0.0,0.0,0.0038167938931297,0.0,0.0,0.0038167938931297,0.0038167938931297,0.0076335877862595,0.0,0.0076335877862595,0.0038167938931297,0.0076335877862595,0.0038167938931297,0.0,0.0038167938931297,0.0,0.0,0.0038167938931297,0.0,0.0038167938931297,0.0,0.0038167938931297,0.0,0.0,0.0,0.0,0.0,0.0,0.0,0.0,0.0,0.0,0.0,0.0038167938931297,0.0,0.0,0.0038167938931297,0.0,0.0,0.0,0.0,0.0,0.0,0.0,0.0038167938931297,0.0,0.0076335877862595,0.0,0.0,0.0,0.0,0.0038167938931297,0.0,0.0,0.0,0.0,0.0,0.0,0.0038167938931297,0.0038167938931297,0.0,0.0,0.0,0.0,0.0,0.0038167938931297,0.0,0.0,0.0,0.0,0.0,0.0,0.0,0.0,0.0,0.0,0.0,0.7062985377917733,0.5502254212187521,0.297987404838695,0.193236906428147,0.1627258159394922,0.0610221809773095,0.0503319779102949,0.0512014154549455,0.0716819816369238,0.0416690373959827,0.092478849777526,0.0415264468844341,0.0106704290843438,0.032342793469115,0.0320112872530316,0.0213408581686877,0.0211222782505976,0.0111969252197035,0.0110817389499176,0.011431371362794,0.0,0.0346520884759445,0.0116714673508707,0.0123415350065471,0.0,0.0,0.0122124165511985,0.0,0.0,0.0131066038128533,0.0127844302036453,0.0265909820246908,0.0,0.0266865553624891,0.0138846380612917,0.0296786401339425,0.0147838129520106,0.0,0.0148393200669712,0.0,0.0,0.0172877846014979,0.0,0.0173592078562107,0.0,0.0182587809763654,0.0,0.0,0.0,0.0,0.0,0.0,0.0,0.0,0.0,0.0,0.0,0.0227397454740856,0.0,0.0,0.0232443343752076,0.0,0.0,0.0,0.0,0.0,0.0,0.0,0.0285961587127895,0.0,0.0605615019163013,0.0,0.0,0.0,0.0,0.031686387764635,0.0,0.0,0.0,0.0,0.0,0.0,0.0348593019496613,0.0348593019496613,0.0,0.0,0.0,0.0,0.0,0.0382951206059017,0.0,0.0,0.0,0.0,0.0,0.0,0.0,0.0,0.0,0.0,0.0,0.965648854961832,0.0343511450381679,0.9990833196122916,0.0428079487067963
J07A3069,0.1810699588477366,0.1563786008230452,0.0823045267489712,0.0699588477366255,0.0699588477366255,0.0658436213991769,0.037037037037037,0.0329218106995884,0.0534979423868312,0.0246913580246913,0.0164609053497942,0.0164609053497942,0.0164609053497942,0.0123456790123456,0.0205761316872428,0.0123456790123456,0.0,0.0041152263374485,0.0082304526748971,0.0123456790123456,0.0,0.0123456790123456,0.0123456790123456,0.0082304526748971,0.0041152263374485,0.0041152263374485,0.0123456790123456,0.0,0.0082304526748971,0.0,0.0123456790123456,0.0041152263374485,0.0,0.0041152263374485,0.0041152263374485,0.0,0.0,0.0,0.0,0.0,0.0,0.0,0.0082304526748971,0.0,0.0,0.0,0.0,0.0,0.0,0.0,0.0,0.0,0.0,0.0,0.0,0.0,0.0,0.0,0.0,0.0041152263374485,0.0,0.0,0.0,0.0,0.0,0.0,0.0,0.0,0.0,0.0,0.0,0.0,0.0,0.0,0.0,0.0041152263374485,0.0,0.0,0.0,0.0,0.0,0.0,0.0,0.0,0.0,0.0,0.0,0.0,0.0,0.0,0.0041152263374485,0.0,0.0,0.0,0.0,0.0,0.0,0.0,0.0,0.0,0.0,0.6496057229594284,0.5112683713681481,0.2663363562800542,0.2240711508673854,0.2240711508673854,0.2108904949340098,0.1174132340846393,0.1061701663920901,0.1725265203871465,0.0810037780649089,0.0532672712560108,0.0538177233019103,0.0553149371601192,0.0419158305206247,0.069143671450149,0.0414862028700894,0.0,0.0145110662846539,0.0287235728195287,0.0444447161113732,0.0,0.0449086461604,0.045378199740842,0.0319889307145206,0.0156073359017238,0.0156073359017238,0.0474813886650944,0.0,0.0330197823188053,0.0,0.0497053549407045,0.0172307796633006,0.0,0.0172927105511392,0.0179943064093419,0.0,0.0,0.0,0.0,0.0,0.0,0.0,0.0426856685621285,0.0,0.0,0.0,0.0,0.0,0.0,0.0,0.0,0.0,0.0,0.0,0.0,0.0,0.0,0.0,0.0,0.0311718873476077,0.0,0.0,0.0,0.0,0.0,0.0,0.0,0.0,0.0,0.0,0.0,0.0,0.0,0.0,0.0,0.0410651374508369,0.0,0.0,0.0,0.0,0.0,0.0,0.0,0.0,0.0,0.0,0.0,0.0,0.0,0.0,0.0504127867789592,0.0,0.0,0.0,0.0,0.0,0.0,0.0,0.0,0.0,0.0,0.9876543209876544,0.0123456790123456,0.9998866771092246,0.0150543329135848
J07A3070,0.1370558375634517,0.1319796954314721,0.0862944162436548,0.0710659898477157,0.0710659898477157,0.0456852791878172,0.0203045685279187,0.0456852791878172,0.0253807106598984,0.0304568527918781,0.0101522842639593,0.015228426395939,0.0101522842639593,0.015228426395939,0.0456852791878172,0.015228426395939,0.0050761421319796,0.0050761421319796,0.0253807106598984,0.0,0.0050761421319796,0.0050761421319796,0.0203045685279187,0.0050761421319796,0.015228426395939,0.0050761421319796,0.0050761421319796,0.0,0.0304568527918781,0.0050761421319796,0.0,0.0,0.0,0.0,0.0101522842639593,0.0050761421319796,0.0050761421319796,0.0,0.0,0.0050761421319796,0.0,0.0,0.0050761421319796,0.0,0.0,0.0050761421319796,0.0,0.0,0.0,0.0,0.0050761421319796,0.0,0.0,0.0,0.0,0.0101522842639593,0.0,0.0,0.0050761421319796,0.0050761421319796,0.0,0.0050761421319796,0.0,0.0,0.0,0.0,0.015228426395939,0.0,0.0,0.0,0.0,0.0,0.0,0.0,0.0,0.0,0.0,0.0,0.0,0.0,0.0,0.0,0.0,0.0,0.0,0.0,0.0050761421319796,0.0,0.0,0.0,0.0050761421319796,0.0,0.0,0.0,0.0,0.0,0.0,0.0,0.0,0.0,0.0,0.5565575158109928,0.4884136579317961,0.3160810806593879,0.2576405282568279,0.2576405282568279,0.1656260538793894,0.0728590751906119,0.16676470605982,0.0926470589221222,0.1130978624873399,0.0371860094893397,0.0563554220690534,0.0386154899554069,0.0585230831142911,0.1737697047993314,0.0579232349331104,0.0191099888573838,0.0202604201731354,0.1002599744880124,0.0,0.0211190865282865,0.0209005555431074,0.0844763461131462,0.022331549055458,0.0653731111723869,0.0217910370574623,0.0220979140077875,0.0,0.1383071341584226,0.0237159126350098,0.0,0.0,0.0,0.0,0.0502474734007605,0.0268511983192864,0.0267507602570832,0.0,0.0,0.0307737228589248,0.0,0.0,0.0297989673355195,0.0,0.0,0.0330385857877696,0.0,0.0,0.0,0.0,0.0368148190280546,0.0,0.0,0.0,0.0,0.0801336915822185,0.0,0.0,0.0411467245600957,0.0435223382529837,0.0,0.0437780671582437,0.0,0.0,0.0,0.0,0.1415051486978117,0.0,0.0,0.0,0.0,0.0,0.0,0.0,0.0,0.0,0.0,0.0,0.0,0.0,0.0,0.0,0.0,0.0,0.0,0.0,0.0682631125617638,0.0,0.0,0.0,0.0703865740948725,0.0,0.0,0.0,0.0,0.0,0.0,0.0,0.0,0.0,0.0,0.949238578680203,0.0507614213197969,0.9979320527379452,0.0642776642250713
J07A3071,0.2716535433070866,0.1456692913385826,0.0669291338582677,0.0551181102362204,0.0393700787401574,0.0551181102362204,0.0314960629921259,0.0275590551181102,0.0078740157480314,0.0236220472440944,0.0236220472440944,0.0118110236220472,0.0196850393700787,0.0157480314960629,0.0196850393700787,0.0118110236220472,0.0157480314960629,0.0118110236220472,0.0039370078740157,0.0078740157480314,0.0118110236220472,0.0118110236220472,0.0118110236220472,0.0078740157480314,0.0039370078740157,0.0039370078740157,0.0039370078740157,0.0,0.0078740157480314,0.0118110236220472,0.0,0.0,0.0078740157480314,0.0078740157480314,0.0,0.0,0.0078740157480314,0.0078740157480314,0.0039370078740157,0.0,0.0039370078740157,0.0039370078740157,0.0,0.0039370078740157,0.0,0.0,0.0039370078740157,0.0,0.0,0.0,0.0039370078740157,0.0,0.0,0.0,0.0,0.0,0.0,0.0,0.0039370078740157,0.0,0.0,0.0,0.0,0.0,0.0,0.0,0.0,0.0,0.0,0.0,0.0,0.0,0.0,0.0,0.0,0.0,0.0,0.0,0.0,0.0,0.0,0.0,0.0,0.0,0.0,0.0,0.0,0.0,0.0,0.0,0.0,0.0,0.0,0.0,0.0,0.0,0.0,0.0,0.0,0.0,0.0,0.8321818417185561,0.406667094489457,0.1849359566752217,0.1507429595978597,0.1076735425698998,0.1507429595978597,0.0852582681933293,0.0758896464629611,0.0216827561322746,0.0661724559830837,0.0652715141206665,0.0329730076613073,0.0564838661213737,0.0456550466555254,0.0564838661213737,0.0338903196728242,0.0447242721901664,0.0355625225610871,0.0117322265916665,0.024204764195927,0.0370697144833947,0.0366861334409327,0.0370697144833947,0.0261319429811821,0.0127497231936817,0.0127497231936817,0.012929273903492,0.0,0.0269740516338793,0.0416278473463065,0.0,0.0,0.0295066690510514,0.0282530310340965,0.0,0.0,0.0313032177035886,0.0318975302163421,0.0157103741821374,0.0,0.0172289218452402,0.0183025612793565,0.0,0.0183781770118684,0.0,0.0,0.0192478216499707,0.0,0.0,0.0,0.0215399914559113,0.0,0.0,0.0,0.0,0.0,0.0,0.0,0.0240745471215761,0.0,0.0,0.0,0.0,0.0,0.0,0.0,0.0,0.0,0.0,0.0,0.0,0.0,0.0,0.0,0.0,0.0,0.0,0.0,0.0,0.0,0.0,0.0,0.0,0.0,0.0,0.0,0.0,0.0,0.0,0.0,0.0,0.0,0.0,0.0,0.0,0.0,0.0,0.0,0.0,0.0,0.0,0.9921259842519684,0.0078740157480314,0.9999543121635376,0.0095589531616556
J07A3072,0.075,0.125,0.1291666666666666,0.0958333333333333,0.0416666666666666,0.0375,0.05,0.0375,0.0291666666666666,0.025,0.025,0.0208333333333333,0.0208333333333333,0.0291666666666666,0.0291666666666666,0.0125,0.0041666666666666,0.0041666666666666,0.0083333333333333,0.0125,0.0083333333333333,0.0166666666666666,0.0041666666666666,0.0,0.0041666666666666,0.0041666666666666,0.0125,0.0,0.0083333333333333,0.0,0.0041666666666666,0.0041666666666666,0.0208333333333333,0.0041666666666666,0.0041666666666666,0.0041666666666666,0.0083333333333333,0.0083333333333333,0.0,0.0041666666666666,0.0083333333333333,0.0,0.0041666666666666,0.0,0.0083333333333333,0.0,0.0083333333333333,0.0041666666666666,0.0,0.0,0.0,0.0083333333333333,0.0,0.0,0.0,0.0,0.0041666666666666,0.0,0.0,0.0,0.0,0.0,0.0,0.0,0.0,0.0,0.0041666666666666,0.0,0.0,0.0,0.0,0.0,0.0,0.0,0.0041666666666666,0.0041666666666666,0.0,0.0,0.0,0.0041666666666666,0.0,0.0,0.0,0.0,0.0,0.0,0.0,0.0041666666666666,0.0,0.0,0.0,0.0,0.0,0.0,0.0,0.0,0.0,0.0,0.0,0.0,0.0,0.3266647223528078,0.4961570308624071,0.5074517063261367,0.3726468242907655,0.1620203583872894,0.1458183225485604,0.1924369000749926,0.1468207997979283,0.1141939553983886,0.0995721398019971,0.0982164592889296,0.0826928384770678,0.0849933606126466,0.1202229626549212,0.1189907048577052,0.0509960163675879,0.0168245662674219,0.017837413948937,0.0353078297916816,0.0546327046937931,0.0371867794852518,0.073603974211649,0.0185933897426259,0.0,0.0191849796326523,0.0191849796326523,0.0583654686620333,0.0,0.0405888522711252,0.0,0.0203664103465142,0.0211805627159362,0.110999438217679,0.0212566899185092,0.022119111432003,0.0236399805805208,0.0471031084327728,0.0479973924324644,0.0,0.0270933982954787,0.0518499907287859,0.0,0.0262352167957164,0.0,0.055081080590649,0.0,0.0579258170107737,0.030389152308512,0.0,0.0,0.0,0.0636145632743477,0.0,0.0,0.0,0.0,0.0347308749329438,0.0,0.0,0.0,0.0,0.0,0.0,0.0,0.0,0.0,0.0415273703055708,0.0,0.0,0.0,0.0,0.0,0.0,0.0,0.0474250096261164,0.0504784308204298,0.0,0.0,0.0,0.0555330849002101,0.0,0.0,0.0,0.0,0.0,0.0,0.0,0.0592411345954493,0.0,0.0,0.0,0.0,0.0,0.0,0.0,0.0,0.0,0.0,0.0,0.0,0.0,0.9666666666666668,0.0333333333333333,0.9991385818760083,0.0414981229310273
J07A3073,0.3783783783783784,0.1306306306306306,0.0990990990990991,0.0765765765765765,0.054054054054054,0.0675675675675675,0.045045045045045,0.0315315315315315,0.0045045045045045,0.0225225225225225,0.009009009009009,0.018018018018018,0.0,0.0045045045045045,0.0045045045045045,0.0,0.0135135135135135,0.0045045045045045,0.009009009009009,0.0,0.0,0.0045045045045045,0.0,0.0045045045045045,0.0045045045045045,0.0,0.0,0.0,0.0,0.0,0.0,0.0,0.0,0.0045045045045045,0.0,0.0045045045045045,0.0,0.0,0.0,0.0,0.0,0.0,0.0,0.0,0.0,0.0,0.0,0.0,0.0045045045045045,0.0,0.0,0.0,0.0,0.0,0.0,0.0,0.0,0.0,0.0,0.0,0.0,0.0,0.0,0.0,0.0,0.0,0.0,0.0,0.0,0.0,0.0,0.0,0.0,0.0,0.0,0.0,0.0,0.0,0.0,0.0,0.0,0.0,0.0,0.0,0.0,0.0,0.0,0.0,0.0,0.0,0.0,0.0,0.0,0.0,0.0,0.0,0.0,0.0,0.0,0.0,0.0,0.8928110079679958,0.2808965546797636,0.2109143959237016,0.1613128741320181,0.1138679111520128,0.142334888940016,0.0939199008787577,0.0668795951366315,0.0095542278766616,0.0485967374076644,0.0191740359930637,0.0387443523696225,0.0,0.0100586548316436,0.0099555559263091,0.0,0.029560763782699,0.0104467790701139,0.0206786195765147,0.0,0.0,0.0107768488676757,0.0,0.0115147048917139,0.0112360033949259,0.0,0.0,0.0,0.0,0.0,0.0,0.0,0.0,0.0124493350872656,0.0,0.0138451490251591,0.0,0.0,0.0,0.0,0.0,0.0,0.0,0.0,0.0,0.0,0.0,0.0,0.0174854143918308,0.0,0.0,0.0,0.0,0.0,0.0,0.0,0.0,0.0,0.0,0.0,0.0,0.0,0.0,0.0,0.0,0.0,0.0,0.0,0.0,0.0,0.0,0.0,0.0,0.0,0.0,0.0,0.0,0.0,0.0,0.0,0.0,0.0,0.0,0.0,0.0,0.0,0.0,0.0,0.0,0.0,0.0,0.0,0.0,0.0,0.0,0.0,0.0,0.0,0.0,0.0,0.0,1.0,0.0,1.0,0.0
J07A3074,0.1461538461538461,0.1307692307692307,0.1192307692307692,0.073076923076923,0.0615384615384615,0.0346153846153846,0.0423076923076923,0.0384615384615384,0.0269230769230769,0.0153846153846153,0.0307692307692307,0.0307692307692307,0.0423076923076923,0.023076923076923,0.0076923076923076,0.0038461538461538,0.0153846153846153,0.0115384615384615,0.0,0.0115384615384615,0.0115384615384615,0.0115384615384615,0.0076923076923076,0.0,0.0115384615384615,0.0,0.0076923076923076,0.0038461538461538,0.0038461538461538,0.0038461538461538,0.0,0.0,0.0038461538461538,0.0038461538461538,0.0,0.0153846153846153,0.0,0.0076923076923076,0.0,0.0,0.0038461538461538,0.0038461538461538,0.0,0.0076923076923076,0.0,0.0,0.0038461538461538,0.0,0.0,0.0,0.0038461538461538,0.0,0.0,0.0,0.0038461538461538,0.0,0.0,0.0,0.0,0.0,0.0038461538461538,0.0,0.0,0.0,0.0038461538461538,0.0,0.0,0.0,0.0,0.0,0.0,0.0,0.0,0.0,0.0,0.0,0.0,0.0038461538461538,0.0038461538461538,0.0,0.0,0.0,0.0,0.0,0.0,0.0,0.0,0.0,0.0,0.0,0.0,0.0,0.0,0.0,0.0,0.0,0.0,0.0,0.0,0.0,0.0,0.5745203919281632,0.4684561370051125,0.4227531357935768,0.2564574442489877,0.2159641635780949,0.1214798420126784,0.1469575530183462,0.1359055512968333,0.0951338859077833,0.0553017279794987,0.1090975834306004,0.1102249734129676,0.1557757327444736,0.0858485090274028,0.0283228604989952,0.0141614302494976,0.0560655373447358,0.0445805339937991,0.0,0.0455139808148398,0.0464699224816994,0.0459890722362344,0.0309799483211329,0.0,0.0479484660238413,0.0,0.0324158070496641,0.0174568654513018,0.0169070912186985,0.0173946384195415,0.0,0.0,0.018494512873976,0.0177087439210737,0.0,0.0787769617949926,0.0,0.0399861659893568,0.0,0.0,0.0215978642875766,0.0229437592309818,0.0,0.0460770994866463,0.0,0.0,0.0241287205062337,0.0,0.0,0.0,0.0270021430475555,0.0,0.0,0.0,0.0286400964364862,0.0,0.0,0.0,0.0,0.0,0.0308490893242034,0.0,0.0,0.0,0.032299662223982,0.0,0.0,0.0,0.0,0.0,0.0,0.0,0.0,0.0,0.0,0.0,0.0,0.0424599956149555,0.039182803533791,0.0,0.0,0.0,0.0,0.0,0.0,0.0,0.0,0.0,0.0,0.0,0.0,0.0,0.0,0.0,0.0,0.0,0.0,0.0,0.0,0.0,0.0,0.9807692307692308,0.0192307692307692,0.9997212278008972,0.0236107323958091
J07A3075,0.0209205020920502,0.0251046025104602,0.0292887029288702,0.0251046025104602,0.0418410041841004,0.0292887029288702,0.0251046025104602,0.0334728033472803,0.0418410041841004,0.0209205020920502,0.0209205020920502,0.0125523012552301,0.0209205020920502,0.0167364016736401,0.0209205020920502,0.0209205020920502,0.0167364016736401,0.0251046025104602,0.0167364016736401,0.0125523012552301,0.00836820083682,0.0125523012552301,0.00418410041841,0.0209205020920502,0.0125523012552301,0.0209205020920502,0.0209205020920502,0.0251046025104602,0.0251046025104602,0.0125523012552301,0.00836820083682,0.0167364016736401,0.0125523012552301,0.0167364016736401,0.00418410041841,0.00836820083682,0.0167364016736401,0.0125523012552301,0.00836820083682,0.0209205020920502,0.00418410041841,0.00418410041841,0.00836820083682,0.00836820083682,0.00836820083682,0.0,0.00418410041841,0.00836820083682,0.0125523012552301,0.0,0.00836820083682,0.00418410041841,0.00836820083682,0.00418410041841,0.0,0.00418410041841,0.00418410041841,0.00836820083682,0.00836820083682,0.0,0.0209205020920502,0.00418410041841,0.00418410041841,0.00836820083682,0.00418410041841,0.00418410041841,0.00836820083682,0.0,0.0,0.0,0.00836820083682,0.0,0.0,0.0,0.00418410041841,0.0,0.0,0.0,0.0,0.00418410041841,0.0,0.0,0.00418410041841,0.0,0.0,0.00418410041841,0.00418410041841,0.00836820083682,0.0,0.0,0.0125523012552301,0.00418410041841,0.00418410041841,0.0,0.00418410041841,0.00418410041841,0.0,0.0,0.00418410041841,0.0,0.0,0.1255279775875644,0.1372745226513158,0.1585155456289136,0.1344812184889393,0.2241353641482321,0.1568947549037625,0.1331064660737387,0.1805410066559196,0.2256762583198995,0.1147882383201899,0.1132253897349383,0.0686372613256579,0.1175779267538766,0.0950364431512754,0.1175779267538766,0.1175779267538766,0.0930989247158838,0.1480552929534099,0.0976881345827613,0.0755776698856308,0.0514433645523944,0.0763665769855774,0.0257216822761972,0.1359919163100296,0.0796202237597006,0.1327003729328344,0.1345691543793194,0.1739266736105213,0.1684491493791403,0.086653345854339,0.0563488791759939,0.1172028795505555,0.0921324940376892,0.1176241302733691,0.0305990873294862,0.0654060478400702,0.130322787409924,0.0995977894824233,0.0654060478400702,0.187402026307535,0.0358640626053281,0.0380989715698338,0.0725864320823158,0.0765127495319788,0.0761979431396676,0.0,0.040066644150542,0.0840793562811768,0.1239046089143553,0.0,0.089676139810972,0.0440014867469434,0.0871897038875022,0.0485449797821296,0.0,0.0487988282953409,0.0480459207581457,0.1002281016675063,0.1002281016675063,0.0,0.2561303414331097,0.0533188560311149,0.0536347989184361,0.116437128880282,0.0536347989184361,0.0556323255511059,0.1148960829145754,0.0,0.0,0.0,0.1334659699274406,0.0,0.0,0.0,0.0656067046640783,0.0,0.0,0.0,0.0,0.0768232358592274,0.0,0.0,0.0768232358592274,0.0,0.0,0.0808265891253595,0.0831400586453505,0.1639057388500029,0.0,0.0,0.2571788926031568,0.0871434119114826,0.0857262975343855,0.0,0.0871434119114826,0.0886583333627033,0.0,0.0,0.0960464735866407,0.0,0.0,0.8326359832635983,0.1673640167364016,0.9719206248501644,0.2353089437120181
J07A3076,0.1333333333333333,0.1583333333333333,0.1166666666666666,0.1333333333333333,0.0666666666666666,0.05,0.075,0.0333333333333333,0.025,0.0333333333333333,0.0166666666666666,0.025,0.0166666666666666,0.0,0.0,0.0083333333333333,0.0166666666666666,0.0,0.0166666666666666,0.0166666666666666,0.0166666666666666,0.0166666666666666,0.0,0.0,0.0,0.0166666666666666,0.0,0.0,0.0,0.0,0.0,0.0083333333333333,0.0,0.0,0.0,0.0,0.0,0.0,0.0,0.0,0.0,0.0,0.0,0.0,0.0,0.0,0.0,0.0,0.0,0.0,0.0,0.0,0.0,0.0,0.0,0.0,0.0,0.0,0.0,0.0,0.0,0.0,0.0,0.0,0.0,0.0,0.0,0.0,0.0,0.0,0.0,0.0,0.0,0.0,0.0,0.0,0.0,0.0,0.0,0.0,0.0,0.0,0.0,0.0,0.0,0.0,0.0,0.0,0.0,0.0,0.0,0.0,0.0,0.0,0.0,0.0,0.0,0.0,0.0,0.0,0.0,0.4746385122017489,0.5136470007878524,0.3746056466061154,0.4237432874153671,0.2118716437076835,0.1589037327807626,0.2359189768731086,0.1066641133980419,0.0799980850485314,0.1085075209957659,0.0535150923723022,0.0811021580191345,0.0555722848550804,0.0,0.0,0.0277861424275402,0.0550030956792895,0.0,0.0577144132392993,0.0595353214604547,0.060785756896227,0.0601567727154197,0.0,0.0,0.0,0.0627197904283147,0.0,0.0,0.0,0.0,0.0,0.0346218885850762,0.0,0.0,0.0,0.0,0.0,0.0,0.0,0.0,0.0,0.0,0.0,0.0,0.0,0.0,0.0,0.0,0.0,0.0,0.0,0.0,0.0,0.0,0.0,0.0,0.0,0.0,0.0,0.0,0.0,0.0,0.0,0.0,0.0,0.0,0.0,0.0,0.0,0.0,0.0,0.0,0.0,0.0,0.0,0.0,0.0,0.0,0.0,0.0,0.0,0.0,0.0,0.0,0.0,0.0,0.0,0.0,0.0,0.0,0.0,0.0,0.0,0.0,0.0,0.0,0.0,0.0,0.0,0.0,0.0,1.0,0.0,1.0,0.0
J07A3077,0.0040983606557377,0.0163934426229508,0.0081967213114754,0.0081967213114754,0.0122950819672131,0.0081967213114754,0.0122950819672131,0.0081967213114754,0.0245901639344262,0.0122950819672131,0.0286885245901639,0.0122950819672131,0.0163934426229508,0.0204918032786885,0.0245901639344262,0.0368852459016393,0.0327868852459016,0.0122950819672131,0.0040983606557377,0.0204918032786885,0.0122950819672131,0.0327868852459016,0.0327868852459016,0.0122950819672131,0.0245901639344262,0.0081967213114754,0.0081967213114754,0.0368852459016393,0.0040983606557377,0.0204918032786885,0.0040983606557377,0.0163934426229508,0.0040983606557377,0.0081967213114754,0.0122950819672131,0.0204918032786885,0.0081967213114754,0.0122950819672131,0.0163934426229508,0.0122950819672131,0.0122950819672131,0.0122950819672131,0.0040983606557377,0.0163934426229508,0.0122950819672131,0.0245901639344262,0.0,0.0081967213114754,0.0040983606557377,0.0081967213114754,0.0040983606557377,0.0245901639344262,0.0,0.0,0.0081967213114754,0.0081967213114754,0.0122950819672131,0.0,0.0040983606557377,0.0081967213114754,0.0081967213114754,0.0040983606557377,0.0040983606557377,0.0,0.0040983606557377,0.0,0.0040983606557377,0.0040983606557377,0.0122950819672131,0.0081967213114754,0.0040983606557377,0.0081967213114754,0.0040983606557377,0.0040983606557377,0.0040983606557377,0.0,0.0081967213114754,0.0122950819672131,0.0,0.0122950819672131,0.0122950819672131,0.0,0.0,0.0122950819672131,0.0040983606557377,0.0040983606557377,0.0040983606557377,0.0163934426229508,0.0040983606557377,0.0,0.0,0.0040983606557377,0.0,0.0081967213114754,0.0081967213114754,0.0081967213114754,0.0,0.0040983606557377,0.0,0.0,0.0,0.0213913144096974,0.077976839132058,0.0385896428434219,0.0381950712261123,0.0572926068391685,0.0381950712261123,0.0567069254294499,0.0384576561281531,0.1153729683844594,0.0586834427742517,0.1350637499519769,0.0584826293490435,0.0801461617455937,0.1012201858750047,0.1202192426183906,0.180328863927586,0.1586505580728414,0.0630755267162849,0.0208088830187177,0.1073270497107632,0.0657487601518148,0.1735157893441263,0.1753300270715062,0.0695234455666071,0.1356814052569383,0.0452271350856461,0.0458640559100397,0.2222922868035635,0.0239212855549917,0.1230555000198651,0.0240061342151176,0.0998631418417834,0.0261672760817403,0.0501110350298138,0.0782161925525606,0.1393236552252536,0.055521003640188,0.0848626605110078,0.1114589241802029,0.0958059488283194,0.0916743168268389,0.0973871038790451,0.0309237673622965,0.1303859357127994,0.0973871038790451,0.2057140160684273,0.0,0.0716401227893996,0.0351911249459465,0.0739485847835696,0.0382044413247706,0.224949765523327,0.0,0.0,0.0810438550685749,0.0831584399710659,0.1228131071008415,0.0,0.0426998601558993,0.0903302888348219,0.0872947173810213,0.0454305261363489,0.0456997264281118,0.0,0.0456997264281118,0.0,0.0489488136689265,0.0536968181734284,0.1610904545202853,0.1118008649406055,0.056860083715631,0.1118008649406055,0.0509918338682413,0.0545473781622001,0.0559004324703027,0.0,0.1147180451004073,0.1802257407789456,0.0,0.1963725565986349,0.1838481132305976,0.0,0.0,0.1963725565986349,0.0632539045693373,0.0688685906469699,0.0708397908061081,0.2793129675691929,0.0688685906469699,0.0,0.0,0.0742508625868664,0.0,0.1601071627555978,0.1485017251737328,0.1510833138913915,0.0,0.0885098151223629,0.0,0.0,0.0,0.7336065573770492,0.2663934426229508,0.916196982622587,0.4007281984503549
J07A3078,0.0737704918032786,0.0901639344262295,0.0655737704918032,0.0573770491803278,0.0450819672131147,0.040983606557377,0.0614754098360655,0.0245901639344262,0.0327868852459016,0.0286885245901639,0.0204918032786885,0.0163934426229508,0.0204918032786885,0.0245901639344262,0.0450819672131147,0.0286885245901639,0.0122950819672131,0.0286885245901639,0.0081967213114754,0.0204918032786885,0.0163934426229508,0.0,0.040983606557377,0.0163934426229508,0.0122950819672131,0.0040983606557377,0.0163934426229508,0.0040983606557377,0.0040983606557377,0.0122950819672131,0.0081967213114754,0.0163934426229508,0.0040983606557377,0.0040983606557377,0.0040983606557377,0.0040983606557377,0.0040983606557377,0.0040983606557377,0.0040983606557377,0.0040983606557377,0.0,0.0040983606557377,0.0081967213114754,0.0122950819672131,0.0040983606557377,0.0,0.0040983606557377,0.0040983606557377,0.0040983606557377,0.0,0.0,0.0081967213114754,0.0040983606557377,0.0,0.0,0.0,0.0,0.0,0.0,0.0,0.0,0.0,0.0,0.0040983606557377,0.0,0.0,0.0,0.0,0.0,0.0,0.0,0.0040983606557377,0.0,0.0040983606557377,0.0040983606557377,0.0,0.0,0.0,0.0,0.0,0.0,0.0,0.0,0.0,0.0,0.0,0.0,0.0,0.0,0.0,0.0,0.0,0.0,0.0,0.0,0.0,0.0,0.0,0.0,0.0,0.0,0.3844035918197537,0.4281596897191324,0.3082039546403332,0.2669210503319213,0.2097236824036524,0.1906578930942295,0.2830633005558856,0.1151811810586174,0.1535749080781565,0.1367004142992472,0.0963137358251041,0.0778472163125695,0.1000161660096447,0.1212623100815656,0.2200355652212184,0.1400226324135026,0.0593950610040603,0.1469315743356936,0.041548583800317,0.1071486373136239,0.0875192858254292,0.0,0.2187982145635731,0.0925438333751547,0.0677279293582434,0.0225759764527478,0.0915756299214436,0.0246580849847051,0.0238815206130687,0.0737105650995244,0.0479324564543557,0.0996971368824571,0.0261237775744681,0.0250138671112719,0.026028723949996,0.0278184108166014,0.0277143548544515,0.0282405304070371,0.0278184108166014,0.0318822294136093,0.0,0.0324084049661948,0.0617447240449266,0.0976268939713097,0.0324084049661948,0.0,0.0340821805881846,0.0357605168247491,0.0351326258725391,0.0,0.0,0.0748586086632689,0.0370834056148922,0.0,0.0,0.0,0.0,0.0,0.0,0.0,0.0,0.0,0.0,0.0495228804134051,0.0,0.0,0.0,0.0,0.0,0.0,0.0,0.0558075078051318,0.0,0.054456702712518,0.0558075078051318,0.0,0.0,0.0,0.0,0.0,0.0,0.0,0.0,0.0,0.0,0.0,0.0,0.0,0.0,0.0,0.0,0.0,0.0,0.0,0.0,0.0,0.0,0.0,0.0,0.0,0.0,0.971311475409836,0.0286885245901639,0.9993677936741192,0.0355529600303984
J07A3079,0.0737327188940092,0.0921658986175115,0.0737327188940092,0.0552995391705069,0.0921658986175115,0.0276497695852534,0.0506912442396313,0.0552995391705069,0.0414746543778801,0.0276497695852534,0.0230414746543778,0.0276497695852534,0.0368663594470046,0.0184331797235023,0.0276497695852534,0.0092165898617511,0.0092165898617511,0.0230414746543778,0.0276497695852534,0.0184331797235023,0.0184331797235023,0.0138248847926267,0.0046082949308755,0.0138248847926267,0.0138248847926267,0.0046082949308755,0.0092165898617511,0.0184331797235023,0.0046082949308755,0.0,0.0,0.0,0.0,0.0,0.0046082949308755,0.0092165898617511,0.0046082949308755,0.0046082949308755,0.0046082949308755,0.0138248847926267,0.0,0.0,0.0,0.0,0.0,0.0,0.0046082949308755,0.0,0.0,0.0,0.0,0.0,0.0,0.0046082949308755,0.0092165898617511,0.0,0.0,0.0,0.0,0.0092165898617511,0.0,0.0,0.0,0.0,0.0,0.0,0.0046082949308755,0.0,0.0,0.0,0.0046082949308755,0.0,0.0046082949308755,0.0,0.0,0.0,0.0,0.0,0.0,0.0,0.0,0.0,0.0,0.0046082949308755,0.0,0.0,0.0,0.0,0.0,0.0,0.0,0.0,0.0,0.0,0.0,0.0,0.0,0.0,0.0,0.0,0.0,0.3601171538587609,0.4102248703218006,0.3248232456183085,0.241126493175159,0.4018774886252652,0.1205632465875795,0.2187730829524256,0.2427841985951858,0.1820881489463893,0.1234900412484511,0.1015072642557214,0.1230674610965402,0.1686549451084862,0.0852007608140172,0.1264912088313646,0.0421637362771215,0.041731881758949,0.1106104071229247,0.1313670279469261,0.0903411331665908,0.0922385908681396,0.0684631099837841,0.0230596477170349,0.0731505579331975,0.0713800244997673,0.0237933414999224,0.0482568326635152,0.1039508945277608,0.0251692845566828,0.0,0.0,0.0,0.0,0.0,0.0274322716027677,0.0586369276146169,0.0292087968324284,0.0297633453649263,0.0293184638073084,0.100804247444794,0.0,0.0,0.0,0.0,0.0,0.0,0.0359199950218766,0.0,0.0,0.0,0.0,0.0,0.0,0.0435208755083025,0.0852719994961086,0.0,0.0,0.0,0.0,0.0950429164245545,0.0,0.0,0.0,0.0,0.0,0.0,0.0515025255274447,0.0,0.0,0.0,0.0598265349772092,0.0,0.0536521322713379,0.0,0.0,0.0,0.0,0.0,0.0,0.0,0.0,0.0,0.0,0.068872507496752,0.0,0.0,0.0,0.0,0.0,0.0,0.0,0.0,0.0,0.0,0.0,0.0,0.0,0.0,0.0,0.0,0.0,0.9585253456221198,0.0414746543778801,0.9986446664904522,0.0520464224531654
J07A3080,0.0683760683760683,0.1111111111111111,0.0854700854700854,0.0769230769230769,0.0427350427350427,0.0427350427350427,0.0341880341880341,0.0854700854700854,0.0427350427350427,0.0341880341880341,0.0256410256410256,0.0256410256410256,0.017094017094017,0.0256410256410256,0.0256410256410256,0.0256410256410256,0.0256410256410256,0.0085470085470085,0.0,0.0,0.0085470085470085,0.0256410256410256,0.0085470085470085,0.0,0.0085470085470085,0.017094017094017,0.0085470085470085,0.0085470085470085,0.017094017094017,0.017094017094017,0.0,0.0085470085470085,0.017094017094017,0.0,0.0,0.0,0.0,0.0,0.0,0.0085470085470085,0.0085470085470085,0.0,0.0,0.0,0.0,0.0,0.0,0.0,0.0,0.0085470085470085,0.0,0.0,0.0,0.0085470085470085,0.0,0.0,0.0,0.0085470085470085,0.0,0.0,0.0,0.0085470085470085,0.0,0.0,0.0,0.0,0.0,0.0,0.0,0.0,0.0,0.0,0.0,0.0,0.0,0.0,0.0,0.0,0.0,0.0,0.0,0.0,0.0,0.0,0.0,0.0,0.0,0.0,0.0,0.0,0.0,0.0,0.0,0.0,0.0,0.0,0.0,0.0,0.0,0.0,0.0,0.3201486918401949,0.4741036089020948,0.3609649528274543,0.3215467405434296,0.1786370780796831,0.1786370780796831,0.1414487491419082,0.359730357870352,0.179865178935176,0.1463789389549201,0.1082894858482362,0.1094085251312526,0.0749681867002073,0.1136168264665408,0.1124522800503109,0.1124522800503109,0.1113005077097539,0.0393336188125093,0.0,0.0,0.0410006353310229,0.1217291365643544,0.0410006353310229,0.0,0.0423051613847573,0.0846103227695147,0.0429009328881758,0.0462068281697754,0.0895032456969376,0.092084237089333,0.0,0.0467056593791012,0.0979067841057093,0.0,0.0,0.0,0.0,0.0,0.0,0.0597441649299928,0.0571676975316184,0.0,0.0,0.0,0.0,0.0,0.0,0.0,0.0,0.0691710144257225,0.0,0.0,0.0,0.0773812144877033,0.0,0.0,0.0,0.0798823304452554,0.0,0.0,0.0,0.0849908240419435,0.0,0.0,0.0,0.0,0.0,0.0,0.0,0.0,0.0,0.0,0.0,0.0,0.0,0.0,0.0,0.0,0.0,0.0,0.0,0.0,0.0,0.0,0.0,0.0,0.0,0.0,0.0,0.0,0.0,0.0,0.0,0.0,0.0,0.0,0.0,0.0,0.0,0.0,0.0,0.9743589743589745,0.0256410256410256,0.9994980307035116,0.0316810135538977
J07A3081,0.0436507936507936,0.123015873015873,0.1269841269841269,0.115079365079365,0.1031746031746031,0.0714285714285714,0.0714285714285714,0.0555555555555555,0.0277777777777777,0.0396825396825396,0.0277777777777777,0.0277777777777777,0.0158730158730158,0.0119047619047619,0.0119047619047619,0.0079365079365079,0.0119047619047619,0.0,0.0079365079365079,0.0079365079365079,0.0039682539682539,0.0,0.0198412698412698,0.0039682539682539,0.0,0.0079365079365079,0.0079365079365079,0.0,0.0039682539682539,0.0079365079365079,0.0079365079365079,0.0,0.0039682539682539,0.0039682539682539,0.0,0.0,0.0,0.0,0.0,0.0,0.0039682539682539,0.0,0.0,0.0,0.0039682539682539,0.0,0.0039682539682539,0.0,0.0039682539682539,0.0,0.0,0.0,0.0,0.0,0.0,0.0,0.0,0.0,0.0,0.0,0.0,0.0,0.0,0.0039682539682539,0.0,0.0,0.0,0.0,0.0,0.0,0.0,0.0,0.0,0.0,0.0,0.0,0.0,0.0,0.0,0.0,0.0,0.0,0.0,0.0,0.0,0.0,0.0,0.0,0.0,0.0,0.0,0.0,0.0,0.0,0.0,0.0,0.0,0.0,0.0,0.0,0.0,0.175006669531366,0.4494607508867356,0.4592140694854336,0.4119075670225041,0.3692964393994863,0.255666765738106,0.2530531777022874,0.2002190035742925,0.1001095017871462,0.1454851860398713,0.1004530776999386,0.1014911372970048,0.0596083598748335,0.0451692443018323,0.0447062699061251,0.0298041799374167,0.0442483739425723,0.0,0.0309530328229657,0.0319296109214615,0.016300118313397,0.0,0.081500591566985,0.017235920277037,0.0,0.0336374853838976,0.0341111924820958,0.0,0.0177913522865491,0.0366087975768345,0.0357089162183604,0.0,0.0194617979907223,0.0186349323829082,0.0,0.0,0.0,0.0,0.0,0.0,0.0227274583904997,0.0,0.0,0.0,0.0241437452472433,0.0,0.0253906814127387,0.0,0.0261732464099385,0.0,0.0,0.0,0.0,0.0,0.0,0.0,0.0,0.0,0.0,0.0,0.0,0.0,0.0,0.0368937567232373,0.0,0.0,0.0,0.0,0.0,0.0,0.0,0.0,0.0,0.0,0.0,0.0,0.0,0.0,0.0,0.0,0.0,0.0,0.0,0.0,0.0,0.0,0.0,0.0,0.0,0.0,0.0,0.0,0.0,0.0,0.0,0.0,0.0,0.0,0.0,0.0,0.0,0.996031746031746,0.0039682539682539,0.9999884862577476,0.0047986823127032
J07A3082,0.112,0.096,0.076,0.048,0.08,0.04,0.064,0.028,0.036,0.02,0.016,0.048,0.012,0.008,0.008,0.016,0.012,0.008,0.024,0.012,0.02,0.004,0.008,0.012,0.024,0.02,0.008,0.0,0.008,0.004,0.008,0.012,0.004,0.0,0.008,0.0,0.0,0.004,0.0,0.008,0.004,0.0,0.012,0.004,0.008,0.0,0.008,0.004,0.004,0.004,0.0,0.0,0.0,0.0,0.0,0.0,0.0,0.0,0.0,0.004,0.0,0.0,0.0,0.004,0.0,0.0,0.0,0.004,0.0,0.0,0.0,0.004,0.004,0.0,0.0,0.004,0.0,0.004,0.0,0.004,0.0,0.0,0.0,0.0,0.004,0.0,0.0,0.0,0.0,0.0,0.0,0.0,0.0,0.0,0.0,0.0,0.0,0.0,0.0,0.0,0.0,0.5216097964982868,0.4074432375307599,0.3192600677067516,0.199576228676435,0.3326270477940584,0.1663135238970292,0.26338137830629,0.1172198316254072,0.1507112120898093,0.0851754763890675,0.0672126458330003,0.2037216187653799,0.0523472930885054,0.0352595981878948,0.0348981953923369,0.0697963907846739,0.0518111353133549,0.0366201284898587,0.1087302173429539,0.0560803452608787,0.0954303582607551,0.0188885774075132,0.038172143304302,0.0605454518317054,0.1181600238522666,0.0984666865435555,0.0399413459053547,0.0,0.0416643631660819,0.0214329160137532,0.041812146418847,0.0652253962120429,0.0227881334226465,0.0,0.0454104336559237,0.0,0.0,0.0246346062703747,0.0,0.0556226216225963,0.0266119478995338,0.0,0.0807911684481332,0.0283870977836822,0.0565406020840265,0.0,0.0594607174528509,0.0311943946981706,0.0306466767139302,0.0321995726876551,0.0,0.0,0.0,0.0,0.0,0.0,0.0,0.0,0.0,0.0393326891886642,0.0,0.0,0.0,0.0431994952918834,0.0,0.0,0.0,0.0467626149961228,0.0,0.0,0.0,0.0486816629112501,0.0444069420915295,0.0,0.0,0.0518159927190774,0.0,0.0523173576828886,0.0,0.0570045834644408,0.0,0.0,0.0,0.0,0.0550855355493135,0.0,0.0,0.0,0.0,0.0,0.0,0.0,0.0,0.0,0.0,0.0,0.0,0.0,0.0,0.0,0.0,0.964,0.036,0.9989899009290462,0.0449352627874219
J07A3083,0.2030651340996168,0.1647509578544061,0.0919540229885057,0.057471264367816,0.0383141762452107,0.0498084291187739,0.0268199233716475,0.0344827586206896,0.0306513409961685,0.0306513409961685,0.0191570881226053,0.003831417624521,0.0191570881226053,0.0114942528735632,0.0306513409961685,0.0153256704980842,0.0191570881226053,0.0114942528735632,0.0153256704980842,0.0076628352490421,0.0076628352490421,0.0076628352490421,0.003831417624521,0.003831417624521,0.003831417624521,0.003831417624521,0.0076628352490421,0.0,0.0076628352490421,0.0,0.003831417624521,0.0076628352490421,0.003831417624521,0.003831417624521,0.003831417624521,0.003831417624521,0.0,0.0076628352490421,0.003831417624521,0.0,0.0,0.003831417624521,0.0,0.0,0.0,0.003831417624521,0.0,0.0,0.0,0.0,0.0,0.0,0.0,0.0,0.0,0.0,0.0,0.0,0.0,0.0,0.0,0.003831417624521,0.003831417624521,0.0,0.0,0.0,0.003831417624521,0.0,0.0076628352490421,0.0,0.0,0.0,0.0,0.0,0.0,0.003831417624521,0.0,0.0,0.0,0.0,0.0,0.0,0.0,0.0,0.0,0.0,0.003831417624521,0.0,0.0,0.0,0.0,0.0,0.0,0.0,0.0,0.0,0.0,0.0,0.0,0.0,0.0,0.7024025725441684,0.519334104822028,0.2868961749259446,0.1774766982208473,0.1183177988138982,0.1538131384580676,0.0819757953972273,0.1072180929921317,0.0953049715485615,0.0969520663685211,0.0597700364429051,0.0120775373214425,0.0620676774300552,0.0376262670668667,0.0993082838880883,0.0496541419440441,0.0614319603590045,0.0390781178855137,0.0515681454285103,0.0265975684659244,0.0271562039330607,0.0268752035218323,0.0135781019665303,0.0143576309391723,0.014010119364129,0.014010119364129,0.0284148397463574,0.0,0.0296406186537529,0.0,0.0148728768774851,0.0309348477331339,0.016211801196121,0.0155230168989979,0.0161528131551105,0.0172634506807137,0.0,0.0350508163168065,0.0172634506807137,0.0,0.0,0.0201118929640875,0.0,0.0,0.0,0.0212415099514578,0.0,0.0,0.0,0.0,0.0,0.0,0.0,0.0,0.0,0.0,0.0,0.0,0.0,0.0,0.0,0.0281462486067325,0.0283130302617418,0.0,0.0,0.0,0.0303259855365821,0.0,0.0665351745724374,0.0,0.0,0.0,0.0,0.0,0.0,0.0368626318426996,0.0,0.0,0.0,0.0,0.0,0.0,0.0,0.0,0.0,0.0,0.0438884277345479,0.0,0.0,0.0,0.0,0.0,0.0,0.0,0.0,0.0,0.0,0.0,0.0,0.0,0.0,0.9731800766283524,0.0268199233716475,0.9994495202181808,0.0331761440744441
J07A3084,0.0127118644067796,0.0042372881355932,0.0677966101694915,0.0508474576271186,0.0635593220338983,0.0423728813559322,0.0508474576271186,0.0508474576271186,0.0677966101694915,0.0550847457627118,0.0254237288135593,0.0338983050847457,0.0211864406779661,0.0084745762711864,0.0211864406779661,0.0338983050847457,0.0338983050847457,0.0211864406779661,0.0296610169491525,0.0254237288135593,0.0211864406779661,0.0127118644067796,0.0254237288135593,0.0254237288135593,0.0211864406779661,0.0084745762711864,0.0042372881355932,0.0169491525423728,0.0127118644067796,0.0169491525423728,0.0127118644067796,0.0084745762711864,0.0042372881355932,0.0127118644067796,0.0,0.0042372881355932,0.0,0.0042372881355932,0.0,0.0084745762711864,0.0042372881355932,0.0,0.0042372881355932,0.0042372881355932,0.0,0.0,0.0,0.0,0.0042372881355932,0.0,0.0,0.0042372881355932,0.0,0.0084745762711864,0.0,0.0084745762711864,0.0,0.0,0.0,0.0,0.0042372881355932,0.0,0.0,0.0,0.0,0.0042372881355932,0.0,0.0,0.0,0.0,0.0,0.0,0.0,0.0,0.0,0.0,0.0042372881355932,0.0,0.0,0.0,0.0,0.0,0.0042372881355932,0.0,0.0,0.0,0.0,0.0,0.0,0.0,0.0,0.0,0.0,0.0,0.0042372881355932,0.0,0.0,0.0,0.0,0.0,0.0,0.0698898296284976,0.021230532704112,0.3362141614546982,0.2495823276227636,0.3119779095284546,0.2079852730189697,0.2470309385771699,0.2512981655292296,0.3350642207056395,0.276944623444452,0.1260803105455118,0.1698442616328965,0.109105840079464,0.0440942924171873,0.109105840079464,0.1745693441271425,0.1727813488816493,0.1144892977354721,0.1586361147579843,0.1402638299853895,0.1193415222772258,0.0708639773300797,0.143209826732671,0.1514316098199043,0.123138637220593,0.0492554548882372,0.0249745526948656,0.1075962490602826,0.0781557663971833,0.1072127096885531,0.0784329844440423,0.0543789084658017,0.0284979600001519,0.0818615358005693,0.0,0.030346604983121,0.0,0.0308070876667308,0.0,0.0695595034795195,0.033279874779624,0.0,0.0336781055311936,0.0354998087011299,0.0,0.0,0.0,0.0,0.038325550887956,0.0,0.0,0.0408309561906132,0.0,0.0900941349622022,0.0,0.0905652498398242,0.0,0.0,0.0,0.0,0.0475349699444806,0.0,0.0,0.0,0.0,0.0516237339984184,0.0,0.0,0.0,0.0,0.0,0.0,0.0,0.0,0.0,0.0,0.0624679131743543,0.0,0.0,0.0,0.0,0.0,0.0712877316130041,0.0,0.0,0.0,0.0,0.0,0.0,0.0,0.0,0.0,0.0,0.0,0.0808642865756229,0.0,0.0,0.0,0.0,0.0,0.0,0.9576271186440678,0.0423728813559322,0.9985828018318356,0.0532201830669634
J07A3085,0.0188679245283018,0.0330188679245283,0.070754716981132,0.0471698113207547,0.0471698113207547,0.0471698113207547,0.0424528301886792,0.0235849056603773,0.0518867924528301,0.0283018867924528,0.0471698113207547,0.0566037735849056,0.0188679245283018,0.0518867924528301,0.0471698113207547,0.0235849056603773,0.0188679245283018,0.0235849056603773,0.0235849056603773,0.0141509433962264,0.0283018867924528,0.0094339622641509,0.0141509433962264,0.0,0.0235849056603773,0.0188679245283018,0.0141509433962264,0.0141509433962264,0.0141509433962264,0.0,0.0141509433962264,0.0047169811320754,0.0,0.0188679245283018,0.0188679245283018,0.0,0.0141509433962264,0.0047169811320754,0.0047169811320754,0.0,0.0047169811320754,0.0,0.0094339622641509,0.0047169811320754,0.0047169811320754,0.0094339622641509,0.0,0.0094339622641509,0.0,0.0,0.0,0.0,0.0,0.0,0.0,0.0,0.0,0.0,0.0,0.0,0.0,0.0,0.0,0.0,0.0,0.0,0.0,0.0,0.0047169811320754,0.0,0.0,0.0,0.0,0.0,0.0,0.0,0.0,0.0,0.0,0.0,0.0,0.0,0.0,0.0,0.0,0.0,0.0,0.0,0.0,0.0,0.0,0.0,0.0,0.0,0.0,0.0,0.0,0.0,0.0,0.0,0.0,0.1052472894575942,0.1678483718133416,0.3559962964950168,0.2349042022498219,0.2349042022498219,0.2349042022498219,0.2092525760905758,0.1182595652159134,0.2601710434750096,0.1443640435023926,0.2373308643300112,0.2877400659657285,0.098581673414254,0.2739070867145855,0.246454183535635,0.1232270917678175,0.0975719682782303,0.1293073146974233,0.1279770899309118,0.0792088848622888,0.1617450582662411,0.0533571305998305,0.0808725291331205,0.0,0.1390761130466934,0.1112608904373547,0.0846208093319926,0.0911415890787864,0.0882712400270731,0.0,0.088584337599807,0.030708506248926,0.0,0.1232755151878732,0.128277020915841,0.0,0.1024382202954879,0.0347943594608917,0.0342742778422602,0.0,0.0375871922209056,0.0,0.0760739296418243,0.0400944457360672,0.0399294799246031,0.084344367453576,0.0,0.0881190444353365,0.0,0.0,0.0,0.0,0.0,0.0,0.0,0.0,0.0,0.0,0.0,0.0,0.0,0.0,0.0,0.0,0.0,0.0,0.0,0.0,0.0660483556200809,0.0,0.0,0.0,0.0,0.0,0.0,0.0,0.0,0.0,0.0,0.0,0.0,0.0,0.0,0.0,0.0,0.0,0.0,0.0,0.0,0.0,0.0,0.0,0.0,0.0,0.0,0.0,0.0,0.0,0.0,0.0,0.0,0.9952830188679244,0.0047169811320754,0.9999837071926588,0.0057083578397405
J07A3086,0.1011235955056179,0.1235955056179775,0.0898876404494382,0.0674157303370786,0.0524344569288389,0.0411985018726591,0.0524344569288389,0.0224719101123595,0.0187265917602996,0.0561797752808988,0.0411985018726591,0.0299625468164794,0.0299625468164794,0.0187265917602996,0.0224719101123595,0.0074906367041198,0.0187265917602996,0.0074906367041198,0.0149812734082397,0.0149812734082397,0.0112359550561797,0.0112359550561797,0.0112359550561797,0.0037453183520599,0.0112359550561797,0.0074906367041198,0.0112359550561797,0.0037453183520599,0.0,0.0074906367041198,0.0037453183520599,0.0112359550561797,0.0,0.0,0.0074906367041198,0.0,0.0112359550561797,0.0037453183520599,0.0,0.0,0.0037453183520599,0.0037453183520599,0.0037453183520599,0.0,0.0074906367041198,0.0,0.0,0.0037453183520599,0.0037453183520599,0.0,0.0,0.0037453183520599,0.0,0.0112359550561797,0.0037453183520599,0.0,0.0,0.0,0.0,0.0,0.0,0.0,0.0,0.0,0.0,0.0,0.0,0.0,0.0,0.0,0.0,0.0037453183520599,0.0,0.0,0.0037453183520599,0.0,0.0,0.0,0.0,0.0,0.0,0.0,0.0,0.0,0.0,0.0,0.0,0.0,0.0,0.0,0.0,0.0,0.0,0.0,0.0,0.0,0.0,0.0,0.0,0.0,0.0,0.456542406043633,0.508509959519122,0.3660428206134929,0.2717250777987439,0.2113417271768008,0.1660542142103435,0.2091812578329506,0.0911977145036764,0.0759980954197303,0.2319345655728106,0.1677696261145175,0.1232751417016053,0.1267046671293701,0.0800105062970812,0.0950285003470275,0.0316761667823425,0.0783793232915381,0.0332391198053263,0.0657943571793216,0.0678701902194448,0.0519717637611166,0.0514339828906703,0.0519717637611166,0.0183185005086204,0.0536253605733985,0.0357502403822656,0.0543805512084041,0.0195236841120608,0.0,0.0389081793285313,0.0189758884177425,0.0592033629713335,0.0,0.0,0.0412178467674976,0.0,0.0658306973007225,0.0223601790311793,0.0,0.0,0.0241549596072736,0.0256602027906141,0.0244440005902171,0.0,0.0513204055812283,0.0,0.0,0.0283143250825642,0.0278171759886515,0.0,0.0,0.0296356312648891,0.0,0.0980872166110134,0.0320309621062709,0.0,0.0,0.0,0.0,0.0,0.0,0.0,0.0,0.0,0.0,0.0,0.0,0.0,0.0,0.0,0.0,0.0441870548400088,0.0,0.0,0.0441870548400088,0.0,0.0,0.0,0.0,0.0,0.0,0.0,0.0,0.0,0.0,0.0,0.0,0.0,0.0,0.0,0.0,0.0,0.0,0.0,0.0,0.0,0.0,0.0,0.0,0.0,0.0,0.9737827715355806,0.0262172284644194,0.9994746140344742,0.0324113545017588
J07A3087,0.0549019607843137,0.0862745098039215,0.0509803921568627,0.0509803921568627,0.0705882352941176,0.0549019607843137,0.0470588235294117,0.0392156862745098,0.0470588235294117,0.0352941176470588,0.0313725490196078,0.0078431372549019,0.0392156862745098,0.0235294117647058,0.0274509803921568,0.0196078431372549,0.0156862745098039,0.0117647058823529,0.0078431372549019,0.0078431372549019,0.0274509803921568,0.0156862745098039,0.0196078431372549,0.0078431372549019,0.0235294117647058,0.0196078431372549,0.0196078431372549,0.0196078431372549,0.0117647058823529,0.0156862745098039,0.0039215686274509,0.0078431372549019,0.0039215686274509,0.0,0.0117647058823529,0.0039215686274509,0.0039215686274509,0.0039215686274509,0.0117647058823529,0.0,0.0039215686274509,0.0,0.0039215686274509,0.0,0.0039215686274509,0.0,0.0,0.0,0.0039215686274509,0.0,0.0039215686274509,0.0,0.0,0.0,0.0,0.0039215686274509,0.0,0.0039215686274509,0.0,0.0,0.0,0.0,0.0039215686274509,0.0,0.0,0.0,0.0,0.0039215686274509,0.0,0.0,0.0,0.0,0.0,0.0,0.0,0.0,0.0,0.0,0.0039215686274509,0.0,0.0,0.0,0.0,0.0,0.0,0.0,0.0,0.0,0.0,0.0,0.0,0.0,0.0,0.0,0.0,0.0,0.0,0.0,0.0,0.0,0.0,0.2936079843131509,0.420465794374084,0.2459158213152873,0.2434013797141535,0.337017294988828,0.2621245627690884,0.2223813934552413,0.1885190189300869,0.2262228227161044,0.1725993652193974,0.1513328131170998,0.0382241631249167,0.1964378137469319,0.1190832643996183,0.1375064696228523,0.0982189068734659,0.0777703338470179,0.0618391114394914,0.0408019687798691,0.0420892839619977,0.1504065354870683,0.0850572543137594,0.1074332396336202,0.0454404248564744,0.1330217594169429,0.1108514661807858,0.1124125557145669,0.1210749346539249,0.0703571315320834,0.0965146791490033,0.0235355626222107,0.04895280529982,0.0256543414843795,0.0,0.0766829878311859,0.0273185226986217,0.0272163365894776,0.0277330569324021,0.0819555680958651,0.0,0.0299591013584591,0.0,0.0303175953590927,0.0,0.0318260360928583,0.0,0.0,0.0,0.0345013036038842,0.0,0.0374555525345465,0.0,0.0,0.0,0.0,0.0407641783130549,0.0,0.0418628515384181,0.0,0.0,0.0,0.0,0.0448039140133355,0.0,0.0,0.0,0.0,0.0526442456502776,0.0,0.0,0.0,0.0,0.0,0.0,0.0,0.0,0.0,0.0,0.0543517436236818,0.0,0.0,0.0,0.0,0.0,0.0,0.0,0.0,0.0,0.0,0.0,0.0,0.0,0.0,0.0,0.0,0.0,0.0,0.0,0.0,0.0,0.0,0.976470588235294,0.0235294117647058,0.9995790786253076,0.0290114731542776
J07A3088,0.1304347826086956,0.1304347826086956,0.0948616600790513,0.075098814229249,0.0711462450592885,0.0434782608695652,0.0434782608695652,0.0276679841897233,0.0316205533596837,0.0316205533596837,0.0355731225296442,0.0474308300395256,0.0276679841897233,0.0118577075098814,0.0237154150197628,0.0079051383399209,0.0158102766798418,0.0118577075098814,0.0,0.0118577075098814,0.0079051383399209,0.0,0.0039525691699604,0.0039525691699604,0.0158102766798418,0.0039525691699604,0.0079051383399209,0.0039525691699604,0.0,0.0039525691699604,0.0,0.0197628458498023,0.0,0.0079051383399209,0.0039525691699604,0.0,0.0039525691699604,0.0079051383399209,0.0039525691699604,0.0,0.0,0.0,0.0,0.0,0.0039525691699604,0.0,0.0,0.0039525691699604,0.0,0.0,0.0,0.0,0.0039525691699604,0.0,0.0,0.0,0.0039525691699604,0.0,0.0,0.0,0.0,0.0,0.0,0.0039525691699604,0.0,0.0,0.0,0.0,0.0,0.0,0.0,0.0,0.0,0.0,0.0,0.0,0.0,0.0039525691699604,0.0,0.0,0.0039525691699604,0.0,0.0,0.0,0.0,0.0,0.0,0.0,0.0,0.0,0.0,0.0,0.0,0.0,0.0,0.0,0.0,0.0,0.0,0.0,0.0,0.5378679863647216,0.4901667639931517,0.3528387625538621,0.2764745848964367,0.261923290954519,0.1600642333610949,0.1584279551218515,0.1025593220464419,0.1172106537673622,0.1192363304716035,0.1323145359576983,0.1782424596338733,0.1068673554345304,0.0462745992163237,0.0916005903724546,0.0305335301241515,0.0604415918195468,0.0480601554245807,0.0,0.0490664600889895,0.0333980102518787,0.0,0.0166990051259393,0.0176577074793355,0.0689212838888104,0.0172303209722026,0.0349459413213124,0.0188194171683151,0.0,0.0187523331621337,0.0,0.0951129219199992,0.0,0.0381819107568018,0.0198655092103758,0.0,0.0211520077848769,0.0431071855834852,0.0212314248426803,0.0,0.0,0.0,0.0,0.0,0.0247345766387303,0.0,0.0,0.0272929582608278,0.0,0.0,0.0,0.0,0.0283026066590888,0.0,0.0,0.0,0.0311923251522011,0.0,0.0,0.0,0.0,0.0,0.0,0.0377965988216256,0.0,0.0,0.0,0.0,0.0,0.0,0.0,0.0,0.0,0.0,0.0,0.0,0.0,0.0457741037571604,0.0,0.0,0.0466941213513862,0.0,0.0,0.0,0.0,0.0,0.0,0.0,0.0,0.0,0.0,0.0,0.0,0.0,0.0,0.0,0.0,0.0,0.0,0.0,0.0,0.9802371541501976,0.0197628458498023,0.9997052756185776,0.0242767769768507
J07A3089,0.0,0.0126582278481012,0.0126582278481012,0.0084388185654008,0.0126582278481012,0.0210970464135021,0.0253164556962025,0.0337552742616033,0.0168776371308016,0.0168776371308016,0.0042194092827004,0.0168776371308016,0.0126582278481012,0.0126582278481012,0.0295358649789029,0.0126582278481012,0.0337552742616033,0.0126582278481012,0.0253164556962025,0.0042194092827004,0.0210970464135021,0.0253164556962025,0.0210970464135021,0.0126582278481012,0.0253164556962025,0.0295358649789029,0.0168776371308016,0.0042194092827004,0.0295358649789029,0.0084388185654008,0.0210970464135021,0.0210970464135021,0.0126582278481012,0.0042194092827004,0.0042194092827004,0.0126582278481012,0.0168776371308016,0.0084388185654008,0.0168776371308016,0.0084388185654008,0.0042194092827004,0.0084388185654008,0.0042194092827004,0.0042194092827004,0.0042194092827004,0.0084388185654008,0.0042194092827004,0.0084388185654008,0.0084388185654008,0.0042194092827004,0.0084388185654008,0.0084388185654008,0.0042194092827004,0.0042194092827004,0.0084388185654008,0.0168776371308016,0.0,0.0084388185654008,0.0084388185654008,0.0126582278481012,0.0084388185654008,0.0042194092827004,0.0042194092827004,0.0126582278481012,0.0042194092827004,0.0084388185654008,0.0042194092827004,0.0042194092827004,0.0084388185654008,0.0042194092827004,0.0042194092827004,0.0,0.0168776371308016,0.0042194092827004,0.0084388185654008,0.0,0.0084388185654008,0.0,0.0126582278481012,0.0042194092827004,0.0042194092827004,0.0,0.0042194092827004,0.0084388185654008,0.0084388185654008,0.0042194092827004,0.0084388185654008,0.0084388185654008,0.0084388185654008,0.0,0.0084388185654008,0.0,0.0042194092827004,0.0042194092827004,0.0084388185654008,0.0042194092827004,0.0042194092827004,0.0,0.0042194092827004,0.0,0.0,0.0,0.0648729372597407,0.0642094115873928,0.0423685885341172,0.0635528828011759,0.1059214713352932,0.1258064097502027,0.17063946275522,0.08531973137761,0.0867942576831007,0.0214031371957976,0.0864972496796543,0.0666777081554384,0.0673682169298278,0.1555813190293563,0.0666777081554384,0.175986063120649,0.0699676935328759,0.1384958279965544,0.0238109026206883,0.1215550451963443,0.1443566966933916,0.1215550451963443,0.0771201666635952,0.1505071059307761,0.1755916235859055,0.1017511030077484,0.0273979807444932,0.1857458961709101,0.054600634896969,0.1331462398425585,0.1384687942251471,0.0870796035542894,0.027793295784528,0.0289209189613898,0.0927284034062341,0.1231753984333012,0.0627569828546058,0.1236378712083121,0.0708496793735117,0.0338971433058203,0.0720189630114669,0.0343027603624988,0.0361582521220352,0.0360094815057334,0.0760640245169063,0.0378692395644117,0.0794681299853843,0.0780728112305855,0.0410144170543316,0.0847579649783931,0.0831765613585956,0.0412039472492391,0.0458825915669835,0.0898993937802006,0.1844900723140657,0.0,0.0947312177898399,0.0947312177898399,0.1503008130481269,0.096833278305029,0.0503946505915533,0.0506932659895309,0.1650769220099519,0.0506932659895309,0.1051624815846562,0.0542973760487214,0.0595641877799651,0.1191283755599302,0.0620085876576209,0.0630730985341387,0.0,0.2262545358246716,0.0605076871643363,0.1240171753152419,0.0,0.1272531113117701,0.0,0.1844883950779396,0.0726099623401336,0.067978972261703,0.0,0.0726099623401336,0.1452199246802672,0.1403311249249554,0.0763937567434409,0.1571606938884312,0.1549165352399172,0.1527875134868818,0.0,0.1620494936437429,0.0,0.0810247468218714,0.0888009143902219,0.1647282826950458,0.0837959788416237,0.0888009143902219,0.0,0.0907789258292608,0.0,0.0,0.7088607594936709,0.2911392405063291,0.8963198740884128,0.4434080325322621
J07A3090,0.1699029126213592,0.1019417475728155,0.1359223300970873,0.0631067961165048,0.0728155339805825,0.0533980582524271,0.0242718446601941,0.0339805825242718,0.0145631067961165,0.0242718446601941,0.0242718446601941,0.029126213592233,0.0145631067961165,0.0,0.0145631067961165,0.0145631067961165,0.0145631067961165,0.0194174757281553,0.0048543689320388,0.0097087378640776,0.0145631067961165,0.0194174757281553,0.0097087378640776,0.0,0.0194174757281553,0.0097087378640776,0.0048543689320388,0.0,0.0,0.0048543689320388,0.0048543689320388,0.0,0.0048543689320388,0.0097087378640776,0.0,0.0048543689320388,0.0048543689320388,0.0048543689320388,0.0,0.0097087378640776,0.0,0.0,0.0,0.0,0.0048543689320388,0.0,0.0,0.0,0.0,0.0048543689320388,0.0048543689320388,0.0,0.0048543689320388,0.0,0.0,0.0,0.0048543689320388,0.0,0.0048543689320388,0.0,0.0,0.0,0.0,0.0,0.0,0.0,0.0,0.0,0.0,0.0,0.0,0.0,0.0048543689320388,0.0,0.0,0.0,0.0,0.0,0.0,0.0,0.0,0.0,0.0,0.0,0.0,0.0,0.0,0.0,0.0,0.0,0.0,0.0,0.0,0.0,0.0,0.0,0.0,0.0,0.0,0.0,0.0,0.646488067184656,0.3534922753002961,0.4665023034560303,0.2143757607812896,0.2473566470553341,0.181394874507245,0.0816093367766259,0.1162266857592951,0.0498114367539836,0.0844538265530546,0.0833039827600054,0.1009977929429417,0.0519037802715007,0.0,0.0519037802715007,0.0519037802715007,0.0513721650969545,0.0726197283759497,0.0179681666324799,0.0370701360883383,0.0567730943186186,0.0749141751985702,0.0378487295457457,0.0,0.0781059414671691,0.0390529707335845,0.0198014712825213,0.0,0.0,0.0212513254787504,0.0207289463538678,0.0,0.0225950607984046,0.043270147019992,0.0,0.0240607883727514,0.0239707879589708,0.0244258893916566,0.0,0.0551513585610409,0.0,0.0,0.0,0.0,0.0280307807132062,0.0,0.0,0.0,0.0,0.0319267615765838,0.0329889772174124,0.0,0.0320742971452683,0.0,0.0,0.0,0.0353491082158768,0.0,0.0368707057353657,0.0,0.0,0.0,0.0,0.0,0.0,0.0,0.0,0.0,0.0,0.0,0.0,0.0,0.0440307039554279,0.0,0.0,0.0,0.0,0.0,0.0,0.0,0.0,0.0,0.0,0.0,0.0,0.0,0.0,0.0,0.0,0.0,0.0,0.0,0.0,0.0,0.0,0.0,0.0,0.0,0.0,0.0,0.0,0.9757281553398058,0.0242718446601941,0.9995514332804586,0.0299488268047529
J07A3091,0.1641221374045801,0.1183206106870229,0.1106870229007633,0.1183206106870229,0.0610687022900763,0.0725190839694656,0.0419847328244274,0.0381679389312977,0.0229007633587786,0.0305343511450381,0.0229007633587786,0.0076335877862595,0.0114503816793893,0.0076335877862595,0.0305343511450381,0.0038167938931297,0.0076335877862595,0.0038167938931297,0.0076335877862595,0.015267175572519,0.0038167938931297,0.0114503816793893,0.0076335877862595,0.0076335877862595,0.0114503816793893,0.0038167938931297,0.0038167938931297,0.0038167938931297,0.0,0.0,0.0,0.0038167938931297,0.0,0.0076335877862595,0.0,0.0,0.0038167938931297,0.0076335877862595,0.0,0.0,0.0114503816793893,0.0,0.0,0.0,0.0,0.0,0.0076335877862595,0.0,0.0,0.0,0.0,0.0,0.0,0.0038167938931297,0.0,0.0,0.0,0.0,0.0,0.0,0.0038167938931297,0.0,0.0,0.0,0.0,0.0,0.0,0.0,0.0,0.0,0.0,0.0,0.0,0.0,0.0,0.0,0.0,0.0,0.0,0.0,0.0,0.0,0.0,0.0,0.0,0.0,0.0,0.0,0.0,0.0,0.0,0.0,0.0,0.0,0.0,0.0,0.0,0.0,0.0,0.0,0.0,0.6046624321429843,0.3972595891835678,0.3678288770699452,0.3891760290110146,0.2008650472314914,0.238527243587396,0.1366830280496063,0.1264037260996258,0.0758422356597755,0.1028706246309079,0.0761025262903335,0.0256296509150688,0.0395140051312567,0.026615472577864,0.105370680350018,0.0131713350437522,0.0260728600065561,0.0138212299020796,0.0273580931793876,0.0564424995616465,0.0144069939189316,0.0427737501158302,0.0288139878378632,0.030468220394986,0.044596153051447,0.0148653843504823,0.0150747293120304,0.0162363701703757,0.0,0.0,0.0,0.0164116518005579,0.0,0.0329412771562037,0.0,0.0,0.0182488025622888,0.0371905365547095,0.0,0.0,0.0602635542630848,0.0,0.0,0.0,0.0,0.0,0.04488352607971,0.0,0.0,0.0,0.0,0.0,0.0,0.027190571013429,0.0,0.0,0.0,0.0,0.0,0.0,0.0286922778367064,0.0,0.0,0.0,0.0,0.0,0.0,0.0,0.0,0.0,0.0,0.0,0.0,0.0,0.0,0.0,0.0,0.0,0.0,0.0,0.0,0.0,0.0,0.0,0.0,0.0,0.0,0.0,0.0,0.0,0.0,0.0,0.0,0.0,0.0,0.0,0.0,0.0,0.0,0.0,0.0,0.9923664122137404,0.0076335877862595,0.9999570802897282,0.0092648571733069
J07A3092,0.2773109243697479,0.1974789915966386,0.1008403361344537,0.0378151260504201,0.0546218487394958,0.0126050420168067,0.042016806722689,0.0168067226890756,0.0168067226890756,0.0126050420168067,0.0126050420168067,0.0168067226890756,0.0084033613445378,0.0042016806722689,0.0126050420168067,0.0168067226890756,0.0042016806722689,0.0042016806722689,0.0168067226890756,0.0,0.0084033613445378,0.0042016806722689,0.0042016806722689,0.0084033613445378,0.0042016806722689,0.0084033613445378,0.0042016806722689,0.0042016806722689,0.0,0.0,0.0042016806722689,0.0126050420168067,0.0,0.0,0.0,0.0,0.0042016806722689,0.0084033613445378,0.0042016806722689,0.0,0.0,0.0,0.0084033613445378,0.0,0.0,0.0,0.0,0.0,0.0,0.0,0.0,0.0042016806722689,0.0,0.0042016806722689,0.0,0.0,0.0126050420168067,0.0,0.0,0.0,0.0,0.0,0.0042016806722689,0.0,0.0042016806722689,0.0,0.0,0.0,0.0,0.0042016806722689,0.0,0.0,0.0,0.0,0.0,0.0042016806722689,0.0042016806722689,0.0,0.0,0.0,0.0,0.0,0.0,0.0,0.0042016806722689,0.0,0.0,0.0,0.0,0.0,0.0,0.0,0.0,0.0,0.0,0.0,0.0,0.0,0.0,0.0,0.0,0.7793506928203573,0.5057722675900108,0.2556251171488816,0.0948792749550139,0.1370478416016868,0.0316264249850046,0.1043437319501086,0.042458468683419,0.042458468683419,0.0323941884154737,0.0319531396436102,0.0430444483055328,0.0221209743466427,0.0111750286543272,0.033181461519964,0.0442419486932854,0.0109472021141512,0.0116062294022344,0.045947329969513,0.0,0.0241962368912706,0.011972932456213,0.0120981184456353,0.0255853609184834,0.0124830468884771,0.0249660937769543,0.0126588420720566,0.0136343175095164,0.0,0.0,0.0132517657132563,0.0413445251290281,0.0,0.0,0.0,0.0,0.0153242360017568,0.0312303537314862,0.0153817721821857,0.0,0.0,0.0,0.0341408172081562,0.0,0.0,0.0,0.0,0.0,0.0,0.0,0.0,0.020695971310601,0.0,0.0228329900446933,0.0,0.0,0.0677947772529121,0.0,0.0,0.0,0.0,0.0,0.025226971671427,0.0,0.025226971671427,0.0,0.0,0.0,0.0,0.0308579227179219,0.0,0.0,0.0,0.0,0.0,0.0328446853139067,0.0316630875077761,0.0,0.0,0.0,0.0,0.0,0.0,0.0,0.0349171556024072,0.0,0.0,0.0,0.0,0.0,0.0,0.0,0.0,0.0,0.0,0.0,0.0,0.0,0.0,0.0,0.0,0.953781512605042,0.0462184873949579,0.998300985070687,0.0582678574078033
J07A3093,0.1798561151079136,0.1438848920863309,0.0827338129496402,0.0539568345323741,0.0431654676258992,0.039568345323741,0.0539568345323741,0.0215827338129496,0.0251798561151079,0.0251798561151079,0.0251798561151079,0.0251798561151079,0.0179856115107913,0.0107913669064748,0.0071942446043165,0.0107913669064748,0.014388489208633,0.0107913669064748,0.0035971223021582,0.0107913669064748,0.0071942446043165,0.0035971223021582,0.0107913669064748,0.0035971223021582,0.014388489208633,0.0071942446043165,0.0107913669064748,0.0,0.0,0.0107913669064748,0.0071942446043165,0.014388489208633,0.0035971223021582,0.0,0.014388489208633,0.0035971223021582,0.0071942446043165,0.0035971223021582,0.0071942446043165,0.0,0.0035971223021582,0.0071942446043165,0.0035971223021582,0.0,0.0,0.0,0.0035971223021582,0.0107913669064748,0.0,0.0035971223021582,0.0,0.0,0.0035971223021582,0.0,0.0,0.0107913669064748,0.0,0.0,0.0,0.0,0.0,0.0035971223021582,0.0,0.0,0.0,0.0071942446043165,0.0,0.0,0.0,0.0,0.0,0.0,0.0,0.0,0.0035971223021582,0.0035971223021582,0.0,0.0,0.0,0.0,0.0,0.0,0.0,0.0,0.0,0.0,0.0,0.0,0.0,0.0,0.0,0.0,0.0,0.0,0.0,0.0,0.0,0.0,0.0,0.0,0.0,0.6842989780093625,0.4988891313969752,0.2839272103789764,0.1832765932782612,0.146621274622609,0.1344028350707249,0.1814030235553653,0.0738146360184406,0.0861170753548474,0.0876053816459286,0.0864126292457754,0.0873055979944706,0.0640960339363487,0.0388558842649425,0.0256384135745394,0.0384576203618092,0.0507516334296149,0.0403551812129776,0.0133133449497331,0.0412001557397748,0.0280436620306499,0.0138767392973811,0.0420654930459749,0.0148268348039898,0.0578718665429344,0.0289359332714672,0.0440151446313789,0.0,0.0,0.0472379123354014,0.030717837706903,0.0638915819704442,0.0167415988910959,0.0,0.0667227325413741,0.0178276160234359,0.0355218621178427,0.0180981342073778,0.0356552320468719,0.0,0.019550813977681,0.0415382894068513,0.0197847612324614,0.0,0.0,0.0,0.0218417950893497,0.0687521045275657,0.0,0.0236558352719528,0.0,0.0,0.023765150371174,0.0,0.0,0.0798060853978044,0.0,0.0,0.0,0.0,0.0,0.029066061121927,0.0,0.0,0.0,0.0606544361671884,0.0,0.0,0.0,0.0,0.0,0.0,0.0,0.0,0.0357646174303046,0.0380672936285623,0.0,0.0,0.0,0.0,0.0,0.0,0.0,0.0,0.0,0.0,0.0,0.0,0.0,0.0,0.0,0.0,0.0,0.0,0.0,0.0,0.0,0.0,0.0,0.0,0.0,0.9676258992805756,0.0323741007194244,0.9991889953708278,0.0402660096090475
J07A3094,0.1584158415841584,0.1782178217821782,0.1485148514851485,0.0693069306930693,0.0495049504950495,0.099009900990099,0.0891089108910891,0.0396039603960396,0.0297029702970297,0.0099009900990099,0.0198019801980198,0.0099009900990099,0.0,0.0099009900990099,0.0,0.0099009900990099,0.0099009900990099,0.0,0.0099009900990099,0.0,0.0,0.0099009900990099,0.0099009900990099,0.0,0.0,0.0,0.0099009900990099,0.0,0.0,0.0,0.0,0.0099009900990099,0.0,0.0,0.0,0.0,0.0,0.0,0.0,0.0,0.0,0.0,0.0,0.0,0.0099009900990099,0.0,0.0,0.0,0.0,0.0,0.0,0.0,0.0,0.0,0.0,0.0,0.0,0.0,0.0,0.0,0.0,0.0,0.0,0.0,0.0,0.0,0.0,0.0,0.0099009900990099,0.0,0.0,0.0,0.0,0.0,0.0,0.0,0.0,0.0,0.0,0.0,0.0,0.0,0.0,0.0,0.0,0.0,0.0,0.0,0.0,0.0,0.0,0.0,0.0,0.0,0.0,0.0,0.0,0.0,0.0,0.0,0.0,0.5185728253983135,0.5316556598172499,0.438514868782295,0.2025478649865746,0.1446770464189818,0.2893540928379637,0.2577565183968157,0.116537342064475,0.0874030065483562,0.029637845588383,0.0584686491709726,0.0295364255454027,0.0,0.0306725178098149,0.0,0.0303581315362053,0.0300471938104539,0.0,0.0315283374297571,0.0,0.0,0.0328625541247898,0.0332061567775318,0.0,0.0,0.0,0.0347451958216179,0.0,0.0,0.0,0.0,0.0378266198857397,0.0,0.0,0.0,0.0,0.0,0.0,0.0,0.0,0.0,0.0,0.0,0.0,0.0491849797935404,0.0,0.0,0.0,0.0,0.0,0.0,0.0,0.0,0.0,0.0,0.0,0.0,0.0,0.0,0.0,0.0,0.0,0.0,0.0,0.0,0.0,0.0,0.0,0.0813581104162738,0.0,0.0,0.0,0.0,0.0,0.0,0.0,0.0,0.0,0.0,0.0,0.0,0.0,0.0,0.0,0.0,0.0,0.0,0.0,0.0,0.0,0.0,0.0,0.0,0.0,0.0,0.0,0.0,0.0,0.0,0.0,0.0,0.99009900990099,0.0099009900990099,0.9999274689115476,0.0120439576612446
J07A3095,0.0,0.0272727272727272,0.0454545454545454,0.0636363636363636,0.1,0.0181818181818181,0.0545454545454545,0.0727272727272727,0.0818181818181818,0.0454545454545454,0.0181818181818181,0.0545454545454545,0.009090909090909,0.0454545454545454,0.0363636363636363,0.0272727272727272,0.009090909090909,0.0272727272727272,0.0181818181818181,0.0181818181818181,0.0272727272727272,0.009090909090909,0.0,0.0363636363636363,0.0181818181818181,0.0181818181818181,0.0,0.0181818181818181,0.009090909090909,0.009090909090909,0.0181818181818181,0.0,0.0,0.009090909090909,0.0,0.009090909090909,0.0,0.0,0.0,0.0,0.0,0.0,0.0,0.0181818181818181,0.0,0.009090909090909,0.0,0.0,0.009090909090909,0.0,0.0,0.0,0.0,0.0,0.0,0.0,0.0,0.0,0.0,0.009090909090909,0.0,0.0,0.0,0.0,0.0,0.0,0.0,0.0,0.0,0.0,0.0,0.0,0.0,0.0,0.0,0.0,0.0,0.0,0.0,0.0,0.0,0.0,0.0,0.0,0.0,0.0,0.0,0.0,0.0,0.0,0.0,0.0,0.0,0.0,0.0,0.0,0.0,0.0,0.0,0.0,0.0,0.0,0.1220670233395284,0.2013641865141747,0.2790273874393051,0.4384716088331938,0.0797221106969443,0.2367214219660516,0.3210807489629813,0.3612158425833539,0.2041436137676444,0.0805456746056698,0.2441340466790569,0.0418209796022663,0.2112703708633388,0.1672839184090655,0.1254629388067991,0.0413926357079554,0.131653482025868,0.086866081001773,0.0896067336768656,0.1372331498998839,0.0452710406136873,0.0,0.1934824100098312,0.0943996844110748,0.0943996844110748,0.0,0.1031058588145504,0.0499293577367253,0.051369162981137,0.1002129137539039,0.0,0.0,0.0522967670113164,0.0,0.0581602573736113,0.0,0.0,0.0,0.0,0.0,0.0,0.0,0.1360730804595813,0.0,0.0715622680905321,0.0,0.0,0.0734521672150395,0.0,0.0,0.0,0.0,0.0,0.0,0.0,0.0,0.0,0.0,0.0942702952842432,0.0,0.0,0.0,0.0,0.0,0.0,0.0,0.0,0.0,0.0,0.0,0.0,0.0,0.0,0.0,0.0,0.0,0.0,0.0,0.0,0.0,0.0,0.0,0.0,0.0,0.0,0.0,0.0,0.0,0.0,0.0,0.0,0.0,0.0,0.0,0.0,0.0,0.0,0.0,0.0,0.0,0.990909090909091,0.009090909090909,0.9999389509824332,0.0110496293218819
J07A3096,0.182648401826484,0.1552511415525114,0.1780821917808219,0.091324200913242,0.0593607305936073,0.0502283105022831,0.0776255707762557,0.0228310502283105,0.0273972602739726,0.0182648401826484,0.0365296803652968,0.0182648401826484,0.0,0.0091324200913242,0.0045662100456621,0.0045662100456621,0.0045662100456621,0.0,0.0045662100456621,0.0091324200913242,0.0045662100456621,0.0182648401826484,0.0045662100456621,0.0091324200913242,0.0,0.0,0.0,0.0,0.0,0.0,0.0045662100456621,0.0045662100456621,0.0,0.0,0.0,0.0,0.0,0.0,0.0,0.0,0.0,0.0,0.0,0.0,0.0,0.0,0.0,0.0,0.0,0.0,0.0,0.0,0.0,0.0,0.0,0.0,0.0,0.0,0.0,0.0,0.0,0.0,0.0,0.0,0.0,0.0,0.0,0.0,0.0,0.0,0.0,0.0,0.0,0.0,0.0,0.0,0.0,0.0,0.0,0.0,0.0,0.0,0.0,0.0,0.0,0.0,0.0,0.0,0.0,0.0,0.0,0.0,0.0,0.0,0.0,0.0,0.0,0.0,0.0,0.0,0.0,0.5811030830790253,0.450132395401988,0.5110472877379261,0.2593958606612664,0.1686073094298231,0.1426677233636965,0.2182325287316931,0.0652947912527867,0.078353749503344,0.0531385914686164,0.1048302128693181,0.0529567524002338,0.0,0.0274968433240045,0.0136075034928082,0.0136075034928082,0.0134681310751032,0.0,0.0141320278946088,0.0291557958011344,0.0148840811824706,0.0589202691216185,0.0148840811824706,0.0314771747941439,0.0,0.0,0.0,0.0,0.0,0.0,0.0163033911077592,0.0169551232625258,0.0,0.0,0.0,0.0,0.0,0.0,0.0,0.0,0.0,0.0,0.0,0.0,0.0,0.0,0.0,0.0,0.0,0.0,0.0,0.0,0.0,0.0,0.0,0.0,0.0,0.0,0.0,0.0,0.0,0.0,0.0,0.0,0.0,0.0,0.0,0.0,0.0,0.0,0.0,0.0,0.0,0.0,0.0,0.0,0.0,0.0,0.0,0.0,0.0,0.0,0.0,0.0,0.0,0.0,0.0,0.0,0.0,0.0,0.0,0.0,0.0,0.0,0.0,0.0,0.0,0.0,0.0,0.0,0.0,1.0,0.0,1.0,0.0
J07A3097,0.17578125,0.1953125,0.1640625,0.1015625,0.09765625,0.046875,0.05078125,0.015625,0.015625,0.01953125,0.0234375,0.015625,0.0078125,0.015625,0.015625,0.0078125,0.0078125,0.0078125,0.0,0.0,0.0,0.00390625,0.00390625,0.0,0.0,0.00390625,0.0,0.0,0.0,0.0,0.0,0.0,0.00390625,0.0,0.0,0.0,0.0,0.0,0.0,0.0,0.0,0.0,0.0,0.0,0.0,0.0,0.0,0.0,0.0,0.0,0.0,0.0,0.0,0.0,0.0,0.0,0.0,0.0,0.0,0.0,0.0,0.0,0.0,0.0,0.0,0.0,0.0,0.0,0.0,0.0,0.0,0.0,0.0,0.0,0.0,0.0,0.0,0.0,0.0,0.0,0.0,0.0,0.0,0.0,0.0,0.0,0.0,0.0,0.0,0.0,0.0,0.0,0.0,0.0,0.0,0.0,0.0,0.0,0.0,0.0,0.0,0.5395198284092179,0.5463023457749918,0.4542003656422457,0.2782967292561255,0.2675930089001207,0.1284446442720579,0.1377259016812433,0.0431092267697331,0.0431092267697331,0.0548178199280134,0.0648857665203208,0.0437041876619993,0.0224600210287206,0.0453852302596857,0.0449200420574413,0.0224600210287206,0.0222299782854553,0.0235682345952273,0.0,0.0,0.0,0.0121564407845719,0.0122835454912121,0.0,0.0,0.0126743737063396,0.0,0.0,0.0,0.0,0.0,0.0,0.0146661439115651,0.0,0.0,0.0,0.0,0.0,0.0,0.0,0.0,0.0,0.0,0.0,0.0,0.0,0.0,0.0,0.0,0.0,0.0,0.0,0.0,0.0,0.0,0.0,0.0,0.0,0.0,0.0,0.0,0.0,0.0,0.0,0.0,0.0,0.0,0.0,0.0,0.0,0.0,0.0,0.0,0.0,0.0,0.0,0.0,0.0,0.0,0.0,0.0,0.0,0.0,0.0,0.0,0.0,0.0,0.0,0.0,0.0,0.0,0.0,0.0,0.0,0.0,0.0,0.0,0.0,0.0,0.0,0.0,1.0,0.0,1.0,0.0
J07A3098,0.2314049586776859,0.1900826446280991,0.1198347107438016,0.0661157024793388,0.0371900826446281,0.0371900826446281,0.0330578512396694,0.0165289256198347,0.024793388429752,0.0082644628099173,0.0165289256198347,0.0082644628099173,0.0082644628099173,0.0041322314049586,0.0041322314049586,0.0041322314049586,0.012396694214876,0.0,0.0082644628099173,0.0,0.0082644628099173,0.0,0.0082644628099173,0.0,0.0,0.012396694214876,0.0041322314049586,0.0082644628099173,0.0,0.0041322314049586,0.0,0.0,0.0082644628099173,0.0041322314049586,0.0041322314049586,0.0082644628099173,0.0,0.0041322314049586,0.0,0.0,0.0041322314049586,0.0082644628099173,0.0041322314049586,0.0,0.0041322314049586,0.0,0.0,0.0,0.0,0.0,0.0,0.0041322314049586,0.0,0.0,0.0,0.0,0.0,0.0,0.0,0.0,0.0,0.0041322314049586,0.0,0.0041322314049586,0.0041322314049586,0.0,0.0082644628099173,0.0,0.0041322314049586,0.0,0.0,0.0,0.0,0.0041322314049586,0.0,0.0041322314049586,0.0041322314049586,0.0082644628099173,0.0041322314049586,0.0082644628099173,0.0,0.0,0.0,0.0,0.0,0.0,0.0,0.0,0.0,0.0,0.0041322314049586,0.0041322314049586,0.0,0.0,0.0,0.0,0.0041322314049586,0.0,0.0,0.0,0.0,0.7067131328024046,0.5290310114359961,0.3301082856294884,0.1802664785665131,0.1013998941936636,0.1013998941936636,0.0892118400738591,0.0453764453213305,0.0680646679819957,0.023080328690511,0.0455321773282053,0.0230013483233041,0.0236412478834165,0.0119430373355741,0.0118206239417082,0.0118206239417082,0.0350986599534376,0.0,0.0245525400547117,0.0,0.0258591337446767,0.0,0.0258591337446767,0.0,0.0,0.0400228490670786,0.013528826472688,0.0291426837636203,0.0,0.0145194006351643,0.0,0.0,0.0308749438180665,0.0147815862298549,0.0153813013321151,0.0328777822664473,0.0,0.016688336654685,0.0,0.0,0.0180278564516144,0.0383025647692832,0.0182435798241168,0.0,0.0191512823846416,0.0,0.0,0.0,0.0,0.0,0.0,0.0221183108969273,0.0,0.0,0.0,0.0,0.0,0.0,0.0,0.0,0.0,0.0268018906076311,0.0,0.0292648363375877,0.0269607062187406,0.0,0.0577550321733219,0.0,0.03167861719987,0.0,0.0,0.0,0.0,0.0321804079056582,0.0,0.0351019505285365,0.033839146901739,0.0708831850863054,0.0327061022364752,0.0772337636959689,0.0,0.0,0.0,0.0,0.0,0.0,0.0,0.0,0.0,0.0,0.0430922007661422,0.0438045443410173,0.0,0.0,0.0,0.0,0.0472278776696839,0.0,0.0,0.0,0.0,0.9256198347107438,0.0743801652892562,0.9953486173732152,0.0963386209846765
J07A3099,0.278969957081545,0.2017167381974249,0.1502145922746781,0.0643776824034334,0.0429184549356223,0.0429184549356223,0.0257510729613733,0.03862660944206,0.0085836909871244,0.0300429184549356,0.0429184549356223,0.0171673819742489,0.0085836909871244,0.0,0.0042918454935622,0.0042918454935622,0.0085836909871244,0.0,0.0042918454935622,0.0,0.0042918454935622,0.0,0.0,0.0,0.0,0.0042918454935622,0.0,0.0,0.0,0.0,0.0,0.0,0.0,0.0,0.0,0.0,0.0,0.0,0.0085836909871244,0.0,0.0,0.0,0.0,0.0,0.0,0.0,0.0042918454935622,0.0,0.0,0.0,0.0,0.0,0.0,0.0,0.0,0.0,0.0,0.0,0.0042918454935622,0.0,0.0,0.0,0.0,0.0,0.0,0.0,0.0,0.0,0.0,0.0,0.0,0.0,0.0,0.0,0.0,0.0,0.0,0.0,0.0,0.0,0.0,0.0,0.0,0.0,0.0,0.0,0.0,0.0,0.0,0.0,0.0,0.0,0.0,0.0,0.0,0.0,0.0,0.0,0.0,0.0,0.0,0.7430391106611274,0.4896258511361489,0.3608856837325965,0.1530838703895585,0.102055913593039,0.102055913593039,0.0606075799413441,0.0924817782591311,0.0205515062798069,0.0731733968284309,0.1031101953521704,0.0416702852030765,0.0214147781254303,0.0,0.0107073890627151,0.0107073890627151,0.0211954410954207,0.0,0.0111201236136146,0.0,0.0117118947017709,0.0,0.0,0.0,0.0,0.0120845345804875,0.0,0.0,0.0,0.0,0.0,0.0,0.0,0.0,0.0,0.0,0.0,0.0,0.029781440301468,0.0,0.0,0.0,0.0,0.0,0.0,0.0,0.0182436091195607,0.0,0.0,0.0,0.0,0.0,0.0,0.0,0.0,0.0,0.0,0.0,0.0228185108633916,0.0,0.0,0.0,0.0,0.0,0.0,0.0,0.0,0.0,0.0,0.0,0.0,0.0,0.0,0.0,0.0,0.0,0.0,0.0,0.0,0.0,0.0,0.0,0.0,0.0,0.0,0.0,0.0,0.0,0.0,0.0,0.0,0.0,0.0,0.0,0.0,0.0,0.0,0.0,0.0,0.0,0.0,0.9957081545064378,0.0042918454935622,0.9999865232026668,0.0051916676552663
J07A3100,0.0630252100840336,0.088235294117647,0.1008403361344537,0.0546218487394958,0.0672268907563025,0.0672268907563025,0.0462184873949579,0.0294117647058823,0.0294117647058823,0.0588235294117647,0.042016806722689,0.0252100840336134,0.0168067226890756,0.0168067226890756,0.0084033613445378,0.0168067226890756,0.042016806722689,0.0126050420168067,0.0126050420168067,0.0084033613445378,0.0126050420168067,0.0042016806722689,0.0,0.0,0.0084033613445378,0.0084033613445378,0.0084033613445378,0.0042016806722689,0.0042016806722689,0.0126050420168067,0.0210084033613445,0.0,0.0042016806722689,0.0126050420168067,0.0042016806722689,0.0084033613445378,0.0084033613445378,0.0,0.0042016806722689,0.0,0.0,0.0042016806722689,0.0,0.0,0.0042016806722689,0.0,0.0,0.0126050420168067,0.0084033613445378,0.0,0.0,0.0,0.0,0.0,0.0,0.0042016806722689,0.0042016806722689,0.0,0.0,0.0126050420168067,0.0042016806722689,0.0,0.0,0.0,0.0,0.0,0.0,0.0,0.0,0.0,0.0,0.0,0.0,0.0,0.0042016806722689,0.0,0.0,0.0,0.0,0.0,0.0,0.0,0.0,0.0,0.0042016806722689,0.0042016806722689,0.0,0.0,0.0,0.0,0.0,0.0,0.0,0.0,0.0,0.0,0.0,0.0,0.0,0.0,0.0,0.3047008571518398,0.3887495290502275,0.4397409911844815,0.2357575592640985,0.2901631498635058,0.2901631498635058,0.1974478810444716,0.1278191137659549,0.1278191137659549,0.2600562593880643,0.1832254129935339,0.1110712940143507,0.0761075382079426,0.0768957015144446,0.0380537691039713,0.0761075382079426,0.1883200509428017,0.0598971049266708,0.0592809246850329,0.0407675045626585,0.0624356321799054,0.0205965252726457,0.0,0.0,0.0429481067663958,0.0429481067663958,0.0435529326859682,0.0234545351514371,0.0227158745310686,0.0701127861807375,0.1139822380266706,0.0,0.024848687957266,0.0713788551461252,0.0247582738566644,0.0529212138541827,0.0527232597775806,0.0,0.0264606069270913,0.0,0.0,0.030826565564727,0.0,0.0,0.030826565564727,0.0,0.0,0.1020451871367817,0.0668356369929682,0.0,0.0,0.0,0.0,0.0,0.0,0.0394840127684514,0.0388748216904985,0.0,0.0,0.128667719559421,0.041447936455877,0.0,0.0,0.0,0.0,0.0,0.0,0.0,0.0,0.0,0.0,0.0,0.0,0.0,0.053083568912244,0.0,0.0,0.0,0.0,0.0,0.0,0.0,0.0,0.0,0.0600664941896243,0.065398252141246,0.0,0.0,0.0,0.0,0.0,0.0,0.0,0.0,0.0,0.0,0.0,0.0,0.0,0.0,0.0,0.96218487394958,0.0378151260504201,0.9988814475503816,0.0472848151064852
J07A3101,0.1725888324873096,0.1878172588832487,0.1370558375634517,0.0862944162436548,0.0761421319796954,0.0558375634517766,0.0609137055837563,0.0253807106598984,0.015228426395939,0.0050761421319796,0.0253807106598984,0.0,0.0304568527918781,0.0101522842639593,0.0050761421319796,0.0253807106598984,0.0101522842639593,0.0050761421319796,0.0050761421319796,0.0101522842639593,0.0,0.0050761421319796,0.0050761421319796,0.0,0.0,0.0050761421319796,0.0,0.0101522842639593,0.0,0.0,0.0,0.0050761421319796,0.0,0.0,0.0,0.0,0.0,0.0,0.0,0.0,0.0050761421319796,0.0,0.0050761421319796,0.0,0.0,0.0,0.0050761421319796,0.0,0.0050761421319796,0.0,0.0,0.0,0.0,0.0,0.0,0.0,0.0,0.0,0.0,0.0,0.0,0.0,0.0,0.0,0.0,0.0,0.0,0.0,0.0,0.0,0.0,0.0,0.0,0.0,0.0,0.0,0.0,0.0,0.0,0.0,0.0,0.0,0.0,0.0,0.0,0.0,0.0,0.0,0.0,0.0,0.0,0.0,0.0,0.0,0.0,0.0,0.0,0.0,0.0,0.0,0.0,0.5635528452362447,0.5588890722356472,0.4036665717262119,0.2515616928817454,0.2219661996015401,0.1627752130411294,0.1757576961229519,0.0744973937065918,0.0446984362239551,0.0151569768954667,0.0747530688381874,0.0,0.0931520134103464,0.03137222929263,0.015525335568391,0.0776266778419553,0.0307326401981913,0.0162913805992242,0.0161237860744715,0.033264993377759,0.0,0.0168061127152475,0.0169818332295237,0.0,0.0,0.0175221478785342,0.0,0.0382763166331067,0.0,0.0,0.0,0.019344766539525,0.0,0.0,0.0,0.0,0.0,0.0,0.0,0.0,0.0236779820058847,0.0,0.0239613154208178,0.0,0.0,0.0,0.026452588198744,0.0,0.027267882175033,0.0,0.0,0.0,0.0,0.0,0.0,0.0,0.0,0.0,0.0,0.0,0.0,0.0,0.0,0.0,0.0,0.0,0.0,0.0,0.0,0.0,0.0,0.0,0.0,0.0,0.0,0.0,0.0,0.0,0.0,0.0,0.0,0.0,0.0,0.0,0.0,0.0,0.0,0.0,0.0,0.0,0.0,0.0,0.0,0.0,0.0,0.0,0.0,0.0,0.0,0.0,0.0,1.0,0.0,1.0,0.0
J07A3102,0.0941176470588235,0.1411764705882353,0.0627450980392156,0.0627450980392156,0.0705882352941176,0.0431372549019607,0.0392156862745098,0.0313725490196078,0.0235294117647058,0.0274509803921568,0.0235294117647058,0.0313725490196078,0.0117647058823529,0.0470588235294117,0.0196078431372549,0.0117647058823529,0.0235294117647058,0.0117647058823529,0.0156862745098039,0.0156862745098039,0.0117647058823529,0.0196078431372549,0.0274509803921568,0.0078431372549019,0.0039215686274509,0.0196078431372549,0.0117647058823529,0.0274509803921568,0.0,0.0078431372549019,0.0078431372549019,0.0,0.0,0.0039215686274509,0.0039215686274509,0.0078431372549019,0.0039215686274509,0.0039215686274509,0.0039215686274509,0.0,0.0,0.0039215686274509,0.0078431372549019,0.0,0.0,0.0078431372549019,0.0,0.0,0.0,0.0,0.0,0.0,0.0,0.0,0.0,0.0,0.0,0.0,0.0,0.0,0.0,0.0,0.0,0.0,0.0,0.0,0.0,0.0,0.0,0.0,0.0,0.0,0.0,0.0,0.0,0.0,0.0,0.0,0.0,0.0,0.0,0.0,0.0,0.0,0.0,0.0,0.0,0.0,0.0,0.0,0.0,0.0,0.0,0.0,0.0,0.0,0.0,0.0,0.0,0.0,0.0,0.4255122779371124,0.5816631076859413,0.2558728045192047,0.2532565546950139,0.2849136240318907,0.1741138813528221,0.1566672533543986,0.1274988261574841,0.0956241196181131,0.1134895184148561,0.0959523016947017,0.1292584683746536,0.0498204189313743,0.2013454201082932,0.0830340315522905,0.0498204189313743,0.0986202844245356,0.0522786385420413,0.0689877757940817,0.0711643622142159,0.0544942840037618,0.0898840020121917,0.1271533293421109,0.0384152276927987,0.0187427134621463,0.0937135673107316,0.0570199852260741,0.1432990487266971,0.0,0.0407966407325316,0.0397938179436509,0.0,0.0,0.0207666651685275,0.0216092055110512,0.0461900289450711,0.0230086265775674,0.0234454607332699,0.0230950144725355,0.0,0.0,0.0269056556343395,0.0512608468118995,0.0,0.0,0.0568337105739216,0.0,0.0,0.0,0.0,0.0,0.0,0.0,0.0,0.0,0.0,0.0,0.0,0.0,0.0,0.0,0.0,0.0,0.0,0.0,0.0,0.0,0.0,0.0,0.0,0.0,0.0,0.0,0.0,0.0,0.0,0.0,0.0,0.0,0.0,0.0,0.0,0.0,0.0,0.0,0.0,0.0,0.0,0.0,0.0,0.0,0.0,0.0,0.0,0.0,0.0,0.0,0.0,0.0,0.0,0.0,1.0,0.0,1.0,0.0
J07A3103,0.0875912408759124,0.1094890510948905,0.1240875912408759,0.0510948905109489,0.0510948905109489,0.0437956204379562,0.0437956204379562,0.0437956204379562,0.0291970802919708,0.0,0.0364963503649635,0.0437956204379562,0.0218978102189781,0.0072992700729927,0.0583941605839416,0.0218978102189781,0.0072992700729927,0.0218978102189781,0.0145985401459854,0.0145985401459854,0.0145985401459854,0.0291970802919708,0.0218978102189781,0.0,0.0072992700729927,0.0145985401459854,0.0072992700729927,0.0145985401459854,0.0,0.0,0.0072992700729927,0.0,0.0072992700729927,0.0,0.0072992700729927,0.0,0.0145985401459854,0.0,0.0,0.0,0.0,0.0,0.0,0.0,0.0072992700729927,0.0,0.0,0.0,0.0,0.0,0.0,0.0,0.0,0.0,0.0072992700729927,0.0,0.0,0.0,0.0,0.0,0.0,0.0,0.0,0.0,0.0,0.0,0.0,0.0,0.0,0.0,0.0,0.0,0.0,0.0,0.0,0.0,0.0,0.0,0.0,0.0,0.0,0.0,0.0,0.0,0.0,0.0,0.0,0.0,0.0072992700729927,0.0,0.0,0.0,0.0,0.0,0.0,0.0,0.0,0.0,0.0,0.0,0.0,0.3887668158136635,0.4428609270446715,0.4967754841072007,0.2024630798582079,0.2024630798582079,0.1735397827356067,0.171765748873259,0.1747328405147123,0.1164885603431415,0.0,0.1461104365021178,0.1771443708178686,0.0910362715000937,0.0306596785070654,0.2427633906669166,0.0910362715000937,0.0300346162639839,0.0955281475758809,0.063030279773727,0.0650189052864881,0.0663845138222436,0.1313951923522475,0.0995767707333654,0.0,0.0342483421052466,0.0684966842104933,0.0347306517241619,0.074813909554166,0.0,0.0,0.0363573901228491,0.0,0.0396304484691672,0.0,0.0394862496542864,0.0,0.0840867909539241,0.0,0.0,0.0,0.0,0.0,0.0,0.0,0.0491643913028852,0.0,0.0,0.0,0.0,0.0,0.0,0.0,0.0,0.0,0.0613706278025444,0.0,0.0,0.0,0.0,0.0,0.0,0.0,0.0,0.0,0.0,0.0,0.0,0.0,0.0,0.0,0.0,0.0,0.0,0.0,0.0,0.0,0.0,0.0,0.0,0.0,0.0,0.0,0.0,0.0,0.0,0.0,0.0,0.0,0.1043017669952827,0.0,0.0,0.0,0.0,0.0,0.0,0.0,0.0,0.0,0.0,0.0,0.0,0.9854014598540146,0.0145985401459854,0.999840830371886,0.0178413542439282
J07A3104,0.1510204081632653,0.1346938775510204,0.1510204081632653,0.0775510204081632,0.0693877551020408,0.0285714285714285,0.0489795918367346,0.036734693877551,0.036734693877551,0.0244897959183673,0.036734693877551,0.0326530612244898,0.0,0.0040816326530612,0.0204081632653061,0.0122448979591836,0.0040816326530612,0.0163265306122449,0.0081632653061224,0.0040816326530612,0.0040816326530612,0.0040816326530612,0.0040816326530612,0.0081632653061224,0.0163265306122449,0.0040816326530612,0.0163265306122449,0.0,0.0,0.0,0.0040816326530612,0.0040816326530612,0.0,0.0,0.0081632653061224,0.0081632653061224,0.0,0.0,0.0040816326530612,0.0,0.0040816326530612,0.0,0.0,0.0,0.0,0.0,0.0,0.0,0.0,0.0,0.0,0.0,0.0,0.0,0.0,0.0,0.0,0.0,0.0,0.0,0.0040816326530612,0.0,0.0,0.0,0.0,0.0,0.0,0.0,0.0081632653061224,0.0,0.0,0.0,0.0,0.0,0.0,0.0,0.0,0.0,0.0,0.0,0.0,0.0,0.0,0.0,0.0,0.0,0.0,0.0,0.0,0.0,0.0,0.0,0.0,0.0,0.0,0.0,0.0,0.0,0.0,0.0,0.0,0.552648886403264,0.4491895863336435,0.4984855707241809,0.2533617404201059,0.2266920835337789,0.0933437991021442,0.1583821363053799,0.1208385289775421,0.1208385289775421,0.0819512692845941,0.1212532469329088,0.1088944451717923,0.0,0.0141353716099949,0.069952436462854,0.0419714618777124,0.0138471922318811,0.0587232017621378,0.0290595489146521,0.0149881934947194,0.0153029943189067,0.015144645688618,0.0153029943189067,0.0323631012989449,0.0631595719534156,0.0157898929883539,0.0640490301638625,0.0,0.0,0.0,0.0167622507860804,0.0174323259717484,0.0,0.0,0.0364095671922814,0.0389130216200895,0.0,0.0,0.0194565108100447,0.0,0.0213371559608344,0.0,0.0,0.0,0.0,0.0,0.0,0.0,0.0,0.0,0.0,0.0,0.0,0.0,0.0,0.0,0.0,0.0,0.0,0.0,0.0304767092429072,0.0,0.0,0.0,0.0,0.0,0.0,0.0,0.0749874615022982,0.0,0.0,0.0,0.0,0.0,0.0,0.0,0.0,0.0,0.0,0.0,0.0,0.0,0.0,0.0,0.0,0.0,0.0,0.0,0.0,0.0,0.0,0.0,0.0,0.0,0.0,0.0,0.0,0.0,0.0,0.0,0.0,0.9877551020408164,0.0122448979591836,0.9998885421628988,0.0149299447873446
J07A3105,0.2945736434108527,0.1317829457364341,0.0736434108527131,0.0620155038759689,0.0581395348837209,0.0232558139534883,0.0232558139534883,0.0116279069767441,0.0155038759689922,0.0155038759689922,0.0155038759689922,0.0193798449612403,0.0155038759689922,0.0,0.0077519379844961,0.0077519379844961,0.0077519379844961,0.0,0.0,0.0,0.003875968992248,0.0116279069767441,0.003875968992248,0.0,0.0,0.0,0.0,0.0116279069767441,0.003875968992248,0.003875968992248,0.003875968992248,0.0,0.0077519379844961,0.0,0.003875968992248,0.0,0.0077519379844961,0.0077519379844961,0.003875968992248,0.0,0.0,0.0,0.0,0.0,0.0,0.0155038759689922,0.003875968992248,0.0,0.003875968992248,0.0,0.0,0.0,0.0,0.0,0.0,0.0,0.0,0.0,0.003875968992248,0.0,0.0,0.0,0.003875968992248,0.0,0.0116279069767441,0.0,0.0,0.0,0.003875968992248,0.0,0.003875968992248,0.003875968992248,0.003875968992248,0.0,0.003875968992248,0.0116279069767441,0.003875968992248,0.0,0.0,0.003875968992248,0.003875968992248,0.003875968992248,0.0,0.003875968992248,0.0077519379844961,0.0077519379844961,0.0,0.003875968992248,0.0077519379844961,0.0,0.0,0.003875968992248,0.003875968992248,0.0,0.0077519379844961,0.003875968992248,0.0,0.0,0.003875968992248,0.0,0.0,0.8452836754707083,0.3446164234097399,0.1906100445316851,0.1588725000226581,0.148942968771242,0.0595771875084968,0.0589681516643956,0.0299933854910299,0.0399911806547066,0.0406823226321938,0.0401284304277231,0.0506788857955499,0.0416710215316923,0.0,0.0208355107658461,0.0208355107658461,0.0206221067780324,0.0,0.0,0.0,0.0113950892564898,0.0338315337083743,0.0113950892564898,0.0,0.0,0.0,0.0,0.0385260565112867,0.012437581335361,0.0127962419640211,0.0124816973637026,0.0,0.0272107135582918,0.0,0.01355585251161,0.0,0.0288674702288989,0.0294155384476688,0.0144879278316401,0.0,0.0,0.0,0.0,0.0,0.0,0.0713056662664998,0.0177501215278577,0.0,0.0182971971883311,0.0,0.0,0.0,0.0,0.0,0.0,0.0,0.0,0.0,0.0222012726898248,0.0,0.0,0.0,0.0237610166538386,0.0,0.0712830499615158,0.0,0.0,0.0,0.0279190071932711,0.0,0.0295637086193731,0.029064749631993,0.0265125835197065,0.0,0.029064749631993,0.0928081806526655,0.0298231257950137,0.0,0.0,0.0340338404070238,0.0318631964323374,0.0386058324717483,0.0,0.0340338404070238,0.065776195936604,0.0716147713428077,0.0,0.036306344658784,0.0716147713428077,0.0,0.0,0.0386058324717483,0.0379780296460902,0.0,0.0772116649434966,0.0392769652914397,0.0,0.0,0.0425500217108146,0.0,0.0,0.8798449612403101,0.1201550387596899,0.9867401788666518,0.1623077922042194
J07A3106,0.1146245059288537,0.0988142292490118,0.0948616600790513,0.0434782608695652,0.0434782608695652,0.0513833992094861,0.0395256916996047,0.0197628458498023,0.0316205533596837,0.0316205533596837,0.0434782608695652,0.0237154150197628,0.0118577075098814,0.0395256916996047,0.0316205533596837,0.0118577075098814,0.0276679841897233,0.0237154150197628,0.0079051383399209,0.0,0.0118577075098814,0.0079051383399209,0.0079051383399209,0.0118577075098814,0.0079051383399209,0.0039525691699604,0.0079051383399209,0.0118577075098814,0.0079051383399209,0.0079051383399209,0.0079051383399209,0.0039525691699604,0.0079051383399209,0.0039525691699604,0.0,0.0039525691699604,0.0,0.0,0.0,0.0039525691699604,0.0079051383399209,0.0,0.0039525691699604,0.0,0.0039525691699604,0.0079051383399209,0.0,0.0,0.0,0.0,0.0118577075098814,0.0039525691699604,0.0039525691699604,0.0,0.0,0.0,0.0,0.0039525691699604,0.0,0.0,0.0,0.0,0.0,0.0039525691699604,0.0118577075098814,0.0,0.0,0.0,0.0039525691699604,0.0039525691699604,0.0,0.0,0.0039525691699604,0.0,0.0039525691699604,0.0,0.0,0.0,0.0,0.0,0.0039525691699604,0.0,0.0,0.0,0.0039525691699604,0.0,0.0,0.0,0.0039525691699604,0.0,0.0,0.0,0.0,0.0,0.0,0.0,0.0,0.0,0.0,0.0,0.0,0.532149080285254,0.4180646925451455,0.3972371451913438,0.1802054248444321,0.1802054248444321,0.2129700475434197,0.1621484095959594,0.082474685376742,0.1319594966027872,0.1342400681172351,0.1820670248793659,0.1003355262108349,0.0515634347456948,0.1736580712250964,0.1375024926551863,0.0515634347456948,0.1190823794982452,0.1082153151208741,0.0357006901157207,0.0,0.0564008195336912,0.037211472499432,0.0376005463557941,0.0596388326975072,0.0387968910455719,0.0193984455227859,0.0393432565799322,0.0635625022828827,0.0410404730518327,0.0422239508895559,0.041186043370007,0.0214162328996038,0.0448937991398389,0.0214932071482187,0.0,0.0239030160173046,0.0,0.0,0.0,0.0273948589430597,0.0524269110402102,0.0,0.0265271286983287,0.0,0.0278469761665878,0.0588220932178595,0.0,0.0,0.0,0.0,0.0983179817643027,0.032161192343227,0.0318639782923898,0.0,0.0,0.0,0.0,0.0366289356819188,0.0,0.0,0.0,0.0,0.0,0.0425526178166241,0.1176068727559046,0.0,0.0,0.0,0.0460623826873695,0.0479526944132924,0.0,0.0,0.0437419840777827,0.0,0.0479526944132924,0.0,0.0,0.0,0.0,0.0,0.052569732782722,0.0,0.0,0.0,0.0542606742420533,0.0,0.0,0.0,0.0590770828780745,0.0,0.0,0.0,0.0,0.0,0.0,0.0,0.0,0.0,0.0,0.0,0.0,0.9407114624505928,0.0592885375494071,0.9971310172221464,0.0756950097002929
J07A3107,0.0100502512562814,0.0351758793969849,0.050251256281407,0.0452261306532663,0.0402010050251256,0.0301507537688442,0.050251256281407,0.0301507537688442,0.0301507537688442,0.0351758793969849,0.0251256281407035,0.0301507537688442,0.0150753768844221,0.0251256281407035,0.0201005025125628,0.050251256281407,0.0351758793969849,0.0050251256281407,0.0301507537688442,0.0201005025125628,0.0301507537688442,0.0150753768844221,0.0351758793969849,0.0100502512562814,0.0201005025125628,0.0150753768844221,0.0100502512562814,0.0150753768844221,0.0,0.0050251256281407,0.0100502512562814,0.0100502512562814,0.0050251256281407,0.0100502512562814,0.0050251256281407,0.0,0.0,0.0050251256281407,0.0050251256281407,0.0050251256281407,0.0050251256281407,0.0050251256281407,0.0050251256281407,0.0100502512562814,0.0100502512562814,0.0050251256281407,0.0100502512562814,0.0050251256281407,0.0100502512562814,0.0050251256281407,0.0050251256281407,0.0100502512562814,0.0,0.0,0.0050251256281407,0.0050251256281407,0.0100502512562814,0.0,0.0,0.0100502512562814,0.0,0.0,0.0050251256281407,0.0050251256281407,0.0,0.0,0.0,0.0,0.0,0.0,0.0,0.0050251256281407,0.0050251256281407,0.0,0.0,0.0,0.0,0.0,0.0,0.0,0.0,0.0050251256281407,0.0,0.0,0.0050251256281407,0.0,0.0100502512562814,0.0100502512562814,0.0,0.0,0.0,0.0,0.0,0.0,0.0050251256281407,0.0050251256281407,0.0,0.0,0.0,0.0,0.0,0.0587055415812355,0.1872471893882071,0.2647600141768916,0.2358476049210966,0.2096423154854192,0.1572317366140644,0.2593740232588228,0.1583126792286779,0.1583126792286779,0.1878901452518574,0.1323800070884458,0.1604975909041775,0.0824813240929124,0.1388924896557939,0.1099750987905499,0.2749377469763749,0.1904852224370104,0.0288503617674108,0.1713214144653882,0.1178177733057901,0.1804384947592212,0.0892856984315735,0.2105115772190914,0.0635992011588119,0.1241196968320426,0.093089772624032,0.0629338195340243,0.1016751381440636,0.0,0.0337709017541297,0.0658815575040786,0.0685151893140324,0.0359062581350278,0.0687614466852925,0.035775610108829,0.0,0.0,0.0388156640736451,0.0382354748213507,0.0438210575014261,0.0419312741870721,0.0445442681918258,0.0424330285639851,0.0894565993467662,0.0890885363836516,0.0470461690387184,0.0936896335543778,0.0491516337746797,0.0965772373420946,0.0507354484598355,0.0524234363495317,0.1028906527254834,0.0,0.0,0.0556034485832601,0.0570542459669865,0.1123479344239628,0.0,0.0,0.1239495719074108,0.0,0.0,0.0627083296213996,0.0680675420178027,0.0,0.0,0.0,0.0,0.0,0.0,0.0,0.0767055520746006,0.0699700627582387,0.0,0.0,0.0,0.0,0.0,0.0,0.0,0.0,0.1018856769984136,0.0,0.0,0.0867958521330353,0.0,0.1944101332496297,0.1916340753747475,0.0,0.0,0.0,0.0,0.0,0.0,0.1018856769984136,0.1036568814333951,0.0,0.0,0.0,0.0,0.0,0.8944723618090452,0.1055276381909547,0.9900538990032574,0.1406885818694894
J07A3108,0.0158730158730158,0.0634920634920634,0.0634920634920634,0.0793650793650793,0.0634920634920634,0.0158730158730158,0.0476190476190476,0.1111111111111111,0.0317460317460317,0.0476190476190476,0.0317460317460317,0.0317460317460317,0.0158730158730158,0.0158730158730158,0.0158730158730158,0.0158730158730158,0.0317460317460317,0.0317460317460317,0.0317460317460317,0.0317460317460317,0.0317460317460317,0.0317460317460317,0.0158730158730158,0.0158730158730158,0.0158730158730158,0.0,0.0,0.0158730158730158,0.0158730158730158,0.0158730158730158,0.0,0.0,0.0,0.0,0.0158730158730158,0.0,0.0,0.0,0.0,0.0,0.0,0.0,0.0,0.0,0.0,0.0158730158730158,0.0,0.0,0.0,0.0,0.0,0.0,0.0,0.0,0.0,0.0,0.0,0.0158730158730158,0.0,0.0,0.0,0.0,0.0,0.0,0.0,0.0,0.0,0.0,0.0,0.0,0.0,0.0,0.0,0.0,0.0,0.0,0.0,0.0,0.0,0.0,0.0,0.0,0.0,0.0,0.0,0.0,0.0,0.0,0.0,0.0,0.0,0.0,0.0,0.0,0.0,0.0,0.0,0.0,0.0,0.0,0.0,0.0773875382643601,0.2820974675277726,0.2792121517132663,0.3454465769855585,0.2763572615884468,0.0690893153971117,0.2051491216236975,0.4869500524189635,0.1391285864054181,0.2122995850651436,0.1396060758566331,0.1410487337638863,0.0724863610533559,0.0732370237518131,0.0724863610533559,0.0724863610533559,0.1434878649621251,0.1521259094170271,0.1505609426337625,0.1553111885920814,0.1585732288233824,0.1569323830476244,0.0792866144116912,0.0838385181482336,0.0818092937159846,0.0,0.0,0.089354297529927,0.0865402361801756,0.0890357837208001,0.0,0.0,0.0,0.0,0.094321126137529,0.0,0.0,0.0,0.0,0.0,0.0,0.0,0.0,0.0,0.0,0.1240355546890692,0.0,0.0,0.0,0.0,0.0,0.0,0.0,0.0,0.0,0.0,0.0,0.1544756436378435,0.0,0.0,0.0,0.0,0.0,0.0,0.0,0.0,0.0,0.0,0.0,0.0,0.0,0.0,0.0,0.0,0.0,0.0,0.0,0.0,0.0,0.0,0.0,0.0,0.0,0.0,0.0,0.0,0.0,0.0,0.0,0.0,0.0,0.0,0.0,0.0,0.0,0.0,0.0,0.0,0.0,0.0,0.0,0.984126984126984,0.0158730158730158,0.999811346373864,0.0194234822336609
J07A3109,0.2222222222222222,0.0703703703703703,0.0925925925925925,0.0481481481481481,0.0555555555555555,0.0407407407407407,0.074074074074074,0.0555555555555555,0.0222222222222222,0.0222222222222222,0.0185185185185185,0.0222222222222222,0.0222222222222222,0.0333333333333333,0.0111111111111111,0.0037037037037037,0.0222222222222222,0.0148148148148148,0.0222222222222222,0.0074074074074074,0.0037037037037037,0.0148148148148148,0.0074074074074074,0.0037037037037037,0.0037037037037037,0.0111111111111111,0.0037037037037037,0.0074074074074074,0.0074074074074074,0.0037037037037037,0.0148148148148148,0.0,0.0,0.0037037037037037,0.0037037037037037,0.0037037037037037,0.0037037037037037,0.0,0.0037037037037037,0.0,0.0,0.0,0.0,0.0037037037037037,0.0,0.0037037037037037,0.0,0.0,0.0,0.0,0.0,0.0,0.0037037037037037,0.0,0.0,0.0,0.0,0.0,0.0,0.0,0.0037037037037037,0.0,0.0,0.0,0.0,0.0,0.0,0.0037037037037037,0.0,0.0,0.0,0.0,0.0,0.0,0.0,0.0,0.0,0.0,0.0,0.0,0.0,0.0,0.0,0.0,0.0,0.0,0.0,0.0,0.0,0.0,0.0,0.0,0.0,0.0,0.0,0.0,0.0,0.0,0.0,0.0,0.0,0.793811044772044,0.2290802519433256,0.2983384217325712,0.1535497439863462,0.1771727815227072,0.1299267064499853,0.2338154784529189,0.1783908155775468,0.0713563262310187,0.0725895319431317,0.0596676843465142,0.0723411321926291,0.0743536689368856,0.1126855039796422,0.0371768344684428,0.0123922781561476,0.0735921147979911,0.0520149323778321,0.0772197577636429,0.0265520219504227,0.0135548503962789,0.0536583631506007,0.0271097007925578,0.0143330444789108,0.0139861279936541,0.0419583839809623,0.0141830906390864,0.0305520457461773,0.029589861123089,0.0152215697089083,0.0593896323752832,0.0,0.0,0.0154964347950461,0.0161251525681772,0.0172338882030364,0.0171694241029707,0.0,0.0172338882030364,0.0,0.0,0.0,0.0,0.020160401294469,0.0,0.0212051353195615,0.0,0.0,0.0,0.0,0.0,0.0,0.0229736799405345,0.0,0.0,0.0,0.0,0.0,0.0,0.0,0.0269951896831137,0.0,0.0,0.0,0.0,0.0,0.0,0.033210618820023,0.0,0.0,0.0,0.0,0.0,0.0,0.0,0.0,0.0,0.0,0.0,0.0,0.0,0.0,0.0,0.0,0.0,0.0,0.0,0.0,0.0,0.0,0.0,0.0,0.0,0.0,0.0,0.0,0.0,0.0,0.0,0.0,0.0,0.9888888888888888,0.0111111111111111,0.9999084345191188,0.0135322790957294
J07A3110,0.005813953488372,0.0174418604651162,0.0348837209302325,0.0406976744186046,0.0232558139534883,0.0174418604651162,0.0406976744186046,0.0174418604651162,0.0174418604651162,0.0174418604651162,0.0174418604651162,0.0290697674418604,0.0116279069767441,0.0232558139534883,0.0232558139534883,0.0232558139534883,0.0232558139534883,0.0116279069767441,0.0232558139534883,0.0290697674418604,0.0406976744186046,0.0174418604651162,0.0290697674418604,0.0174418604651162,0.0232558139534883,0.0174418604651162,0.0348837209302325,0.0174418604651162,0.005813953488372,0.0,0.0174418604651162,0.0174418604651162,0.0116279069767441,0.0116279069767441,0.0116279069767441,0.0174418604651162,0.005813953488372,0.0116279069767441,0.0348837209302325,0.005813953488372,0.0116279069767441,0.0174418604651162,0.005813953488372,0.005813953488372,0.005813953488372,0.0116279069767441,0.0116279069767441,0.005813953488372,0.0116279069767441,0.005813953488372,0.0116279069767441,0.0116279069767441,0.0,0.0174418604651162,0.005813953488372,0.0116279069767441,0.0,0.0,0.0,0.0,0.0,0.0,0.005813953488372,0.005813953488372,0.005813953488372,0.0,0.0,0.005813953488372,0.005813953488372,0.005813953488372,0.0,0.0,0.0,0.005813953488372,0.0,0.0,0.0,0.0,0.005813953488372,0.005813953488372,0.0,0.0,0.0,0.0,0.0,0.0,0.0,0.0,0.0,0.0,0.0,0.0,0.0,0.0,0.0,0.0,0.0,0.0,0.0,0.0,0.0,0.0352687671476951,0.0964227909137422,0.1908731415504383,0.2204084174595864,0.1259476671197636,0.0944607503398227,0.2181552626500318,0.0951101526338475,0.0951101526338475,0.0967538805232048,0.0954365707752191,0.1607046515229037,0.0660701876997664,0.1335088100861569,0.1321403753995329,0.1321403753995329,0.1307869512680888,0.0693301970406702,0.1372339512635241,0.1769546579700592,0.2529397940588057,0.1072810648802202,0.1806712814705754,0.1146262527880261,0.1491357908675203,0.1118518431506402,0.2268540414150654,0.1221675731225661,0.0394400378562086,0.0,0.1187397943202793,0.1234864474243729,0.0862861953539399,0.0826201883693174,0.0859722355681887,0.1378252909623255,0.0457699165111711,0.0932777779421166,0.2756505819246511,0.052653110134242,0.1007648890157047,0.1605662477823877,0.0509853265461754,0.0537432052784982,0.0535220825941292,0.1130564738064202,0.1125726049357637,0.0590580541405674,0.1160421998959894,0.0609610837296416,0.1259785648777412,0.1236280724070297,0.0,0.2045904372510711,0.0668102202235255,0.1371068462429555,0.0,0.0,0.0,0.0,0.0,0.0,0.0753470768199158,0.0817864285067486,0.0753470768199158,0.0,0.0,0.0885322210902681,0.0885322210902681,0.0921654134239079,0.0,0.0,0.0,0.0899345754110262,0.0,0.0,0.0,0.0,0.0914037331848062,0.1079225870249332,0.0,0.0,0.0,0.0,0.0,0.0,0.0,0.0,0.0,0.0,0.0,0.0,0.0,0.0,0.0,0.0,0.0,0.0,0.0,0.0,0.0,0.8953488372093024,0.1046511627906976,0.99023489035342,0.1394089736234731
J07A3111,0.4046692607003891,0.1634241245136186,0.0817120622568093,0.0817120622568093,0.0544747081712062,0.0116731517509727,0.0233463035019455,0.0350194552529182,0.0272373540856031,0.0311284046692607,0.0038910505836575,0.0038910505836575,0.0116731517509727,0.0116731517509727,0.0077821011673151,0.0038910505836575,0.0,0.0077821011673151,0.0,0.0077821011673151,0.0038910505836575,0.0038910505836575,0.0038910505836575,0.0038910505836575,0.0,0.0,0.0038910505836575,0.0,0.0,0.0,0.0,0.0,0.0,0.0,0.0,0.0038910505836575,0.0,0.0,0.0,0.0,0.0,0.0,0.0,0.0,0.0,0.0,0.0,0.0,0.0,0.0,0.0,0.0,0.0,0.0,0.0,0.0,0.0,0.0,0.0,0.0,0.0,0.0038910505836575,0.0,0.0,0.0,0.0,0.0,0.0,0.0,0.0,0.0,0.0,0.0,0.0,0.0,0.0,0.0,0.0,0.0,0.0,0.0,0.0,0.0,0.0,0.0,0.0,0.0,0.0,0.0,0.0,0.0,0.0,0.0,0.0,0.0,0.0,0.0,0.0,0.0,0.0,0.0,0.8989976004186877,0.3308587677474857,0.1637373586965656,0.162063175945068,0.108042117296712,0.0231518822778668,0.045830418070097,0.069933143108238,0.0543924446397406,0.063237113651021,0.0077970170807888,0.0078775897082734,0.0242902348678998,0.0245417825106167,0.0161934899119332,0.0080967449559666,0.0,0.0169925027528626,0.0,0.0173482992464262,0.0088563349847427,0.008764693539612,0.0088563349847427,0.0093647837892256,0.0,0.0,0.0092668084225555,0.0,0.0,0.0,0.0,0.0,0.0,0.0,0.0,0.0112601085628799,0.0,0.0,0.0,0.0,0.0,0.0,0.0,0.0,0.0,0.0,0.0,0.0,0.0,0.0,0.0,0.0,0.0,0.0,0.0,0.0,0.0,0.0,0.0,0.0,0.0,0.0183584279186827,0.0,0.0,0.0,0.0,0.0,0.0,0.0,0.0,0.0,0.0,0.0,0.0,0.0,0.0,0.0,0.0,0.0,0.0,0.0,0.0,0.0,0.0,0.0,0.0,0.0,0.0,0.0,0.0,0.0,0.0,0.0,0.0,0.0,0.0,0.0,0.0,0.0,0.0,0.0,0.9961089494163424,0.0038910505836575,0.9999889316137665,0.0047049601441887
J07A3112,0.1822660098522167,0.167487684729064,0.1231527093596059,0.083743842364532,0.064039408866995,0.0591133004926108,0.0541871921182266,0.0246305418719211,0.0246305418719211,0.0098522167487684,0.0098522167487684,0.0098522167487684,0.0246305418719211,0.0098522167487684,0.0197044334975369,0.0049261083743842,0.0098522167487684,0.0049261083743842,0.0098522167487684,0.0049261083743842,0.0049261083743842,0.0049261083743842,0.0098522167487684,0.0,0.0,0.0,0.0,0.0098522167487684,0.0098522167487684,0.0049261083743842,0.0098522167487684,0.0,0.0049261083743842,0.0049261083743842,0.0,0.0,0.0147783251231527,0.0,0.0049261083743842,0.0,0.0,0.0049261083743842,0.0,0.0,0.0,0.0,0.0,0.0,0.0,0.0,0.0,0.0,0.0,0.0,0.0049261083743842,0.0,0.0,0.0049261083743842,0.0,0.0,0.0,0.0,0.0,0.0,0.0,0.0,0.0,0.0,0.0,0.0,0.0,0.0,0.0,0.0,0.0,0.0,0.0,0.0,0.0,0.0,0.0,0.0,0.0,0.0,0.0,0.0,0.0,0.0,0.0,0.0,0.0,0.0,0.0,0.0,0.0,0.0,0.0,0.0,0.0,0.0,0.0,0.6197416514337144,0.5189864776861076,0.3777045895820956,0.2542129906938032,0.1943981693540848,0.1794444640191552,0.1628092296921462,0.0752825481340234,0.0752825481340234,0.0306334432904676,0.0302163671665676,0.0305286163344769,0.0784448129036256,0.0317028723326338,0.0627558503229005,0.0156889625807251,0.0310565423821161,0.0164630812315555,0.0325874407374522,0.0168077924645404,0.0171608107867599,0.0169832382917242,0.0343216215735198,0.0,0.0,0.0,0.0,0.0386797242957777,0.0374615722855363,0.0192709229549121,0.037594448263599,0.0,0.0204894361174319,0.0196189096605709,0.0,0.0,0.0652108794420042,0.0,0.0218185731252092,0.0,0.0,0.0254186034668928,0.0,0.0,0.0,0.0,0.0,0.0,0.0,0.0,0.0,0.0,0.0,0.0,0.0317293799696773,0.0,0.0,0.0334347394109578,0.0,0.0,0.0,0.0,0.0,0.0,0.0,0.0,0.0,0.0,0.0,0.0,0.0,0.0,0.0,0.0,0.0,0.0,0.0,0.0,0.0,0.0,0.0,0.0,0.0,0.0,0.0,0.0,0.0,0.0,0.0,0.0,0.0,0.0,0.0,0.0,0.0,0.0,0.0,0.0,0.0,0.0,0.0,0.9901477832512317,0.0098522167487684,0.9999281887410966,0.0119840461009653
J07A3113,0.2452830188679245,0.1924528301886792,0.2113207547169811,0.0943396226415094,0.0679245283018867,0.0377358490566037,0.030188679245283,0.0264150943396226,0.0226415094339622,0.0188679245283018,0.0188679245283018,0.0075471698113207,0.0075471698113207,0.0037735849056603,0.0,0.0075471698113207,0.0037735849056603,0.0,0.0037735849056603,0.0,0.0,0.0,0.0,0.0,0.0,0.0,0.0,0.0,0.0,0.0,0.0,0.0,0.0,0.0,0.0,0.0,0.0,0.0,0.0,0.0,0.0,0.0,0.0,0.0,0.0,0.0,0.0,0.0,0.0,0.0,0.0,0.0,0.0,0.0,0.0,0.0,0.0,0.0,0.0,0.0,0.0,0.0,0.0,0.0,0.0,0.0,0.0,0.0,0.0,0.0,0.0,0.0,0.0,0.0,0.0,0.0,0.0,0.0,0.0,0.0,0.0,0.0,0.0,0.0,0.0,0.0,0.0,0.0,0.0,0.0,0.0,0.0,0.0,0.0,0.0,0.0,0.0,0.0,0.0,0.0,0.0,0.6517760560349205,0.4660402061765764,0.5064964021361638,0.2238024886655254,0.1611377918391782,0.0895209954662101,0.0708846840015237,0.06309550642427,0.0540818626493743,0.0458471040537804,0.0452228930478717,0.0182760865167284,0.0187845288722916,0.0094895299418741,0.0,0.0187845288722916,0.0092960658496173,0.0,0.0097543052680681,0.0,0.0,0.0,0.0,0.0,0.0,0.0,0.0,0.0,0.0,0.0,0.0,0.0,0.0,0.0,0.0,0.0,0.0,0.0,0.0,0.0,0.0,0.0,0.0,0.0,0.0,0.0,0.0,0.0,0.0,0.0,0.0,0.0,0.0,0.0,0.0,0.0,0.0,0.0,0.0,0.0,0.0,0.0,0.0,0.0,0.0,0.0,0.0,0.0,0.0,0.0,0.0,0.0,0.0,0.0,0.0,0.0,0.0,0.0,0.0,0.0,0.0,0.0,0.0,0.0,0.0,0.0,0.0,0.0,0.0,0.0,0.0,0.0,0.0,0.0,0.0,0.0,0.0,0.0,0.0,0.0,0.0,1.0,0.0,1.0,0.0
J07A3114,0.0564516129032258,0.1209677419354838,0.1048387096774193,0.0725806451612903,0.1370967741935483,0.0241935483870967,0.0887096774193548,0.064516129032258,0.0725806451612903,0.0564516129032258,0.0241935483870967,0.0241935483870967,0.0241935483870967,0.0161290322580645,0.0161290322580645,0.0080645161290322,0.0080645161290322,0.0241935483870967,0.0080645161290322,0.0080645161290322,0.0,0.0161290322580645,0.0080645161290322,0.0,0.0080645161290322,0.0,0.0080645161290322,0.0,0.0,0.0,0.0,0.0,0.0,0.0,0.0,0.0,0.0,0.0,0.0,0.0,0.0,0.0,0.0,0.0,0.0,0.0,0.0,0.0,0.0,0.0,0.0,0.0,0.0,0.0,0.0,0.0,0.0,0.0,0.0,0.0,0.0,0.0,0.0,0.0,0.0,0.0,0.0,0.0,0.0,0.0,0.0,0.0,0.0,0.0,0.0,0.0,0.0,0.0,0.0,0.0,0.0,0.0,0.0,0.0,0.0,0.0,0.0,0.0,0.0,0.0,0.0,0.0,0.0,0.0,0.0,0.0,0.0,0.0,0.0,0.0,0.0,0.2238749909697198,0.437186723366937,0.3750197897721494,0.2569744281606168,0.485396142081165,0.0856581427202056,0.3108691328955771,0.2299920760497018,0.2587410855559146,0.2047210216498254,0.0865430284089575,0.0874373446733874,0.0898698593941529,0.0605336960992973,0.0599132395961019,0.0299566197980509,0.0296497944843753,0.094304182820355,0.0311113487377014,0.0320929217540088,0.0,0.0648558385969926,0.0327669775181208,0.0,0.0338095315061117,0.0,0.0342856614807046,0.0,0.0,0.0,0.0,0.0,0.0,0.0,0.0,0.0,0.0,0.0,0.0,0.0,0.0,0.0,0.0,0.0,0.0,0.0,0.0,0.0,0.0,0.0,0.0,0.0,0.0,0.0,0.0,0.0,0.0,0.0,0.0,0.0,0.0,0.0,0.0,0.0,0.0,0.0,0.0,0.0,0.0,0.0,0.0,0.0,0.0,0.0,0.0,0.0,0.0,0.0,0.0,0.0,0.0,0.0,0.0,0.0,0.0,0.0,0.0,0.0,0.0,0.0,0.0,0.0,0.0,0.0,0.0,0.0,0.0,0.0,0.0,0.0,0.0,1.0,0.0,1.0,0.0
J07A3115,0.1684981684981685,0.1465201465201465,0.1684981684981685,0.1062271062271062,0.0586080586080586,0.0329670329670329,0.0586080586080586,0.0256410256410256,0.0183150183150183,0.0366300366300366,0.0073260073260073,0.0146520146520146,0.0109890109890109,0.0146520146520146,0.0109890109890109,0.0146520146520146,0.0146520146520146,0.0,0.0109890109890109,0.0073260073260073,0.0036630036630036,0.0036630036630036,0.0,0.0073260073260073,0.0073260073260073,0.0036630036630036,0.0036630036630036,0.0,0.0109890109890109,0.0,0.0073260073260073,0.0073260073260073,0.0,0.0036630036630036,0.0,0.0,0.0,0.0,0.0,0.0036630036630036,0.0,0.0,0.0,0.0036630036630036,0.0,0.0,0.0,0.0,0.0,0.0,0.0036630036630036,0.0,0.0036630036630036,0.0,0.0,0.0,0.0,0.0,0.0,0.0,0.0,0.0,0.0,0.0,0.0,0.0,0.0,0.0,0.0,0.0,0.0,0.0,0.0,0.0,0.0,0.0,0.0,0.0,0.0,0.0,0.0,0.0,0.0,0.0,0.0,0.0,0.0,0.0,0.0,0.0,0.0,0.0,0.0,0.0,0.0,0.0,0.0,0.0,0.0,0.0,0.0,0.5669538592625267,0.4492809866282427,0.5113885598288042,0.3191006873313454,0.1760555516310871,0.0990312477924865,0.1742557999814973,0.0775538333990636,0.0553955952850454,0.1127059238008979,0.022234285209948,0.0449280986628242,0.0346335017785332,0.046656217905524,0.0346335017785332,0.0461780023713776,0.045705032451606,0.0,0.0359685091009451,0.0247355513881689,0.0126275392195042,0.0124968750176065,0.0,0.0267049913501119,0.0260586247144942,0.0130293123572471,0.0132128004413838,0.0,0.0413483499530983,0.0,0.0276633415392286,0.0287691905659888,0.0,0.0144362964117002,0.0,0.0,0.0,0.0,0.0,0.01840024623275,0.0,0.0,0.0,0.0187811927527239,0.0,0.0,0.0,0.0,0.0,0.0,0.0220123427456512,0.0,0.0214020100542811,0.0,0.0,0.0,0.0,0.0,0.0,0.0,0.0,0.0,0.0,0.0,0.0,0.0,0.0,0.0,0.0,0.0,0.0,0.0,0.0,0.0,0.0,0.0,0.0,0.0,0.0,0.0,0.0,0.0,0.0,0.0,0.0,0.0,0.0,0.0,0.0,0.0,0.0,0.0,0.0,0.0,0.0,0.0,0.0,0.0,0.0,0.0,0.0,0.9963369963369964,0.0036630036630036,0.9999901954593508,0.004428203379386
J07A3116,0.2862903225806452,0.1370967741935483,0.1733870967741935,0.0766129032258064,0.0483870967741935,0.0604838709677419,0.032258064516129,0.0362903225806451,0.0201612903225806,0.0282258064516129,0.0282258064516129,0.0161290322580645,0.0161290322580645,0.0,0.0161290322580645,0.0040322580645161,0.0,0.0040322580645161,0.0040322580645161,0.0,0.0,0.0,0.0,0.0040322580645161,0.0,0.0,0.0,0.0040322580645161,0.0,0.0,0.0,0.0,0.0,0.0,0.0,0.0,0.0,0.0,0.0,0.0,0.0,0.0040322580645161,0.0,0.0,0.0,0.0,0.0,0.0,0.0,0.0,0.0,0.0,0.0,0.0,0.0,0.0,0.0,0.0,0.0,0.0,0.0,0.0,0.0,0.0,0.0,0.0,0.0,0.0,0.0,0.0,0.0,0.0,0.0,0.0,0.0,0.0,0.0,0.0,0.0,0.0,0.0,0.0,0.0,0.0,0.0,0.0,0.0,0.0,0.0,0.0,0.0,0.0,0.0,0.0,0.0,0.0,0.0,0.0,0.0,0.0,0.0,0.7768662592669837,0.3390275508317948,0.424384642015275,0.1856014519783459,0.1172219696705342,0.1465274620881679,0.0773491015046144,0.088520888733915,0.0491782715188416,0.0700394633500963,0.069085871955975,0.0398855942155052,0.040995215000973,0.0,0.040995215000973,0.0102488037502432,0.0,0.0107544962133963,0.0106438613490973,0.0,0.0,0.0,0.0,0.0118538785328177,0.0,0.0,0.0,0.0126337513197963,0.0,0.0,0.0,0.0,0.0,0.0,0.0,0.0,0.0,0.0,0.0,0.0,0.0,0.0166046848029002,0.0,0.0,0.0,0.0,0.0,0.0,0.0,0.0,0.0,0.0,0.0,0.0,0.0,0.0,0.0,0.0,0.0,0.0,0.0,0.0,0.0,0.0,0.0,0.0,0.0,0.0,0.0,0.0,0.0,0.0,0.0,0.0,0.0,0.0,0.0,0.0,0.0,0.0,0.0,0.0,0.0,0.0,0.0,0.0,0.0,0.0,0.0,0.0,0.0,0.0,0.0,0.0,0.0,0.0,0.0,0.0,0.0,0.0,0.0,1.0,0.0,1.0,0.0
J07A3117,0.2196969696969697,0.1818181818181818,0.0833333333333333,0.0833333333333333,0.0681818181818181,0.0757575757575757,0.0606060606060606,0.0378787878787878,0.0151515151515151,0.0151515151515151,0.0075757575757575,0.0303030303030303,0.0151515151515151,0.0,0.0075757575757575,0.0075757575757575,0.0075757575757575,0.0075757575757575,0.0,0.0,0.0,0.0,0.0227272727272727,0.0,0.0,0.0,0.0075757575757575,0.0075757575757575,0.0151515151515151,0.0,0.0075757575757575,0.0075757575757575,0.0075757575757575,0.0,0.0,0.0,0.0,0.0,0.0,0.0,0.0,0.0,0.0,0.0,0.0,0.0,0.0,0.0,0.0,0.0,0.0,0.0,0.0,0.0,0.0,0.0,0.0,0.0,0.0,0.0,0.0,0.0,0.0,0.0,0.0,0.0,0.0,0.0,0.0,0.0,0.0,0.0,0.0,0.0,0.0,0.0,0.0,0.0,0.0,0.0,0.0,0.0,0.0,0.0,0.0,0.0,0.0,0.0,0.0,0.0,0.0,0.0,0.0,0.0,0.0,0.0,0.0,0.0,0.0,0.0,0.0,0.6878479131430536,0.5187687802165343,0.2353371033701785,0.2329308271093046,0.1905797676348856,0.2117552973720951,0.1676724802008628,0.1066055402991813,0.0426422161196725,0.0433791742462118,0.0213942821245616,0.0864614633694224,0.0444334144926731,0.0,0.0222167072463365,0.0222167072463365,0.0219891566009149,0.0233129153194284,0.0,0.0,0.0,0.0,0.0729028527025014,0.0,0.0,0.0,0.0254272514388746,0.0273866454402808,0.0530482994125906,0.0,0.026618230710361,0.0276823011692167,0.0290145254360381,0.0,0.0,0.0,0.0,0.0,0.0,0.0,0.0,0.0,0.0,0.0,0.0,0.0,0.0,0.0,0.0,0.0,0.0,0.0,0.0,0.0,0.0,0.0,0.0,0.0,0.0,0.0,0.0,0.0,0.0,0.0,0.0,0.0,0.0,0.0,0.0,0.0,0.0,0.0,0.0,0.0,0.0,0.0,0.0,0.0,0.0,0.0,0.0,0.0,0.0,0.0,0.0,0.0,0.0,0.0,0.0,0.0,0.0,0.0,0.0,0.0,0.0,0.0,0.0,0.0,0.0,0.0,0.0,1.0,0.0,1.0,0.0
J07A3118,0.146551724137931,0.1939655172413793,0.1422413793103448,0.0905172413793103,0.0560344827586206,0.021551724137931,0.0517241379310344,0.0387931034482758,0.043103448275862,0.0301724137931034,0.0172413793103448,0.0043103448275862,0.0129310344827586,0.021551724137931,0.0086206896551724,0.0086206896551724,0.0086206896551724,0.0043103448275862,0.0172413793103448,0.0043103448275862,0.0043103448275862,0.0129310344827586,0.0043103448275862,0.0043103448275862,0.0172413793103448,0.0086206896551724,0.0,0.0043103448275862,0.0043103448275862,0.0043103448275862,0.0,0.0,0.0043103448275862,0.0043103448275862,0.0,0.0,0.0,0.0,0.0043103448275862,0.0,0.0,0.0,0.0,0.0,0.0,0.0,0.0,0.0,0.0,0.0,0.0,0.0,0.0,0.0,0.0,0.0,0.0,0.0,0.0,0.0,0.0,0.0,0.0,0.0,0.0,0.0,0.0,0.0,0.0,0.0,0.0,0.0,0.0,0.0,0.0,0.0,0.0,0.0,0.0,0.0,0.0,0.0,0.0,0.0,0.0,0.0,0.0,0.0,0.0,0.0,0.0,0.0,0.0,0.0,0.0,0.0,0.0,0.0,0.0,0.0,0.0,0.4988903613692507,0.6017372188110302,0.4367605745462373,0.2750966796705109,0.1702979445579353,0.0654992094453597,0.1555911238376391,0.1187091105416808,0.1318990117129787,0.093924976534054,0.0529406757025742,0.0133719381958006,0.0412318401241319,0.0694313893588723,0.0274878934160879,0.0274878934160879,0.0272063535902821,0.0144220951469845,0.0570949221839987,0.0147240713159907,0.0150333247151612,0.0446332995206903,0.0150333247151612,0.0158963991124141,0.0620465729947498,0.0310232864973749,0.0,0.0169422314148458,0.0164086647043348,0.0168818388560968,0.0,0.0,0.0179492886560789,0.0171866844259089,0.0,0.0,0.0,0.0,0.0191136478741334,0.0,0.0,0.0,0.0,0.0,0.0,0.0,0.0,0.0,0.0,0.0,0.0,0.0,0.0,0.0,0.0,0.0,0.0,0.0,0.0,0.0,0.0,0.0,0.0,0.0,0.0,0.0,0.0,0.0,0.0,0.0,0.0,0.0,0.0,0.0,0.0,0.0,0.0,0.0,0.0,0.0,0.0,0.0,0.0,0.0,0.0,0.0,0.0,0.0,0.0,0.0,0.0,0.0,0.0,0.0,0.0,0.0,0.0,0.0,0.0,0.0,0.0,1.0,0.0,1.0,0.0
J07A3119,0.1004784688995215,0.0813397129186602,0.1052631578947368,0.0526315789473684,0.0717703349282296,0.0430622009569378,0.0717703349282296,0.0669856459330143,0.0478468899521531,0.0574162679425837,0.0239234449760765,0.0382775119617224,0.0334928229665071,0.0334928229665071,0.0239234449760765,0.0191387559808612,0.0095693779904306,0.0191387559808612,0.0095693779904306,0.0047846889952153,0.0095693779904306,0.0239234449760765,0.0,0.0047846889952153,0.0047846889952153,0.0047846889952153,0.0047846889952153,0.0,0.0047846889952153,0.0,0.0,0.0,0.0,0.0047846889952153,0.0095693779904306,0.0047846889952153,0.0047846889952153,0.0,0.0,0.0,0.0,0.0,0.0,0.0,0.0,0.0047846889952153,0.0,0.0,0.0,0.0,0.0,0.0,0.0,0.0,0.0,0.0,0.0,0.0,0.0,0.0,0.0,0.0,0.0,0.0,0.0,0.0,0.0,0.0,0.0,0.0,0.0,0.0,0.0,0.0,0.0,0.0,0.0,0.0,0.0,0.0,0.0,0.0,0.0,0.0,0.0,0.0,0.0,0.0,0.0,0.0,0.0,0.0,0.0,0.0,0.0,0.0,0.0,0.0,0.0,0.0,0.0,0.4457601646900078,0.3288509086046861,0.4212189815016838,0.2084560495354491,0.2842582493665215,0.1705549496199129,0.2813523810285613,0.2671316466884297,0.1908083190631641,0.2329271245295121,0.0957315867049281,0.1547533687551464,0.1391762936066239,0.1406175916743131,0.0994116382904457,0.0795293106323565,0.0393573729551228,0.0834534147489554,0.0412974516923502,0.0213001997595248,0.0434951465000003,0.1076126948082313,0.0,0.022996117669155,0.0224395204766973,0.0224395204766973,0.022755529833778,0.0,0.0237371735363588,0.0,0.0,0.0,0.0,0.0248626757925438,0.0517427970640136,0.0276502679941593,0.0275468409774687,0.0,0.0,0.0,0.0,0.0,0.0,0.0,0.0,0.0340217870471611,0.0,0.0,0.0,0.0,0.0,0.0,0.0,0.0,0.0,0.0,0.0,0.0,0.0,0.0,0.0,0.0,0.0,0.0,0.0,0.0,0.0,0.0,0.0,0.0,0.0,0.0,0.0,0.0,0.0,0.0,0.0,0.0,0.0,0.0,0.0,0.0,0.0,0.0,0.0,0.0,0.0,0.0,0.0,0.0,0.0,0.0,0.0,0.0,0.0,0.0,0.0,0.0,0.0,0.0,0.0,1.0,0.0,1.0,0.0
J07A3120,0.0274509803921568,0.0745098039215686,0.0509803921568627,0.0352941176470588,0.0509803921568627,0.0588235294117647,0.0627450980392156,0.0470588235294117,0.0392156862745098,0.0549019607843137,0.0313725490196078,0.0274509803921568,0.0196078431372549,0.0039215686274509,0.0235294117647058,0.0156862745098039,0.0549019607843137,0.0,0.0156862745098039,0.0196078431372549,0.0117647058823529,0.0313725490196078,0.0,0.0196078431372549,0.0078431372549019,0.0,0.0039215686274509,0.0156862745098039,0.0078431372549019,0.0156862745098039,0.0117647058823529,0.0078431372549019,0.0156862745098039,0.0039215686274509,0.0117647058823529,0.0078431372549019,0.0,0.0039215686274509,0.0117647058823529,0.0078431372549019,0.0039215686274509,0.0,0.0078431372549019,0.0,0.0039215686274509,0.0,0.0039215686274509,0.0,0.0078431372549019,0.0078431372549019,0.0,0.0078431372549019,0.0078431372549019,0.0,0.0,0.0,0.0,0.0039215686274509,0.0039215686274509,0.0,0.0,0.0,0.0,0.0,0.0,0.0078431372549019,0.0,0.0039215686274509,0.0,0.0,0.0,0.0,0.0,0.0,0.0039215686274509,0.0,0.0,0.0039215686274509,0.0,0.0,0.0,0.0,0.0,0.0039215686274509,0.0,0.0,0.0,0.0,0.0039215686274509,0.0,0.0,0.0,0.0,0.0,0.0,0.0,0.0039215686274509,0.0,0.0,0.0,0.0,0.1497013948825325,0.3702964702294124,0.250769348529145,0.1718344249983181,0.2482052805531262,0.2863907083305302,0.3023605766857188,0.2306876782938209,0.1922397319115174,0.2737869234076365,0.1543195990948584,0.1364250153476782,0.1001574081658026,0.0202389259832193,0.1201888897989631,0.0801259265326421,0.277568378776549,0.0,0.0832145168611666,0.1072999518977292,0.0657321599786561,0.173471980272408,0.0,0.1158431539418535,0.0452157161893481,0.0,0.0229262381023435,0.0987716278651197,0.047830491871334,0.0984195448842821,0.0720002195198952,0.0499189642539149,0.1046426775889942,0.0250491915259701,0.0781964446160643,0.0557153915780705,0.0,0.028280411493914,0.0835730873671057,0.0638545065666023,0.0305503903327443,0.0,0.0618319195284511,0.0,0.0324541718974589,0.0,0.0341303112141114,0.0,0.070364479860446,0.0739299143278924,0.0,0.0749643234863462,0.0742715491011845,0.0,0.0,0.0,0.0,0.0426890793431387,0.0426890793431387,0.0,0.0,0.0,0.0,0.0,0.0,0.0947795167216829,0.0,0.0536832608610518,0.0,0.0,0.0,0.0,0.0,0.0,0.0558863187918621,0.0,0.0,0.060060079195407,0.0,0.0,0.0,0.0,0.0,0.0654409922253258,0.0,0.0,0.0,0.0,0.0688512027825099,0.0,0.0,0.0,0.0,0.0,0.0,0.0,0.0800333695394345,0.0,0.0,0.0,0.0,0.9450980392156862,0.0549019607843137,0.9975610531472646,0.0697993212267883
J07A3121,0.024390243902439,0.056910569105691,0.0609756097560975,0.073170731707317,0.0975609756097561,0.0772357723577235,0.040650406504065,0.048780487804878,0.032520325203252,0.0284552845528455,0.0365853658536585,0.048780487804878,0.048780487804878,0.0203252032520325,0.016260162601626,0.040650406504065,0.0284552845528455,0.016260162601626,0.0203252032520325,0.016260162601626,0.024390243902439,0.0121951219512195,0.0040650406504065,0.016260162601626,0.0121951219512195,0.016260162601626,0.016260162601626,0.0040650406504065,0.0,0.0,0.0,0.008130081300813,0.008130081300813,0.0,0.008130081300813,0.0,0.0121951219512195,0.0,0.0,0.0,0.0,0.0040650406504065,0.0040650406504065,0.0,0.0040650406504065,0.0,0.0040650406504065,0.0,0.0,0.0,0.0,0.0040650406504065,0.0,0.0,0.0,0.0,0.0,0.0,0.0,0.0,0.0,0.0040650406504065,0.0,0.0,0.0,0.0,0.0,0.0,0.0,0.0,0.0,0.0,0.0,0.0,0.0,0.0,0.0,0.0,0.0,0.0,0.0,0.0,0.0,0.0,0.0,0.0,0.0,0.0,0.0,0.0,0.0,0.0,0.0,0.0,0.0,0.0,0.0,0.0,0.0,0.0,0.0,0.1232147638527074,0.2620038654059613,0.277847216342456,0.3300075389006456,0.4400100518675274,0.3483412910617925,0.1814633290404604,0.2215175247020288,0.1476783498013525,0.1314517576699459,0.1667083298054736,0.2245747417765382,0.2308224311056701,0.0971720037149122,0.0769408103685567,0.1923520259213918,0.1332673263194899,0.0807371937183059,0.0998832812110722,0.0824277045772961,0.1262384318007997,0.0624660861158339,0.0210397386334666,0.0889905829549902,0.0651274936006983,0.0868366581342644,0.088059553986096,0.0237113298348814,0.0,0.0,0.0,0.0479346165300259,0.0502414933670242,0.0,0.0500586853474027,0.0,0.0799507597028471,0.0,0.0,0.0,0.0,0.0311640737734704,0.0296870076954699,0.0,0.0311640737734704,0.0,0.0327735842389912,0.0,0.0,0.0,0.0,0.0359921940835241,0.0,0.0,0.0,0.0,0.0,0.0,0.0,0.0,0.0,0.0436135857322294,0.0,0.0,0.0,0.0,0.0,0.0,0.0,0.0,0.0,0.0,0.0,0.0,0.0,0.0,0.0,0.0,0.0,0.0,0.0,0.0,0.0,0.0,0.0,0.0,0.0,0.0,0.0,0.0,0.0,0.0,0.0,0.0,0.0,0.0,0.0,0.0,0.0,0.0,0.0,0.991869918699187,0.008130081300813,0.9999512673489171,0.0098723314011538
J07A3122,0.0604838709677419,0.0766129032258064,0.0604838709677419,0.032258064516129,0.064516129032258,0.0362903225806451,0.0362903225806451,0.0201612903225806,0.0362903225806451,0.0120967741935483,0.0120967741935483,0.0362903225806451,0.032258064516129,0.0282258064516129,0.0362903225806451,0.0201612903225806,0.0443548387096774,0.0161290322580645,0.0161290322580645,0.0241935483870967,0.0080645161290322,0.0120967741935483,0.0080645161290322,0.0241935483870967,0.0241935483870967,0.0040322580645161,0.0120967741935483,0.0201612903225806,0.0161290322580645,0.0120967741935483,0.0080645161290322,0.0040322580645161,0.0120967741935483,0.0040322580645161,0.0120967741935483,0.0040322580645161,0.0080645161290322,0.0120967741935483,0.0040322580645161,0.0040322580645161,0.0,0.0040322580645161,0.0080645161290322,0.0080645161290322,0.0040322580645161,0.0040322580645161,0.0040322580645161,0.0,0.0,0.0,0.0,0.0,0.0080645161290322,0.0040322580645161,0.0,0.0120967741935483,0.0040322580645161,0.0,0.0,0.0,0.0040322580645161,0.0,0.0,0.0040322580645161,0.0,0.0,0.0,0.0,0.0,0.0,0.0,0.0,0.0,0.0,0.0,0.0,0.0,0.0,0.0,0.0,0.0,0.0,0.0040322580645161,0.0,0.0120967741935483,0.0,0.0,0.0,0.0,0.0,0.0,0.0,0.0,0.0,0.0,0.0,0.0,0.0,0.0,0.0,0.0,0.3320764869930198,0.3833263132621735,0.2995307530973771,0.1581163249132007,0.3162326498264014,0.1778808655273508,0.1760624543599816,0.0995020930803047,0.1791037675445486,0.0607330344391089,0.0599061506194754,0.1815756220715559,0.1658907307187928,0.1466575961069501,0.1866270720586419,0.1036817066992455,0.2257634838483419,0.0870380231112565,0.0861426357602647,0.1332906952594487,0.045363411163974,0.0673410159137964,0.045363411163974,0.1439032754150169,0.1404202457908946,0.0234033742984824,0.0711988720008387,0.1278089551494473,0.0990270639047454,0.0764120191384616,0.0496891561609713,0.0258377463299399,0.0812436014821186,0.0259306123871486,0.080947989610366,0.0288379411669095,0.057460143215267,0.0878265936652038,0.0288379411669095,0.0330506966109972,0.0,0.0335961562250982,0.0640076362058769,0.0674699127186805,0.0335961562250982,0.0354831386613107,0.0353312748568478,0.0,0.0,0.0,0.0,0.0,0.0768849864531228,0.0428075787220462,0.0,0.1290942766793827,0.0423675021466307,0.0,0.0,0.0,0.0451717965614999,0.0,0.0,0.0513378683344984,0.0,0.0,0.0,0.0,0.0,0.0,0.0,0.0,0.0,0.0,0.0,0.0,0.0,0.0,0.0,0.0,0.0,0.0,0.0677437034990138,0.0,0.1963893757594894,0.0,0.0,0.0,0.0,0.0,0.0,0.0,0.0,0.0,0.0,0.0,0.0,0.0,0.0,0.0,0.0,0.9475806451612904,0.0524193548387096,0.997787520465776,0.0664835618988557
J07A3123,0.0658436213991769,0.1069958847736625,0.0658436213991769,0.0864197530864197,0.0452674897119341,0.0617283950617283,0.0411522633744856,0.0823045267489712,0.0411522633744856,0.037037037037037,0.037037037037037,0.0329218106995884,0.0164609053497942,0.0164609053497942,0.0246913580246913,0.0205761316872428,0.0329218106995884,0.0082304526748971,0.0246913580246913,0.0041152263374485,0.0205761316872428,0.0123456790123456,0.0246913580246913,0.0164609053497942,0.0082304526748971,0.0041152263374485,0.0041152263374485,0.0041152263374485,0.0041152263374485,0.0041152263374485,0.0,0.0041152263374485,0.0,0.0041152263374485,0.0,0.0082304526748971,0.0041152263374485,0.0,0.0082304526748971,0.0,0.0041152263374485,0.0041152263374485,0.0,0.0,0.0041152263374485,0.0,0.0041152263374485,0.0,0.0,0.0,0.0,0.0,0.0,0.0,0.0,0.0,0.0,0.0,0.0,0.0,0.0,0.0,0.0,0.0,0.0,0.0,0.0,0.0,0.0,0.0,0.0,0.0,0.0,0.0,0.0,0.0,0.0,0.0,0.0,0.0,0.0,0.0,0.0,0.0,0.0,0.0,0.0,0.0,0.0,0.0,0.0,0.0,0.0,0.0,0.0,0.0,0.0,0.0,0.0,0.0,0.0,0.3121352469190794,0.4622366131789468,0.281543888953128,0.3657480189130004,0.1915822956210955,0.2612485849378574,0.1723852906676988,0.3507261686210449,0.1753630843105224,0.160554395024391,0.1583684375361345,0.1422266502089067,0.0730917041461012,0.0738486357270473,0.1096375562191518,0.0913646301826265,0.1446861509111694,0.0383490832016016,0.11386372258546,0.0195760265831177,0.0999359341383477,0.0593411047228753,0.1199231209660173,0.0845386645913648,0.0412462469200845,0.0206231234600422,0.0209135530167866,0.022525126742232,0.0218157362560907,0.0224448333023184,0.0,0.0227682993783575,0.0,0.0228501332258461,0.0,0.050824160091921,0.0253170250675562,0.0,0.050824160091921,0.0,0.0278683840347128,0.0296050333928982,0.0,0.0,0.0296050333928982,0.0,0.0311340251230656,0.0,0.0,0.0,0.0,0.0,0.0,0.0,0.0,0.0,0.0,0.0,0.0,0.0,0.0,0.0,0.0,0.0,0.0,0.0,0.0,0.0,0.0,0.0,0.0,0.0,0.0,0.0,0.0,0.0,0.0,0.0,0.0,0.0,0.0,0.0,0.0,0.0,0.0,0.0,0.0,0.0,0.0,0.0,0.0,0.0,0.0,0.0,0.0,0.0,0.0,0.0,0.0,0.0,0.0,1.0,0.0,1.0,0.0
J07A3124,0.1685393258426966,0.0936329588014981,0.0823970037453183,0.0636704119850187,0.0374531835205992,0.0411985018726591,0.0674157303370786,0.0299625468164794,0.0449438202247191,0.0149812734082397,0.0262172284644194,0.0299625468164794,0.0149812734082397,0.0224719101123595,0.0,0.0149812734082397,0.0149812734082397,0.0224719101123595,0.0224719101123595,0.0074906367041198,0.0112359550561797,0.0074906367041198,0.0187265917602996,0.0112359550561797,0.0074906367041198,0.0037453183520599,0.0,0.0,0.0037453183520599,0.0074906367041198,0.0037453183520599,0.0037453183520599,0.0037453183520599,0.0074906367041198,0.0074906367041198,0.0037453183520599,0.0037453183520599,0.0,0.0074906367041198,0.0,0.0,0.0,0.0037453183520599,0.0,0.0,0.0074906367041198,0.0,0.0074906367041198,0.0037453183520599,0.0074906367041198,0.0037453183520599,0.0,0.0037453183520599,0.0,0.0,0.0037453183520599,0.0,0.0037453183520599,0.0,0.0,0.0037453183520599,0.0,0.0,0.0,0.0,0.0037453183520599,0.0,0.0037453183520599,0.0,0.0,0.0,0.0037453183520599,0.0,0.0037453183520599,0.0037453183520599,0.0,0.0,0.0,0.0,0.0,0.0,0.0,0.0,0.0,0.0,0.0,0.0,0.0,0.0,0.0,0.0,0.0,0.0,0.0,0.0,0.0,0.0,0.0,0.0,0.0,0.0,0.6948053677189097,0.3517700205394443,0.306391437609642,0.2343362253382256,0.1378448384342504,0.1516293222776754,0.2455842617279357,0.1110339994218108,0.1665509991327162,0.0564764644812918,0.097488184693977,0.1125664065726222,0.0578490070173965,0.0876721297507262,0.0,0.0578490070173965,0.0572564989225716,0.0910550551183931,0.0901183433034584,0.0309872019652431,0.0474570510248616,0.0313106576059748,0.079095085041436,0.0501815957602904,0.0326446681657855,0.0163223340828927,0.0,0.0,0.0172662369076201,0.0355282814754121,0.0173274801490696,0.0180201505205026,0.0188873790673072,0.0361698371319456,0.0376373114095375,0.0201125916282775,0.0200373596142345,0.0,0.040225183256555,0.0,0.0,0.0,0.0223205852430504,0.0,0.0,0.0494943708674587,0.0,0.0517094003718645,0.025400737722291,0.053375634052824,0.0275757309664785,0.0,0.0268111431035807,0.0,0.0,0.0300116254644372,0.0,0.0308204966526207,0.0,0.0,0.0315043952721415,0.0,0.0,0.0,0.0,0.0342142747373063,0.0,0.0387580333689192,0.0,0.0,0.0,0.0403485886263022,0.0,0.0393719623417796,0.0403485886263022,0.0,0.0,0.0,0.0,0.0,0.0,0.0,0.0,0.0,0.0,0.0,0.0,0.0,0.0,0.0,0.0,0.0,0.0,0.0,0.0,0.0,0.0,0.0,0.0,0.0,0.0,0.9662921348314608,0.0337078651685393,0.9991184590616772,0.0419798137468405
J07A3125,0.1698113207547169,0.1283018867924528,0.1094339622641509,0.0490566037735849,0.0452830188679245,0.060377358490566,0.0528301886792452,0.0339622641509433,0.0377358490566037,0.0452830188679245,0.0226415094339622,0.0339622641509433,0.0,0.0226415094339622,0.0188679245283018,0.0075471698113207,0.0113207547169811,0.0075471698113207,0.0113207547169811,0.0113207547169811,0.0150943396226415,0.0150943396226415,0.0113207547169811,0.0,0.0075471698113207,0.0037735849056603,0.0075471698113207,0.0,0.0113207547169811,0.0037735849056603,0.0075471698113207,0.0037735849056603,0.0,0.0037735849056603,0.0075471698113207,0.0,0.0037735849056603,0.0037735849056603,0.0037735849056603,0.0,0.0,0.0037735849056603,0.0,0.0,0.0,0.0,0.0,0.0,0.0,0.0,0.0037735849056603,0.0,0.0,0.0,0.0,0.0,0.0,0.0037735849056603,0.0,0.0,0.0,0.0,0.0,0.0,0.0,0.0,0.0,0.0,0.0,0.0,0.0,0.0,0.0,0.0,0.0,0.0,0.0,0.0,0.0,0.0,0.0,0.0,0.0,0.0,0.0,0.0,0.0,0.0,0.0,0.0,0.0,0.0,0.0,0.0,0.0,0.0,0.0,0.0,0.0,0.0,0.0,0.6481899501729239,0.4463102498110363,0.376782800507598,0.167175638012875,0.1543159735503461,0.2057546314004615,0.1781948672854164,0.1165326530761211,0.1294807256401346,0.1580621497711919,0.0779550621739857,0.1181409484793919,0.0,0.0817900897934164,0.0674598001078793,0.0269839200431517,0.0400613131115506,0.0283153500641259,0.0420360918103665,0.0433623439693441,0.0590307923500934,0.0584199677677474,0.04427309426257,0.0,0.0304544938984302,0.0152272469492151,0.0308833758367522,0.0,0.0483234662286832,0.0165723208751847,0.0323299128540745,0.0168111546206687,0.0,0.0168715772917024,0.0351121740571535,0.0,0.0186930264695393,0.0190479260724261,0.0187632110675571,0.0,0.0,0.0218591114622798,0.0,0.0,0.0,0.0,0.0,0.0,0.0,0.0,0.0257256384472477,0.0,0.0,0.0,0.0,0.0,0.0,0.0287527084817357,0.0,0.0,0.0,0.0,0.0,0.0,0.0,0.0,0.0,0.0,0.0,0.0,0.0,0.0,0.0,0.0,0.0,0.0,0.0,0.0,0.0,0.0,0.0,0.0,0.0,0.0,0.0,0.0,0.0,0.0,0.0,0.0,0.0,0.0,0.0,0.0,0.0,0.0,0.0,0.0,0.0,0.0,0.0,0.9924528301886792,0.0075471698113207,0.999958053800816,0.0091591833088029
J07A3126,0.0746887966804979,0.1203319502074688,0.1286307053941908,0.0622406639004149,0.0871369294605809,0.0373443983402489,0.0580912863070539,0.0539419087136929,0.0290456431535269,0.0539419087136929,0.0290456431535269,0.0207468879668049,0.0248962655601659,0.0248962655601659,0.0373443983402489,0.0082987551867219,0.0248962655601659,0.0165975103734439,0.0165975103734439,0.0082987551867219,0.0041493775933609,0.0,0.0,0.0124481327800829,0.0041493775933609,0.0,0.0,0.0041493775933609,0.0041493775933609,0.0,0.0041493775933609,0.0,0.0,0.0,0.0124481327800829,0.0,0.0,0.0,0.0,0.0,0.0041493775933609,0.0041493775933609,0.0041493775933609,0.0041493775933609,0.0041493775933609,0.0,0.0,0.0,0.0,0.0,0.0,0.0,0.0,0.0,0.0,0.0,0.0,0.0,0.0041493775933609,0.0,0.0,0.0,0.0,0.0,0.0041493775933609,0.0,0.0,0.0,0.0,0.0,0.0,0.0,0.0,0.0,0.0041493775933609,0.0,0.0,0.0,0.0,0.0,0.0,0.0,0.0,0.0,0.0,0.0041493775933609,0.0,0.0,0.0,0.0,0.0,0.0,0.0,0.0,0.0,0.0,0.0,0.0,0.0,0.0,0.0,0.3181211531466403,0.4670745511611012,0.4941798453778255,0.2366743317375853,0.3313440644326195,0.1420045990425512,0.2186379033280527,0.2065279053689777,0.1112073336602187,0.2100971949619871,0.1115889973433799,0.080530095027776,0.0993245393374359,0.1003531359677341,0.1489868090061539,0.0331081797791453,0.0983072255302259,0.0694835812538244,0.0687687819335691,0.0354692295136349,0.0181070993623876,0.0,0.0,0.057439924371959,0.0186832168465457,0.0,0.0,0.0204063088812147,0.0197636469533484,0.0,0.0198337484936414,0.0,0.0,0.0,0.0646218286258179,0.0,0.0,0.0,0.0,0.0,0.0252469546183033,0.0268202466857371,0.0255490625372504,0.0269310526307816,0.0268202466857371,0.0,0.0,0.0,0.0,0.0,0.0,0.0,0.0,0.0,0.0,0.0,0.0,0.0,0.0352784117366319,0.0,0.0,0.0,0.0,0.0,0.0377568863058589,0.0,0.0,0.0,0.0,0.0,0.0,0.0,0.0,0.0,0.0461846588195598,0.0,0.0,0.0,0.0,0.0,0.0,0.0,0.0,0.0,0.0,0.0568988864997418,0.0,0.0,0.0,0.0,0.0,0.0,0.0,0.0,0.0,0.0,0.0,0.0,0.0,0.0,0.0,0.983402489626556,0.0165975103734439,0.9997934333744836,0.0203246299169863
J07A3127,0.564748201438849,0.2158273381294964,0.1079136690647482,0.0215827338129496,0.0359712230215827,0.0107913669064748,0.0071942446043165,0.014388489208633,0.0107913669064748,0.0,0.0035971223021582,0.0,0.0035971223021582,0.0,0.0,0.0,0.0,0.0,0.0,0.0,0.0,0.0,0.0,0.0,0.0,0.0,0.0,0.0,0.0,0.0,0.0,0.0,0.0,0.0,0.0,0.0035971223021582,0.0,0.0,0.0,0.0,0.0,0.0,0.0,0.0,0.0,0.0,0.0,0.0,0.0,0.0,0.0,0.0,0.0,0.0,0.0,0.0,0.0,0.0,0.0,0.0,0.0,0.0,0.0,0.0,0.0,0.0,0.0,0.0,0.0,0.0,0.0,0.0,0.0,0.0,0.0,0.0,0.0,0.0,0.0,0.0,0.0,0.0,0.0,0.0,0.0,0.0,0.0,0.0,0.0,0.0,0.0,0.0,0.0,0.0,0.0,0.0,0.0,0.0,0.0,0.0,0.0,0.9297709385666416,0.3238140808009971,0.1602510420385088,0.0317225012398005,0.0528708353996675,0.0158612506199002,0.0104660712291135,0.021293725517323,0.0159702941379922,0.0,0.0053417014012836,0.0,0.0055470436230912,0.0,0.0,0.0,0.0,0.0,0.0,0.0,0.0,0.0,0.0,0.0,0.0,0.0,0.0,0.0,0.0,0.0,0.0,0.0,0.0,0.0,0.0,0.0077142498298665,0.0,0.0,0.0,0.0,0.0,0.0,0.0,0.0,0.0,0.0,0.0,0.0,0.0,0.0,0.0,0.0,0.0,0.0,0.0,0.0,0.0,0.0,0.0,0.0,0.0,0.0,0.0,0.0,0.0,0.0,0.0,0.0,0.0,0.0,0.0,0.0,0.0,0.0,0.0,0.0,0.0,0.0,0.0,0.0,0.0,0.0,0.0,0.0,0.0,0.0,0.0,0.0,0.0,0.0,0.0,0.0,0.0,0.0,0.0,0.0,0.0,0.0,0.0,0.0,0.0,1.0,0.0,1.0,0.0
J07A3128,0.1239669421487603,0.1033057851239669,0.1074380165289256,0.0702479338842975,0.0785123966942148,0.0206611570247933,0.0371900826446281,0.0330578512396694,0.0206611570247933,0.024793388429752,0.0165289256198347,0.0371900826446281,0.0041322314049586,0.0289256198347107,0.0206611570247933,0.0330578512396694,0.024793388429752,0.0165289256198347,0.012396694214876,0.0041322314049586,0.0041322314049586,0.0041322314049586,0.0041322314049586,0.0082644628099173,0.012396694214876,0.0041322314049586,0.012396694214876,0.0,0.0082644628099173,0.0082644628099173,0.012396694214876,0.0082644628099173,0.0082644628099173,0.012396694214876,0.0082644628099173,0.0082644628099173,0.0082644628099173,0.0082644628099173,0.0,0.0041322314049586,0.0041322314049586,0.0,0.0082644628099173,0.0,0.0,0.0,0.0,0.0,0.0041322314049586,0.0041322314049586,0.0041322314049586,0.0,0.0,0.0,0.0,0.0,0.0041322314049586,0.0,0.0,0.0,0.0041322314049586,0.0,0.0,0.0,0.0,0.0,0.0,0.0,0.0,0.0,0.0041322314049586,0.0,0.0,0.0,0.0,0.0,0.0,0.0,0.0,0.0,0.0,0.0,0.0,0.0,0.0,0.0,0.0,0.0,0.0,0.0,0.0,0.0,0.0,0.0,0.0,0.0,0.0,0.0,0.0,0.0,0.0,0.5415315472399923,0.4112545160397399,0.423330098298408,0.2739626043011393,0.3061934989248027,0.0805772365591586,0.143556344780345,0.1298099071266742,0.0811311919541714,0.0990399964965954,0.0651277074305243,0.1480516257743064,0.0169078261329913,0.1195804551738166,0.0845391306649568,0.135262609063931,0.1004079045099796,0.0709683418885657,0.0526787012786542,0.0181135770582428,0.0184940211050136,0.0183026531380995,0.0184940211050136,0.0391115533322071,0.0572473480850223,0.0190824493616741,0.0580535461355425,0.0,0.0403719333010903,0.0415361325603809,0.0607726984690111,0.0421347349038323,0.0441624896042758,0.0634292634238279,0.0440018005656929,0.0470272829032326,0.0468513753288548,0.0477408800072974,0.0,0.0269486030691012,0.0257864444328456,0.0,0.0521900158960542,0.0,0.0,0.0,0.0,0.0,0.0296960158316328,0.03120074092307,0.0322388015774344,0.0,0.0,0.0,0.0,0.0,0.0345452627464119,0.0,0.0,0.0,0.0368318050836183,0.0,0.0,0.0,0.0,0.0,0.0,0.0,0.0,0.0,0.0479813574814929,0.0,0.0,0.0,0.0,0.0,0.0,0.0,0.0,0.0,0.0,0.0,0.0,0.0,0.0,0.0,0.0,0.0,0.0,0.0,0.0,0.0,0.0,0.0,0.0,0.0,0.0,0.0,0.0,0.0,0.0,0.987603305785124,0.012396694214876,0.9998857269794889,0.0151173073891826
J07A3129,0.2657342657342657,0.1328671328671328,0.1363636363636363,0.0839160839160839,0.0419580419580419,0.0419580419580419,0.0244755244755244,0.0244755244755244,0.0314685314685314,0.0104895104895104,0.0314685314685314,0.0244755244755244,0.0069930069930069,0.0314685314685314,0.0104895104895104,0.0069930069930069,0.0,0.0174825174825174,0.0139860139860139,0.0139860139860139,0.0,0.0,0.0034965034965034,0.0034965034965034,0.0069930069930069,0.0069930069930069,0.0034965034965034,0.0034965034965034,0.0,0.0034965034965034,0.0069930069930069,0.0,0.0,0.0,0.0,0.0034965034965034,0.0,0.0034965034965034,0.0034965034965034,0.0,0.0,0.0,0.0,0.0,0.0,0.0,0.0,0.0,0.0,0.0,0.0,0.0,0.0,0.0,0.0,0.0,0.0,0.0,0.0,0.0,0.0,0.0,0.0,0.0,0.0,0.0,0.0,0.0,0.0,0.0,0.0,0.0,0.0,0.0,0.0,0.0,0.0,0.0,0.0,0.0,0.0,0.0,0.0,0.0,0.0,0.0,0.0,0.0,0.0,0.0,0.0,0.0,0.0,0.0,0.0,0.0,0.0,0.0,0.0,0.0,0.0,0.786950791522,0.3585797376687749,0.3642519485342695,0.2218631033675551,0.1109315516837775,0.1109315516837775,0.0640485643685061,0.065154943033819,0.0837706410434816,0.0284061318040925,0.0840581419694468,0.0660541622021427,0.0193976556802864,0.0881934128178155,0.0290964835204296,0.0193976556802864,0.0,0.050886918036033,0.0402907427227493,0.041561928559052,0.0,0.0,0.0106087160678513,0.0112177703788152,0.0218925117482721,0.0218925117482721,0.011100408868841,0.0119557932820187,0.0,0.0119131754632382,0.0232406750655253,0.0,0.0,0.0,0.0,0.0134881183743124,0.0,0.0136927885490916,0.0134881183743124,0.0,0.0,0.0,0.0,0.0,0.0,0.0,0.0,0.0,0.0,0.0,0.0,0.0,0.0,0.0,0.0,0.0,0.0,0.0,0.0,0.0,0.0,0.0,0.0,0.0,0.0,0.0,0.0,0.0,0.0,0.0,0.0,0.0,0.0,0.0,0.0,0.0,0.0,0.0,0.0,0.0,0.0,0.0,0.0,0.0,0.0,0.0,0.0,0.0,0.0,0.0,0.0,0.0,0.0,0.0,0.0,0.0,0.0,0.0,0.0,0.0,0.0,1.0,0.0,1.0,0.0
J07A3130,0.0125786163522012,0.0314465408805031,0.0314465408805031,0.0566037735849056,0.0440251572327044,0.0628930817610062,0.0628930817610062,0.0314465408805031,0.0440251572327044,0.0440251572327044,0.0440251572327044,0.0377358490566037,0.0377358490566037,0.0314465408805031,0.0566037735849056,0.0188679245283018,0.0188679245283018,0.0062893081761006,0.0251572327044025,0.0188679245283018,0.0188679245283018,0.0125786163522012,0.0062893081761006,0.0125786163522012,0.0314465408805031,0.0188679245283018,0.0,0.0062893081761006,0.0062893081761006,0.0188679245283018,0.0251572327044025,0.0062893081761006,0.0,0.0,0.0125786163522012,0.0188679245283018,0.0,0.0,0.0062893081761006,0.0,0.0125786163522012,0.0,0.0062893081761006,0.0,0.0,0.0062893081761006,0.0,0.0,0.0,0.0,0.0,0.0062893081761006,0.0,0.0,0.0062893081761006,0.0125786163522012,0.0062893081761006,0.0062893081761006,0.0062893081761006,0.0,0.0,0.0,0.0,0.0,0.0,0.0,0.0,0.0062893081761006,0.0,0.0,0.0,0.0,0.0,0.0062893081761006,0.0,0.0,0.0,0.0,0.0,0.0,0.0,0.0,0.0,0.0,0.0,0.0,0.0,0.0,0.0,0.0,0.0,0.0,0.0,0.0,0.0,0.0,0.0,0.0,0.0,0.0,0.0,0.0699229761161847,0.1593045124477811,0.1576751329531122,0.2809132835123765,0.218488109398515,0.3121258705693072,0.3089351217105955,0.1571358425802393,0.2199901796123351,0.2237921290740882,0.2207451861343571,0.1911654149373374,0.1964836538165409,0.1654320184318641,0.2947254807248114,0.0982418269082704,0.0972356025892249,0.0343630788928921,0.1360383006350161,0.1052477644404706,0.1074583098942243,0.0708975858245419,0.0358194366314081,0.0757517144694476,0.1847955568454607,0.1108773341072764,0.0,0.0403677294315805,0.0390964165757821,0.1206715018636749,0.156940365347969,0.0408035239686152,0.0,0.0,0.0852232025734747,0.1366244882874323,0.0,0.0,0.0455414960958107,0.0,0.099886975046356,0.0,0.0505411169524972,0.0,0.0,0.0560357347099883,0.0,0.0,0.0,0.0,0.0,0.0612754814905092,0.0,0.0,0.0662281362635029,0.13591230301678,0.0669076693940289,0.0697877008551624,0.0697877008551624,0.0,0.0,0.0,0.0,0.0,0.0,0.0,0.0,0.0877608842248992,0.0,0.0,0.0,0.0,0.0,0.0891510205353941,0.0,0.0,0.0,0.0,0.0,0.0,0.0,0.0,0.0,0.0,0.0,0.0,0.0,0.0,0.0,0.0,0.0,0.0,0.0,0.0,0.0,0.0,0.0,0.0,0.0,0.0,0.0,0.9433962264150944,0.0566037735849056,0.9973987815298214,0.0720810002901409
J07A3131,0.1206225680933852,0.1517509727626459,0.1478599221789883,0.0933852140077821,0.0661478599221789,0.0505836575875486,0.0661478599221789,0.0544747081712062,0.0155642023346303,0.0311284046692607,0.0116731517509727,0.0038910505836575,0.0194552529182879,0.0194552529182879,0.0155642023346303,0.0077821011673151,0.0233463035019455,0.0155642023346303,0.0116731517509727,0.0077821011673151,0.0116731517509727,0.0116731517509727,0.0,0.0,0.0038910505836575,0.0077821011673151,0.0,0.0,0.0038910505836575,0.0,0.0038910505836575,0.0038910505836575,0.0038910505836575,0.0038910505836575,0.0077821011673151,0.0038910505836575,0.0,0.0,0.0,0.0,0.0,0.0,0.0,0.0,0.0,0.0,0.0,0.0,0.0,0.0,0.0,0.0,0.0,0.0,0.0,0.0,0.0,0.0,0.0,0.0,0.0,0.0,0.0,0.0,0.0,0.0,0.0,0.0,0.0,0.0,0.0,0.0,0.0,0.0,0.0,0.0,0.0,0.0,0.0,0.0,0.0,0.0,0.0,0.0,0.0,0.0,0.0,0.0,0.0,0.0,0.0,0.0,0.0,0.0,0.0,0.0,0.0,0.0,0.0,0.0,0.0,0.4455357584164371,0.5108032401771583,0.4926151466499326,0.3079441593290228,0.2181271128580578,0.1668030863032207,0.2158972789928404,0.1808690481124309,0.0516768708892659,0.1051399383424763,0.0388906694723631,0.0130975189789014,0.0673094656203794,0.0680065168222892,0.0538475724963035,0.0269237862481517,0.0799440725669811,0.0565044983419003,0.041942414178522,0.0288438071854759,0.0441744314600513,0.0437173339424213,0.0,0.0,0.0151933129564893,0.0303866259129786,0.0,0.0,0.0160719257176157,0.0,0.0161289327442509,0.0167736908821142,0.0175809329499146,0.0168339789009362,0.0350339264091699,0.0187213971618654,0.0,0.0,0.0,0.0,0.0,0.0,0.0,0.0,0.0,0.0,0.0,0.0,0.0,0.0,0.0,0.0,0.0,0.0,0.0,0.0,0.0,0.0,0.0,0.0,0.0,0.0,0.0,0.0,0.0,0.0,0.0,0.0,0.0,0.0,0.0,0.0,0.0,0.0,0.0,0.0,0.0,0.0,0.0,0.0,0.0,0.0,0.0,0.0,0.0,0.0,0.0,0.0,0.0,0.0,0.0,0.0,0.0,0.0,0.0,0.0,0.0,0.0,0.0,0.0,0.0,1.0,0.0,1.0,0.0
J07A3132,0.2953020134228188,0.1543624161073825,0.1140939597315436,0.0738255033557047,0.0402684563758389,0.046979865771812,0.0335570469798657,0.0402684563758389,0.0268456375838926,0.0201342281879194,0.0335570469798657,0.0067114093959731,0.0067114093959731,0.0134228187919463,0.0,0.0134228187919463,0.0067114093959731,0.0,0.0,0.0134228187919463,0.0067114093959731,0.0,0.0067114093959731,0.0,0.0067114093959731,0.0067114093959731,0.0,0.0,0.0067114093959731,0.0,0.0067114093959731,0.0067114093959731,0.0,0.0,0.0,0.0067114093959731,0.0,0.0,0.0,0.0,0.0,0.0,0.0,0.0,0.0,0.0,0.0,0.0,0.0,0.0067114093959731,0.0,0.0,0.0,0.0,0.0,0.0,0.0,0.0,0.0,0.0,0.0,0.0,0.0,0.0,0.0,0.0,0.0,0.0,0.0,0.0,0.0,0.0,0.0,0.0,0.0,0.0,0.0,0.0,0.0,0.0,0.0,0.0,0.0,0.0,0.0,0.0,0.0,0.0,0.0,0.0,0.0,0.0,0.0,0.0,0.0,0.0,0.0,0.0,0.0,0.0,0.0,0.8183824830009127,0.38985189430226,0.2852041642074244,0.1826569456518069,0.0996310612646219,0.1162362381420589,0.0821771410729293,0.1003160086052752,0.0668773390701835,0.0510248529855973,0.083883577708066,0.0169500823609678,0.0174216351627512,0.0352041043216575,0.0,0.0348432703255025,0.0172431971844483,0.0,0.0,0.0373280548923242,0.0190560327418487,0.0,0.0190560327418487,0.0,0.0196623426439236,0.0196623426439236,0.0,0.0,0.0207993945305045,0.0,0.0208731698614032,0.0217075800697253,0.0,0.0,0.0,0.024228193470625,0.0,0.0,0.0,0.0,0.0,0.0,0.0,0.0,0.0,0.0,0.0,0.0,0.0,0.0321488948900777,0.0,0.0,0.0,0.0,0.0,0.0,0.0,0.0,0.0,0.0,0.0,0.0,0.0,0.0,0.0,0.0,0.0,0.0,0.0,0.0,0.0,0.0,0.0,0.0,0.0,0.0,0.0,0.0,0.0,0.0,0.0,0.0,0.0,0.0,0.0,0.0,0.0,0.0,0.0,0.0,0.0,0.0,0.0,0.0,0.0,0.0,0.0,0.0,0.0,0.0,0.0,1.0,0.0,1.0,0.0
J07A3133,0.4406779661016949,0.2161016949152542,0.0847457627118644,0.0635593220338983,0.0381355932203389,0.0169491525423728,0.0084745762711864,0.0254237288135593,0.0127118644067796,0.0127118644067796,0.0084745762711864,0.0127118644067796,0.0,0.0084745762711864,0.0042372881355932,0.0042372881355932,0.0084745762711864,0.0042372881355932,0.0042372881355932,0.0084745762711864,0.0,0.0,0.0,0.0,0.0,0.0,0.0,0.0,0.0,0.0042372881355932,0.0,0.0,0.0042372881355932,0.0,0.0042372881355932,0.0,0.0,0.0,0.0,0.0,0.0,0.0,0.0,0.0042372881355932,0.0,0.0,0.0,0.0,0.0,0.0,0.0,0.0,0.0,0.0,0.0,0.0,0.0,0.0,0.0,0.0,0.0,0.0,0.0,0.0,0.0,0.0,0.0,0.0,0.0,0.0,0.0,0.0,0.0,0.0,0.0,0.0,0.0,0.0,0.0,0.0,0.0,0.0,0.0,0.0,0.0,0.0,0.0,0.0,0.0,0.0,0.0,0.0,0.0,0.0,0.0,0.0,0.0,0.0,0.0,0.0,0.0,0.8905728782097302,0.397992113177878,0.154478987259913,0.1146746021711858,0.0688047613027115,0.0305798939123162,0.0151336434087746,0.0461851885634627,0.0230925942817313,0.0234916888074717,0.0154478987259913,0.0234113007751692,0.0,0.0162078637189525,0.0080208684163417,0.0080208684163417,0.0158774322159153,0.0084166309662872,0.0083300464525793,0.0171857241718309,0.0,0.0,0.0,0.0,0.0,0.0,0.0,0.0,0.0,0.009852119698004,0.0,0.0,0.010475075721378,0.0,0.0104369612522474,0.0,0.0,0.0,0.0,0.0,0.0,0.0,0.0,0.0130487650427184,0.0,0.0,0.0,0.0,0.0,0.0,0.0,0.0,0.0,0.0,0.0,0.0,0.0,0.0,0.0,0.0,0.0,0.0,0.0,0.0,0.0,0.0,0.0,0.0,0.0,0.0,0.0,0.0,0.0,0.0,0.0,0.0,0.0,0.0,0.0,0.0,0.0,0.0,0.0,0.0,0.0,0.0,0.0,0.0,0.0,0.0,0.0,0.0,0.0,0.0,0.0,0.0,0.0,0.0,0.0,0.0,0.0,1.0,0.0,1.0,0.0
J07A3134,0.1226415094339622,0.2264150943396226,0.0943396226415094,0.0471698113207547,0.1037735849056603,0.0566037735849056,0.0377358490566037,0.0377358490566037,0.0471698113207547,0.0377358490566037,0.0094339622641509,0.0188679245283018,0.0094339622641509,0.0,0.0377358490566037,0.0094339622641509,0.0094339622641509,0.0188679245283018,0.0188679245283018,0.0094339622641509,0.0094339622641509,0.0094339622641509,0.0,0.0,0.0094339622641509,0.0,0.0,0.0,0.0094339622641509,0.0094339622641509,0.0,0.0,0.0,0.0,0.0,0.0,0.0,0.0,0.0,0.0,0.0,0.0,0.0,0.0,0.0,0.0,0.0,0.0,0.0,0.0,0.0,0.0,0.0,0.0,0.0,0.0,0.0,0.0,0.0,0.0,0.0,0.0,0.0,0.0,0.0,0.0,0.0,0.0,0.0,0.0,0.0,0.0,0.0,0.0,0.0,0.0,0.0,0.0,0.0,0.0,0.0,0.0,0.0,0.0,0.0,0.0,0.0,0.0,0.0,0.0,0.0,0.0,0.0,0.0,0.0,0.0,0.0,0.0,0.0,0.0,0.0,0.4178358708107978,0.7029780662260093,0.2899116456071329,0.1434736776156952,0.3156420907545295,0.1721684131388342,0.113605598858245,0.1155680286500152,0.144460035812519,0.1175653169157736,0.0289911645607132,0.0585815055188341,0.0301056241114204,0.0,0.1204224964456816,0.0301056241114204,0.0297972726477486,0.0631821680653256,0.0625321933523014,0.0322525520394754,0.0329299605589042,0.0325892158627163,0.0,0.0,0.0339777002134416,0.0,0.0,0.0,0.0359425936561522,0.0369790647262742,0.0,0.0,0.0,0.0,0.0,0.0,0.0,0.0,0.0,0.0,0.0,0.0,0.0,0.0,0.0,0.0,0.0,0.0,0.0,0.0,0.0,0.0,0.0,0.0,0.0,0.0,0.0,0.0,0.0,0.0,0.0,0.0,0.0,0.0,0.0,0.0,0.0,0.0,0.0,0.0,0.0,0.0,0.0,0.0,0.0,0.0,0.0,0.0,0.0,0.0,0.0,0.0,0.0,0.0,0.0,0.0,0.0,0.0,0.0,0.0,0.0,0.0,0.0,0.0,0.0,0.0,0.0,0.0,0.0,0.0,0.0,1.0,0.0,1.0,0.0
J07A3135,0.0,0.0122448979591836,0.0163265306122449,0.0285714285714285,0.0204081632653061,0.0204081632653061,0.0122448979591836,0.0204081632653061,0.0448979591836734,0.0204081632653061,0.0244897959183673,0.0285714285714285,0.0326530612244898,0.0326530612244898,0.0326530612244898,0.0326530612244898,0.0285714285714285,0.0326530612244898,0.0204081632653061,0.0285714285714285,0.0163265306122449,0.0244897959183673,0.0081632653061224,0.0122448979591836,0.0408163265306122,0.0040816326530612,0.0122448979591836,0.0081632653061224,0.0326530612244898,0.0081632653061224,0.0040816326530612,0.0244897959183673,0.0244897959183673,0.0122448979591836,0.0163265306122449,0.0163265306122449,0.0122448979591836,0.0040816326530612,0.0081632653061224,0.0040816326530612,0.0081632653061224,0.0040816326530612,0.0081632653061224,0.0040816326530612,0.0040816326530612,0.0122448979591836,0.0081632653061224,0.0081632653061224,0.0163265306122449,0.0081632653061224,0.0040816326530612,0.0040816326530612,0.0040816326530612,0.0040816326530612,0.0081632653061224,0.0081632653061224,0.0040816326530612,0.0122448979591836,0.0,0.0122448979591836,0.0040816326530612,0.0122448979591836,0.0,0.0081632653061224,0.0040816326530612,0.0040816326530612,0.0040816326530612,0.0,0.0,0.0,0.0040816326530612,0.0040816326530612,0.0040816326530612,0.0,0.0040816326530612,0.0081632653061224,0.0,0.0,0.0,0.0,0.0,0.0,0.0040816326530612,0.0,0.0,0.0,0.0,0.0,0.0,0.0,0.0,0.0040816326530612,0.0,0.0,0.0,0.0,0.0,0.0,0.0,0.0040816326530612,0.0,0.0,0.0679561976212832,0.0896815148153119,0.1553379427450617,0.1109556733893298,0.1109556733893298,0.0658928484213594,0.1117184755963299,0.2457806463119257,0.1136492345007038,0.1345222722229679,0.1585644611163276,0.1862579869200076,0.1881868590697306,0.1862579869200076,0.1862579869200076,0.1613064887384131,0.1954482556072463,0.1208985114416096,0.1745980574746932,0.1018658198274996,0.1512176359330607,0.0509329099137498,0.0807855094551106,0.2627672664460072,0.0262767266446007,0.079940322840167,0.0574002865460615,0.2223702493029931,0.0571956765338051,0.0278948744097851,0.1740598741272258,0.1824365905994108,0.0873427401622658,0.1211818528555512,0.1295140926896333,0.0967722297415731,0.0328698384035534,0.0647570463448166,0.0371085002181552,0.0710163919374997,0.0377209287078509,0.0718661821281872,0.0378767700467619,0.0377209287078509,0.1195187569797809,0.079338153513944,0.0832450660320569,0.1635668620211329,0.08592747448775,0.0443931573114075,0.043564875276977,0.0431622753697004,0.0480632848088651,0.0941721036200434,0.096629228942898,0.0475691777742382,0.1488503595402852,0.0,0.1574442623623373,0.050717769803349,0.1583693746258226,0.0,0.1152817636924768,0.0531025994377275,0.0550803053074216,0.0568780044953184,0.0,0.0,0.0,0.0660708167322734,0.0649557121208542,0.059251972388935,0.0,0.0649557121208542,0.138275667059798,0.0,0.0,0.0,0.0,0.0,0.0,0.0760609455727883,0.0,0.0,0.0,0.0,0.0,0.0,0.0,0.0,0.0862787181025807,0.0,0.0,0.0,0.0,0.0,0.0,0.0,0.1101623006231239,0.0,0.8693877551020408,0.1306122448979592,0.9840190222021488,0.1780633705856623
J07A3136,0.0397727272727272,0.0454545454545454,0.096590909090909,0.1079545454545454,0.1363636363636363,0.0681818181818181,0.0568181818181818,0.034090909090909,0.0454545454545454,0.0511363636363636,0.0511363636363636,0.0227272727272727,0.034090909090909,0.0227272727272727,0.0056818181818181,0.0170454545454545,0.0227272727272727,0.0056818181818181,0.0170454545454545,0.0113636363636363,0.0,0.0,0.0056818181818181,0.0227272727272727,0.0227272727272727,0.0056818181818181,0.0,0.0056818181818181,0.0113636363636363,0.0,0.0056818181818181,0.0056818181818181,0.0056818181818181,0.0,0.0,0.0,0.0,0.0,0.0056818181818181,0.0,0.0,0.0056818181818181,0.0,0.0,0.0056818181818181,0.0,0.0,0.0,0.0,0.0,0.0,0.0,0.0,0.0,0.0,0.0,0.0,0.0,0.0,0.0,0.0,0.0,0.0,0.0,0.0,0.0,0.0,0.0,0.0,0.0,0.0,0.0,0.0,0.0,0.0,0.0,0.0,0.0,0.0,0.0,0.0,0.0,0.0,0.0,0.0,0.0,0.0,0.0,0.0,0.0,0.0,0.0,0.0,0.0,0.0,0.0,0.0,0.0,0.0,0.0,0.0,0.1727358618979289,0.1799047468863751,0.3783874163557983,0.4185794758314978,0.5287319694713656,0.2643659847356828,0.218052889799161,0.1330917289400784,0.1774556385867712,0.2030878021519296,0.2003227498354226,0.0899523734431875,0.1386822847326824,0.0934123112571667,0.0231137141221137,0.0693411423663412,0.0915079041776086,0.0242541819573721,0.07201401481786,0.0495240533655795,0.0,0.0,0.0252821098009478,0.106934298410898,0.1043460645564168,0.0260865161391042,0.0,0.0284923902742033,0.055190141981508,0.0,0.0276929505463598,0.0287999832006175,0.0301859964611978,0.0,0.0,0.0,0.0,0.0,0.0321441433220124,0.0,0.0,0.0374478765497811,0.0,0.0,0.0374478765497811,0.0,0.0,0.0,0.0,0.0,0.0,0.0,0.0,0.0,0.0,0.0,0.0,0.0,0.0,0.0,0.0,0.0,0.0,0.0,0.0,0.0,0.0,0.0,0.0,0.0,0.0,0.0,0.0,0.0,0.0,0.0,0.0,0.0,0.0,0.0,0.0,0.0,0.0,0.0,0.0,0.0,0.0,0.0,0.0,0.0,0.0,0.0,0.0,0.0,0.0,0.0,0.0,0.0,0.0,0.0,0.0,1.0,0.0,1.0,0.0
J07A3137,0.1373390557939914,0.1502145922746781,0.1373390557939914,0.0600858369098712,0.0858369098712446,0.0472103004291845,0.0429184549356223,0.03862660944206,0.0257510729613733,0.0171673819742489,0.0128755364806866,0.0257510729613733,0.0343347639484978,0.0171673819742489,0.0128755364806866,0.0128755364806866,0.0128755364806866,0.0085836909871244,0.0128755364806866,0.0128755364806866,0.0085836909871244,0.0,0.0128755364806866,0.0042918454935622,0.0,0.0128755364806866,0.0128755364806866,0.0,0.0,0.0085836909871244,0.0042918454935622,0.0042918454935622,0.0,0.0,0.0,0.0,0.0042918454935622,0.0,0.0042918454935622,0.0,0.0,0.0,0.0,0.0,0.0,0.0,0.0,0.0,0.0,0.0,0.0,0.0,0.0,0.0042918454935622,0.0,0.0,0.0,0.0,0.0085836909871244,0.0,0.0,0.0,0.0,0.0,0.0042918454935622,0.0,0.0,0.0,0.0,0.0,0.0,0.0,0.0,0.0,0.0,0.0,0.0,0.0,0.0,0.0,0.0,0.0,0.0,0.0,0.0,0.0,0.0,0.0,0.0,0.0,0.0,0.0,0.0,0.0,0.0,0.0,0.0,0.0,0.0,0.0,0.0,0.5153666179295896,0.513691659853172,0.4648572158405874,0.2012955616538744,0.2875650880769635,0.1581607984423299,0.1423127075668792,0.1302939230775511,0.086862615385034,0.0589092042448318,0.043580363985055,0.0880614274034009,0.1206817388817738,0.0609657544430242,0.0452556520806651,0.0452556520806651,0.0447921291685725,0.0316590925013887,0.04700010828075,0.0484829767491301,0.033000851326391,0.0,0.0495012769895865,0.0174477274213566,0.0,0.0510762697916415,0.0517955623093091,0.0,0.0,0.0370586723004983,0.0180738662826165,0.0187963736272221,0.0,0.0,0.0,0.0,0.0209004745761501,0.0,0.0209789472305861,0.0,0.0,0.0,0.0,0.0,0.0,0.0,0.0,0.0,0.0,0.0,0.0,0.0,0.0,0.0311415412730455,0.0,0.0,0.0,0.0,0.0642961966161256,0.0,0.0,0.0,0.0,0.0,0.0344066536166287,0.0,0.0,0.0,0.0,0.0,0.0,0.0,0.0,0.0,0.0,0.0,0.0,0.0,0.0,0.0,0.0,0.0,0.0,0.0,0.0,0.0,0.0,0.0,0.0,0.0,0.0,0.0,0.0,0.0,0.0,0.0,0.0,0.0,0.0,0.0,0.0,0.9828326180257512,0.0171673819742489,0.9997787535470236,0.0210343518074573
J07A3138,0.0566801619433198,0.0647773279352226,0.1336032388663967,0.0526315789473684,0.0769230769230769,0.0445344129554655,0.048582995951417,0.0283400809716599,0.0364372469635627,0.0242914979757085,0.0364372469635627,0.0323886639676113,0.0080971659919028,0.0040485829959514,0.0445344129554655,0.0161943319838056,0.020242914979757,0.0242914979757085,0.0242914979757085,0.0364372469635627,0.0161943319838056,0.0040485829959514,0.0080971659919028,0.020242914979757,0.0080971659919028,0.0040485829959514,0.0080971659919028,0.0040485829959514,0.0040485829959514,0.0080971659919028,0.0,0.0,0.0161943319838056,0.0040485829959514,0.0040485829959514,0.0080971659919028,0.0,0.0,0.0040485829959514,0.0,0.0040485829959514,0.0,0.0080971659919028,0.0040485829959514,0.0080971659919028,0.0080971659919028,0.0,0.0,0.0121457489878542,0.0,0.0,0.0,0.0,0.0,0.0,0.0040485829959514,0.0,0.0040485829959514,0.0,0.0,0.0040485829959514,0.0,0.0,0.0,0.0,0.0,0.0040485829959514,0.0,0.0,0.0,0.0,0.0,0.0040485829959514,0.0,0.0,0.0,0.0,0.0,0.0,0.0,0.0,0.0,0.0,0.0,0.0,0.0,0.0,0.0,0.0,0.0,0.0,0.0,0.0,0.0,0.0,0.0,0.0,0.0,0.0,0.0,0.0,0.2714107921249199,0.2826748847805396,0.5770538051343959,0.224999880119261,0.3288459786358431,0.190384513947067,0.2055690355040086,0.1219866941448674,0.1568400353291152,0.1063670675124683,0.1573783104911988,0.1413374423902698,0.0363173656582023,0.0183467326312272,0.1997455111201131,0.0726347313164047,0.0898634788603276,0.1143279686985121,0.1131518411466904,0.1750827269588381,0.0794489039192009,0.0196567004327836,0.0397244519596004,0.1050126560219383,0.0409883734118715,0.0204941867059357,0.0415656009664049,0.022384298572648,0.0216793432297504,0.0446090142623212,0.0,0.0,0.0948593432839663,0.0227072731001842,0.0236285473394686,0.0505064050125248,0.0,0.0,0.0252532025062624,0.0,0.0276941495650122,0.0,0.0560510817918215,0.0295414877071698,0.0588398826167213,0.0621447197624543,0.0,0.0,0.0956788640715431,0.0,0.0,0.0,0.0,0.0,0.0,0.0376823469298691,0.0,0.0386979588556818,0.0,0.0,0.0395566562653299,0.0,0.0,0.0,0.0,0.0,0.0443612501417724,0.0,0.0,0.0,0.0,0.0,0.046212795119338,0.0,0.0,0.0,0.0,0.0,0.0,0.0,0.0,0.0,0.0,0.0,0.0,0.0,0.0,0.0,0.0,0.0,0.0,0.0,0.0,0.0,0.0,0.0,0.0,0.0,0.0,0.0,0.0,0.979757085020243,0.020242914979757,0.9996904868842524,0.0248783125055952
J07A3139,0.4576923076923077,0.173076923076923,0.1115384615384615,0.073076923076923,0.0653846153846153,0.0269230769230769,0.0153846153846153,0.0038461538461538,0.0192307692307692,0.0115384615384615,0.0115384615384615,0.0038461538461538,0.0038461538461538,0.0038461538461538,0.0038461538461538,0.0038461538461538,0.0,0.0076923076923076,0.0038461538461538,0.0,0.0,0.0,0.0,0.0,0.0,0.0,0.0,0.0,0.0,0.0,0.0,0.0,0.0,0.0,0.0,0.0,0.0,0.0,0.0,0.0,0.0,0.0,0.0,0.0,0.0,0.0,0.0,0.0,0.0,0.0,0.0,0.0,0.0,0.0,0.0,0.0,0.0,0.0,0.0,0.0,0.0,0.0,0.0,0.0,0.0,0.0,0.0,0.0,0.0,0.0,0.0,0.0,0.0,0.0,0.0,0.0,0.0,0.0,0.0,0.0,0.0,0.0,0.0,0.0,0.0,0.0,0.0,0.0,0.0,0.0,0.0,0.0,0.0,0.0,0.0,0.0,0.0,0.0,0.0,0.0,0.0,0.9089100476416262,0.3132237040826747,0.1997906838037952,0.12955894458797,0.1159211609471311,0.0477322427429363,0.0269967391120808,0.0068657705925545,0.0343288529627727,0.0209532819330798,0.0206680017728064,0.0069605267573927,0.0071541692320686,0.0072282572108679,0.0071541692320686,0.0071541692320686,0.0,0.0150143349001979,0.0074299388718717,0.0,0.0,0.0,0.0,0.0,0.0,0.0,0.0,0.0,0.0,0.0,0.0,0.0,0.0,0.0,0.0,0.0,0.0,0.0,0.0,0.0,0.0,0.0,0.0,0.0,0.0,0.0,0.0,0.0,0.0,0.0,0.0,0.0,0.0,0.0,0.0,0.0,0.0,0.0,0.0,0.0,0.0,0.0,0.0,0.0,0.0,0.0,0.0,0.0,0.0,0.0,0.0,0.0,0.0,0.0,0.0,0.0,0.0,0.0,0.0,0.0,0.0,0.0,0.0,0.0,0.0,0.0,0.0,0.0,0.0,0.0,0.0,0.0,0.0,0.0,0.0,0.0,0.0,0.0,0.0,0.0,0.0,1.0,0.0,1.0,0.0
J07A3140,0.1358024691358024,0.1481481481481481,0.0864197530864197,0.0864197530864197,0.0781893004115226,0.037037037037037,0.0411522633744856,0.0658436213991769,0.0452674897119341,0.0411522633744856,0.0246913580246913,0.0329218106995884,0.0246913580246913,0.0164609053497942,0.0246913580246913,0.0164609053497942,0.0082304526748971,0.0082304526748971,0.0041152263374485,0.0082304526748971,0.0,0.0041152263374485,0.0041152263374485,0.0123456790123456,0.0,0.0,0.0,0.0082304526748971,0.0041152263374485,0.0041152263374485,0.0041152263374485,0.0041152263374485,0.0,0.0,0.0,0.0,0.0041152263374485,0.0,0.0041152263374485,0.0,0.0,0.0,0.0,0.0,0.0,0.0041152263374485,0.0,0.0,0.0,0.0,0.0,0.0,0.0,0.0,0.0041152263374485,0.0,0.0,0.0,0.0,0.0,0.0041152263374485,0.0,0.0,0.0,0.0,0.0,0.0,0.0,0.0,0.0,0.0,0.0,0.0,0.0,0.0,0.0,0.0,0.0,0.0,0.0,0.0,0.0,0.0,0.0,0.0,0.0,0.0,0.0,0.0,0.0,0.0,0.0,0.0,0.0,0.0,0.0,0.0,0.0,0.0,0.0,0.0,0.5272509755283605,0.5241723607183149,0.3026397985513702,0.2995453652791788,0.2710172352525903,0.128376585119648,0.1411824868259808,0.2297940502421099,0.1579834095414506,0.1461033960779023,0.08646851387182,0.1164827468262921,0.0897924804174926,0.0604815758947125,0.0897924804174926,0.0598616536116617,0.029624265672259,0.0314076619468384,0.0155422807553295,0.0320652893813746,0.0,0.0161999992445726,0.0163693823878827,0.0519274825612751,0.0,0.0,0.0,0.0368958789606822,0.0178669530598861,0.0183821796496798,0.0179303270380186,0.0186470963652658,0.0,0.0,0.0,0.0,0.0207344869404396,0.0,0.0208123363798223,0.0,0.0,0.0,0.0,0.0,0.0,0.0256081740841632,0.0,0.0,0.0,0.0,0.0,0.0,0.0,0.0,0.0302660730957304,0.0,0.0,0.0,0.0,0.0,0.0326004765554346,0.0,0.0,0.0,0.0,0.0,0.0,0.0,0.0,0.0,0.0,0.0,0.0,0.0,0.0,0.0,0.0,0.0,0.0,0.0,0.0,0.0,0.0,0.0,0.0,0.0,0.0,0.0,0.0,0.0,0.0,0.0,0.0,0.0,0.0,0.0,0.0,0.0,0.0,0.0,0.0,0.9917695473251028,0.0082304526748971,0.9999500466279514,0.0099952112913108
J07A3141,0.0086206896551724,0.0603448275862069,0.043103448275862,0.0258620689655172,0.0775862068965517,0.0689655172413793,0.0689655172413793,0.0732758620689655,0.0258620689655172,0.0301724137931034,0.0387931034482758,0.0560344827586206,0.0517241379310344,0.043103448275862,0.0387931034482758,0.0258620689655172,0.043103448275862,0.0172413793103448,0.0086206896551724,0.0301724137931034,0.021551724137931,0.0172413793103448,0.0129310344827586,0.0172413793103448,0.0129310344827586,0.0043103448275862,0.0086206896551724,0.0,0.0129310344827586,0.0,0.0043103448275862,0.0086206896551724,0.0043103448275862,0.0043103448275862,0.0,0.0,0.0,0.0086206896551724,0.0043103448275862,0.0,0.0,0.0,0.0,0.0,0.0,0.0043103448275862,0.0,0.0043103448275862,0.0,0.0,0.0,0.0,0.0,0.0,0.0,0.0,0.0,0.0,0.0043103448275862,0.0,0.0,0.0,0.0,0.0,0.0,0.0,0.0043103448275862,0.0,0.0,0.0,0.0,0.0,0.0,0.0,0.0,0.0,0.0,0.0,0.0043103448275862,0.0,0.0,0.0,0.0,0.0,0.0,0.0,0.0,0.0,0.0,0.0,0.0,0.0,0.0,0.0,0.0,0.0,0.0,0.0,0.0,0.0,0.0,0.0440712239013804,0.281139142444078,0.1987597346116992,0.1180364729134225,0.3541094187402675,0.3147639277691266,0.311546211014469,0.3367358709853557,0.1188479544654197,0.1410522488545488,0.1788837611505292,0.2610577751266439,0.247680392949,0.2085377920028322,0.18576029471175,0.1238401964745,0.2042863090655109,0.0866337806510448,0.0428712759343017,0.1547835744695209,0.1128818093484082,0.0893710065701136,0.0677290856090449,0.0954899506493895,0.0698840365277142,0.0232946788425713,0.0472454623012896,0.0,0.0739253543408937,0.0,0.024729189046967,0.0514354891816439,0.0269554236126045,0.0258101793376435,0.0,0.0,0.0,0.0582791258267574,0.0287040052172171,0.0,0.0,0.0,0.0,0.0,0.0,0.0353183395223166,0.0,0.0368989468260855,0.0,0.0,0.0,0.0,0.0,0.0,0.0,0.0,0.0,0.0,0.0439859622799796,0.0,0.0,0.0,0.0,0.0,0.0,0.0,0.0504231316877905,0.0,0.0,0.0,0.0,0.0,0.0,0.0,0.0,0.0,0.0,0.0,0.0571082393345422,0.0,0.0,0.0,0.0,0.0,0.0,0.0,0.0,0.0,0.0,0.0,0.0,0.0,0.0,0.0,0.0,0.0,0.0,0.0,0.0,0.0,0.0,0.9870689655172412,0.0129310344827586,0.9998755307991872,0.0157772909285292
J07A3142,0.4848484848484848,0.1515151515151515,0.0909090909090909,0.0795454545454545,0.0416666666666666,0.0189393939393939,0.0189393939393939,0.0265151515151515,0.0151515151515151,0.0113636363636363,0.0037878787878787,0.0075757575757575,0.0037878787878787,0.0037878787878787,0.0,0.0,0.0075757575757575,0.0037878787878787,0.0037878787878787,0.0,0.0,0.0,0.0037878787878787,0.0,0.0037878787878787,0.0037878787878787,0.0,0.0,0.0,0.0,0.0,0.0075757575757575,0.0037878787878787,0.0037878787878787,0.0,0.0,0.0,0.0,0.0,0.0,0.0,0.0,0.0,0.0,0.0,0.0,0.0,0.0,0.0,0.0,0.0,0.0,0.0,0.0,0.0,0.0,0.0,0.0,0.0,0.0,0.0,0.0,0.0,0.0,0.0,0.0,0.0,0.0,0.0,0.0,0.0,0.0,0.0,0.0,0.0,0.0,0.0,0.0,0.0,0.0,0.0,0.0,0.0,0.0,0.0,0.0,0.0,0.0,0.0,0.0,0.0,0.0,0.0,0.0,0.0,0.0,0.0,0.0,0.0,0.0,0.0,0.9347372088977156,0.2661997951196033,0.1580862491939761,0.1369111169489449,0.0717153469732568,0.032597884987844,0.0322646487068152,0.0459507862028738,0.0262575921159279,0.0200335389550259,0.006586927049749,0.0133099897559801,0.0068401374285535,0.0069109733202347,0.0,0.0,0.0135401570917351,0.0071776408122503,0.0071038021775534,0.0,0.0,0.0,0.0074818397687463,0.0,0.007719891077693,0.007719891077693,0.0,0.0,0.0,0.0,0.0,0.0170457973124955,0.0089330673175922,0.0085535316682793,0.0,0.0,0.0,0.0,0.0,0.0,0.0,0.0,0.0,0.0,0.0,0.0,0.0,0.0,0.0,0.0,0.0,0.0,0.0,0.0,0.0,0.0,0.0,0.0,0.0,0.0,0.0,0.0,0.0,0.0,0.0,0.0,0.0,0.0,0.0,0.0,0.0,0.0,0.0,0.0,0.0,0.0,0.0,0.0,0.0,0.0,0.0,0.0,0.0,0.0,0.0,0.0,0.0,0.0,0.0,0.0,0.0,0.0,0.0,0.0,0.0,0.0,0.0,0.0,0.0,0.0,0.0,1.0,0.0,1.0,0.0
J07A3143,0.4263565891472868,0.1627906976744186,0.1124031007751938,0.0775193798449612,0.0465116279069767,0.0271317829457364,0.0193798449612403,0.0077519379844961,0.0193798449612403,0.003875968992248,0.0116279069767441,0.003875968992248,0.0116279069767441,0.003875968992248,0.0077519379844961,0.0077519379844961,0.0,0.003875968992248,0.0,0.0,0.0,0.0,0.0,0.0,0.0,0.0,0.0,0.0,0.003875968992248,0.0,0.0,0.003875968992248,0.003875968992248,0.003875968992248,0.0,0.0,0.0,0.0,0.0,0.0,0.003875968992248,0.0,0.0,0.0,0.0,0.0,0.0,0.0,0.0,0.0,0.003875968992248,0.0,0.0,0.0,0.0,0.0,0.0,0.0,0.0,0.0,0.0,0.0,0.0,0.0,0.0,0.003875968992248,0.003875968992248,0.0,0.0,0.0,0.0,0.0,0.003875968992248,0.0,0.0,0.0,0.0,0.0,0.0,0.0,0.0,0.0,0.0,0.0,0.0,0.003875968992248,0.0,0.0,0.0,0.0,0.0,0.0,0.003875968992248,0.0,0.003875968992248,0.0,0.0,0.0,0.0,0.0,0.0,0.902634515023178,0.3140774134101686,0.2146448837910915,0.1465173665269931,0.0879104199161958,0.0512810782844476,0.0362548932408036,0.0147524649590009,0.0368811623975023,0.0075037111840254,0.0222046431508025,0.007478033652623,0.023058219645725,0.0077656695472474,0.0153721464304833,0.0153721464304833,0.0,0.0080653164314168,0.0,0.0,0.0,0.0,0.0,0.0,0.0,0.0,0.0,0.0,0.0091762723590929,0.0,0.0,0.0095769454579303,0.0100378406365171,0.0096113669261738,0.0,0.0,0.0,0.0,0.0,0.0,0.0117221751816386,0.0,0.0,0.0,0.0,0.0,0.0,0.0,0.0,0.0,0.0146553310488751,0.0,0.0,0.0,0.0,0.0,0.0,0.0,0.0,0.0,0.0,0.0,0.0,0.0,0.0,0.0181834354085454,0.0187769024724019,0.0,0.0,0.0,0.0,0.0,0.0195606107618642,0.0,0.0,0.0,0.0,0.0,0.0,0.0,0.0,0.0,0.0,0.0,0.0,0.0264181848969066,0.0,0.0,0.0,0.0,0.0,0.0,0.0280196554537034,0.0,0.0284828395375468,0.0,0.0,0.0,0.0,0.0,0.0,0.9767441860465116,0.0232558139534883,0.9995890347680336,0.0286663839978205
J07A3144,0.2995951417004048,0.097165991902834,0.0809716599190283,0.0323886639676113,0.0404858299595141,0.0445344129554655,0.0445344129554655,0.0323886639676113,0.0283400809716599,0.0323886639676113,0.0242914979757085,0.0161943319838056,0.020242914979757,0.020242914979757,0.0161943319838056,0.0161943319838056,0.0121457489878542,0.0080971659919028,0.0242914979757085,0.0161943319838056,0.0080971659919028,0.0040485829959514,0.0080971659919028,0.0,0.0040485829959514,0.0,0.0,0.0040485829959514,0.0,0.0080971659919028,0.0121457489878542,0.0121457489878542,0.0040485829959514,0.0080971659919028,0.0,0.0,0.0040485829959514,0.0,0.0,0.0,0.0040485829959514,0.0,0.0040485829959514,0.0,0.0,0.0,0.0,0.0,0.0,0.0,0.0,0.0,0.0040485829959514,0.0,0.0040485829959514,0.0,0.0,0.0,0.0,0.0,0.0,0.0,0.0,0.0,0.0,0.0,0.0,0.0,0.0,0.0,0.0,0.0,0.0,0.0,0.0,0.0,0.0,0.0,0.0,0.0,0.0,0.0,0.0,0.0,0.0,0.0,0.0,0.0,0.0,0.0,0.0,0.0,0.0,0.0,0.0,0.0,0.0,0.0,0.0,0.0,0.0,0.885533531980663,0.2617295131280366,0.2158771020047947,0.0854679201941915,0.1068349002427394,0.1175183902670134,0.1163170426538271,0.0860554982436985,0.0752985609632362,0.0875427403369823,0.0647631306014384,0.0436215855213394,0.056043927397334,0.0566243136267,0.0448351419178671,0.0448351419178671,0.0332819445043592,0.0235236899707122,0.0698450832561149,0.0480324786674901,0.0245206584913177,0.0121334647704797,0.0245206584913177,0.0,0.0126504187844964,0.0,0.0,0.013817125568549,0.0,0.0275357456277341,0.040288333626657,0.0418988698833723,0.0146384244881613,0.0280329752327339,0.0,0.0,0.0155297023800837,0.0,0.0,0.0,0.0170947300766228,0.0,0.0172992875532171,0.0,0.0,0.0,0.0,0.0,0.0,0.0,0.0,0.0,0.0207796376810374,0.0,0.0226686635044652,0.0,0.0,0.0,0.0,0.0,0.0,0.0,0.0,0.0,0.0,0.0,0.0,0.0,0.0,0.0,0.0,0.0,0.0,0.0,0.0,0.0,0.0,0.0,0.0,0.0,0.0,0.0,0.0,0.0,0.0,0.0,0.0,0.0,0.0,0.0,0.0,0.0,0.0,0.0,0.0,0.0,0.0,0.0,0.0,0.0,0.0,0.9919028340080972,0.0080971659919028,0.9999516643258208,0.0098320400742265
J07A3145,0.6422764227642277,0.2113821138211382,0.089430894308943,0.016260162601626,0.024390243902439,0.016260162601626,0.0,0.0,0.0,0.0,0.0,0.0,0.0,0.0,0.0,0.0,0.0,0.0,0.0,0.0,0.0,0.0,0.0,0.0,0.0,0.0,0.0,0.0,0.0,0.0,0.0,0.0,0.0,0.0,0.0,0.0,0.0,0.0,0.0,0.0,0.0,0.0,0.0,0.0,0.0,0.0,0.0,0.0,0.0,0.0,0.0,0.0,0.0,0.0,0.0,0.0,0.0,0.0,0.0,0.0,0.0,0.0,0.0,0.0,0.0,0.0,0.0,0.0,0.0,0.0,0.0,0.0,0.0,0.0,0.0,0.0,0.0,0.0,0.0,0.0,0.0,0.0,0.0,0.0,0.0,0.0,0.0,0.0,0.0,0.0,0.0,0.0,0.0,0.0,0.0,0.0,0.0,0.0,0.0,0.0,0.0,0.9500568419717684,0.2849469487914303,0.1193214373369942,0.0214729815947609,0.0322094723921414,0.0214729815947609,0.0,0.0,0.0,0.0,0.0,0.0,0.0,0.0,0.0,0.0,0.0,0.0,0.0,0.0,0.0,0.0,0.0,0.0,0.0,0.0,0.0,0.0,0.0,0.0,0.0,0.0,0.0,0.0,0.0,0.0,0.0,0.0,0.0,0.0,0.0,0.0,0.0,0.0,0.0,0.0,0.0,0.0,0.0,0.0,0.0,0.0,0.0,0.0,0.0,0.0,0.0,0.0,0.0,0.0,0.0,0.0,0.0,0.0,0.0,0.0,0.0,0.0,0.0,0.0,0.0,0.0,0.0,0.0,0.0,0.0,0.0,0.0,0.0,0.0,0.0,0.0,0.0,0.0,0.0,0.0,0.0,0.0,0.0,0.0,0.0,0.0,0.0,0.0,0.0,0.0,0.0,0.0,0.0,0.0,0.0,1.0,0.0,1.0,0.0
J07A3146,0.1465201465201465,0.1721611721611721,0.0989010989010989,0.0622710622710622,0.0586080586080586,0.0109890109890109,0.0293040293040293,0.0256410256410256,0.0256410256410256,0.0219780219780219,0.0219780219780219,0.0219780219780219,0.0256410256410256,0.0109890109890109,0.0402930402930402,0.0109890109890109,0.0256410256410256,0.0183150183150183,0.0,0.0219780219780219,0.0109890109890109,0.0036630036630036,0.0073260073260073,0.0073260073260073,0.0146520146520146,0.0183150183150183,0.0036630036630036,0.0183150183150183,0.0146520146520146,0.0,0.0073260073260073,0.0036630036630036,0.0036630036630036,0.0,0.0036630036630036,0.0036630036630036,0.0,0.0036630036630036,0.0,0.0,0.0,0.0036630036630036,0.0,0.0036630036630036,0.0,0.0,0.0073260073260073,0.0036630036630036,0.0,0.0,0.0,0.0,0.0,0.0036630036630036,0.0,0.0036630036630036,0.0,0.0,0.0,0.0,0.0,0.0,0.0,0.0,0.0,0.0,0.0,0.0,0.0,0.0,0.0,0.0,0.0,0.0,0.0,0.0,0.0,0.0,0.0,0.0,0.0,0.0,0.0,0.0,0.0,0.0,0.0,0.0,0.0,0.0,0.0,0.0,0.0,0.0,0.0,0.0,0.0,0.0,0.0,0.0,0.0,0.5594030141564024,0.5990055316502404,0.3405899801937621,0.212252878978087,0.1997674155087878,0.0374563904078977,0.0988626330644301,0.0879990929987487,0.0879990929987487,0.0767313642823865,0.0756866622652804,0.0764687912744987,0.0916955198392893,0.0397050475633323,0.1440929597474546,0.039298079931124,0.0907563448980908,0.0687285173489944,0.0,0.084201102314915,0.0429847996966678,0.0141800039878025,0.0286565331311119,0.0303017260959489,0.0591366084477252,0.0739207605596565,0.0149923531030677,0.0807382307396143,0.0625564141859933,0.0,0.0313891507108419,0.0163219699475599,0.0171074727247152,0.0,0.0170452257053703,0.018217223865627,0.0,0.0184936540013285,0.0,0.0,0.0,0.0212230372284507,0.0,0.0213107187000034,0.0,0.0,0.0446382590074597,0.0234182083528006,0.0,0.0,0.0,0.0,0.0,0.0270419875056753,0.0,0.0271833938540434,0.0,0.0,0.0,0.0,0.0,0.0,0.0,0.0,0.0,0.0,0.0,0.0,0.0,0.0,0.0,0.0,0.0,0.0,0.0,0.0,0.0,0.0,0.0,0.0,0.0,0.0,0.0,0.0,0.0,0.0,0.0,0.0,0.0,0.0,0.0,0.0,0.0,0.0,0.0,0.0,0.0,0.0,0.0,0.0,0.0,0.9926739926739928,0.0073260073260073,0.999960493630667,0.008888823201782
J07A3147,0.1111111111111111,0.1313131313131313,0.0808080808080808,0.0858585858585858,0.0707070707070707,0.0505050505050505,0.0555555555555555,0.0353535353535353,0.0303030303030303,0.0454545454545454,0.0202020202020202,0.0505050505050505,0.0252525252525252,0.0202020202020202,0.0252525252525252,0.0303030303030303,0.0202020202020202,0.0101010101010101,0.0101010101010101,0.0151515151515151,0.0252525252525252,0.005050505050505,0.005050505050505,0.0101010101010101,0.0,0.0,0.0,0.0,0.005050505050505,0.0,0.0,0.005050505050505,0.0,0.005050505050505,0.0,0.0,0.0,0.0,0.005050505050505,0.0,0.0,0.0,0.0,0.0,0.0,0.0,0.0,0.0,0.0,0.0,0.0,0.005050505050505,0.0,0.0,0.0,0.0,0.0,0.0,0.0,0.0,0.0,0.0,0.005050505050505,0.0,0.0,0.0,0.0,0.0,0.0,0.0,0.0,0.0,0.0,0.0,0.0,0.0,0.0,0.0,0.0,0.0,0.0,0.0,0.0,0.0,0.0,0.0,0.0,0.0,0.0,0.0,0.0,0.0,0.0,0.0,0.0,0.0,0.0,0.0,0.0,0.0,0.0,0.4676090189848286,0.5036185409100447,0.3067492243454591,0.3225885713030997,0.2656611763672586,0.1897579831194704,0.2065999721651042,0.1337437768717648,0.1146375230329412,0.1749280949485841,0.0766873060863647,0.1936994388115556,0.0995440872303793,0.0804599659842499,0.0995440872303793,0.1194529046764552,0.0788196197945538,0.041782301047952,0.0413524734563275,0.0639857358559522,0.1088827407874607,0.0215512140495853,0.0217765481574921,0.0460535120954433,0.0,0.0,0.0,0.0,0.0237687992446358,0.0,0.0,0.0248066409821422,0.0,0.0248958010393385,0.0,0.0,0.0,0.0,0.027687107228958,0.0,0.0,0.0,0.0,0.0,0.0,0.0,0.0,0.0,0.0,0.0,0.0,0.0372526370887016,0.0,0.0,0.0,0.0,0.0,0.0,0.0,0.0,0.0,0.0,0.0454084133775954,0.0,0.0,0.0,0.0,0.0,0.0,0.0,0.0,0.0,0.0,0.0,0.0,0.0,0.0,0.0,0.0,0.0,0.0,0.0,0.0,0.0,0.0,0.0,0.0,0.0,0.0,0.0,0.0,0.0,0.0,0.0,0.0,0.0,0.0,0.0,0.0,0.0,0.0,0.98989898989899,0.0101010101010101,0.999924478589038,0.0122897159625658
J07A3148,0.090566037735849,0.0830188679245283,0.1169811320754717,0.0452830188679245,0.0528301886792452,0.0528301886792452,0.0377358490566037,0.0528301886792452,0.030188679245283,0.0226415094339622,0.0188679245283018,0.030188679245283,0.0188679245283018,0.0113207547169811,0.0264150943396226,0.0113207547169811,0.030188679245283,0.0150943396226415,0.0113207547169811,0.0113207547169811,0.0150943396226415,0.0037735849056603,0.0113207547169811,0.0188679245283018,0.0075471698113207,0.0037735849056603,0.0188679245283018,0.0,0.0075471698113207,0.0075471698113207,0.0113207547169811,0.0075471698113207,0.0037735849056603,0.0037735849056603,0.0037735849056603,0.0,0.0037735849056603,0.0037735849056603,0.0037735849056603,0.0075471698113207,0.0,0.0,0.0,0.0,0.0037735849056603,0.0037735849056603,0.0075471698113207,0.0037735849056603,0.0,0.0,0.0,0.0,0.0075471698113207,0.0037735849056603,0.0037735849056603,0.0188679245283018,0.0037735849056603,0.0037735849056603,0.0,0.0113207547169811,0.0,0.0,0.0,0.0037735849056603,0.0,0.0,0.0,0.0,0.0,0.0,0.0,0.0,0.0,0.0,0.0,0.0,0.0075471698113207,0.0,0.0,0.0,0.0,0.0,0.0,0.0037735849056603,0.0,0.0,0.0,0.0,0.0,0.0,0.0,0.0,0.0,0.0,0.0,0.0,0.0,0.0,0.0,0.0,0.0,0.4305594723778272,0.359677069924527,0.5016339169393895,0.1921954093093651,0.2242279775275926,0.2242279775275926,0.1585255548210586,0.225769508401179,0.1290111476578165,0.0984305735584826,0.0809086962805467,0.1307916617907371,0.0840189359232586,0.0509334174020773,0.1176265102925621,0.0504113615539551,0.1330534192289663,0.0705316522989391,0.0523545533581693,0.0540063562835415,0.0735208872844317,0.0181900313989512,0.0551406654633237,0.0971772204016755,0.0379300586028363,0.0189650293014181,0.0961605419587852,0.0,0.0401235126318661,0.0412805482223538,0.060398745745181,0.0418754671852336,0.0219453722500324,0.0210129880184789,0.0218655221147751,0.0,0.0232815423503243,0.0237235579944034,0.0233689549313611,0.0535655603901945,0.0,0.0,0.0,0.0,0.0272247958391763,0.028753920517422,0.0572617140050635,0.0300407493263786,0.0,0.0,0.0,0.0,0.0623040935177096,0.034689313362775,0.0339840028152305,0.1743535432572666,0.0343326953366229,0.0358105415029969,0.0,0.1136342090636863,0.0,0.0,0.0,0.0416018717992834,0.0,0.0,0.0,0.0,0.0,0.0,0.0,0.0,0.0,0.0,0.0,0.0,0.0962091046718156,0.0,0.0,0.0,0.0,0.0,0.0,0.05489641388715,0.0,0.0,0.0,0.0,0.0,0.0,0.0,0.0,0.0,0.0,0.0,0.0,0.0,0.0,0.0,0.0,0.0,0.9320754716981132,0.0679245283018867,0.996169796877436,0.0874398981539208
J07A3149,0.7773722627737226,0.1094890510948905,0.0401459854014598,0.0255474452554744,0.0182481751824817,0.0,0.010948905109489,0.0036496350364963,0.0036496350364963,0.0,0.0,0.0,0.0036496350364963,0.0,0.0,0.0036496350364963,0.0,0.0,0.0036496350364963,0.0,0.0,0.0,0.0,0.0,0.0,0.0,0.0,0.0,0.0,0.0,0.0,0.0,0.0,0.0,0.0,0.0,0.0,0.0,0.0,0.0,0.0,0.0,0.0,0.0,0.0,0.0,0.0,0.0,0.0,0.0,0.0,0.0,0.0,0.0,0.0,0.0,0.0,0.0,0.0,0.0,0.0,0.0,0.0,0.0,0.0,0.0,0.0,0.0,0.0,0.0,0.0,0.0,0.0,0.0,0.0,0.0,0.0,0.0,0.0,0.0,0.0,0.0,0.0,0.0,0.0,0.0,0.0,0.0,0.0,0.0,0.0,0.0,0.0,0.0,0.0,0.0,0.0,0.0,0.0,0.0,0.0,0.9900530452727834,0.127077387981927,0.0461184643825825,0.0290480349247,0.0207485963747857,0.0,0.0123218946279785,0.0041782479199977,0.0041782479199977,0.0,0.0,0.0,0.0043537564080015,0.0,0.0,0.0043537564080015,0.0,0.0,0.0045215793651442,0.0,0.0,0.0,0.0,0.0,0.0,0.0,0.0,0.0,0.0,0.0,0.0,0.0,0.0,0.0,0.0,0.0,0.0,0.0,0.0,0.0,0.0,0.0,0.0,0.0,0.0,0.0,0.0,0.0,0.0,0.0,0.0,0.0,0.0,0.0,0.0,0.0,0.0,0.0,0.0,0.0,0.0,0.0,0.0,0.0,0.0,0.0,0.0,0.0,0.0,0.0,0.0,0.0,0.0,0.0,0.0,0.0,0.0,0.0,0.0,0.0,0.0,0.0,0.0,0.0,0.0,0.0,0.0,0.0,0.0,0.0,0.0,0.0,0.0,0.0,0.0,0.0,0.0,0.0,0.0,0.0,0.0,1.0,0.0,1.0,0.0
J07A3150,0.0279329608938547,0.0446927374301676,0.106145251396648,0.0726256983240223,0.0614525139664804,0.0614525139664804,0.1173184357541899,0.0446927374301676,0.0279329608938547,0.0446927374301676,0.0502793296089385,0.0391061452513966,0.0223463687150838,0.0111731843575419,0.0391061452513966,0.0279329608938547,0.0223463687150838,0.0111731843575419,0.0167597765363128,0.0055865921787709,0.0111731843575419,0.0223463687150838,0.0055865921787709,0.0,0.0167597765363128,0.0055865921787709,0.0223463687150838,0.0055865921787709,0.0,0.0,0.0055865921787709,0.0,0.0055865921787709,0.0055865921787709,0.0055865921787709,0.0055865921787709,0.0055865921787709,0.0055865921787709,0.0,0.0111731843575419,0.0,0.0,0.0,0.0,0.0055865921787709,0.0,0.0,0.0,0.0,0.0,0.0,0.0,0.0,0.0,0.0,0.0,0.0,0.0,0.0,0.0,0.0,0.0,0.0,0.0,0.0,0.0,0.0,0.0,0.0,0.0,0.0,0.0,0.0,0.0,0.0,0.0,0.0,0.0,0.0,0.0,0.0,0.0,0.0,0.0,0.0,0.0,0.0,0.0,0.0,0.0,0.0,0.0,0.0,0.0,0.0,0.0,0.0,0.0,0.0,0.0,0.0,0.1308536843387057,0.1907981248481061,0.4485107370525117,0.3037380222238908,0.2570090957279077,0.2570090957279077,0.4856379542175222,0.188200721059703,0.1176254506623144,0.1914532736572571,0.212452454393295,0.1669483592420928,0.0980530728421481,0.0495342511358293,0.1715928774737592,0.1225663410526851,0.0970487818028229,0.0514455845916519,0.0763745216723462,0.0262613874301993,0.0536259240037884,0.1061420532266338,0.0268129620018942,0.0,0.0829982273837025,0.0276660757945675,0.1122227569489494,0.0302176275548297,0.0,0.0,0.0293697811047417,0.0,0.0320137829665254,0.0306536262058981,0.0318972980479353,0.0340904972038468,0.0339629802327984,0.0346077901150885,0.0,0.0781411317736687,0.0,0.0,0.0,0.0,0.0397153757691244,0.0,0.0,0.0,0.0,0.0,0.0,0.0,0.0,0.0,0.0,0.0,0.0,0.0,0.0,0.0,0.0,0.0,0.0,0.0,0.0,0.0,0.0,0.0,0.0,0.0,0.0,0.0,0.0,0.0,0.0,0.0,0.0,0.0,0.0,0.0,0.0,0.0,0.0,0.0,0.0,0.0,0.0,0.0,0.0,0.0,0.0,0.0,0.0,0.0,0.0,0.0,0.0,0.0,0.0,0.0,0.0,1.0,0.0,1.0,0.0
J07A3151,0.1888412017167382,0.1459227467811159,0.1030042918454935,0.0515021459227467,0.0772532188841201,0.0343347639484978,0.055793991416309,0.0257510729613733,0.0343347639484978,0.0343347639484978,0.0300429184549356,0.0171673819742489,0.0085836909871244,0.0214592274678111,0.0128755364806866,0.0214592274678111,0.0171673819742489,0.0128755364806866,0.0128755364806866,0.0,0.0042918454935622,0.0085836909871244,0.0042918454935622,0.0,0.0042918454935622,0.0,0.0,0.0042918454935622,0.0,0.0128755364806866,0.0042918454935622,0.0042918454935622,0.0042918454935622,0.0,0.0042918454935622,0.0042918454935622,0.0,0.0,0.0,0.0,0.0,0.0,0.0042918454935622,0.0042918454935622,0.0,0.0,0.0,0.0,0.0042918454935622,0.0042918454935622,0.0,0.0042918454935622,0.0,0.0,0.0,0.0,0.0,0.0,0.0,0.0,0.0,0.0042918454935622,0.0,0.0,0.0042918454935622,0.0,0.0,0.0,0.0,0.0,0.0,0.0,0.0,0.0,0.0,0.0,0.0,0.0,0.0,0.0042918454935622,0.0,0.0,0.0,0.0,0.0,0.0,0.0,0.0,0.0,0.0,0.0,0.0,0.0,0.0,0.0,0.0,0.0,0.0,0.0,0.0,0.0,0.6745862249515241,0.4750418521172799,0.3318939426798007,0.1642501957274674,0.2463752935912012,0.1095001304849783,0.1761187197495885,0.0826896945534473,0.110252926071263,0.112158356821272,0.0968023999482752,0.0558872767196799,0.0287210328691994,0.072546163714504,0.0430815493037991,0.0718025821729985,0.0568537256667493,0.0452072622469679,0.0447422010088793,0.0,0.0157077374661525,0.0310904014648693,0.0157077374661525,0.0,0.016207513935575,0.0,0.0,0.0177022799811416,0.0,0.0529175344220491,0.0172055892593686,0.0178933870118681,0.0187545150028946,0.0,0.0186862750777475,0.0199711087544451,0.0,0.0,0.0,0.0,0.0,0.0,0.0221635701450375,0.0233624334823153,0.0,0.0,0.0,0.0,0.025222055161792,0.02650008045228,0.0,0.0268708630531907,0.0,0.0,0.0,0.0,0.0,0.0,0.0,0.0,0.0,0.0325608015657427,0.0,0.0,0.0327537418203905,0.0,0.0,0.0,0.0,0.0,0.0,0.0,0.0,0.0,0.0,0.0,0.0,0.0,0.0,0.0469144750028173,0.0,0.0,0.0,0.0,0.0,0.0,0.0,0.0,0.0,0.0,0.0,0.0,0.0,0.0,0.0,0.0,0.0,0.0,0.0,0.0,0.0,0.9828326180257512,0.0171673819742489,0.9997787535470236,0.0210343518074573
J07A3152,0.2918287937743191,0.1945525291828793,0.1167315175097276,0.1245136186770428,0.0389105058365758,0.0389105058365758,0.046692607003891,0.0428015564202334,0.0233463035019455,0.0038910505836575,0.0116731517509727,0.0077821011673151,0.0038910505836575,0.0038910505836575,0.0077821011673151,0.0077821011673151,0.0038910505836575,0.0,0.0,0.0038910505836575,0.0038910505836575,0.0,0.0,0.0,0.0038910505836575,0.0038910505836575,0.0038910505836575,0.0,0.0,0.0,0.0,0.0,0.0,0.0038910505836575,0.0,0.0,0.0,0.0038910505836575,0.0,0.0,0.0,0.0,0.0,0.0,0.0,0.0,0.0,0.0,0.0038910505836575,0.0,0.0,0.0,0.0,0.0,0.0,0.0,0.0,0.0,0.0,0.0,0.0,0.0,0.0,0.0,0.0,0.0,0.0,0.0,0.0,0.0,0.0,0.0,0.0,0.0,0.0,0.0,0.0,0.0,0.0,0.0,0.0,0.0,0.0,0.0,0.0,0.0,0.0,0.0,0.0,0.0,0.0,0.0,0.0,0.0,0.0,0.0,0.0,0.0,0.0,0.0,0.0,0.7622666368862696,0.4631096355418415,0.2750237475408472,0.2903591285725343,0.0907372276789169,0.0907372276789169,0.1077715849399049,0.1004971344963295,0.0548166188161797,0.0092939965586443,0.0275023747540847,0.0185243854216736,0.0095198677374497,0.0096184546923044,0.0190397354748994,0.0190397354748994,0.0094223621969587,0.0,0.0,0.0101987598222402,0.0104129669579341,0.0,0.0,0.0,0.0107442785725866,0.0107442785725866,0.0108955871786482,0.0,0.0,0.0,0.0,0.0,0.0,0.011904510840702,0.0,0.0,0.0,0.0134401329823268,0.0,0.0,0.0,0.0,0.0,0.0,0.0,0.0,0.0,0.0,0.0167201945905237,0.0,0.0,0.0,0.0,0.0,0.0,0.0,0.0,0.0,0.0,0.0,0.0,0.0,0.0,0.0,0.0,0.0,0.0,0.0,0.0,0.0,0.0,0.0,0.0,0.0,0.0,0.0,0.0,0.0,0.0,0.0,0.0,0.0,0.0,0.0,0.0,0.0,0.0,0.0,0.0,0.0,0.0,0.0,0.0,0.0,0.0,0.0,0.0,0.0,0.0,0.0,0.0,1.0,0.0,1.0,0.0
J07A3153,0.6104868913857678,0.1385767790262172,0.0711610486891385,0.0299625468164794,0.0299625468164794,0.0299625468164794,0.0224719101123595,0.0149812734082397,0.0037453183520599,0.0037453183520599,0.0074906367041198,0.0074906367041198,0.0,0.0037453183520599,0.0,0.0,0.0112359550561797,0.0,0.0,0.0037453183520599,0.0,0.0,0.0,0.0,0.0,0.0037453183520599,0.0,0.0,0.0037453183520599,0.0,0.0,0.0,0.0,0.0,0.0,0.0,0.0037453183520599,0.0,0.0,0.0,0.0,0.0,0.0,0.0,0.0,0.0,0.0,0.0,0.0,0.0,0.0,0.0,0.0,0.0,0.0,0.0,0.0,0.0,0.0,0.0,0.0,0.0,0.0,0.0,0.0,0.0,0.0,0.0,0.0,0.0,0.0,0.0,0.0,0.0,0.0,0.0,0.0,0.0,0.0,0.0,0.0,0.0,0.0,0.0,0.0,0.0,0.0,0.0,0.0,0.0,0.0,0.0,0.0,0.0,0.0,0.0,0.0,0.0,0.0,0.0,0.0,0.9703819421728592,0.2007358725474142,0.1020262666211401,0.0425191864518565,0.0425191864518565,0.0425191864518565,0.0315633962451929,0.0214057494713665,0.0053514373678416,0.0054439228344934,0.0107396070127515,0.0108505877052656,0.0,0.0056339729417346,0.0,0.0,0.016557337544261,0.0,0.0,0.0059738844456713,0.0,0.0,0.0,0.0,0.0,0.0062934199611964,0.0,0.0,0.0066573615916275,0.0,0.0,0.0,0.0,0.0,0.0,0.0,0.0077258263631586,0.0,0.0,0.0,0.0,0.0,0.0,0.0,0.0,0.0,0.0,0.0,0.0,0.0,0.0,0.0,0.0,0.0,0.0,0.0,0.0,0.0,0.0,0.0,0.0,0.0,0.0,0.0,0.0,0.0,0.0,0.0,0.0,0.0,0.0,0.0,0.0,0.0,0.0,0.0,0.0,0.0,0.0,0.0,0.0,0.0,0.0,0.0,0.0,0.0,0.0,0.0,0.0,0.0,0.0,0.0,0.0,0.0,0.0,0.0,0.0,0.0,0.0,0.0,0.0,1.0,0.0,1.0,0.0
J07A3154,0.1198501872659176,0.1310861423220973,0.1235955056179775,0.048689138576779,0.0749063670411985,0.0561797752808988,0.0749063670411985,0.0561797752808988,0.0187265917602996,0.0449438202247191,0.0224719101123595,0.0187265917602996,0.0224719101123595,0.0149812734082397,0.0262172284644194,0.0299625468164794,0.0112359550561797,0.0037453183520599,0.0149812734082397,0.0037453183520599,0.0074906367041198,0.0074906367041198,0.0,0.0037453183520599,0.0037453183520599,0.0037453183520599,0.0037453183520599,0.0,0.0074906367041198,0.0,0.0,0.0,0.0,0.0074906367041198,0.0037453183520599,0.0037453183520599,0.0074906367041198,0.0037453183520599,0.0037453183520599,0.0,0.0,0.0,0.0,0.0,0.0037453183520599,0.0,0.0,0.0,0.0,0.0037453183520599,0.0037453183520599,0.0,0.0,0.0,0.0,0.0,0.0,0.0,0.0,0.0,0.0,0.0,0.0,0.0,0.0,0.0,0.0,0.0,0.0,0.0,0.0,0.0,0.0,0.0,0.0,0.0,0.0,0.0,0.0037453183520599,0.0,0.0,0.0,0.0,0.0,0.0,0.0,0.0,0.0,0.0,0.0,0.0,0.0,0.0,0.0,0.0,0.0,0.0,0.0,0.0,0.0,0.0,0.4787955279398214,0.4772394270815679,0.4453662872548191,0.173653410392392,0.2671590929113724,0.2003693196835293,0.2644280230091993,0.2017468261651798,0.0672489420550599,0.164186789941287,0.0809756885917853,0.0681770610116525,0.0840885035094893,0.0566395446838687,0.0981032540944042,0.112118004679319,0.0416136210353953,0.0147062609227524,0.0582198920784193,0.015014187079708,0.0306590677074891,0.0303418212081285,0.0,0.0162096138388223,0.0158172769372933,0.0158172769372933,0.0160400271302358,0.0,0.0334639457133746,0.0,0.0,0.0,0.0,0.0350506445822845,0.0182363556191315,0.0194902536668808,0.0388346990694992,0.0197860008952034,0.0194902536668808,0.0,0.0,0.0,0.0,0.0,0.0227061149500741,0.0,0.0,0.0,0.0,0.0258620238144127,0.0267224632966087,0.0,0.0,0.0,0.0,0.0,0.0,0.0,0.0,0.0,0.0,0.0,0.0,0.0,0.0,0.0,0.0,0.0,0.0,0.0,0.0,0.0,0.0,0.0,0.0,0.0,0.0,0.0,0.0387769603118501,0.0,0.0,0.0,0.0,0.0,0.0,0.0,0.0,0.0,0.0,0.0,0.0,0.0,0.0,0.0,0.0,0.0,0.0,0.0,0.0,0.0,0.0,0.99250936329588,0.0074906367041198,0.9999586845226568,0.0090900631305765
J07A3155,0.1851851851851851,0.1481481481481481,0.1428571428571428,0.0952380952380952,0.074074074074074,0.0476190476190476,0.0529100529100529,0.0423280423280423,0.037037037037037,0.0105820105820105,0.0158730158730158,0.0105820105820105,0.0211640211640211,0.0158730158730158,0.0105820105820105,0.0105820105820105,0.0052910052910052,0.0052910052910052,0.0158730158730158,0.0052910052910052,0.0,0.0105820105820105,0.0,0.0105820105820105,0.0052910052910052,0.0,0.0052910052910052,0.0,0.0,0.0,0.0,0.0,0.0052910052910052,0.0052910052910052,0.0,0.0,0.0,0.0,0.0,0.0,0.0,0.0,0.0052910052910052,0.0,0.0,0.0,0.0,0.0,0.0,0.0,0.0,0.0,0.0,0.0,0.0,0.0,0.0,0.0,0.0,0.0,0.0,0.0,0.0,0.0,0.0,0.0,0.0,0.0,0.0,0.0,0.0,0.0,0.0,0.0,0.0,0.0,0.0,0.0,0.0,0.0,0.0,0.0,0.0,0.0,0.0,0.0,0.0,0.0,0.0,0.0,0.0,0.0,0.0,0.0,0.0,0.0,0.0,0.0,0.0,0.0,0.0,0.6198707535549193,0.4519176438331186,0.4313205579790463,0.2846069259246752,0.2213609423858584,0.1423034629623376,0.1564986073297316,0.1273615787766768,0.1114413814295922,0.0323906718550989,0.0479245064421162,0.0322798317023656,0.0663557189938652,0.050282169956551,0.0331778594969326,0.0331778594969326,0.016419020606249,0.0174074542270306,0.0516851349119846,0.0177719391569978,0.0,0.0359148981933328,0.0,0.0383738752384832,0.0187225376816358,0.0,0.0189862018317604,0.0,0.0,0.0,0.0,0.0,0.0216647732180426,0.020744310685052,0.0,0.0,0.0,0.0,0.0,0.0,0.0,0.0,0.0256028332814955,0.0,0.0,0.0,0.0,0.0,0.0,0.0,0.0,0.0,0.0,0.0,0.0,0.0,0.0,0.0,0.0,0.0,0.0,0.0,0.0,0.0,0.0,0.0,0.0,0.0,0.0,0.0,0.0,0.0,0.0,0.0,0.0,0.0,0.0,0.0,0.0,0.0,0.0,0.0,0.0,0.0,0.0,0.0,0.0,0.0,0.0,0.0,0.0,0.0,0.0,0.0,0.0,0.0,0.0,0.0,0.0,0.0,0.0,1.0,0.0,1.0,0.0
J07A3156,0.2445255474452554,0.1751824817518248,0.145985401459854,0.0766423357664233,0.0620437956204379,0.0364963503649635,0.0401459854014598,0.010948905109489,0.0328467153284671,0.010948905109489,0.0145985401459854,0.0072992700729927,0.0072992700729927,0.0145985401459854,0.0,0.0036496350364963,0.0182481751824817,0.0072992700729927,0.0036496350364963,0.0,0.0072992700729927,0.0036496350364963,0.0036496350364963,0.0,0.0036496350364963,0.0145985401459854,0.0,0.0036496350364963,0.0,0.0,0.010948905109489,0.010948905109489,0.0036496350364963,0.0036496350364963,0.0036496350364963,0.0036496350364963,0.0,0.0036496350364963,0.0,0.0036496350364963,0.0,0.0,0.0,0.0,0.0036496350364963,0.0,0.0,0.0,0.0,0.0,0.0,0.0,0.0,0.0,0.0,0.0,0.0,0.0,0.0,0.0,0.0,0.0,0.0036496350364963,0.0,0.0,0.0,0.0,0.0,0.0,0.0,0.0,0.0,0.0,0.0,0.0,0.0,0.0,0.0,0.0,0.0,0.0,0.0,0.0,0.0,0.0,0.0,0.0,0.0,0.0,0.0,0.0,0.0,0.0,0.0,0.0,0.0,0.0,0.0,0.0,0.0,0.0,0.7196016556728039,0.469814864014738,0.3875079661828706,0.2013615304830664,0.1630069532481966,0.0958864430871744,0.1043968540725307,0.0289636940360821,0.0868910821082465,0.0294642550208721,0.038750796618287,0.0195756193339474,0.020120214808293,0.040657156143399,0.0,0.0100601074041465,0.049785342778075,0.0211129785720966,0.010447891380906,0.0,0.0220077776040004,0.0108900254179243,0.0110038888020002,0.0,0.0113540019043634,0.0454160076174536,0.0,0.0124011443961362,0.0,0.0,0.036159578944635,0.0376050671958384,0.0131382764750171,0.0125800757903566,0.0130904717195713,0.0139905483179936,0.0,0.0142028424193676,0.0,0.0160343404961964,0.0,0.0,0.0,0.0,0.0162989668452976,0.0,0.0,0.0,0.0,0.0,0.0,0.0,0.0,0.0,0.0,0.0,0.0,0.0,0.0,0.0,0.0,0.0,0.0229452862716632,0.0,0.0,0.0,0.0,0.0,0.0,0.0,0.0,0.0,0.0,0.0,0.0,0.0,0.0,0.0,0.0,0.0,0.0,0.0,0.0,0.0,0.0,0.0,0.0,0.0,0.0,0.0,0.0,0.0,0.0,0.0,0.0,0.0,0.0,0.0,0.0,0.0,0.0,0.9963503649635036,0.0036496350364963,0.9999902671548876,0.0044119831705094
J07A3157,0.0837004405286343,0.0881057268722467,0.1013215859030837,0.0881057268722467,0.0748898678414096,0.0616740088105726,0.0440528634361233,0.0484581497797356,0.0308370044052863,0.0440528634361233,0.013215859030837,0.0352422907488986,0.0308370044052863,0.013215859030837,0.0176211453744493,0.0044052863436123,0.0176211453744493,0.0220264317180616,0.0220264317180616,0.013215859030837,0.0044052863436123,0.0,0.013215859030837,0.0,0.013215859030837,0.0044052863436123,0.0,0.0044052863436123,0.0088105726872246,0.0088105726872246,0.0044052863436123,0.0,0.0,0.013215859030837,0.0,0.0044052863436123,0.0,0.0,0.0044052863436123,0.0044052863436123,0.0044052863436123,0.0,0.0044052863436123,0.0,0.0,0.0088105726872246,0.0,0.0,0.0044052863436123,0.0,0.0,0.0,0.0044052863436123,0.0,0.0088105726872246,0.0,0.0,0.0044052863436123,0.0,0.0,0.0,0.0,0.0044052863436123,0.0,0.0044052863436123,0.0,0.0,0.0,0.0,0.0,0.0,0.0,0.0,0.0,0.0,0.0,0.0,0.0,0.0,0.0,0.0044052863436123,0.0,0.0044052863436123,0.0,0.0,0.0,0.0,0.0,0.0,0.0,0.0,0.0,0.0,0.0,0.0,0.0,0.0,0.0,0.0,0.0,0.0,0.384423619685155,0.3687691843008702,0.4197469905952395,0.361265355640105,0.3070755522940893,0.2528857489480735,0.1787861358799399,0.2000619479090817,0.1273121486694156,0.1850177186346148,0.0547496074689442,0.1475076737203481,0.1326599315548052,0.0574430343092407,0.0758056751741744,0.0189514187935436,0.0750292491214185,0.099432561409333,0.0984096675684558,0.0609087144579862,0.0207293318715797,0.0,0.0621879956147393,0.0,0.0641666444784453,0.0213888814928151,0.0,0.0233615081359384,0.0452515544858284,0.0465564666341085,0.0227060307426249,0.0,0.0,0.0710957473453914,0.0,0.0263556570197571,0.0,0.0,0.0263556570197571,0.0302057910133687,0.0289031661314368,0.0,0.029249024691527,0.0,0.0,0.0648577113830217,0.0,0.0,0.0332852744106972,0.0,0.0,0.0,0.0351334778235199,0.0,0.0766547519978899,0.0,0.0,0.0403873580276442,0.0,0.0,0.0,0.0,0.0432247601345492,0.0,0.0432247601345492,0.0,0.0,0.0,0.0,0.0,0.0,0.0,0.0,0.0,0.0,0.0,0.0,0.0,0.0,0.0,0.0579638086607423,0.0,0.0619125271230126,0.0,0.0,0.0,0.0,0.0,0.0,0.0,0.0,0.0,0.0,0.0,0.0,0.0,0.0,0.0,0.0,0.0,0.0,0.9647577092511012,0.0352422907488986,0.9990334303109958,0.0439568552224214
J07A3158,0.0078740157480314,0.0196850393700787,0.0354330708661417,0.0236220472440944,0.0511811023622047,0.0354330708661417,0.0433070866141732,0.0393700787401574,0.0118110236220472,0.0354330708661417,0.0314960629921259,0.0039370078740157,0.0236220472440944,0.0118110236220472,0.0157480314960629,0.0236220472440944,0.0,0.0196850393700787,0.0157480314960629,0.0078740157480314,0.0157480314960629,0.0039370078740157,0.0157480314960629,0.0157480314960629,0.0196850393700787,0.0236220472440944,0.0157480314960629,0.0157480314960629,0.0196850393700787,0.0118110236220472,0.0078740157480314,0.0157480314960629,0.0,0.0118110236220472,0.0118110236220472,0.0196850393700787,0.0236220472440944,0.0157480314960629,0.0314960629921259,0.0039370078740157,0.0196850393700787,0.0078740157480314,0.0157480314960629,0.0078740157480314,0.0078740157480314,0.0118110236220472,0.0039370078740157,0.0078740157480314,0.0078740157480314,0.0118110236220472,0.0,0.0,0.0078740157480314,0.0,0.0039370078740157,0.0118110236220472,0.0039370078740157,0.0078740157480314,0.0118110236220472,0.0,0.0039370078740157,0.0039370078740157,0.0039370078740157,0.0,0.0078740157480314,0.0,0.0039370078740157,0.0078740157480314,0.0,0.0,0.0039370078740157,0.0,0.0039370078740157,0.0,0.0039370078740157,0.0039370078740157,0.0,0.0039370078740157,0.0078740157480314,0.0,0.0,0.0,0.0,0.0039370078740157,0.0,0.0,0.0039370078740157,0.0039370078740157,0.0,0.0,0.0,0.0078740157480314,0.0,0.0039370078740157,0.0,0.0078740157480314,0.0039370078740157,0.0,0.0,0.0,0.0,0.0468522893373713,0.106742898036125,0.1901720214064513,0.1254850329021437,0.2718842379546449,0.1882275493532157,0.2277041162162661,0.2105795368208568,0.063173861046257,0.1927969633501733,0.1690417968057345,0.021348579607225,0.1316549939662204,0.0665092010416386,0.0877699959774803,0.1316549939662204,0.0,0.1151258859561074,0.0911532399840284,0.0470145769490023,0.0960040720330792,0.0237526660682546,0.0960040720330792,0.1015157374945599,0.1238233178633271,0.1485879814359926,0.1004536690231814,0.1081945102610332,0.1309838856414864,0.080856628738138,0.0525793938874824,0.1093625367310089,0.0,0.0823167057635658,0.085656440136255,0.1525766972784651,0.1824071730958301,0.1239135301381445,0.2441227156455441,0.0349731355818487,0.1673245947129894,0.0711006452008262,0.1354614558143341,0.0713943924685923,0.0711006452008262,0.1126411918523959,0.0373863667804495,0.0784548274315518,0.07707730046395,0.121474319810788,0.0,0.0,0.08135710684352,0.0,0.0443765408002173,0.1366032218409122,0.0448318658537852,0.0935232947528719,0.1402849421293079,0.0,0.0477992758886469,0.0497520655936012,0.0500468733299987,0.0,0.1000937466599975,0.0,0.0536050271809842,0.1176093630046959,0.0,0.0,0.0622688499399598,0.0,0.0558423879075648,0.0,0.0612179127009488,0.0651593788932881,0.0,0.0657898527668258,0.1214239821810811,0.0,0.0,0.0,0.0,0.0716841086641194,0.0,0.0,0.0775783645614131,0.0764705929331479,0.0,0.0,0.0,0.1626278231828611,0.0,0.0876686089823707,0.0,0.165454983291709,0.0876686089823707,0.0,0.0,0.0,0.0,0.8582677165354331,0.1417322834645669,0.9807865746351648,0.1950838153600143
J07A3159,0.0553191489361702,0.1319148936170212,0.1276595744680851,0.1531914893617021,0.1063829787234042,0.076595744680851,0.0638297872340425,0.0595744680851063,0.0425531914893617,0.0297872340425531,0.0170212765957446,0.0297872340425531,0.0127659574468085,0.0127659574468085,0.0085106382978723,0.0042553191489361,0.0170212765957446,0.0,0.0085106382978723,0.0,0.0,0.0,0.0,0.0,0.0127659574468085,0.0,0.0,0.0085106382978723,0.0,0.0,0.0,0.0,0.0,0.0042553191489361,0.0,0.0,0.0085106382978723,0.0,0.0,0.0,0.0,0.0,0.0,0.0,0.0,0.0,0.0,0.0,0.0,0.0,0.0,0.0,0.0042553191489361,0.0,0.0,0.0,0.0,0.0042553191489361,0.0,0.0,0.0,0.0,0.0,0.0,0.0,0.0,0.0,0.0,0.0,0.0,0.0,0.0,0.0,0.0,0.0,0.0,0.0,0.0,0.0,0.0,0.0,0.0,0.0,0.0,0.0,0.0,0.0,0.0,0.0,0.0,0.0,0.0,0.0,0.0,0.0,0.0,0.0,0.0,0.0,0.0,0.0,0.2038574465702,0.4430095474476059,0.4243339449752258,0.5039942551761265,0.3499960105389767,0.2519971275880632,0.2078508774364585,0.1973452186622856,0.1409608704730611,0.1003779048793231,0.0565778593300301,0.1000344139397819,0.0440645915357668,0.0445209207638861,0.0293763943571778,0.0146881971785889,0.0581510237973481,0.0,0.0305087575188261,0.0,0.0,0.0,0.0,0.0,0.0497320193625244,0.0,0.0,0.0362124273256812,0.0,0.0,0.0,0.0,0.0,0.0183674613308989,0.0,0.0,0.0407008111808957,0.0,0.0,0.0,0.0,0.0,0.0,0.0,0.0,0.0,0.0,0.0,0.0,0.0,0.0,0.0,0.0272300166791338,0.0,0.0,0.0,0.0,0.0313020088202791,0.0,0.0,0.0,0.0,0.0,0.0,0.0,0.0,0.0,0.0,0.0,0.0,0.0,0.0,0.0,0.0,0.0,0.0,0.0,0.0,0.0,0.0,0.0,0.0,0.0,0.0,0.0,0.0,0.0,0.0,0.0,0.0,0.0,0.0,0.0,0.0,0.0,0.0,0.0,0.0,0.0,0.0,0.0,0.9914893617021276,0.0085106382978723,0.999946557744342,0.0103383584403563
J07A3160,0.0509803921568627,0.1725490196078431,0.1803921568627451,0.1137254901960784,0.0666666666666666,0.0666666666666666,0.0509803921568627,0.0509803921568627,0.0313725490196078,0.0470588235294117,0.0352941176470588,0.0117647058823529,0.0196078431372549,0.0078431372549019,0.0039215686274509,0.0,0.0078431372549019,0.0039215686274509,0.0117647058823529,0.0156862745098039,0.0,0.0,0.0039215686274509,0.0039215686274509,0.0078431372549019,0.0039215686274509,0.0,0.0,0.0039215686274509,0.0,0.0,0.0,0.0,0.0039215686274509,0.0039215686274509,0.0,0.0039215686274509,0.0039215686274509,0.0,0.0,0.0,0.0,0.0,0.0,0.0,0.0,0.0,0.0,0.0,0.0,0.0,0.0,0.0,0.0078431372549019,0.0,0.0,0.0,0.0,0.0039215686274509,0.0,0.0,0.0,0.0,0.0,0.0,0.0,0.0,0.0,0.0,0.0,0.0,0.0,0.0,0.0,0.0,0.0,0.0,0.0,0.0,0.0,0.0,0.0,0.0,0.0,0.0,0.0,0.0,0.0,0.0,0.0,0.0,0.0,0.0,0.0,0.0,0.0,0.0,0.0,0.0,0.0,0.0,0.179705950819182,0.5542937059079378,0.5735618150756702,0.3578960966176691,0.2098011600862198,0.2098011600862198,0.1587961007157186,0.1615391538926161,0.0994087100877638,0.1516900907912303,0.1122186159930659,0.0377927526755412,0.0647402507047737,0.0261642781326754,0.0129480501409547,0.0,0.0256308641122235,0.0135869277630044,0.0403414643698915,0.0554856673205405,0.0,0.0,0.0141627617111784,0.0149758564363249,0.029226762707841,0.0146133813539205,0.0,0.0,0.0154584573013146,0.0,0.0,0.0,0.0,0.0161914227718294,0.0168483374366259,0.0,0.0179394427219419,0.018280035033647,0.0,0.0,0.0,0.0,0.0,0.0,0.0,0.0,0.0,0.0,0.0,0.0,0.0,0.0,0.0,0.0534592546121692,0.0,0.0,0.0,0.0,0.0275935824383124,0.0,0.0,0.0,0.0,0.0,0.0,0.0,0.0,0.0,0.0,0.0,0.0,0.0,0.0,0.0,0.0,0.0,0.0,0.0,0.0,0.0,0.0,0.0,0.0,0.0,0.0,0.0,0.0,0.0,0.0,0.0,0.0,0.0,0.0,0.0,0.0,0.0,0.0,0.0,0.0,0.0,0.0,0.9882352941176472,0.0117647058823529,0.9998972111731148,0.0143376109665358
J07A3161,0.4124513618677042,0.0856031128404669,0.0739299610894941,0.0700389105058365,0.0350194552529182,0.0311284046692607,0.0583657587548638,0.0311284046692607,0.0155642023346303,0.0038910505836575,0.0194552529182879,0.0272373540856031,0.0155642023346303,0.0077821011673151,0.0077821011673151,0.0155642023346303,0.0194552529182879,0.0116731517509727,0.0038910505836575,0.0116731517509727,0.0,0.0077821011673151,0.0,0.0,0.0077821011673151,0.0,0.0,0.0077821011673151,0.0,0.0,0.0,0.0038910505836575,0.0,0.0,0.0,0.0,0.0,0.0038910505836575,0.0,0.0,0.0,0.0,0.0,0.0,0.0077821011673151,0.0,0.0038910505836575,0.0,0.0,0.0,0.0,0.0,0.0,0.0,0.0,0.0,0.0,0.0,0.0,0.0,0.0,0.0,0.0,0.0,0.0,0.0,0.0,0.0,0.0,0.0,0.0,0.0,0.0,0.0,0.0,0.0,0.0,0.0,0.0,0.0,0.0,0.0,0.0,0.0,0.0,0.0,0.0,0.0,0.0,0.0,0.0,0.0,0.0,0.0,0.0,0.0,0.0,0.0,0.0,0.0,0.0,0.9401605791548248,0.1778226250786564,0.1520033170749711,0.1425307382757106,0.0712653691378553,0.0633469947892047,0.117561415464626,0.0637824950746428,0.0318912475373214,0.0081106008888473,0.0400008729144661,0.0565799261613906,0.0332308484281732,0.0167874921589428,0.0166154242140866,0.0332308484281732,0.0411131092676245,0.0261528839583049,0.0086279470219622,0.0267004845410015,0.0,0.0179861292481249,0.0,0.0,0.01875243976926,0.0,0.0,0.0204819160078765,0.0,0.0,0.0,0.0103515154619613,0.0,0.0,0.0,0.0,0.0,0.0117288137374333,0.0,0.0,0.0,0.0,0.0,0.0,0.0269196180027193,0.0,0.0141549589233201,0.0,0.0,0.0,0.0,0.0,0.0,0.0,0.0,0.0,0.0,0.0,0.0,0.0,0.0,0.0,0.0,0.0,0.0,0.0,0.0,0.0,0.0,0.0,0.0,0.0,0.0,0.0,0.0,0.0,0.0,0.0,0.0,0.0,0.0,0.0,0.0,0.0,0.0,0.0,0.0,0.0,0.0,0.0,0.0,0.0,0.0,0.0,0.0,0.0,0.0,0.0,0.0,0.0,0.0,1.0,0.0,1.0,0.0
J07A3162,0.3609467455621302,0.1597633136094674,0.1005917159763313,0.0414201183431952,0.0650887573964497,0.0355029585798816,0.029585798816568,0.029585798816568,0.029585798816568,0.029585798816568,0.0236686390532544,0.0177514792899408,0.0,0.0118343195266272,0.0177514792899408,0.0118343195266272,0.0059171597633136,0.0059171597633136,0.0,0.0,0.0,0.0,0.0,0.0,0.0,0.0,0.0059171597633136,0.0059171597633136,0.0059171597633136,0.0059171597633136,0.0,0.0,0.0,0.0,0.0,0.0,0.0,0.0,0.0,0.0,0.0,0.0,0.0,0.0,0.0,0.0,0.0,0.0,0.0,0.0,0.0,0.0,0.0,0.0,0.0,0.0,0.0,0.0,0.0,0.0,0.0,0.0,0.0,0.0,0.0,0.0,0.0,0.0,0.0,0.0,0.0,0.0,0.0,0.0,0.0,0.0,0.0,0.0,0.0,0.0,0.0,0.0,0.0,0.0,0.0,0.0,0.0,0.0,0.0,0.0,0.0,0.0,0.0,0.0,0.0,0.0,0.0,0.0,0.0,0.0,0.0,0.8760048976085845,0.3533528737467569,0.2202058807937504,0.0897458957913697,0.1410292648150096,0.0769250535354598,0.0634488973236583,0.0645449173051936,0.0645449173051936,0.0656604057967245,0.0518131484220589,0.0392614304163063,0.0,0.0271810575460871,0.0403536869092581,0.0269024579395054,0.0133134571658646,0.0141149342446233,0.0,0.0,0.0,0.0,0.0,0.0,0.0,0.0,0.0153950708079018,0.0165813968040379,0.0160591939647676,0.0165222904823198,0.0,0.0,0.0,0.0,0.0,0.0,0.0,0.0,0.0,0.0,0.0,0.0,0.0,0.0,0.0,0.0,0.0,0.0,0.0,0.0,0.0,0.0,0.0,0.0,0.0,0.0,0.0,0.0,0.0,0.0,0.0,0.0,0.0,0.0,0.0,0.0,0.0,0.0,0.0,0.0,0.0,0.0,0.0,0.0,0.0,0.0,0.0,0.0,0.0,0.0,0.0,0.0,0.0,0.0,0.0,0.0,0.0,0.0,0.0,0.0,0.0,0.0,0.0,0.0,0.0,0.0,0.0,0.0,0.0,0.0,0.0,1.0,0.0,1.0,0.0
J07A3163,0.25,0.1119402985074626,0.1119402985074626,0.0634328358208955,0.0373134328358208,0.0634328358208955,0.0373134328358208,0.0111940298507462,0.0373134328358208,0.0111940298507462,0.0298507462686567,0.0298507462686567,0.0186567164179104,0.0111940298507462,0.0149253731343283,0.0111940298507462,0.0111940298507462,0.003731343283582,0.0111940298507462,0.003731343283582,0.0298507462686567,0.003731343283582,0.0,0.0111940298507462,0.0074626865671641,0.0,0.003731343283582,0.003731343283582,0.0074626865671641,0.003731343283582,0.0074626865671641,0.0074626865671641,0.0,0.0,0.0,0.0074626865671641,0.003731343283582,0.003731343283582,0.0,0.0,0.0,0.0,0.0,0.003731343283582,0.0,0.0,0.0,0.0,0.0,0.0,0.0,0.0,0.003731343283582,0.0,0.0,0.0,0.0,0.0,0.0,0.0,0.003731343283582,0.003731343283582,0.0,0.0,0.0,0.0,0.0,0.0,0.0,0.0,0.0,0.0,0.0,0.0,0.0,0.0,0.0,0.0,0.0,0.0,0.003731343283582,0.0,0.0,0.0,0.0,0.0,0.0,0.0,0.0,0.0,0.0,0.0,0.0,0.0,0.0,0.0,0.0,0.0,0.0,0.0,0.0,0.8011980367142574,0.3269297879080132,0.3235859234786337,0.1814904814124147,0.1067591067131851,0.1814904814124147,0.1056677473289698,0.0322479174620644,0.1074930582068814,0.0328052375781423,0.0862895795943023,0.0871812767754702,0.0560041672903101,0.033950485060398,0.0448033338322481,0.0336025003741861,0.0332583327816105,0.0117535005984237,0.0348977659912104,0.0119996005614978,0.0980130496908501,0.0121248567395966,0.0,0.0388650195224112,0.0252828880059223,0.0,0.0128194698478581,0.0138073230722416,0.0267449699168096,0.0137581052597003,0.0268398341688721,0.0279127632816461,0.0,0.0,0.0,0.0311539023196167,0.0155186849040189,0.015813317510394,0.0,0.0,0.0,0.0,0.0,0.0182220972206811,0.0,0.0,0.0,0.0,0.0,0.0,0.0,0.0,0.020764895662473,0.0,0.0,0.0,0.0,0.0,0.0,0.0,0.0243997608833006,0.0253965877383194,0.0,0.0,0.0,0.0,0.0,0.0,0.0,0.0,0.0,0.0,0.0,0.0,0.0,0.0,0.0,0.0,0.0,0.0,0.0342582776770852,0.0,0.0,0.0,0.0,0.0,0.0,0.0,0.0,0.0,0.0,0.0,0.0,0.0,0.0,0.0,0.0,0.0,0.0,0.0,0.0,0.9850746268656716,0.0149253731343283,0.9998335150002796,0.0182467060639921
J07A3164,0.6350710900473934,0.1279620853080568,0.0805687203791469,0.0473933649289099,0.0142180094786729,0.0189573459715639,0.0142180094786729,0.0047393364928909,0.0236966824644549,0.0047393364928909,0.0047393364928909,0.0047393364928909,0.0,0.0,0.0047393364928909,0.0047393364928909,0.0,0.0,0.0047393364928909,0.0,0.0,0.0,0.0,0.0,0.0,0.0,0.0047393364928909,0.0,0.0,0.0,0.0,0.0,0.0,0.0,0.0,0.0,0.0,0.0,0.0,0.0,0.0,0.0,0.0,0.0,0.0,0.0,0.0,0.0,0.0,0.0,0.0,0.0,0.0,0.0,0.0,0.0,0.0,0.0,0.0,0.0,0.0,0.0,0.0,0.0,0.0,0.0,0.0,0.0,0.0,0.0,0.0,0.0,0.0,0.0,0.0,0.0,0.0,0.0,0.0,0.0,0.0,0.0,0.0,0.0,0.0,0.0,0.0,0.0,0.0,0.0,0.0,0.0,0.0,0.0,0.0,0.0,0.0,0.0,0.0,0.0,0.0,0.9739196497466632,0.1788340690731197,0.1114475546175975,0.0648870735154172,0.0194661220546251,0.0259548294061668,0.0192671269933825,0.0065333161591595,0.0326665807957978,0.0066462272804584,0.0065557385069175,0.0066234840397451,0.0,0.0,0.0068077499559806,0.0068077499559806,0.0,0.0,0.0070701662746797,0.0,0.0,0.0,0.0,0.0,0.0,0.0,0.007791540300926,0.0,0.0,0.0,0.0,0.0,0.0,0.0,0.0,0.0,0.0,0.0,0.0,0.0,0.0,0.0,0.0,0.0,0.0,0.0,0.0,0.0,0.0,0.0,0.0,0.0,0.0,0.0,0.0,0.0,0.0,0.0,0.0,0.0,0.0,0.0,0.0,0.0,0.0,0.0,0.0,0.0,0.0,0.0,0.0,0.0,0.0,0.0,0.0,0.0,0.0,0.0,0.0,0.0,0.0,0.0,0.0,0.0,0.0,0.0,0.0,0.0,0.0,0.0,0.0,0.0,0.0,0.0,0.0,0.0,0.0,0.0,0.0,0.0,0.0,1.0,0.0,1.0,0.0
J07A3165,0.1237113402061855,0.1597938144329896,0.1804123711340206,0.0824742268041237,0.0876288659793814,0.0773195876288659,0.0670103092783505,0.0309278350515463,0.0257731958762886,0.0206185567010309,0.0206185567010309,0.0154639175257731,0.0,0.0051546391752577,0.0360824742268041,0.0154639175257731,0.0051546391752577,0.0051546391752577,0.0,0.0,0.0,0.0051546391752577,0.0051546391752577,0.0,0.0,0.0051546391752577,0.0103092783505154,0.0,0.0,0.0,0.0,0.0,0.0,0.0,0.0,0.0051546391752577,0.0,0.0,0.0,0.0,0.0,0.0,0.0,0.0,0.0051546391752577,0.0,0.0051546391752577,0.0,0.0,0.0,0.0,0.0,0.0,0.0,0.0,0.0,0.0,0.0,0.0,0.0,0.0,0.0,0.0,0.0,0.0,0.0,0.0,0.0,0.0,0.0,0.0,0.0,0.0,0.0,0.0,0.0,0.0,0.0,0.0,0.0,0.0,0.0,0.0,0.0,0.0,0.0,0.0,0.0,0.0,0.0,0.0,0.0,0.0,0.0,0.0,0.0,0.0,0.0,0.0,0.0,0.0,0.4198562809591235,0.4942188103237684,0.5522818227874086,0.249890216325284,0.2655083548456142,0.2342720778049538,0.2009602398747564,0.0943530640936875,0.0786275534114062,0.0639891384709376,0.0631179226042752,0.0478276268055259,0.0,0.0165557579373604,0.114702456505933,0.0491581956453998,0.0162182338765698,0.0171945800312972,0.0,0.0,0.0,0.0177378490630245,0.0179233115796885,0.0,0.0,0.0184935814483413,0.0375080425464665,0.0,0.0,0.0,0.0,0.0,0.0,0.0,0.0,0.0227880307758569,0.0,0.0,0.0,0.0,0.0,0.0,0.0,0.0,0.0265480201092345,0.0,0.0279191282806266,0.0,0.0,0.0,0.0,0.0,0.0,0.0,0.0,0.0,0.0,0.0,0.0,0.0,0.0,0.0,0.0,0.0,0.0,0.0,0.0,0.0,0.0,0.0,0.0,0.0,0.0,0.0,0.0,0.0,0.0,0.0,0.0,0.0,0.0,0.0,0.0,0.0,0.0,0.0,0.0,0.0,0.0,0.0,0.0,0.0,0.0,0.0,0.0,0.0,0.0,0.0,0.0,0.0,0.0,1.0,0.0,1.0,0.0
J07A3166,0.0772727272727272,0.1409090909090909,0.1181818181818181,0.0545454545454545,0.0409090909090909,0.0272727272727272,0.0454545454545454,0.0227272727272727,0.0318181818181818,0.0136363636363636,0.0272727272727272,0.0181818181818181,0.0181818181818181,0.0136363636363636,0.0363636363636363,0.0181818181818181,0.0181818181818181,0.0136363636363636,0.0181818181818181,0.0136363636363636,0.0136363636363636,0.009090909090909,0.0136363636363636,0.0181818181818181,0.0045454545454545,0.0136363636363636,0.009090909090909,0.009090909090909,0.0045454545454545,0.009090909090909,0.0045454545454545,0.009090909090909,0.0,0.0045454545454545,0.009090909090909,0.0,0.0045454545454545,0.0,0.0,0.0,0.0,0.0045454545454545,0.0045454545454545,0.0,0.0,0.009090909090909,0.009090909090909,0.0045454545454545,0.0045454545454545,0.0,0.0,0.0,0.0045454545454545,0.0,0.0,0.0045454545454545,0.0,0.0045454545454545,0.009090909090909,0.0045454545454545,0.0045454545454545,0.0,0.0,0.0,0.0,0.0,0.0,0.0,0.0,0.0,0.0,0.0,0.0045454545454545,0.0,0.0045454545454545,0.0,0.0045454545454545,0.0,0.009090909090909,0.0,0.0,0.0,0.0,0.0,0.0,0.0045454545454545,0.0,0.0,0.0,0.0,0.0,0.0,0.0,0.0,0.0,0.0,0.0,0.0,0.0,0.0,0.0,0.3484797091367784,0.5791064903664382,0.4807344159869967,0.2196087691273457,0.1647065768455093,0.1098043845636728,0.1811364906923711,0.0921327265393834,0.1289858171551367,0.056234998487614,0.1109387113816146,0.0747234181117984,0.076802230262623,0.0581981908064986,0.153604460525246,0.076802230262623,0.0760155971728358,0.0604438318852702,0.0797627030566769,0.0617094314120204,0.0630055302297651,0.0415690512095578,0.0630055302297651,0.0888302996884905,0.0216700635895237,0.0650101907685712,0.0439504738101116,0.0473372454770969,0.0229232197944081,0.047168506347729,0.0230045283211115,0.0478482802384687,0.0,0.0240101282908268,0.0499685233399437,0.0,0.0266022527661474,0.0,0.0,0.0,0.0,0.0311079433451039,0.029633537649449,0.0,0.0,0.0657103425634099,0.0654291097584574,0.0343255440228024,0.0337228486359537,0.0,0.0,0.0,0.0355953488644344,0.0,0.0,0.0398444137300776,0.0,0.0409182975260256,0.0818365950520513,0.0432807229421853,0.0418262636599461,0.0,0.0,0.0,0.0,0.0,0.0,0.0,0.0,0.0,0.0,0.0,0.0488643059251355,0.0,0.0535681034856348,0.0,0.0549658369358145,0.0,0.1062508039907938,0.0,0.0,0.0,0.0,0.0,0.0,0.0659951923027892,0.0,0.0,0.0,0.0,0.0,0.0,0.0,0.0,0.0,0.0,0.0,0.0,0.0,0.0,0.0,0.9409090909090908,0.059090909090909,0.9971512223238466,0.0754283754170717
J07A3167,0.1196581196581196,0.1538461538461538,0.1111111111111111,0.0769230769230769,0.1068376068376068,0.0512820512820512,0.0512820512820512,0.0213675213675213,0.0299145299145299,0.0256410256410256,0.0256410256410256,0.017094017094017,0.0213675213675213,0.017094017094017,0.0042735042735042,0.0256410256410256,0.0213675213675213,0.0128205128205128,0.0042735042735042,0.0085470085470085,0.0085470085470085,0.0,0.0,0.0042735042735042,0.0085470085470085,0.0085470085470085,0.0042735042735042,0.0,0.0085470085470085,0.0085470085470085,0.0,0.0128205128205128,0.0085470085470085,0.0042735042735042,0.0,0.0,0.0,0.0,0.0042735042735042,0.0042735042735042,0.0,0.0,0.0,0.0,0.0,0.0,0.0042735042735042,0.0,0.0,0.0,0.0,0.0,0.0,0.0,0.0,0.0,0.0042735042735042,0.0,0.0,0.0,0.0,0.0,0.0,0.0,0.0,0.0,0.0,0.0,0.0,0.0,0.0,0.0,0.0,0.0,0.0,0.0,0.0,0.0,0.0,0.0,0.0,0.0,0.0,0.0,0.0,0.0,0.0,0.0,0.0,0.0,0.0,0.0,0.0,0.0,0.0,0.0,0.0,0.0,0.0,0.0,0.0,0.4612044662351733,0.5403885494905261,0.3862887971995157,0.2646962786297471,0.3676337203190932,0.1764641857531647,0.1746602567860835,0.0740322284697273,0.1036451198576183,0.0903740161049115,0.0891435685845036,0.060043172165614,0.0771419732074876,0.0623526792291299,0.0154283946414975,0.0925703678489851,0.0763518603614285,0.0485689693531788,0.0160231083944171,0.0330572851915531,0.0337515957251983,0.0,0.0,0.0178446500190178,0.0348254775229596,0.0348254775229596,0.0176579573875526,0.0,0.0368393970052753,0.0379017290562671,0.0,0.0576719307169909,0.0402982803706683,0.0192930717452948,0.0,0.0,0.0,0.0,0.0214562024071409,0.0245906055525309,0.0,0.0,0.0,0.0,0.0,0.0,0.0262874169914987,0.0,0.0,0.0,0.0,0.0,0.0,0.0,0.0,0.0,0.0315225589885794,0.0,0.0,0.0,0.0,0.0,0.0,0.0,0.0,0.0,0.0,0.0,0.0,0.0,0.0,0.0,0.0,0.0,0.0,0.0,0.0,0.0,0.0,0.0,0.0,0.0,0.0,0.0,0.0,0.0,0.0,0.0,0.0,0.0,0.0,0.0,0.0,0.0,0.0,0.0,0.0,0.0,0.0,0.0,0.0,0.9957264957264956,0.0042735042735042,0.9999866386327751,0.0051693864165468
J07A3168,0.1077586206896551,0.168103448275862,0.1077586206896551,0.0689655172413793,0.0517241379310344,0.0474137931034482,0.021551724137931,0.0689655172413793,0.0301724137931034,0.021551724137931,0.043103448275862,0.0258620689655172,0.0258620689655172,0.021551724137931,0.0043103448275862,0.021551724137931,0.0043103448275862,0.0172413793103448,0.0043103448275862,0.0086206896551724,0.0258620689655172,0.0172413793103448,0.0086206896551724,0.0043103448275862,0.0,0.0129310344827586,0.0043103448275862,0.0086206896551724,0.0,0.0,0.0,0.0043103448275862,0.0129310344827586,0.0,0.0,0.0086206896551724,0.0086206896551724,0.0043103448275862,0.0043103448275862,0.0,0.0,0.0,0.0,0.0043103448275862,0.0,0.0,0.0,0.0,0.0,0.0,0.0,0.0,0.0,0.0,0.0,0.0,0.0,0.0,0.0,0.0,0.0,0.0,0.0,0.0,0.0,0.0,0.0,0.0,0.0,0.0,0.0,0.0,0.0,0.0,0.0,0.0,0.0,0.0,0.0,0.0,0.0,0.0,0.0,0.0,0.0,0.0,0.0,0.0,0.0,0.0,0.0,0.0,0.0,0.0,0.0,0.0,0.0,0.0,0.0,0.0,0.0,0.4275901381318145,0.6078836224375762,0.3856834226698082,0.2443135260411912,0.1832351445308934,0.167965549153319,0.0755674993847559,0.2459931417937834,0.1076219995347802,0.0782014011896262,0.1542733690679233,0.0935205572980886,0.096122307536177,0.0809314517679203,0.0160203845893628,0.0801019229468141,0.015856298669123,0.0672434245408851,0.0166379176032468,0.0343256984640838,0.1051399494088692,0.0693680050816056,0.0350466498029564,0.0185293520687061,0.0,0.0542426049232694,0.01833549601138,0.0394968154102284,0.0,0.0,0.0,0.0199616039466221,0.0627667976639286,0.0,0.0,0.0445589605888182,0.0443922858802219,0.0226175515508513,0.0222794802944091,0.0,0.0,0.0,0.0,0.0260627931477682,0.0,0.0,0.0,0.0,0.0,0.0,0.0,0.0,0.0,0.0,0.0,0.0,0.0,0.0,0.0,0.0,0.0,0.0,0.0,0.0,0.0,0.0,0.0,0.0,0.0,0.0,0.0,0.0,0.0,0.0,0.0,0.0,0.0,0.0,0.0,0.0,0.0,0.0,0.0,0.0,0.0,0.0,0.0,0.0,0.0,0.0,0.0,0.0,0.0,0.0,0.0,0.0,0.0,0.0,0.0,0.0,0.0,1.0,0.0,1.0,0.0
J07A3169,0.0630252100840336,0.1050420168067226,0.1596638655462184,0.0840336134453781,0.088235294117647,0.0252100840336134,0.0924369747899159,0.0210084033613445,0.0546218487394958,0.0252100840336134,0.0336134453781512,0.0462184873949579,0.0168067226890756,0.0294117647058823,0.0210084033613445,0.0084033613445378,0.0084033613445378,0.0042016806722689,0.0126050420168067,0.0,0.0168067226890756,0.0042016806722689,0.0084033613445378,0.0,0.0,0.0,0.0126050420168067,0.0084033613445378,0.0084033613445378,0.0084033613445378,0.0126050420168067,0.0,0.0,0.0,0.0042016806722689,0.0,0.0084033613445378,0.0,0.0,0.0,0.0,0.0,0.0,0.0042016806722689,0.0,0.0,0.0,0.0,0.0,0.0,0.0,0.0,0.0,0.0,0.0,0.0,0.0,0.0,0.0,0.0,0.0,0.0,0.0,0.0,0.0,0.0,0.0042016806722689,0.0,0.0,0.0,0.0,0.0,0.0,0.0,0.0,0.0,0.0,0.0,0.0,0.0,0.0,0.0,0.0,0.0,0.0,0.0,0.0,0.0,0.0,0.0,0.0,0.0,0.0,0.0,0.0,0.0,0.0,0.0,0.0,0.0,0.0,0.2533066079778062,0.3847365384510606,0.5788181612592787,0.3015262409298604,0.3166025529763534,0.0904578722789581,0.3282882330380637,0.0758997961978372,0.1973394701143768,0.0926538285518139,0.1218564550019534,0.1692840769184667,0.0632703909178314,0.1118698241493127,0.0790879886472893,0.0316351954589157,0.0313111776346315,0.0165980634454478,0.04928194193517,0.0,0.0692060549802813,0.0171224853179299,0.0346030274901406,0.0,0.0,0.0,0.0543102130526861,0.0389968626701048,0.0377687229271366,0.0388578538074488,0.0568540325500962,0.0,0.0,0.0,0.0205822669113531,0.0,0.043830366020718,0.0,0.0,0.0,0.0,0.0,0.0,0.0257328889589325,0.0,0.0,0.0,0.0,0.0,0.0,0.0,0.0,0.0,0.0,0.0,0.0,0.0,0.0,0.0,0.0,0.0,0.0,0.0,0.0,0.0,0.0,0.0386420323611734,0.0,0.0,0.0,0.0,0.0,0.0,0.0,0.0,0.0,0.0,0.0,0.0,0.0,0.0,0.0,0.0,0.0,0.0,0.0,0.0,0.0,0.0,0.0,0.0,0.0,0.0,0.0,0.0,0.0,0.0,0.0,0.0,0.0,0.0,0.9957983193277312,0.0042016806722689,0.99998708583468,0.0050821416611922
J07A3170,0.0262008733624454,0.0305676855895196,0.0786026200873362,0.0349344978165938,0.0436681222707423,0.0349344978165938,0.0524017467248908,0.0393013100436681,0.0349344978165938,0.0349344978165938,0.0349344978165938,0.0305676855895196,0.0524017467248908,0.0305676855895196,0.0436681222707423,0.0087336244541484,0.0480349344978165,0.0218340611353711,0.0393013100436681,0.0087336244541484,0.0087336244541484,0.0131004366812227,0.0393013100436681,0.0131004366812227,0.0174672489082969,0.0131004366812227,0.0174672489082969,0.0131004366812227,0.0,0.0262008733624454,0.0087336244541484,0.0131004366812227,0.0087336244541484,0.0043668122270742,0.0043668122270742,0.0218340611353711,0.0087336244541484,0.0043668122270742,0.0087336244541484,0.0,0.0,0.0087336244541484,0.0,0.0043668122270742,0.0,0.0,0.0043668122270742,0.0,0.0,0.0,0.0,0.0043668122270742,0.0,0.0043668122270742,0.0,0.0,0.0,0.0,0.0,0.0,0.0,0.0,0.0,0.0,0.0,0.0,0.0,0.0,0.0,0.0,0.0,0.0,0.0,0.0,0.0,0.0,0.0,0.0,0.0,0.0,0.0,0.0,0.0,0.0,0.0,0.0,0.0,0.0,0.0,0.0,0.0,0.0,0.0,0.0,0.0,0.0,0.0,0.0,0.0,0.0,0.0,0.1460403325526085,0.1552700765619926,0.395182186985076,0.1738406781026137,0.2173008476282671,0.1738406781026137,0.2580953524451196,0.1969152800494783,0.1750358044884251,0.1780608362595478,0.1756365275489226,0.1552700765619926,0.2735823495922151,0.1612424015681314,0.2279852913268459,0.0455970582653691,0.2482152120886261,0.1196172261678067,0.2130960354678497,0.0488487296960882,0.0498747119383277,0.07403794565172,0.2244362037224748,0.0791070845880923,0.1029231728013127,0.0771923796009845,0.1043726104441279,0.0843115805137645,0.0,0.1680220841144918,0.054630643648667,0.0852217760267159,0.0595487437530699,0.028509360076972,0.02966603524891,0.1585290845297243,0.0631744398682351,0.032186924419059,0.0634116338118897,0.0,0.0,0.0738744539252168,0.0,0.0370898304933988,0.0,0.0,0.0388448996820282,0.0,0.0,0.0,0.0,0.0426597578804709,0.0,0.0470647070570146,0.0,0.0,0.0,0.0,0.0,0.0,0.0,0.0,0.0,0.0,0.0,0.0,0.0,0.0,0.0,0.0,0.0,0.0,0.0,0.0,0.0,0.0,0.0,0.0,0.0,0.0,0.0,0.0,0.0,0.0,0.0,0.0,0.0,0.0,0.0,0.0,0.0,0.0,0.0,0.0,0.0,0.0,0.0,0.0,0.0,0.0,0.0,0.9912663755458516,0.0087336244541484,0.9999436955081562,0.0106115886412891
J07A3171,0.1254480286738351,0.1254480286738351,0.068100358422939,0.050179211469534,0.039426523297491,0.039426523297491,0.028673835125448,0.032258064516129,0.025089605734767,0.028673835125448,0.021505376344086,0.032258064516129,0.021505376344086,0.007168458781362,0.003584229390681,0.014336917562724,0.003584229390681,0.010752688172043,0.007168458781362,0.014336917562724,0.007168458781362,0.007168458781362,0.0,0.0,0.003584229390681,0.0,0.014336917562724,0.003584229390681,0.010752688172043,0.0,0.010752688172043,0.0,0.010752688172043,0.003584229390681,0.003584229390681,0.007168458781362,0.0,0.003584229390681,0.003584229390681,0.0,0.007168458781362,0.014336917562724,0.007168458781362,0.003584229390681,0.0,0.003584229390681,0.003584229390681,0.0,0.003584229390681,0.003584229390681,0.003584229390681,0.003584229390681,0.0,0.007168458781362,0.003584229390681,0.0,0.003584229390681,0.003584229390681,0.003584229390681,0.003584229390681,0.007168458781362,0.003584229390681,0.003584229390681,0.003584229390681,0.007168458781362,0.003584229390681,0.0,0.007168458781362,0.0,0.0,0.007168458781362,0.0,0.0,0.003584229390681,0.007168458781362,0.007168458781362,0.0,0.003584229390681,0.003584229390681,0.0,0.003584229390681,0.007168458781362,0.0,0.0,0.003584229390681,0.003584229390681,0.007168458781362,0.0,0.014336917562724,0.003584229390681,0.0,0.003584229390681,0.003584229390681,0.003584229390681,0.0,0.007168458781362,0.0,0.003584229390681,0.0,0.0,0.0,0.5503917473239831,0.5015798458980902,0.2695012366647056,0.1965494180364517,0.1544316856000692,0.1544316856000692,0.111165808611552,0.1272218549886043,0.0989503316578033,0.1150404878893593,0.0851056536835912,0.1289776746595089,0.0883772300415613,0.0297641524171653,0.0147295383402602,0.0589181533610409,0.0145786736815632,0.0463689523672394,0.0305946269731669,0.0631197945046391,0.0322227577678178,0.0318893308939443,0.0,0.0,0.0166239980993419,0.0,0.0674324364638868,0.0181571751182996,0.0527560374779797,0.0,0.0529431628347364,0.0,0.0577093482075366,0.0184191580898094,0.0191664559173636,0.0409686118790764,0.0,0.0207951370251297,0.0204843059395382,0.0,0.0449285932969775,0.0954567371539145,0.045466213933897,0.0239627774715982,0.0,0.025204554785186,0.0250966821526096,0.0,0.0258701858124456,0.0271810524934453,0.0280853765672624,0.0275613630874889,0.0,0.0608145729959011,0.0297890390375605,0.0,0.0300946891750189,0.0313901109468737,0.0313901109468737,0.0332024247624669,0.0641732983120242,0.0333975158370118,0.0335954140735521,0.0364665631003607,0.0671908281471042,0.0348466117232262,0.0,0.0789486932183853,0.0,0.0,0.0835995401280299,0.0,0.0,0.0400996220156468,0.0821885959726543,0.0874802427820535,0.0,0.044163345249676,0.0407546834438092,0.0,0.0450509880720265,0.1091686392411194,0.0,0.0,0.0465000839582408,0.0506276295348604,0.1041534508421494,0.0,0.2025105181394416,0.052862864534393,0.0,0.0545843196205597,0.0536966767982092,0.0588500944023938,0.0,0.1110664523948543,0.0,0.0650665577459603,0.0,0.0,0.0,0.8387096774193549,0.1612903225806451,0.9742068457386832,0.22565686720303
J07A3172,0.0106382978723404,0.0177304964539007,0.0354609929078014,0.0141843971631205,0.0212765957446808,0.0141843971631205,0.0319148936170212,0.0212765957446808,0.0141843971631205,0.0248226950354609,0.0177304964539007,0.0177304964539007,0.0141843971631205,0.0177304964539007,0.0212765957446808,0.0070921985815602,0.0106382978723404,0.0035460992907801,0.0354609929078014,0.0177304964539007,0.0035460992907801,0.0106382978723404,0.0212765957446808,0.0106382978723404,0.0070921985815602,0.0177304964539007,0.0035460992907801,0.0070921985815602,0.0106382978723404,0.0106382978723404,0.0177304964539007,0.0106382978723404,0.0141843971631205,0.0035460992907801,0.0070921985815602,0.0141843971631205,0.0070921985815602,0.0035460992907801,0.0141843971631205,0.0106382978723404,0.0106382978723404,0.0035460992907801,0.0,0.0035460992907801,0.0035460992907801,0.0141843971631205,0.0141843971631205,0.0070921985815602,0.0070921985815602,0.0070921985815602,0.0070921985815602,0.0177304964539007,0.0070921985815602,0.0,0.0141843971631205,0.0070921985815602,0.0,0.0035460992907801,0.0070921985815602,0.0035460992907801,0.0,0.0106382978723404,0.0141843971631205,0.0,0.0070921985815602,0.0070921985815602,0.0035460992907801,0.0035460992907801,0.0106382978723404,0.0106382978723404,0.0106382978723404,0.0106382978723404,0.0141843971631205,0.0070921985815602,0.0106382978723404,0.0035460992907801,0.0141843971631205,0.0070921985815602,0.0035460992907801,0.0070921985815602,0.0106382978723404,0.0070921985815602,0.0,0.0070921985815602,0.0035460992907801,0.0035460992907801,0.0070921985815602,0.0035460992907801,0.0106382978723404,0.0070921985815602,0.0177304964539007,0.0177304964539007,0.0,0.0070921985815602,0.0,0.0,0.0035460992907801,0.0035460992907801,0.0106382978723404,0.0106382978723404,0.0,0.0521125121463293,0.0791514587528023,0.1566837824053703,0.0620326884416339,0.0930490326624509,0.0620326884416339,0.1381467395422662,0.0936887296270675,0.0624591530847116,0.1111925406345024,0.0783418912026851,0.0791514587528023,0.0650827675110904,0.0821959490167907,0.0976241512666356,0.0325413837555452,0.0483121266898683,0.0170735139878828,0.168978734124737,0.0871550336515132,0.0177971145795939,0.0528388736813461,0.1067826874775637,0.0564565806500421,0.0367267384221754,0.0918168460554385,0.0186219752942371,0.0401139254871437,0.0582759086311775,0.0599564020857991,0.0974710215644499,0.0608204700810874,0.0849966465534477,0.0203463570279133,0.042343689451278,0.0905103262771682,0.0450858842544062,0.0229709349523285,0.0905103262771682,0.077799312630411,0.0744442169010946,0.0263610970352624,0.0,0.0264700060361238,0.0263610970352624,0.1113668426946657,0.1108902052533147,0.0581754304188472,0.057153973526042,0.0600500191951839,0.0620479064368378,0.1522255606960271,0.0603275141020891,0.0,0.1316234804699316,0.0675288909330632,0.0,0.0346744623916472,0.0693489247832945,0.0366763988405818,0.0,0.1106757069598931,0.1484420267002868,0.0,0.0742210133501434,0.0769852345994131,0.0397489310850693,0.043604552696607,0.1308136580898212,0.1361819993993962,0.1385198565418137,0.1361819993993962,0.165631870389269,0.0885905015024671,0.1361819993993962,0.0483166560559829,0.1863137970922747,0.0975683237654652,0.0450188513429447,0.1063096819469755,0.1492940366716617,0.1205909683505117,0.0,0.1063096819469755,0.051365393870296,0.0559248050845007,0.1150510401284858,0.0567040907986398,0.1677744152535021,0.1167878260331609,0.296574835837173,0.3014774208762793,0.0,0.1300151750692634,0.0,0.0,0.0650075875346317,0.0718744802570041,0.199366831107608,0.230959246961714,0.0,0.648936170212766,0.351063829787234,0.8378283863920174,0.54593369098797
J07A3173,0.4406779661016949,0.2203389830508474,0.1525423728813559,0.0677966101694915,0.0,0.0169491525423728,0.0338983050847457,0.0169491525423728,0.0,0.0169491525423728,0.0,0.0169491525423728,0.0,0.0,0.0,0.0,0.0169491525423728,0.0,0.0,0.0,0.0,0.0,0.0,0.0,0.0,0.0,0.0,0.0,0.0,0.0,0.0,0.0,0.0,0.0,0.0,0.0,0.0,0.0,0.0,0.0,0.0,0.0,0.0,0.0,0.0,0.0,0.0,0.0,0.0,0.0,0.0,0.0,0.0,0.0,0.0,0.0,0.0,0.0,0.0,0.0,0.0,0.0,0.0,0.0,0.0,0.0,0.0,0.0,0.0,0.0,0.0,0.0,0.0,0.0,0.0,0.0,0.0,0.0,0.0,0.0,0.0,0.0,0.0,0.0,0.0,0.0,0.0,0.0,0.0,0.0,0.0,0.0,0.0,0.0,0.0,0.0,0.0,0.0,0.0,0.0,0.0,0.8655798217157586,0.394407615756931,0.2702586341233696,0.1188867964356577,0.0,0.0297216991089144,0.0588357300528173,0.0299260309558901,0.0,0.0304432233936873,0.0,0.0303390473659177,0.0,0.0,0.0,0.0,0.0308636952303851,0.0,0.0,0.0,0.0,0.0,0.0,0.0,0.0,0.0,0.0,0.0,0.0,0.0,0.0,0.0,0.0,0.0,0.0,0.0,0.0,0.0,0.0,0.0,0.0,0.0,0.0,0.0,0.0,0.0,0.0,0.0,0.0,0.0,0.0,0.0,0.0,0.0,0.0,0.0,0.0,0.0,0.0,0.0,0.0,0.0,0.0,0.0,0.0,0.0,0.0,0.0,0.0,0.0,0.0,0.0,0.0,0.0,0.0,0.0,0.0,0.0,0.0,0.0,0.0,0.0,0.0,0.0,0.0,0.0,0.0,0.0,0.0,0.0,0.0,0.0,0.0,0.0,0.0,0.0,0.0,0.0,0.0,0.0,0.0,1.0,0.0,1.0,0.0
J07A3174,0.5892857142857143,0.1928571428571428,0.0785714285714285,0.0321428571428571,0.0285714285714285,0.0142857142857142,0.0035714285714285,0.0071428571428571,0.0107142857142857,0.0071428571428571,0.0035714285714285,0.0035714285714285,0.0071428571428571,0.0,0.0,0.0071428571428571,0.0035714285714285,0.0,0.0,0.0,0.0,0.0,0.0,0.0,0.0,0.0,0.0,0.0,0.0,0.0,0.0035714285714285,0.0,0.0,0.0,0.0,0.0,0.0,0.0,0.0035714285714285,0.0,0.0,0.0,0.0,0.0,0.0,0.0,0.0,0.0035714285714285,0.0,0.0,0.0,0.0,0.0,0.0,0.0,0.0,0.0,0.0,0.0,0.0,0.0,0.0,0.0,0.0,0.0,0.0,0.0,0.0,0.0,0.0,0.0,0.0,0.0,0.0,0.0,0.0,0.0,0.0,0.0,0.0,0.0,0.0,0.0,0.0,0.0,0.0,0.0,0.0,0.0,0.0,0.0,0.0,0.0,0.0,0.0,0.0,0.0,0.0,0.0,0.0,0.0,0.9494882090006782,0.2831832461688747,0.1141909286720164,0.0462368244120285,0.0410993994773586,0.0205496997386793,0.0050849069145611,0.0103454877909304,0.0155182316863956,0.0105242822344261,0.0051904967578189,0.0052441341883124,0.0107800529375214,0.0,0.0,0.0107800529375214,0.0053348200878957,0.0,0.0,0.0,0.0,0.0,0.0,0.0,0.0,0.0,0.0,0.0,0.0,0.0,0.0064578862425296,0.0,0.0,0.0,0.0,0.0,0.0,0.0,0.0074958867452429,0.0,0.0,0.0,0.0,0.0,0.0,0.0,0.0,0.0096359488626755,0.0,0.0,0.0,0.0,0.0,0.0,0.0,0.0,0.0,0.0,0.0,0.0,0.0,0.0,0.0,0.0,0.0,0.0,0.0,0.0,0.0,0.0,0.0,0.0,0.0,0.0,0.0,0.0,0.0,0.0,0.0,0.0,0.0,0.0,0.0,0.0,0.0,0.0,0.0,0.0,0.0,0.0,0.0,0.0,0.0,0.0,0.0,0.0,0.0,0.0,0.0,0.0,0.0,1.0,0.0,1.0,0.0
J07A3175,0.2140077821011673,0.1828793774319066,0.11284046692607,0.0700389105058365,0.0778210116731517,0.0428015564202334,0.046692607003891,0.0311284046692607,0.0155642023346303,0.0272373540856031,0.0116731517509727,0.0155642023346303,0.0155642023346303,0.0077821011673151,0.0077821011673151,0.0077821011673151,0.0155642023346303,0.0077821011673151,0.0077821011673151,0.0116731517509727,0.0077821011673151,0.0077821011673151,0.0,0.0077821011673151,0.0,0.0,0.0116731517509727,0.0,0.0,0.0077821011673151,0.0038910505836575,0.0,0.0,0.0,0.0,0.0,0.0,0.0077821011673151,0.0038910505836575,0.0,0.0038910505836575,0.0,0.0,0.0,0.0,0.0,0.0,0.0,0.0,0.0,0.0,0.0,0.0,0.0038910505836575,0.0,0.0,0.0038910505836575,0.0,0.0,0.0,0.0,0.0,0.0,0.0,0.0,0.0,0.0,0.0,0.0,0.0,0.0,0.0,0.0,0.0,0.0,0.0,0.0,0.0,0.0,0.0,0.0,0.0,0.0,0.0,0.0,0.0,0.0,0.0,0.0,0.0,0.0,0.0,0.0,0.0,0.0,0.0,0.0,0.0,0.0,0.0,0.0,0.6791109705145607,0.5288640895554952,0.3229827641669789,0.1984222725609955,0.2204691917344395,0.1212580554539417,0.1309292493909923,0.088793952626834,0.044396976313417,0.0790374564650799,0.0334120100862391,0.0450097097494038,0.0462618838856586,0.0233704840448791,0.0231309419428293,0.0231309419428293,0.0457880548244984,0.0242722598264743,0.024022563502365,0.0371707246113949,0.0253009538366861,0.0250391507345256,0.0,0.0267535004886253,0.0,0.0,0.0397104037702515,0.0,0.0,0.0284119869469538,0.0138567957518485,0.0,0.0,0.0,0.0,0.0,0.0,0.0326562242556312,0.0160840509892803,0.0,0.017638717845705,0.0,0.0,0.0,0.0,0.0,0.0,0.0,0.0,0.0,0.0,0.0,0.0,0.023875465828437,0.0,0.0,0.0236300178598319,0.0,0.0,0.0,0.0,0.0,0.0,0.0,0.0,0.0,0.0,0.0,0.0,0.0,0.0,0.0,0.0,0.0,0.0,0.0,0.0,0.0,0.0,0.0,0.0,0.0,0.0,0.0,0.0,0.0,0.0,0.0,0.0,0.0,0.0,0.0,0.0,0.0,0.0,0.0,0.0,0.0,0.0,0.0,0.0,0.9922178988326849,0.0077821011673151,0.9999553807763536,0.0094465049842722
J07A3176,0.5018315018315018,0.1868131868131868,0.1172161172161172,0.0402930402930402,0.0402930402930402,0.0256410256410256,0.0109890109890109,0.0146520146520146,0.0146520146520146,0.0073260073260073,0.0036630036630036,0.0036630036630036,0.0109890109890109,0.0073260073260073,0.0036630036630036,0.0,0.0036630036630036,0.0,0.0,0.0,0.0,0.0,0.0036630036630036,0.0,0.0,0.0,0.0,0.0,0.0,0.0,0.0,0.0,0.0,0.0,0.0,0.0,0.0,0.0036630036630036,0.0,0.0,0.0,0.0,0.0,0.0,0.0,0.0,0.0,0.0,0.0,0.0,0.0,0.0,0.0,0.0,0.0,0.0,0.0,0.0,0.0,0.0,0.0,0.0,0.0,0.0,0.0,0.0,0.0,0.0,0.0,0.0,0.0,0.0,0.0,0.0,0.0,0.0,0.0,0.0,0.0,0.0,0.0,0.0,0.0,0.0,0.0,0.0,0.0,0.0,0.0,0.0,0.0,0.0,0.0,0.0,0.0,0.0,0.0,0.0,0.0,0.0,0.0,0.9226466263983246,0.3130063666669633,0.1943873958407079,0.0661374389503609,0.0661374389503609,0.0420874611502296,0.017853092740924,0.0242153174856457,0.0242153174856457,0.0123169076589403,0.0060746061200221,0.0061373797385679,0.0189243665694766,0.0127468971522941,0.0063081221898255,0.0,0.0062435123779494,0.0,0.0,0.0,0.0,0.0,0.0068999139211634,0.0,0.0,0.0,0.0,0.0,0.0,0.0,0.0,0.0,0.0,0.0,0.0,0.0,0.0,0.008905796113795,0.0,0.0,0.0,0.0,0.0,0.0,0.0,0.0,0.0,0.0,0.0,0.0,0.0,0.0,0.0,0.0,0.0,0.0,0.0,0.0,0.0,0.0,0.0,0.0,0.0,0.0,0.0,0.0,0.0,0.0,0.0,0.0,0.0,0.0,0.0,0.0,0.0,0.0,0.0,0.0,0.0,0.0,0.0,0.0,0.0,0.0,0.0,0.0,0.0,0.0,0.0,0.0,0.0,0.0,0.0,0.0,0.0,0.0,0.0,0.0,0.0,0.0,0.0,1.0,0.0,1.0,0.0
J07A3177,0.4584837545126354,0.1263537906137184,0.1191335740072202,0.0469314079422382,0.0433212996389891,0.0252707581227436,0.0361010830324909,0.0144404332129963,0.0180505415162454,0.0108303249097472,0.0144404332129963,0.003610108303249,0.003610108303249,0.003610108303249,0.003610108303249,0.0,0.0072202166064981,0.003610108303249,0.0072202166064981,0.003610108303249,0.0,0.0072202166064981,0.003610108303249,0.003610108303249,0.0,0.003610108303249,0.003610108303249,0.0,0.0,0.0072202166064981,0.003610108303249,0.0,0.0,0.0072202166064981,0.0,0.0,0.003610108303249,0.0,0.0,0.0,0.0,0.0,0.0,0.0,0.0,0.0,0.0,0.0,0.0,0.003610108303249,0.0,0.0,0.0,0.0,0.0,0.0,0.0,0.0,0.0,0.0,0.0,0.0,0.0,0.0,0.0,0.0,0.003610108303249,0.0,0.0,0.0,0.0,0.0,0.0,0.0,0.0,0.0,0.0,0.0,0.0,0.0,0.0,0.0,0.0,0.0,0.0,0.0,0.0,0.0,0.0,0.0,0.0,0.0,0.0,0.0,0.0,0.0,0.0,0.0,0.0,0.0,0.0,0.9338268371740364,0.2345302349435719,0.2188667868968138,0.0853386640478036,0.0787741514287418,0.0459515883334327,0.0649740600239763,0.0264385703022549,0.0330482128778186,0.0201716183923858,0.0265293075026441,0.0067008638555306,0.0068872824851368,0.0069586066070848,0.0068872824851368,0.0,0.013633481455303,0.0072271120817624,0.0143055290413037,0.0073784365320026,0.0,0.0149109106514412,0.0075334077032987,0.0079659062647265,0.0,0.0077730997603367,0.0078825661038951,0.0,0.0,0.0169194475997857,0.008251775212415,0.0,0.0,0.0172249722934182,0.0,0.0,0.0095422869317709,0.0,0.0,0.0,0.0,0.0,0.0,0.0,0.0,0.0,0.0,0.0,0.0,0.0127093994693648,0.0,0.0,0.0,0.0,0.0,0.0,0.0,0.0,0.0,0.0,0.0,0.0,0.0,0.0,0.0,0.0,0.0168254748428429,0.0,0.0,0.0,0.0,0.0,0.0,0.0,0.0,0.0,0.0,0.0,0.0,0.0,0.0,0.0,0.0,0.0,0.0,0.0,0.0,0.0,0.0,0.0,0.0,0.0,0.0,0.0,0.0,0.0,0.0,0.0,0.0,0.0,0.0,0.9963898916967509,0.003610108303249,0.9999904775855604,0.0043640277500335
J07A3178,0.07421875,0.0703125,0.109375,0.046875,0.078125,0.0390625,0.0625,0.04296875,0.02734375,0.04296875,0.03125,0.0390625,0.02734375,0.015625,0.05078125,0.0234375,0.0078125,0.01171875,0.01171875,0.03125,0.01953125,0.01171875,0.0078125,0.0078125,0.0,0.01171875,0.01171875,0.0078125,0.0078125,0.0078125,0.0078125,0.0078125,0.01171875,0.0,0.0,0.0,0.0,0.00390625,0.0,0.0,0.0,0.0,0.0,0.0078125,0.00390625,0.0,0.00390625,0.0,0.0,0.00390625,0.0,0.0,0.0,0.0,0.00390625,0.00390625,0.0,0.0,0.0,0.0,0.0,0.00390625,0.0,0.0,0.0,0.0,0.0,0.0,0.0,0.0,0.0,0.0,0.0,0.0,0.0,0.0,0.0,0.0,0.0,0.0,0.0,0.0,0.0,0.0,0.0,0.0,0.0,0.0,0.0,0.0,0.0,0.0,0.0,0.0,0.0,0.0,0.0,0.0,0.0,0.0,0.0,0.3582878483946037,0.3093279386293772,0.4762552780911855,0.2020224257986241,0.3367040429977069,0.1683520214988534,0.2666096323620152,0.1864603556896017,0.118656589984292,0.1896828306664467,0.1360729365974815,0.1718488547940984,0.1236407936741094,0.0713835470871823,0.2296186168233461,0.1059778231492366,0.0349641214246828,0.0556034697091063,0.0550314594351006,0.1513805856119955,0.0966000439958503,0.0573602816285927,0.0386400175983401,0.0408583698610899,0.0,0.0598041530531154,0.0606463578576564,0.0435464631030404,0.0421750414465095,0.0433912366593172,0.0423246360721521,0.0440165740306231,0.069202339737508,0.0,0.0,0.0,0.0,0.0249365515639825,0.0,0.0,0.0,0.0,0.0,0.0574700744038998,0.0286168088877172,0.0,0.0300947624354269,0.0,0.0,0.0325942414443834,0.0,0.0,0.0,0.0,0.0357216164098338,0.036653659816319,0.0,0.0,0.0,0.0,0.0,0.0400487322960246,0.0,0.0,0.0,0.0,0.0,0.0,0.0,0.0,0.0,0.0,0.0,0.0,0.0,0.0,0.0,0.0,0.0,0.0,0.0,0.0,0.0,0.0,0.0,0.0,0.0,0.0,0.0,0.0,0.0,0.0,0.0,0.0,0.0,0.0,0.0,0.0,0.0,0.0,0.0,0.98828125,0.01171875,0.9998980220031164,0.0142809521480641
J07A3179,0.0633484162895927,0.085972850678733,0.1085972850678733,0.0542986425339366,0.085972850678733,0.0633484162895927,0.0588235294117647,0.0497737556561085,0.0542986425339366,0.0542986425339366,0.0316742081447963,0.0271493212669683,0.0180995475113122,0.0226244343891402,0.0090497737556561,0.0135746606334841,0.0226244343891402,0.0135746606334841,0.0226244343891402,0.004524886877828,0.0090497737556561,0.0090497737556561,0.0090497737556561,0.0090497737556561,0.004524886877828,0.0090497737556561,0.004524886877828,0.004524886877828,0.004524886877828,0.0090497737556561,0.0090497737556561,0.0135746606334841,0.0090497737556561,0.0,0.004524886877828,0.0,0.004524886877828,0.004524886877828,0.004524886877828,0.0,0.004524886877828,0.0,0.0,0.004524886877828,0.0,0.0,0.0,0.0,0.0,0.0,0.0,0.0,0.0,0.0,0.0,0.0,0.0,0.004524886877828,0.0,0.0,0.0,0.0,0.0,0.0,0.0,0.0,0.0,0.0,0.0,0.0,0.0,0.0,0.0,0.0,0.0,0.0,0.0,0.0,0.0,0.0,0.0,0.0,0.0,0.0,0.0,0.0,0.0,0.0,0.0,0.0,0.0,0.0,0.0,0.0,0.0,0.0,0.0,0.0,0.0,0.0,0.0,0.296322241774678,0.366486498892446,0.4581954255279991,0.2267552330625417,0.3590291190156911,0.2645477719062987,0.2431402968295883,0.2092879602062873,0.2283141384068589,0.2322599455204138,0.1336403324456664,0.1157325785976145,0.079301512831782,0.1001534408407692,0.039650756415891,0.0594761346238365,0.0981116016098121,0.0624107827788506,0.1029479059123266,0.0212391890627334,0.0433705622601825,0.0429217828261954,0.0433705622601825,0.0458604986242576,0.0223752463949796,0.0447504927899592,0.0226903505985272,0.0244388422496769,0.0236691825544121,0.0487034542955299,0.0475062740133352,0.0741080238751138,0.0517830058176927,0.0,0.0257972944358375,0.0,0.0274679378694504,0.0279894350308582,0.0275710686375412,0.0,0.0302360581128644,0.0,0.0,0.0322529542551079,0.0,0.0,0.0,0.0,0.0,0.0,0.0,0.0,0.0,0.0,0.0,0.0,0.0,0.0422498524485424,0.0,0.0,0.0,0.0,0.0,0.0,0.0,0.0,0.0,0.0,0.0,0.0,0.0,0.0,0.0,0.0,0.0,0.0,0.0,0.0,0.0,0.0,0.0,0.0,0.0,0.0,0.0,0.0,0.0,0.0,0.0,0.0,0.0,0.0,0.0,0.0,0.0,0.0,0.0,0.0,0.0,0.0,0.0,0.995475113122172,0.004524886877828,0.9999850129442894,0.0054748412588229
J07A3180,0.1392405063291139,0.1518987341772152,0.1455696202531645,0.0696202531645569,0.0379746835443038,0.0379746835443038,0.0443037974683544,0.0443037974683544,0.0189873417721519,0.0189873417721519,0.050632911392405,0.0379746835443038,0.0379746835443038,0.0253164556962025,0.0126582278481012,0.0063291139240506,0.0063291139240506,0.0126582278481012,0.0126582278481012,0.0063291139240506,0.0,0.0063291139240506,0.0,0.0063291139240506,0.0063291139240506,0.0,0.0126582278481012,0.0,0.0063291139240506,0.0,0.0,0.0126582278481012,0.0063291139240506,0.0063291139240506,0.0063291139240506,0.0063291139240506,0.0,0.0,0.0,0.0,0.0,0.0,0.0,0.0,0.0,0.0,0.0,0.0,0.0,0.0,0.0,0.0,0.0,0.0,0.0,0.0,0.0063291139240506,0.0,0.0,0.0,0.0,0.0,0.0,0.0,0.0,0.0,0.0,0.0,0.0,0.0,0.0,0.0,0.0,0.0,0.0,0.0,0.0,0.0,0.0,0.0,0.0,0.0,0.0,0.0,0.0,0.0,0.0,0.0,0.0,0.0,0.0,0.0,0.0,0.0,0.0,0.0,0.0,0.0,0.0,0.0,0.0,0.5177763313141673,0.5147530388863485,0.488259432030018,0.2311277310380515,0.1260696714753008,0.1260696714753008,0.1455777251078159,0.1480924432875614,0.0634681899803834,0.064565070082757,0.1698293676626149,0.1286882597215871,0.1322683785750561,0.0890920925679136,0.0440894595250187,0.0220447297625093,0.0218189405656682,0.0462649043798161,0.0457889628464981,0.0236168096442747,0.0,0.0238633304596776,0.0,0.0254971755984083,0.0248800428911466,0.0,0.0504608428565217,0.0,0.0263188287072576,0.0,0.0,0.054936030052825,0.0287899266679307,0.0275667405972218,0.028685172029354,0.030657511347481,0.0,0.0,0.0,0.0,0.0,0.0,0.0,0.0,0.0,0.0,0.0,0.0,0.0,0.0,0.0,0.0,0.0,0.0,0.0,0.0,0.0450407388761573,0.0,0.0,0.0,0.0,0.0,0.0,0.0,0.0,0.0,0.0,0.0,0.0,0.0,0.0,0.0,0.0,0.0,0.0,0.0,0.0,0.0,0.0,0.0,0.0,0.0,0.0,0.0,0.0,0.0,0.0,0.0,0.0,0.0,0.0,0.0,0.0,0.0,0.0,0.0,0.0,0.0,0.0,0.0,0.0,0.9936708860759492,0.0063291139240506,0.9999705725269132,0.0076716412974646
J07A3181,0.7583892617449665,0.1342281879194631,0.0402684563758389,0.0268456375838926,0.0067114093959731,0.0067114093959731,0.0067114093959731,0.0067114093959731,0.0067114093959731,0.0,0.0,0.0,0.0,0.0,0.0,0.0,0.0,0.0,0.0,0.0,0.0,0.0,0.0,0.0,0.0,0.0,0.0067114093959731,0.0,0.0,0.0,0.0,0.0,0.0,0.0,0.0,0.0,0.0,0.0,0.0,0.0,0.0,0.0,0.0,0.0,0.0,0.0,0.0,0.0,0.0,0.0,0.0,0.0,0.0,0.0,0.0,0.0,0.0,0.0,0.0,0.0,0.0,0.0,0.0,0.0,0.0,0.0,0.0,0.0,0.0,0.0,0.0,0.0,0.0,0.0,0.0,0.0,0.0,0.0,0.0,0.0,0.0,0.0,0.0,0.0,0.0,0.0,0.0,0.0,0.0,0.0,0.0,0.0,0.0,0.0,0.0,0.0,0.0,0.0,0.0,0.0,0.0,0.9854675455830436,0.1589505528198342,0.0471974380958983,0.0311432356271929,0.0077858089067982,0.0077858089067982,0.0077062174239192,0.0078393350766277,0.0078393350766277,0.0,0.0,0.0,0.0,0.0,0.0,0.0,0.0,0.0,0.0,0.0,0.0,0.0,0.0,0.0,0.0,0.0,0.0093490799609283,0.0,0.0,0.0,0.0,0.0,0.0,0.0,0.0,0.0,0.0,0.0,0.0,0.0,0.0,0.0,0.0,0.0,0.0,0.0,0.0,0.0,0.0,0.0,0.0,0.0,0.0,0.0,0.0,0.0,0.0,0.0,0.0,0.0,0.0,0.0,0.0,0.0,0.0,0.0,0.0,0.0,0.0,0.0,0.0,0.0,0.0,0.0,0.0,0.0,0.0,0.0,0.0,0.0,0.0,0.0,0.0,0.0,0.0,0.0,0.0,0.0,0.0,0.0,0.0,0.0,0.0,0.0,0.0,0.0,0.0,0.0,0.0,0.0,0.0,1.0,0.0,1.0,0.0
J07A3182,0.0,0.0242424242424242,0.0303030303030303,0.0303030303030303,0.0303030303030303,0.0484848484848484,0.0484848484848484,0.0424242424242424,0.0242424242424242,0.0666666666666666,0.0181818181818181,0.0484848484848484,0.0303030303030303,0.0363636363636363,0.0363636363636363,0.0363636363636363,0.0363636363636363,0.0303030303030303,0.0121212121212121,0.0484848484848484,0.0303030303030303,0.0121212121212121,0.006060606060606,0.0181818181818181,0.0121212121212121,0.0121212121212121,0.0363636363636363,0.0,0.0181818181818181,0.0242424242424242,0.0,0.0242424242424242,0.0242424242424242,0.006060606060606,0.0242424242424242,0.0181818181818181,0.006060606060606,0.0121212121212121,0.006060606060606,0.0,0.006060606060606,0.0,0.0121212121212121,0.0121212121212121,0.0,0.0,0.0,0.0,0.0,0.0,0.0,0.0,0.0,0.0,0.0,0.0,0.0,0.0,0.0,0.0,0.0,0.0,0.0,0.0,0.0,0.0,0.0,0.0,0.0,0.0,0.0,0.0,0.0,0.0,0.0,0.0,0.0,0.0,0.0,0.0,0.0,0.0,0.0,0.0,0.0,0.0,0.0,0.0,0.0,0.0,0.0,0.0,0.0,0.0,0.0,0.0,0.0,0.0,0.0,0.0,0.0,0.0,0.12356934936088,0.1528818400215827,0.151318652844149,0.151318652844149,0.2421098445506384,0.2396348439722699,0.213302521557496,0.121887155175712,0.340982545366193,0.0917291040129496,0.24713869872176,0.15875882458993,0.1924835012547124,0.190510589507916,0.190510589507916,0.1885593189113548,0.1665922403729443,0.0659513815684402,0.2721286751133136,0.17365266412601,0.0687423132039928,0.034730532825202,0.1101733159437629,0.0716711233514501,0.0716711233514501,0.2180413419267969,0.0,0.1137236796775043,0.1560041493549692,0.0,0.158252419562993,0.1658683945621907,0.039705302647287,0.1652648680605755,0.1324711308003216,0.0439918722792939,0.0896541747618088,0.0441570436001072,0.0,0.0484252153566216,0.0,0.0980093539384109,0.1033108383282509,0.0,0.0,0.0,0.0,0.0,0.0,0.0,0.0,0.0,0.0,0.0,0.0,0.0,0.0,0.0,0.0,0.0,0.0,0.0,0.0,0.0,0.0,0.0,0.0,0.0,0.0,0.0,0.0,0.0,0.0,0.0,0.0,0.0,0.0,0.0,0.0,0.0,0.0,0.0,0.0,0.0,0.0,0.0,0.0,0.0,0.0,0.0,0.0,0.0,0.0,0.0,0.0,0.0,0.0,0.0,0.0,0.0,1.0,0.0,1.0,0.0
J07A3183,0.0387931034482758,0.0991379310344827,0.0689655172413793,0.0517241379310344,0.0732758620689655,0.0344827586206896,0.043103448275862,0.0517241379310344,0.0732758620689655,0.0387931034482758,0.0258620689655172,0.0387931034482758,0.043103448275862,0.0129310344827586,0.0344827586206896,0.0129310344827586,0.021551724137931,0.0258620689655172,0.021551724137931,0.0258620689655172,0.0086206896551724,0.0,0.0301724137931034,0.0086206896551724,0.0129310344827586,0.0043103448275862,0.0129310344827586,0.0,0.0086206896551724,0.0043103448275862,0.0086206896551724,0.0086206896551724,0.0086206896551724,0.0086206896551724,0.0129310344827586,0.0043103448275862,0.0086206896551724,0.0,0.0,0.0043103448275862,0.0,0.0,0.0,0.0,0.0086206896551724,0.0,0.0,0.0,0.0,0.0,0.0,0.0,0.0,0.0,0.0,0.0,0.0,0.0,0.0,0.0,0.0,0.0,0.0,0.0,0.0,0.0,0.0,0.0,0.0,0.0,0.0,0.0,0.0,0.0,0.0,0.0,0.0,0.0,0.0,0.0,0.0,0.0,0.0,0.0,0.0,0.0,0.0,0.0,0.0,0.0,0.0,0.0,0.0,0.0,0.0,0.0,0.0,0.0,0.0,0.0,0.0,0.1947166497928359,0.4534783727428798,0.3122366324225639,0.2317830550383195,0.3283593279709527,0.154522036692213,0.1911780178834853,0.2333765258409172,0.3306167449412993,0.1780573672171013,0.1170887371584614,0.1774480588993877,0.2026496441235528,0.0614244800717003,0.1621197152988422,0.0607948932370658,0.1002870207169712,0.1275892221267953,0.1052305599296808,0.1302607413555663,0.044332213566256,0.0,0.155162747481896,0.0468773590498759,0.0686141117444435,0.0228713705814811,0.0695803846806919,0.0,0.0483879941258794,0.024891675651921,0.0485596260583823,0.0505008093077143,0.0529311854257471,0.0506823193738929,0.0791078860933579,0.0281823992909478,0.0561539636285085,0.0,0.0,0.0322993907000512,0.0,0.0,0.0,0.0,0.0656649019357335,0.0,0.0,0.0,0.0,0.0,0.0,0.0,0.0,0.0,0.0,0.0,0.0,0.0,0.0,0.0,0.0,0.0,0.0,0.0,0.0,0.0,0.0,0.0,0.0,0.0,0.0,0.0,0.0,0.0,0.0,0.0,0.0,0.0,0.0,0.0,0.0,0.0,0.0,0.0,0.0,0.0,0.0,0.0,0.0,0.0,0.0,0.0,0.0,0.0,0.0,0.0,0.0,0.0,0.0,0.0,0.0,1.0,0.0,1.0,0.0
J07A3184,0.072289156626506,0.1526104417670682,0.1405622489959839,0.0763052208835341,0.0642570281124498,0.0602409638554216,0.0562248995983935,0.0441767068273092,0.0401606425702811,0.0321285140562249,0.0120481927710843,0.0401606425702811,0.0321285140562249,0.036144578313253,0.0040160642570281,0.0120481927710843,0.0080321285140562,0.0080321285140562,0.0160642570281124,0.0040160642570281,0.0,0.0040160642570281,0.0080321285140562,0.0160642570281124,0.0040160642570281,0.0040160642570281,0.0040160642570281,0.0,0.0,0.0040160642570281,0.0080321285140562,0.0,0.0,0.0,0.0160642570281124,0.0080321285140562,0.0080321285140562,0.0,0.0,0.0,0.0,0.0,0.0,0.0,0.0,0.0,0.0,0.0,0.0,0.0,0.0,0.0,0.0,0.0,0.0,0.0,0.0,0.0040160642570281,0.0,0.0,0.0,0.0,0.0,0.0,0.0,0.0,0.0,0.0,0.0,0.0,0.0,0.0,0.0,0.0,0.0,0.0,0.0,0.0,0.0,0.0,0.0,0.0,0.0,0.0,0.0,0.0,0.0,0.0,0.0,0.0,0.0,0.0,0.0,0.0,0.0,0.0,0.0,0.0,0.0,0.0,0.0,0.288140471844209,0.554349319609137,0.5053625958083081,0.2715346246692507,0.2286607365635796,0.2143694405283558,0.198032818644204,0.1582850100799864,0.1438954637090785,0.1171058535223896,0.0433167939264264,0.1458813998971413,0.1199518667539644,0.1363433380464016,0.0149939833442455,0.0449819500327366,0.0296808203099037,0.0314676212032237,0.0622878078948627,0.0160632520455159,0.0,0.0162309260900599,0.032801265193474,0.0693688206417499,0.0169224550599119,0.0169224550599119,0.0171607691606638,0.0,0.0,0.0184172724185844,0.035929114382173,0.0,0.0,0.0,0.0780422343605076,0.0417041369499486,0.0415481408319616,0.0,0.0,0.0,0.0,0.0,0.0,0.0,0.0,0.0,0.0,0.0,0.0,0.0,0.0,0.0,0.0,0.0,0.0,0.0,0.0,0.0319536695474686,0.0,0.0,0.0,0.0,0.0,0.0,0.0,0.0,0.0,0.0,0.0,0.0,0.0,0.0,0.0,0.0,0.0,0.0,0.0,0.0,0.0,0.0,0.0,0.0,0.0,0.0,0.0,0.0,0.0,0.0,0.0,0.0,0.0,0.0,0.0,0.0,0.0,0.0,0.0,0.0,0.0,0.0,0.0,0.9959839357429718,0.0040160642570281,0.9999882060195968,0.0048567295280096
J07A3185,0.366412213740458,0.1221374045801526,0.0648854961832061,0.0801526717557251,0.0839694656488549,0.015267175572519,0.0534351145038167,0.049618320610687,0.0267175572519083,0.0458015267175572,0.0114503816793893,0.015267175572519,0.0267175572519083,0.0038167938931297,0.0038167938931297,0.0114503816793893,0.0038167938931297,0.0,0.0,0.0,0.0,0.0038167938931297,0.0,0.0076335877862595,0.0,0.0,0.0038167938931297,0.0,0.0,0.0,0.0,0.0,0.0,0.0,0.0,0.0,0.0,0.0,0.0,0.0,0.0,0.0,0.0,0.0,0.0,0.0,0.0,0.0,0.0,0.0,0.0,0.0,0.0,0.0,0.0,0.0,0.0,0.0,0.0,0.0,0.0,0.0,0.0,0.0,0.0,0.0,0.0,0.0,0.0,0.0,0.0,0.0,0.0,0.0,0.0,0.0,0.0,0.0,0.0,0.0,0.0,0.0,0.0,0.0,0.0,0.0,0.0,0.0,0.0,0.0,0.0,0.0,0.0,0.0,0.0,0.0,0.0,0.0,0.0,0.0,0.0,0.892023212284211,0.2709711567747907,0.1424810596905937,0.174206387528941,0.1825019297922239,0.0331821690531316,0.1149503594727205,0.1085834459713552,0.0584680093691912,0.1019630992296066,0.0251437164159871,0.0338713945968488,0.060923974672701,0.0087935568948425,0.008703424953243,0.026110274859729,0.0086142816817613,0.0,0.0,0.0,0.0,0.0094214221733603,0.0,0.0201329530215248,0.0,0.0,0.0099611599600106,0.0,0.0,0.0,0.0,0.0,0.0,0.0,0.0,0.0,0.0,0.0,0.0,0.0,0.0,0.0,0.0,0.0,0.0,0.0,0.0,0.0,0.0,0.0,0.0,0.0,0.0,0.0,0.0,0.0,0.0,0.0,0.0,0.0,0.0,0.0,0.0,0.0,0.0,0.0,0.0,0.0,0.0,0.0,0.0,0.0,0.0,0.0,0.0,0.0,0.0,0.0,0.0,0.0,0.0,0.0,0.0,0.0,0.0,0.0,0.0,0.0,0.0,0.0,0.0,0.0,0.0,0.0,0.0,0.0,0.0,0.0,0.0,0.0,0.0,1.0,0.0,1.0,0.0
J07A3186,0.8214285714285714,0.1071428571428571,0.0,0.0,0.0238095238095238,0.0,0.0357142857142857,0.0,0.0,0.0,0.0119047619047619,0.0,0.0,0.0,0.0,0.0,0.0,0.0,0.0,0.0,0.0,0.0,0.0,0.0,0.0,0.0,0.0,0.0,0.0,0.0,0.0,0.0,0.0,0.0,0.0,0.0,0.0,0.0,0.0,0.0,0.0,0.0,0.0,0.0,0.0,0.0,0.0,0.0,0.0,0.0,0.0,0.0,0.0,0.0,0.0,0.0,0.0,0.0,0.0,0.0,0.0,0.0,0.0,0.0,0.0,0.0,0.0,0.0,0.0,0.0,0.0,0.0,0.0,0.0,0.0,0.0,0.0,0.0,0.0,0.0,0.0,0.0,0.0,0.0,0.0,0.0,0.0,0.0,0.0,0.0,0.0,0.0,0.0,0.0,0.0,0.0,0.0,0.0,0.0,0.0,0.0,0.9918770795879974,0.1179015291061508,0.0,0.0,0.0256672072374406,0.0,0.0381072311183625,0.0,0.0,0.0,0.0129661802987262,0.0,0.0,0.0,0.0,0.0,0.0,0.0,0.0,0.0,0.0,0.0,0.0,0.0,0.0,0.0,0.0,0.0,0.0,0.0,0.0,0.0,0.0,0.0,0.0,0.0,0.0,0.0,0.0,0.0,0.0,0.0,0.0,0.0,0.0,0.0,0.0,0.0,0.0,0.0,0.0,0.0,0.0,0.0,0.0,0.0,0.0,0.0,0.0,0.0,0.0,0.0,0.0,0.0,0.0,0.0,0.0,0.0,0.0,0.0,0.0,0.0,0.0,0.0,0.0,0.0,0.0,0.0,0.0,0.0,0.0,0.0,0.0,0.0,0.0,0.0,0.0,0.0,0.0,0.0,0.0,0.0,0.0,0.0,0.0,0.0,0.0,0.0,0.0,0.0,0.0,1.0,0.0,1.0,0.0
J07A3187,0.1153846153846153,0.1666666666666666,0.1367521367521367,0.0598290598290598,0.0683760683760683,0.0555555555555555,0.0512820512820512,0.047008547008547,0.0256410256410256,0.0128205128205128,0.0341880341880341,0.0256410256410256,0.0085470085470085,0.0256410256410256,0.0128205128205128,0.0213675213675213,0.0042735042735042,0.0085470085470085,0.0085470085470085,0.0085470085470085,0.0213675213675213,0.0042735042735042,0.017094017094017,0.0128205128205128,0.0,0.0085470085470085,0.0042735042735042,0.0042735042735042,0.0,0.0,0.0,0.0085470085470085,0.0042735042735042,0.0042735042735042,0.0,0.0042735042735042,0.0,0.0,0.0,0.0,0.0,0.0,0.0,0.0,0.0,0.0042735042735042,0.0,0.0,0.0,0.0,0.0,0.0,0.0,0.0,0.0,0.0,0.0,0.0,0.0,0.0,0.0,0.0,0.0,0.0,0.0,0.0,0.0,0.0,0.0,0.0,0.0042735042735042,0.0,0.0,0.0,0.0,0.0,0.0,0.0,0.0,0.0,0.0,0.0,0.0,0.0,0.0,0.0,0.0,0.0,0.0,0.0,0.0,0.0,0.0,0.0,0.0,0.0,0.0,0.0,0.0,0.0,0.0,0.4375144867017226,0.5759190508911637,0.4677156956331958,0.2025333595748745,0.2314666966569995,0.188066691033812,0.1718253728213502,0.1602273698761883,0.0873967472051936,0.0444535846228825,0.1169289239082989,0.0886029309063328,0.0303559574466566,0.0920109636167296,0.0455339361699849,0.0758898936166415,0.015022520994314,0.0318537692173431,0.0315260795362233,0.0325207374420446,0.0830094468185246,0.0164301003408404,0.0664075574548197,0.0526650486860252,0.0,0.0342602305136475,0.0173713537768112,0.0187099698072702,0.0,0.0,0.0,0.0378239109423761,0.0198221025668991,0.018979928843025,0.0,0.0211079500613164,0.0,0.0,0.0,0.0,0.0,0.0,0.0,0.0,0.0,0.0259719067511357,0.0,0.0,0.0,0.0,0.0,0.0,0.0,0.0,0.0,0.0,0.0,0.0,0.0,0.0,0.0,0.0,0.0,0.0,0.0,0.0,0.0,0.0,0.0,0.0,0.0430723628952803,0.0,0.0,0.0,0.0,0.0,0.0,0.0,0.0,0.0,0.0,0.0,0.0,0.0,0.0,0.0,0.0,0.0,0.0,0.0,0.0,0.0,0.0,0.0,0.0,0.0,0.0,0.0,0.0,0.0,0.0,0.9957264957264956,0.0042735042735042,0.9999866386327751,0.0051693864165468
J07A3188,0.0603448275862069,0.1508620689655172,0.1336206896551724,0.0560344827586206,0.0991379310344827,0.0603448275862069,0.0603448275862069,0.0474137931034482,0.0301724137931034,0.0387931034482758,0.0301724137931034,0.0258620689655172,0.0344827586206896,0.0172413793103448,0.021551724137931,0.0172413793103448,0.0086206896551724,0.0086206896551724,0.0172413793103448,0.0129310344827586,0.0172413793103448,0.0129310344827586,0.0,0.0086206896551724,0.0043103448275862,0.0,0.0,0.0,0.0,0.0,0.0043103448275862,0.0043103448275862,0.0,0.0043103448275862,0.0,0.0043103448275862,0.0,0.0043103448275862,0.0,0.0,0.0,0.0,0.0043103448275862,0.0,0.0,0.0,0.0,0.0,0.0,0.0,0.0,0.0,0.0,0.0,0.0,0.0,0.0,0.0,0.0,0.0,0.0,0.0,0.0,0.0,0.0,0.0,0.0,0.0,0.0,0.0,0.0,0.0,0.0,0.0,0.0,0.0,0.0,0.0,0.0,0.0,0.0,0.0,0.0,0.0,0.0,0.0,0.0,0.0,0.0,0.0,0.0,0.0,0.0,0.0,0.0,0.0,0.0,0.0,0.0,0.0,0.0,0.2431560172770289,0.553978862637332,0.4856484107609967,0.2015766370573339,0.3566355886398985,0.2170825322155904,0.2148633767170418,0.1717374523188522,0.1092874696574514,0.1429408479114449,0.1096625443653863,0.0949678050235426,0.1301464237630988,0.0657471046265904,0.0813415148519367,0.0650732118815494,0.0322033555810539,0.0341420144159288,0.0675815696823356,0.0522853423869725,0.0711780062346477,0.0528311157337116,0.0,0.0376321943605317,0.0183606730511053,0.0,0.0,0.0,0.0,0.0,0.0194913421206118,0.0202705134178957,0.0,0.0203433697202479,0.0,0.0226242593260139,0.0,0.0229675622969697,0.0,0.0,0.0,0.0,0.0251079879798872,0.0,0.0,0.0,0.0,0.0,0.0,0.0,0.0,0.0,0.0,0.0,0.0,0.0,0.0,0.0,0.0,0.0,0.0,0.0,0.0,0.0,0.0,0.0,0.0,0.0,0.0,0.0,0.0,0.0,0.0,0.0,0.0,0.0,0.0,0.0,0.0,0.0,0.0,0.0,0.0,0.0,0.0,0.0,0.0,0.0,0.0,0.0,0.0,0.0,0.0,0.0,0.0,0.0,0.0,0.0,0.0,0.0,0.0,1.0,0.0,1.0,0.0
J07A3189,0.0,0.0434782608695652,0.0652173913043478,0.0652173913043478,0.0760869565217391,0.0978260869565217,0.1304347826086956,0.0326086956521739,0.0978260869565217,0.0434782608695652,0.0326086956521739,0.0326086956521739,0.0543478260869565,0.0108695652173913,0.0326086956521739,0.0108695652173913,0.0217391304347826,0.0217391304347826,0.0217391304347826,0.0108695652173913,0.0217391304347826,0.0108695652173913,0.0,0.0,0.0217391304347826,0.0,0.0,0.0108695652173913,0.0,0.0108695652173913,0.0108695652173913,0.0,0.0,0.0,0.0,0.0,0.0,0.0,0.0,0.0,0.0,0.0,0.0,0.0,0.0108695652173913,0.0,0.0,0.0,0.0,0.0,0.0,0.0,0.0,0.0,0.0,0.0,0.0,0.0,0.0,0.0,0.0,0.0,0.0,0.0,0.0,0.0,0.0,0.0,0.0,0.0,0.0,0.0,0.0,0.0,0.0,0.0,0.0,0.0,0.0,0.0,0.0,0.0,0.0,0.0,0.0,0.0,0.0,0.0,0.0,0.0,0.0,0.0,0.0,0.0,0.0,0.0,0.0,0.0,0.0,0.0,0.0,0.0,0.1722535080098041,0.2557375277048921,0.2531226610599037,0.2953097712365543,0.3796839915898556,0.5010701609553847,0.1274314190914476,0.3822942572743429,0.1728449796541641,0.127868763852446,0.129190131007353,0.2213070199411936,0.0447197713896711,0.1327842119647161,0.0442614039882387,0.0876161289683672,0.0928906657188789,0.0919350704039028,0.0474178256590064,0.0968275085226699,0.0479127901026447,0.0,0.0,0.099908290236568,0.0,0.0,0.0545612526768479,0.0,0.0543667627317502,0.0530303725867255,0.0,0.0,0.0,0.0,0.0,0.0,0.0,0.0,0.0,0.0,0.0,0.0,0.0,0.0717104825176395,0.0,0.0,0.0,0.0,0.0,0.0,0.0,0.0,0.0,0.0,0.0,0.0,0.0,0.0,0.0,0.0,0.0,0.0,0.0,0.0,0.0,0.0,0.0,0.0,0.0,0.0,0.0,0.0,0.0,0.0,0.0,0.0,0.0,0.0,0.0,0.0,0.0,0.0,0.0,0.0,0.0,0.0,0.0,0.0,0.0,0.0,0.0,0.0,0.0,0.0,0.0,0.0,0.0,0.0,0.0,0.0,1.0,0.0,1.0,0.0
J07A3190,0.0349344978165938,0.1528384279475982,0.131004366812227,0.0655021834061135,0.1135371179039301,0.0611353711790393,0.074235807860262,0.0349344978165938,0.0698689956331877,0.0174672489082969,0.0262008733624454,0.0131004366812227,0.0349344978165938,0.0,0.0262008733624454,0.0087336244541484,0.0087336244541484,0.0218340611353711,0.0043668122270742,0.0131004366812227,0.0174672489082969,0.0131004366812227,0.0043668122270742,0.0043668122270742,0.0,0.0043668122270742,0.0043668122270742,0.0,0.0043668122270742,0.0,0.0087336244541484,0.0087336244541484,0.0,0.0043668122270742,0.0,0.0,0.0043668122270742,0.0,0.0,0.0,0.0,0.0,0.0,0.0,0.0,0.0,0.0,0.0,0.0,0.0,0.0043668122270742,0.0,0.0,0.0,0.0,0.0,0.0,0.0,0.0,0.0,0.0,0.0,0.0,0.0,0.0,0.0,0.0,0.0,0.0,0.0,0.0,0.0,0.0,0.0,0.0,0.0,0.0043668122270742,0.0,0.0,0.0,0.0,0.0,0.0,0.0,0.0,0.0,0.0,0.0,0.0,0.0,0.0,0.0,0.0,0.0,0.0,0.0,0.0,0.0,0.0,0.0,0.0,0.1370605635733253,0.5464604493418069,0.4636038921200258,0.2294318160973303,0.3976818145687059,0.2141363616908416,0.2573646074936598,0.123204865341147,0.246409730682294,0.0626670680836055,0.0927207784240051,0.0468394670864405,0.1283801206263199,0.0,0.0962850904697399,0.0320950301565799,0.0317663025577518,0.0841966264305696,0.016666093883085,0.0515757434475981,0.0702120024671468,0.0521141097435213,0.0175530006167867,0.0185607314889892,0.0,0.0181114882216968,0.0183665471368218,0.0,0.0191588558840456,0.0,0.0384536244678974,0.0399908177651323,0.0,0.020067276403885,0.0,0.0,0.0222337320633247,0.0,0.0,0.0,0.0,0.0,0.0,0.0,0.0,0.0,0.0,0.0,0.0,0.0,0.0305984134418318,0.0,0.0,0.0,0.0,0.0,0.0,0.0,0.0,0.0,0.0,0.0,0.0,0.0,0.0,0.0,0.0,0.0,0.0,0.0,0.0,0.0,0.0,0.0,0.0,0.0,0.0459395563905952,0.0,0.0,0.0,0.0,0.0,0.0,0.0,0.0,0.0,0.0,0.0,0.0,0.0,0.0,0.0,0.0,0.0,0.0,0.0,0.0,0.0,0.0,0.0,0.0,0.9912663755458516,0.0087336244541484,0.9999436955081562,0.0106115886412891
J07A3191,0.53125,0.11328125,0.046875,0.03125,0.0390625,0.015625,0.02734375,0.015625,0.015625,0.01171875,0.015625,0.0078125,0.01171875,0.0078125,0.00390625,0.0,0.0078125,0.00390625,0.0,0.0078125,0.0,0.0078125,0.00390625,0.0,0.01171875,0.00390625,0.00390625,0.0,0.01171875,0.01171875,0.0,0.0,0.0078125,0.0,0.0,0.0,0.0,0.00390625,0.0,0.0,0.0,0.00390625,0.00390625,0.0,0.0,0.0,0.0,0.00390625,0.0,0.0,0.0,0.0,0.0,0.0,0.0,0.0,0.00390625,0.0,0.0,0.0,0.0,0.00390625,0.0,0.0,0.0,0.0,0.0,0.0,0.0,0.0,0.0,0.0,0.0,0.0,0.0,0.0,0.0,0.0,0.0,0.0,0.0,0.0,0.0,0.0,0.0,0.0,0.0,0.0,0.0,0.0,0.0,0.0,0.0,0.0,0.0,0.0,0.0,0.0,0.0,0.0,0.0,0.9707453639685144,0.1886394749546694,0.0772593331367206,0.0509795809549626,0.0637244761937033,0.0254897904774813,0.0441511308917021,0.0256650286409591,0.0256650286409591,0.0195814356773643,0.0257531110455735,0.0130096189623909,0.0200573215819093,0.0135100223522122,0.0066857738606364,0.0,0.013234592038303,0.0070156606975845,0.0,0.0143251153715522,0.0,0.014474646115769,0.0073129946989869,0.0,0.0226370214838424,0.0075456738279474,0.0076519373970636,0.0,0.0239460958119073,0.0246366257104685,0.0,0.0,0.0174629438636566,0.0,0.0,0.0,0.0,0.0094389640964476,0.0,0.0,0.0,0.0108320122352526,0.01031861344325,0.0,0.0,0.0,0.0,0.0119524042046713,0.0,0.0,0.0,0.0,0.0,0.0,0.0,0.0,0.0136600538036119,0.0,0.0,0.0,0.0,0.0151592149893097,0.0,0.0,0.0,0.0,0.0,0.0,0.0,0.0,0.0,0.0,0.0,0.0,0.0,0.0,0.0,0.0,0.0,0.0,0.0,0.0,0.0,0.0,0.0,0.0,0.0,0.0,0.0,0.0,0.0,0.0,0.0,0.0,0.0,0.0,0.0,0.0,0.0,0.0,0.0,0.9921875,0.0078125,0.9999550287760306,0.0094836926103642
J07A3192,0.4492753623188406,0.251207729468599,0.1062801932367149,0.0483091787439613,0.038647342995169,0.0144927536231884,0.0144927536231884,0.0096618357487922,0.0,0.0,0.0144927536231884,0.0096618357487922,0.0048309178743961,0.0048309178743961,0.0048309178743961,0.0,0.0,0.0,0.0,0.0048309178743961,0.0048309178743961,0.0,0.0,0.0,0.0,0.0048309178743961,0.0,0.0,0.0,0.0,0.0,0.0,0.0,0.0,0.0048309178743961,0.0,0.0048309178743961,0.0,0.0,0.0048309178743961,0.0,0.0,0.0,0.0,0.0,0.0,0.0,0.0,0.0,0.0,0.0,0.0,0.0,0.0,0.0,0.0,0.0,0.0,0.0,0.0,0.0,0.0,0.0,0.0,0.0,0.0,0.0,0.0,0.0,0.0,0.0,0.0,0.0,0.0,0.0,0.0,0.0,0.0,0.0,0.0,0.0,0.0,0.0,0.0,0.0,0.0,0.0,0.0,0.0,0.0,0.0,0.0,0.0,0.0,0.0,0.0,0.0,0.0,0.0,0.0,0.0,0.8688004773460603,0.4426990706132454,0.1853800843889317,0.0834020949830741,0.0667216759864592,0.0250206284949222,0.0247648517415604,0.0167950941640545,0.0,0.0,0.0252791024166725,0.0170268873312786,0.0087502884270903,0.0088409056829092,0.0087502884270903,0.0,0.0,0.0,0.0,0.0093742993605002,0.0095711901442964,0.0,0.0,0.0,0.0,0.0098757187645891,0.0,0.0,0.0,0.0,0.0,0.0,0.0,0.0,0.0113861014193253,0.0,0.0121234700460221,0.0,0.0,0.0139466805316673,0.0,0.0,0.0,0.0,0.0,0.0,0.0,0.0,0.0,0.0,0.0,0.0,0.0,0.0,0.0,0.0,0.0,0.0,0.0,0.0,0.0,0.0,0.0,0.0,0.0,0.0,0.0,0.0,0.0,0.0,0.0,0.0,0.0,0.0,0.0,0.0,0.0,0.0,0.0,0.0,0.0,0.0,0.0,0.0,0.0,0.0,0.0,0.0,0.0,0.0,0.0,0.0,0.0,0.0,0.0,0.0,0.0,0.0,0.0,0.0,0.0,1.0,0.0,1.0,0.0
J07A3193,0.2015503875968992,0.1627906976744186,0.0852713178294573,0.0620155038759689,0.0426356589147286,0.0193798449612403,0.0310077519379844,0.0193798449612403,0.0193798449612403,0.0116279069767441,0.0077519379844961,0.0077519379844961,0.0116279069767441,0.003875968992248,0.0077519379844961,0.0077519379844961,0.0116279069767441,0.0077519379844961,0.0077519379844961,0.003875968992248,0.0077519379844961,0.003875968992248,0.0,0.0,0.003875968992248,0.0077519379844961,0.0,0.003875968992248,0.0077519379844961,0.003875968992248,0.0077519379844961,0.003875968992248,0.003875968992248,0.0116279069767441,0.0077519379844961,0.003875968992248,0.003875968992248,0.0,0.0077519379844961,0.0,0.0,0.003875968992248,0.003875968992248,0.0077519379844961,0.0,0.003875968992248,0.0077519379844961,0.0,0.0,0.003875968992248,0.003875968992248,0.0077519379844961,0.0116279069767441,0.003875968992248,0.0077519379844961,0.0,0.0,0.003875968992248,0.0,0.003875968992248,0.0,0.003875968992248,0.0077519379844961,0.0116279069767441,0.0,0.0,0.003875968992248,0.0,0.0,0.003875968992248,0.003875968992248,0.003875968992248,0.003875968992248,0.0,0.003875968992248,0.003875968992248,0.003875968992248,0.0155038759689922,0.0077519379844961,0.0,0.0077519379844961,0.0,0.0,0.0,0.003875968992248,0.0,0.003875968992248,0.003875968992248,0.0,0.003875968992248,0.0,0.0,0.003875968992248,0.0,0.0,0.0,0.0,0.0,0.0,0.0,0.0,0.6988188546903654,0.5143736646991774,0.2666780333227367,0.1919645833663046,0.1319756510643344,0.0599889323019702,0.0950010997457908,0.0604013464540159,0.0604013464540159,0.0368671345576589,0.0242434575747942,0.0244939840332941,0.0377631132778113,0.0127180616412041,0.0251754088518742,0.0251754088518742,0.0373763313526494,0.026417604021519,0.0261458378710615,0.013485373714643,0.0275372208687087,0.0136261389312078,0.0,0.0,0.0142066892809459,0.0284133785618918,0.0,0.0155169258071327,0.0300564933363117,0.0154616139163631,0.0301631035425987,0.0156844405916782,0.0164392619571429,0.0472224408776073,0.0327588925609551,0.0175056666801696,0.0174401859810208,0.0,0.0350113333603393,0.0,0.0,0.0203940742235207,0.0194274677571533,0.0409566617865437,0.0,0.0215395403775877,0.042894707181048,0.0,0.0,0.023228633978173,0.0240014595673738,0.0471072866110093,0.0700079248602249,0.025985738723718,0.0509147822389781,0.0,0.0,0.0268256498858903,0.0,0.0283744337045504,0.0,0.0285411564303943,0.0574205562531392,0.0934917932524318,0.0,0.0,0.0307514763050317,0.0,0.0,0.0351187433505217,0.0357216321709006,0.0351187433505217,0.0320349780396164,0.0,0.0351187433505217,0.0373798354643562,0.0360350842159859,0.1509660720170853,0.0696570248588306,0.0,0.0770001759521635,0.0,0.0,0.0,0.0397384696740776,0.0,0.0445042072553913,0.0438687143777743,0.0,0.0451760332534317,0.0,0.0,0.0458886002111449,0.0,0.0,0.0,0.0,0.0,0.0,0.0,0.0,0.8527131782945736,0.1472868217054263,0.9790363389708564,0.2036856572627095
