ID,prob00,prob001,prob002,prob003,prob004,prob005,prob006,prob007,prob008,prob009,prob01,prob011,prob012,prob013,prob014,prob015,prob016,prob017,prob018,prob019,prob02,prob021,prob022,prob023,prob024,prob025,prob026,prob027,prob028,prob029,prob03,prob031,prob032,prob033,prob034,prob035,prob036,prob037,prob038,prob039,prob04,prob041,prob042,prob043,prob044,prob045,prob046,prob047,prob048,prob049,prob05,prob051,prob052,prob053,prob054,prob055,prob056,prob057,prob058,prob059,prob06,prob061,prob062,prob063,prob064,prob065,prob066,prob067,prob068,prob069,prob07,prob071,prob072,prob073,prob074,prob075,prob076,prob077,prob078,prob079,prob08,prob081,prob082,prob083,prob084,prob085,prob086,prob087,prob088,prob089,prob09,prob091,prob092,prob093,prob094,prob095,prob096,prob097,prob098,prob099,prob10
J07A0929,0.13610333062934904,0.19845264885660044,0.24552857380310192,0.21871628255943967,0.29162171007925286,0.34022532842579506,0.3367473290648342,0.2446888015851417,0.09787552063405668,0.29870112182547026,0.22097571642279173,0.1488394866424503,0.15298021442462809,0.15456446474291938,0.15298021442462809,0.22947032163694214,0.15141334197394996,0.08026425214333793,0.15887709738341702,0.1365747672394966,0.08366596900053502,0.05520015365631318,0.1115546253340467,0.1179590596721051,0.11510398289858034,0.028775995724645086,0.05836247970528876,0.03142991177293897,0.09132024076540604,0.06263575237759486,0.06109610208396531,0.0,0.033298126146077564,0.03188340201175187,0.03317696803372995,0.0354581549285551,0.03532552217496338,0.0,0.0354581549285551,0.040638016221287716,0.0,0.041308694873141635,0.0,0.041479358813246464,0.0,0.0,0.0,0.0,0.0,0.0,0.04861554189281221,0.0,0.0,0.0,0.0,0.0,0.0,0.0,0.0,0.0,0.0,0.0,0.05815336876070044,0.0,0.0,0.0,0.0,0.0,0.0,0.0,0.0,0.0,0.0,0.06941209598236246,0.0,0.0,0.0,0.0,0.0,0.0,0.0,0.0,0.0,0.0,0.0,0.0,0.0,0.0,0.0,0.0,0.0,0.0,0.0,0.0,0.0,0.0,0.0,0.0,0.0,0.0,0.0
J07A0930,0.01960879676616632,0.07147910416927941,0.14149602017023677,0.0875307817459963,0.19256771984119184,0.12254309444439479,0.15594477571833695,0.22914460824615396,0.26439762489940843,0.2331047678383699,0.17687002521279596,0.12508843229623898,0.22040297765132102,0.05567136311801662,0.11020148882566051,0.11020148882566051,0.32721830943345653,0.19273167925542467,0.1144493929349163,0.1574137439136712,0.24107991697039186,0.1789389963038404,0.12053995848519593,0.1487036220935922,0.0829168028878435,0.10364600360980439,0.021021124134484145,0.18112789730693046,0.21927947850676197,0.11280140362738186,0.08802290461443621,0.045770821168395634,0.023986782148291017,0.06890299605874652,0.19119603333225757,0.10217115929231262,0.1272362295956533,0.12965189446564546,0.10217115929231262,0.058548354208428695,0.0840351842297124,0.08927193023463834,0.028346919587914066,0.05976050058428536,0.029757310078212782,0.06285735502706333,0.0,0.032835210150613796,0.03225868237086942,0.10167978056850595,0.0,0.103102459022902,0.0,0.037916194495422766,0.0,0.0,0.0,0.0,0.0,0.0,0.08002053259094628,0.0,0.041891612204624645,0.0,0.041891612204624645,0.0,0.0,0.0,0.0,0.0,0.0,0.0,0.0,0.05000199763437212,0.0,0.0,0.0,0.0,0.0,0.0,0.0,0.0,0.0,0.0,0.0,0.0,0.0,0.0,0.0,0.0,0.0,0.0,0.0,0.0,0.0,0.0,0.0,0.0,0.0,0.0,0.0
J07A0933,0.0,0.0,0.018579530545985445,0.03677911689574559,0.0,0.018389558447872795,0.1001086278690861,0.03703196734207786,0.07406393468415572,0.05650795069504789,0.027869295818978165,0.09385763625824955,0.0771750112504386,0.1072145651755417,0.06752813484413378,0.04823438203152414,0.06683649001587345,0.07086008164237877,0.06011239014201059,0.09301343295362388,0.1371745810419707,0.04177081816241152,0.04220756339752945,0.05578841391061314,0.0762133584480799,0.04355049054175995,0.04416379965997134,0.0832422674392814,0.09213793607192622,0.04739745181363497,0.04623237439647188,0.03606039388202904,0.12598605984476025,0.06031667031780251,0.11297488380113595,0.04024760921274802,0.12029118389822493,0.09533610522584735,0.09391108816307871,0.061502842786612416,0.10298843169520365,0.1406652048048853,0.10422080293543648,0.0470821177039436,0.0,0.1485658934751788,0.11505670424914687,0.05173822889801717,0.13554612744849645,0.03560359434767166,0.03678813962938142,0.10830525322069288,0.14307248316526677,0.05974430316564461,0.0780394256003164,0.12011342902560326,0.03942007417354516,0.04111690586486332,0.06167535879729498,0.10872699492477589,0.14710247672740825,0.10936585387630335,0.15401946750106066,0.14329916623266603,0.11001390535790048,0.1597556312322019,0.07070130053613036,0.10341237699695395,0.2068247539939079,0.08074216676453337,0.1368804664153475,0.05382811117635558,0.19640592970396972,0.07878782523695521,0.10765622235271116,0.057293790926586596,0.13808157228656984,0.028924079185028123,0.05338326091129331,0.0630309006058348,0.059010853412134134,0.1429965211231397,0.1260618012116696,0.0630309006058348,0.12181795585591239,0.09947327748868694,0.0,0.10085939057336207,0.1326310366515826,0.13848676282070502,0.2110066965584759,0.1429965211231397,0.14067113103898393,0.07708586298967947,0.03574913028078493,0.07274120304309344,0.19271465747419866,0.04261430509626458,0.2758102391632945,0.04564516631233136,0.0
J07A0934,0.0,0.0,0.04606500942936566,0.091188007275692,0.364752029102768,0.091188007275692,0.13538373833709755,0.0,0.045907454996740316,0.14010253247028137,0.09213001885873132,0.13962310474594133,0.09567162130829546,0.09666238862470412,0.09567162130829546,0.09567162130829546,0.14203758278975623,0.30117663899998043,0.14903917038483788,0.05124713464711494,0.3662644383720712,0.25891035402662116,0.10464698239202033,0.22130968758170577,0.16196483698775285,0.05398827899591762,0.16424574152220262,0.1769023246164768,0.05711036244229354,0.05875724521992209,0.2865646628213128,0.0,0.0,0.17945478095222622,0.18673557887447298,0.0665250571789524,0.0,0.06753451562987615,0.0,0.07624328897562646,0.07295529677386552,0.07750158726421999,0.07382828811946486,0.0,0.0,0.0,0.0,0.0,0.0,0.0,0.0,0.0,0.0,0.0,0.0,0.19853484194925478,0.0,0.0,0.0,0.10782855969455273,0.0,0.0,0.0,0.0,0.0,0.0,0.0,0.0,0.0,0.0,0.0,0.0,0.0,0.0,0.0,0.0,0.0,0.14342536557598157,0.0,0.0,0.0,0.0,0.0,0.0,0.0,0.0,0.0,0.0,0.0,0.0,0.0,0.0,0.0,0.0,0.0,0.0,0.0,0.0,0.0,0.0,0.0
J07A0935,0.04117677727115849,0.15009993662634047,0.14856470228092142,0.1347918522499915,0.269583704499983,0.23282229024998527,0.25469931010215335,0.24676095329013237,0.22208485796111915,0.2761281213875573,0.17332548599440833,0.23765823299170574,0.231413595359092,0.20783119574828882,0.24426990621237488,0.1028504868262631,0.1908694858749796,0.14839728102438793,0.14687067180693159,0.1515044885388283,0.12656174374206638,0.18091975587642686,0.08437449582804425,0.10408824840844619,0.14509842892044672,0.08705905735226804,0.1471418086479317,0.07924019142552093,0.09209358793690033,0.07895773052655368,0.046210121677670996,0.08009563816535688,0.050370167927702124,0.0,0.05018689171456087,0.017879216489265708,0.10687403106593577,0.03630103532857329,0.035758432978531415,0.020491080011880988,0.05882220626506693,0.02082925916517834,0.03968405296575748,0.04183062754123883,0.1041462958258917,0.021999168185146696,0.06571504272976818,0.0,0.022580147656624628,0.023724305005540302,0.024513621760521076,0.02405624963984409,0.023833936507696964,0.0,0.02600062113560387,0.0,0.0,0.0,0.02739807689348922,0.0,0.0,0.0,0.0,0.0,0.0,0.0,0.0,0.0,0.06890840147391179,0.0,0.0,0.0,0.0,0.0,0.0,0.0,0.03680402944244166,0.0,0.035571710869486496,0.0,0.0,0.0,0.0,0.0,0.0,0.0,0.0,0.0,0.0,0.0,0.0,0.0,0.0,0.0,0.0,0.0,0.0,0.0,0.0,0.0,0.0
J07A0936,0.0,0.02372239079139268,0.0939190250050101,0.08133888103331502,0.1859174423618629,0.09295872118093144,0.17251582143994887,0.25739394248920616,0.1520964205618036,0.15472500564368563,0.23479756251252526,0.10675075856126706,0.18286762362917056,0.03695227709198721,0.3047793727152842,0.10972057417750233,0.14479570779354128,0.1790978992487414,0.12661104512492433,0.15672679697605524,0.26669761598131814,0.11877207604858725,0.2000232119859886,0.21150669394306373,0.06879579788171435,0.11007327661074297,0.0697646294519357,0.12022497520289117,0.18921287849820662,0.07487276204047448,0.14606462728687752,0.12152287796200854,0.1273712258289479,0.030489913907004926,0.1586347182573287,0.13563371821794926,0.11823557765359248,0.05163443962713194,0.22040479210416752,0.058292851660646135,0.07437196287193903,0.07900653448641315,0.0940773827556855,0.07933294437447394,0.039503267243206575,0.02086101606049744,0.02077173328046643,0.0871784498099668,0.0,0.1349814057275682,0.06973614451374491,0.022811672053625737,0.06780258163683299,0.0,0.0,0.025298755791515092,0.07472527877200275,0.025980606052537946,0.025980606052537946,0.027480601110414178,0.0,0.02764207184751024,0.027805865984165123,0.09054667678020865,0.027805865984165123,0.028841442866485167,0.0,0.0,0.0,0.0,0.0,0.0,0.0,0.0,0.0,0.0,0.0,0.0,0.0,0.0,0.0,0.0,0.0,0.0,0.0,0.0,0.0,0.0,0.0,0.0,0.0,0.0,0.0,0.0,0.0,0.0,0.0,0.0,0.0,0.0,0.0
J07A0937,0.037435476937589945,0.034115483825423426,0.13506619154172766,0.11697452017681689,0.23394904035363379,0.183817103134998,0.26463710251215383,0.302859516796669,0.16825528710926055,0.15404682198476594,0.2025992873125915,0.17057741912711713,0.3155812166307374,0.1771385274120657,0.26298434719228114,0.19285518794100617,0.13882174779262746,0.16557625074993376,0.12745671252294596,0.20660830554881468,0.17259361537100676,0.17080769282401903,0.09588534187278154,0.14194626732594554,0.19787229293451317,0.09893614646725658,0.08026354876567462,0.02161214078828401,0.10465751619561932,0.10767550896612754,0.06301724147652102,0.08738182871171767,0.022896780476319364,0.04384794828986598,0.1368808113595901,0.0975283216758532,0.048581756396929736,0.024752056758311904,0.0975283216758532,0.0,0.05347765153045253,0.05681017088614762,0.10823514233326854,0.0,0.02840508544307381,0.0,0.02987210424898997,0.0313431203095319,0.0,0.03235309068920244,0.0,0.03280576716823593,0.032502596351469036,0.0,0.0,0.0,0.0,0.0,0.03736305304782568,0.0,0.0,0.0,0.0,0.0,0.0,0.04147726029243463,0.042830986215479684,0.0,0.0,0.0,0.0,0.0,0.0,0.0,0.0,0.0,0.0,0.0,0.0,0.0,0.0,0.0,0.0,0.0,0.0,0.0,0.0,0.0,0.0,0.0,0.0,0.0,0.0,0.0,0.0,0.0,0.0,0.0,0.0,0.0,0.0
J07A0939,0.0,0.06870591564477577,0.06800318595812771,0.04487191104293943,0.08974382208587886,0.157051688650288,0.17765280749273044,0.20331179159713247,0.1807215925307844,0.25278672118872375,0.15867410056896464,0.1832157750527354,0.1412346406814397,0.1664801306226918,0.21185196102215956,0.07061732034071985,0.30287415202728424,0.07410169252059713,0.17112523224104825,0.17652428812233859,0.15448446210509048,0.10192395005500209,0.3604637449118778,0.1905791188324375,0.05313324251383202,0.13283310628458003,0.1347037569769427,0.08705032175427044,0.11241176026109966,0.057826680490239146,0.14101310514760673,0.1466501394468353,0.09222464942857497,0.11774178363569421,0.030629694021327702,0.09820720521401781,0.03261328564631676,0.033232470674678515,0.16367867535669633,0.07503578996286325,0.14359974232360684,0.0,0.1089885548304627,0.0,0.03813708000979338,0.04027911077262057,0.04010672075209005,0.1262451847993998,0.0,0.0,0.08976583823717574,0.0880909983379567,0.0,0.048593536826352576,0.0,0.0,0.0,0.0,0.0,0.10612083064550193,0.05127730708565586,0.05337218813799484,0.0,0.0,0.0,0.0,0.0,0.0,0.0,0.0656723276733781,0.0,0.0,0.0,0.0,0.0656723276733781,0.0,0.0,0.0,0.06512959355668127,0.0,0.0,0.0,0.0,0.0,0.0,0.0,0.0,0.0,0.0,0.0,0.0,0.0,0.0,0.0,0.0,0.0,0.0,0.0,0.0,0.0,0.0
J07A0940,0.014624609964580752,0.053310462215460284,0.1451042958121932,0.1436206325165909,0.27418484389530984,0.15667705365446277,0.15507540131714626,0.2629236381899188,0.1577541829139513,0.2674675791351913,0.1582955954314835,0.26655231107730143,0.2602694291189387,0.09688175279264412,0.16438069207511918,0.20547586509389898,0.14913896458421924,0.18686579149672264,0.0995849317546204,0.1907784695964989,0.16481844763484504,0.13345607380216887,0.10488446667671956,0.14259338000442742,0.21644319673044093,0.10822159836522047,0.09406770190437443,0.0675442986993735,0.08177138262586606,0.08412941146670008,0.11488599533931422,0.05120511079761921,0.053669381768911305,0.05138915226501285,0.10694820216163835,0.09525146877301573,0.07591614124578736,0.07735745993351965,0.03810058750920629,0.0,0.041783348814200164,0.13316137405427336,0.021141666549672124,0.13371152081721677,0.022193562342378896,0.07032029896873454,0.093359114765086,0.0,0.02405913291218722,0.02527823183698729,0.0,0.051263837265826104,0.025395044132542673,0.02827861201527221,0.05540729044058233,0.05685296969355526,0.027987898195320132,0.0,0.05838526687626795,0.030878075486523594,0.0,0.0,0.03124355342073771,0.0,0.0,0.03240716046906603,0.03346485841994196,0.14684371555389797,0.0,0.0,0.07774712025339957,0.0,0.0,0.0,0.0,0.0,0.0,0.0,0.037901635221228774,0.0,0.0,0.0,0.044751372652143226,0.0,0.0,0.0,0.0,0.0,0.0,0.0,0.0,0.0,0.0,0.0,0.0,0.0,0.0,0.0,0.0,0.0,0.0
J07A0941,0.20767139277124733,0.2129106384704204,0.3278068440329103,0.3708058086850374,0.20857826738533353,0.2549289934709632,0.367015196235299,0.3966897282002731,0.21001220904720344,0.26111765243719465,0.11707387286889655,0.16559716325477142,0.1458892209374221,0.07370001875982457,0.07294461046871105,0.024314870156237015,0.04813165890589587,0.05102920992477161,0.05050425649103675,0.07814652293652002,0.07978785415074918,0.10528299287373809,0.05319190276716613,0.028122844811661885,0.0,0.0,0.0,0.0,0.0,0.05973243763296427,0.029132076879570565,0.030296638970491167,0.031754679521126386,0.060811062369386853,0.0,0.0,0.033688100965842044,0.0343276920815058,0.0338145858787117,0.0,0.03708306693266975,0.0,0.0,0.03955669277238321,0.0,0.0,0.0,0.0,0.0,0.04486927877987451,0.0,0.0,0.0,0.0,0.0,0.050457479840645275,0.0,0.0,0.0,0.0,0.0,0.0,0.0,0.0,0.0,0.11504648955889579,0.0,0.0,0.0,0.0,0.0,0.0,0.0,0.0,0.0,0.0722042570291495,0.0,0.0,0.0,0.0,0.0,0.0,0.0,0.0,0.07676028111542098,0.0,0.0,0.0,0.0,0.0,0.0,0.0,0.0,0.0,0.0,0.0,0.0,0.0,0.0,0.0,0.0
J07A0942,0.0,0.01959963612358215,0.0581975083593085,0.05760245011816606,0.13440571694238748,0.05760245011816606,0.07601813505825235,0.019332819197790868,0.07733127679116347,0.17700242343599087,0.07759667781241134,0.21559599735940366,0.1611591979772457,0.1628281491658114,0.24173879696586856,0.14101429823008998,0.17944712297124218,0.12683328903330382,0.10460709611846303,0.10790748350217476,0.11017389170903649,0.15264740527357376,0.11017389170903649,0.18639849135790693,0.13641518180897774,0.181886909078637,0.1383362778477396,0.07449815411727999,0.09620261558786604,0.07423259676305344,0.14481576855507383,0.2259072229188052,0.13154395465526705,0.2771012186751505,0.1834914488363556,0.1400771293741624,0.08373189890815047,0.05688106998636646,0.11206170349932991,0.12843210070480887,0.2765102979320939,0.09791378160000586,0.09327301716011306,0.06554553695811487,0.0,0.06894217830730702,0.034323556806168144,0.03601377932601302,0.07076288307116077,0.03717425250226544,0.0384110541850575,0.07538877098066797,0.037346037055803374,0.12475986495991584,0.08148214711326297,0.0,0.16463638773945677,0.0,0.0,0.0,0.0,0.0,0.09189374885240767,0.04987361048324049,0.0,0.09531615770654914,0.0,0.0,0.0,0.11240549350437806,0.0,0.0,0.051267602032398746,0.0,0.0,0.0,0.057669225011001725,0.060400138959007754,0.0,0.0658115186822347,0.0,0.0,0.0658115186822347,0.0,0.0,0.0,0.1424457968109233,0.0,0.0,0.0,0.0,0.0,0.0,0.0,0.0,0.0,0.0,0.0,0.0,0.0,0.0
J07A0943,0.03695379137846909,0.05051477536249853,0.1499943184093306,0.23093879756985952,0.13196502718277686,0.148460655580624,0.1632699960912107,0.1826993647597522,0.26574453055963954,0.1858568409377117,0.13332828303051608,0.13470606763332943,0.25960050457345907,0.2273170516134731,0.24229380426856179,0.13845360243917817,0.10277663715776082,0.07264256294925558,0.16176434894287248,0.2595725470461126,0.11358189214131287,0.22481319371566114,0.11358189214131287,0.12010271338053277,0.27345675394547003,0.039065250563638576,0.15846158131374247,0.08533622192272954,0.08264870301782032,0.19132206977806052,0.06220639311347018,0.08625747907166426,0.1356129935843124,0.1082093822511564,0.06755977698815877,0.09627341622253492,0.04795665068418187,0.09773427950813442,0.07220506216690119,0.027584350186954192,0.0,0.028039594721896863,0.026710617820300233,0.11262175326713414,0.056079189443793726,0.02961448389684383,0.05897547453680831,0.030939825636512007,0.0911897322940995,0.06387360127777483,0.03299935028318122,0.0,0.0,0.0,0.0,0.10774301603890472,0.0,0.03688229937323492,0.03688229937323492,0.0,0.0,0.039240930989627554,0.039473454602489765,0.0,0.0,0.040943568753040845,0.0,0.0,0.046380997877552316,0.0,0.0,0.0,0.0,0.0,0.0,0.0,0.0,0.0,0.0,0.0,0.0,0.0,0.0,0.0,0.0,0.0,0.0,0.0,0.0,0.0,0.0,0.0,0.0,0.0,0.0,0.0,0.0,0.0,0.0,0.0,0.0
J07A0945,0.012471490674826696,0.011365447249551205,0.01124920053179278,0.033402538911179946,0.05567089818529992,0.08907343709647987,0.13224430778706514,0.10089652779926203,0.14573942904337847,0.07983131170531167,0.04499680212717112,0.09092357799640964,0.17522452507293051,0.11802609040911206,0.11681635004862033,0.16354289006806844,0.16186783130366736,0.1838703850043257,0.13345115877696362,0.11263220637960221,0.0766652327584926,0.15174386954170377,0.20444062068931362,0.14862217519773074,0.19776126749394332,0.13184084499596221,0.09358826536922395,0.10080006670006363,0.111572046117447,0.05739471606431653,0.13995973939158804,0.08733279907807548,0.13730359904484726,0.14607781787287477,0.10640311735094453,0.11371919869456655,0.12947865958937457,0.06596844924587547,0.11371919869456655,0.11171291062541203,0.12471117262373665,0.20818708130402291,0.10817441197944044,0.15203432105448925,0.09463049150182859,0.059967339639388405,0.11942137246969889,0.08353475678955007,0.0820680353145707,0.06466987496991995,0.15591675537805602,0.1092911998960978,0.043312479013507516,0.12057635960878761,0.11812477524540707,0.04848274812706811,0.14320415198612385,0.19915780678134967,0.07468417754300613,0.15799216447594885,0.10178853275939834,0.026486749351180235,0.05328739516183744,0.05784147068015417,0.10657479032367488,0.027635991699362608,0.17122781560513212,0.03130613455030085,0.1252245382012034,0.06518175638203065,0.06630074152973821,0.1303635127640613,0.029729083888916506,0.03180202511434857,0.06518175638203065,0.0346892157347347,0.0,0.03502486417991218,0.03232153824047562,0.0,0.03572883189606534,0.0,0.038162817884962195,0.0,0.07375614848849543,0.0,0.0,0.04071102181568362,0.040151529241829846,0.0,0.0,0.0,0.0,0.0,0.04328948294687986,0.0,0.04667256413131371,0.0,0.0,0.0,0.0
J07A0946,0.0,0.06442075901985427,0.1275237165265547,0.2903055658659814,0.2903055658659814,0.22719566024294197,0.24985902436393687,0.2033400830688768,0.3685539005623392,0.1551407096771639,0.19128557478983202,0.18037812525559194,0.1853962607745433,0.12041756290305358,0.10594072044259618,0.10594072044259618,0.14417650717970037,0.08337600450325772,0.041259144741199016,0.11349569059019048,0.11587946932590591,0.08601029979592148,0.13036440299164415,0.015316524523361236,0.0896748235380976,0.059783215692065066,0.030312562820865523,0.09794523946368289,0.06324041402389985,0.0650640681604201,0.047598545552264816,0.016500436455650587,0.0691781120827609,0.0,0.051694801153410526,0.0,0.07339010374580915,0.05608759794230504,0.05524923996776694,0.04221350517810529,0.06058957134807567,0.04291018526673741,0.06131459302243602,0.021543732825351762,0.06436527790010611,0.0,0.022563169721850053,0.04734853207940618,0.04651717622851679,0.04887424536030559,0.07575046546023033,0.04955808176770347,0.09820019263005571,0.0,0.05356366547323902,0.08244186168311529,0.08116988239160546,0.0564425525713062,0.0282212762856531,0.05970127370120101,0.08654249669061648,0.06005206692553312,0.15101976926829835,0.06557052023073384,0.12081581541463868,0.0,0.03235134703865945,0.035489407595248,0.070978815190496,0.184729123640227,0.0,0.07389164945609081,0.03370162400189835,0.03605156139043629,0.036945824728045404,0.0,0.0,0.0,0.03664049430563158,0.0,0.0,0.0,0.08652462645789197,0.12978693968683794,0.04180589609614858,0.0,0.09363915015449242,0.04615102016233891,0.04551676555744325,0.0,0.09655198442008724,0.0,0.04827599221004362,0.05290917182094671,0.0,0.0,0.0,0.0,0.0,0.0,0.0
J07A0947,0.3219298661067775,0.4921200767412188,0.30911267069998605,0.24105313311171464,0.2595956818126158,0.1854254870090113,0.1835299499297845,0.17736524421813518,0.18670025707172122,0.1139561268663576,0.24354331630907997,0.14195771444458236,0.1945426542812646,0.13759012522776767,0.11672559256875875,0.04863566357031615,0.10590254729082661,0.13269210615877775,0.1313270609844501,0.10420805524380344,0.08511741073756915,0.07370707167520608,0.03191902902658843,0.0900040648450249,0.04391280487281788,0.04391280487281788,0.0,0.023981369681552053,0.05806529326332986,0.0,0.0932340008309485,0.060600658395955714,0.06351709468522716,0.012163693870239975,0.012657196448367805,0.04058244552405466,0.013476881713696987,0.06866374660829784,0.02705496368270311,0.015503627518399496,0.0445051005225346,0.01575949512636208,0.0,0.015824604361611157,0.01575949512636208,0.01664465265175794,0.0,0.0,0.0,0.03589979520118364,0.018547097599623516,0.0,0.0,0.06024134044276154,0.059016500609002,0.020185450289202125,0.0,0.0,0.020729487105161763,0.0,0.0,0.0,0.0,0.02408188842778784,0.022185831200435005,0.0,0.0,0.0,0.0260681767071435,0.0,0.0,0.0,0.07426496659105945,0.0,0.0,0.0,0.0,0.0,0.02691368903898477,0.0,0.0,0.0,0.0,0.0,0.030707852305227136,0.0,0.0,0.0,0.0,0.0,0.0,0.0,0.03546035791853025,0.0,0.0,0.0,0.0,0.0,0.0,0.0,0.0
J07A0951,0.3396424445707098,0.460098786443405,0.4222733780476257,0.3933700843449949,0.2540515128061426,0.19668504217249744,0.2595658703602901,0.16503101653793975,0.18978566901863073,0.0923357280795577,0.12419805236694874,0.092019757288681,0.12037423381042726,0.078184812418635,0.07738343602098896,0.08598159557887664,0.10212113338040482,0.027067219744144014,0.053577541587368466,0.04605660848586886,0.03761915767931214,0.09307472810297389,0.05642873651896821,0.00994472540295909,0.02911207089718705,0.04852011816197842,0.01968136525056148,0.02119798804025384,0.051325983815543166,0.021122425340941397,0.0,0.0,0.0,0.0,0.022376294807051195,0.0,0.02382539289293632,0.0,0.0,0.013704209354163676,0.013113215260215364,0.013930379859247527,0.013270129479489025,0.013987932234630896,0.0,0.0,0.014649833045474604,0.01537124655938465,0.0,0.0,0.0,0.016088555661746475,0.0,0.0,0.017388929972164017,0.0,0.0,0.0,0.0,0.0,0.0,0.0,0.0,0.0,0.0,0.0,0.0,0.0,0.0,0.0,0.0,0.0,0.0,0.0,0.0,0.0,0.0,0.0,0.0,0.0,0.0,0.0,0.0,0.0,0.0,0.0,0.0,0.0,0.0,0.0,0.0,0.0,0.0,0.0,0.0,0.0,0.0,0.0,0.0,0.0,0.0
J07A0952,0.032855704510731526,0.19462216749377262,0.2519028042016565,0.21999454134803953,0.2933260551307194,0.16132933032189567,0.30484386442009026,0.20673983683405098,0.2362740992389154,0.22533513118169682,0.17781374414234577,0.16468029557165378,0.13848685860263787,0.12437423727913927,0.13848685860263787,0.29236114593890217,0.16752808325428845,0.096880015316381,0.19176676063012646,0.04945426583567251,0.0841549438447037,0.09994097475934836,0.05049296630682223,0.07118907360733427,0.10419902380336789,0.10419902380336789,0.10566642889140135,0.03793631975187556,0.09185395000263995,0.11340327395422145,0.14748760868276586,0.09586466430446067,0.10047819810486262,0.07696737695183857,0.0800900795915688,0.04279846258872985,0.0213191865493116,0.06517183667031227,0.06419769388309478,0.09810124753706989,0.09387063076779566,0.09972028356690651,0.07124542302694742,0.0750992031290207,0.07479021267517988,0.026330308632944048,0.0,0.0,0.0,0.05679017203202586,0.05867960290440129,0.05758476613637655,0.08557890447094679,0.03176541879057357,0.031119557493584065,0.0,0.0,0.03279214079747687,0.03279214079747687,0.0,0.0,0.0,0.03509594312406133,0.0,0.03509594312406133,0.036403025139891895,0.03759113926463607,0.0,0.0,0.0429297624281038,0.0,0.0,0.0,0.0,0.0,0.0,0.0440499134330786,0.0,0.0,0.0,0.0,0.0,0.0,0.0,0.0,0.0,0.0,0.0,0.0,0.0,0.0,0.0,0.0,0.0,0.0,0.0,0.0,0.0,0.0,0.0,0.0
J07A0954,0.0,0.0,0.0,0.0,0.0,0.0,0.0,0.0,0.692414685071933,0.0,0.0,0.0,0.7214997601501583,0.0,0.0,0.0,0.0,0.0,0.0,0.0,0.0,0.0,0.0,0.0,0.0,0.0,0.0,0.0,0.0,0.0,0.0,0.0,0.0,0.0,0.0,0.0,0.0,0.0,0.0,0.0,0.0,0.0,0.0,0.0,0.0,0.0,0.0,0.0,0.0,0.0,0.0,0.0,0.0,0.0,0.0,0.0,0.0,0.0,0.0,0.0,0.0,0.0,0.0,0.0,0.0,0.0,0.0,0.0,0.0,0.0,0.0,0.0,0.0,0.0,0.0,0.0,0.0,0.0,0.0,0.0,0.0,0.0,0.0,0.0,0.0,0.0,0.0,0.0,0.0,0.0,0.0,0.0,0.0,0.0,0.0,0.0,0.0,0.0,0.0,0.0,0.0
J07A0956,0.14128514407482062,0.26921534709474043,0.28963238114622014,0.217869919108545,0.29813778404327207,0.24080359480418131,0.19294348134209158,0.2540047508433063,0.2655504213361839,0.21141372466424965,0.1969500191794297,0.12875516600183237,0.1804597448099729,0.0972419044527347,0.1804597448099729,0.20452104411796926,0.17861141819033372,0.13886687386330898,0.12494391538493818,0.09022015515066378,0.10527436790891737,0.07813877641436404,0.10527436790891737,0.027829561994685642,0.14935786960735117,0.081467928876737,0.09638442152266535,0.014830241621184256,0.043089565291803966,0.0,0.043242403728183575,0.17988411871695037,0.06284704326840392,0.030088443070129426,0.03130918443252844,0.016730972992568652,0.08334195034239218,0.06793940238368734,0.08365486496284327,0.07670038706073619,0.055044511876401366,0.07796622917050978,0.0,0.03914417055550786,0.058474671877882335,0.020586332123985668,0.0,0.0,0.042259999574144044,0.02220067677761297,0.0,0.022511303180895188,0.0,0.02483576893823614,0.02433080276593619,0.0,0.024580448724656263,0.025638510771906514,0.0,0.05423750979196223,0.0,0.027278099494179222,0.05487947379792288,0.0,0.05487947379792288,0.0,0.0,0.0,0.0,0.0,0.0,0.0335646026664113,0.030617305938168266,0.0,0.0,0.0,0.0,0.0,0.0,0.0,0.0,0.0,0.0,0.0,0.0,0.0,0.0,0.0,0.0,0.0,0.0,0.0,0.0,0.0,0.0,0.0,0.0,0.0,0.0,0.0,0.0
J07A0957,0.11765426688059935,0.23231002323826708,0.28299561532124967,0.1225446425063345,0.21007653001085913,0.2625956625135739,0.39853057243876855,0.15864057898843414,0.19389404098586396,0.16138226257158378,0.14149780766062484,0.1787000178755901,0.14693717463814862,0.2969176874826769,0.2387729087869915,0.1653043214679172,0.09089512308768818,0.13491387979681704,0.15260111833436557,0.11806179936706465,0.1808122218628909,0.07952944746831805,0.08036098749461817,0.12746185768812562,0.14510623812810514,0.0829178503589172,0.0840855587602462,0.09056509272937302,0.0,0.135363394349432,0.06601801244238936,0.02288569969092603,0.04797417033684351,0.06890386649625434,0.023899806084097978,0.0,0.0,0.025930706466321434,0.0,0.0,0.028012081943023227,0.029757685996246914,0.0,0.0,0.05951537199249383,0.0,0.06258912335047025,0.03283562495113231,0.0,0.0,0.0,0.034367920498418705,0.0,0.0,0.0,0.0,0.07505375417815774,0.07828443274261787,0.0,0.0,0.04001077173701377,0.0,0.0,0.0,0.0,0.0,0.0,0.04922293580637841,0.0,0.0,0.0,0.0,0.0,0.0,0.0,0.0,0.0,0.055069930092610936,0.0,0.0,0.0,0.0,0.0,0.0,0.0,0.0,0.0,0.0,0.0,0.0,0.0,0.0,0.0,0.0,0.0,0.0,0.0,0.0,0.0,0.0,0.0
J07A0958,0.039036951683100944,0.14229972236858626,0.2816885384965165,0.2613828073095902,0.24395728682228415,0.20910624584767212,0.17247385751130778,0.33336104401968736,0.19299849916929268,0.1427883408690381,0.0880276682801614,0.10672479177643969,0.14625851332587606,0.14777315426922163,0.12797619916014155,0.12797619916014155,0.12666542585811225,0.09592196477703432,0.132909259757529,0.23503301051661352,0.13998218988003922,0.09895265426354394,0.11998473418289074,0.10572762280392319,0.12380231433813174,0.08253487622542116,0.10462148913927964,0.045073399071534986,0.13096166750527635,0.08982545937312968,0.2190436462914945,0.04555999421467407,0.11938147798180439,0.0,0.07136825888843579,0.050850272154156655,0.12665016131014062,0.05162187971278988,0.10170054430831331,0.029139336054304396,0.08364810614274955,0.0,0.08464904885654241,0.08922785274713599,0.02962024364867121,0.06256782505270268,0.09345006279880849,0.06536793294556523,0.03211009426251322,0.10121142894524214,0.03485959070843344,0.034209184779680574,0.0,0.07548309415286242,0.03697417785942571,0.07587780584723929,0.14941420416795106,0.038961429528270565,0.0,0.0412108748114952,0.07965194656406994,0.041453022001269144,0.08339730688528384,0.0,0.08339730688528384,0.04325164091491365,0.0,0.0,0.0,0.0,0.0,0.0,0.0,0.0,0.0,0.0,0.0,0.0,0.05058474401795916,0.0,0.0,0.0,0.0,0.0,0.0,0.0,0.0,0.0,0.0,0.0,0.0,0.0,0.0,0.0,0.0,0.0,0.0,0.0,0.0,0.0,0.0
J07A0960,0.24008329513251891,0.3614813270973556,0.4895992491934614,0.40072129320379185,0.3541257939940486,0.2888920951004081,0.1660290135379654,0.1782801756136232,0.1407475070633867,0.16227061695588846,0.11298444212156802,0.07610133202049592,0.09777309732381596,0.08890706461522692,0.07821847785905277,0.09777309732381596,0.06774017171851968,0.041038951689012636,0.03046257837345553,0.03142368247699768,0.05347280339844881,0.03175169425944725,0.021389121359379523,0.03392563018175782,0.06620899093498046,0.02206966364499349,0.03357069662094294,0.0,0.02334592828640443,0.036028726868885856,0.023428736157659592,0.03654795865590729,0.03830684702022899,0.024452879580282572,0.01272248808123827,0.0271945256120214,0.0,0.027607178300527516,0.0,0.0,0.04473467827271286,0.0,0.0,0.0,0.031681579681467203,0.0,0.0,0.0,0.03434470431855722,0.01804249141700141,0.0,0.01829493751453502,0.018125866902025424,0.0,0.0,0.0,0.0,0.02083641932093201,0.06250925796279602,0.02203941381390234,0.0,0.022168913178905215,0.022300275907963563,0.0,0.0,0.023130807502009118,0.023885745834861014,0.0,0.0,0.0,0.0,0.02727795470336566,0.0,0.026617699451365162,0.0,0.0,0.027989708662540358,0.029315155393835505,0.0,0.03194156387923834,0.029904363188768497,0.0,0.0,0.0,0.0,0.03360607804153728,0.0,0.0,0.0,0.0,0.0,0.0,0.0,0.0,0.0,0.0,0.0,0.0,0.0,0.0,0.0
J07A0961,0.0,0.0,0.0,0.0,0.0,0.04229130407604737,0.041858975509472776,0.08516409982531321,0.17032819965062643,0.04331796822515155,0.12818457465486985,0.08633947021856493,0.13311216296124087,0.04483022046621868,0.13311216296124087,0.08874144197416058,0.04391626182324093,0.18624017493940004,0.0,0.09506987680232026,0.19413330700829803,0.14409337593009244,0.19413330700829803,0.05131966128065571,0.050077522072740285,0.050077522072740285,0.10156549902314463,0.10939201656925762,0.05297345070033461,0.16350311396237815,0.1594840416615628,0.16585945628763446,0.28973587274218565,0.055485196177942106,0.0577363287412777,0.06170617180668429,0.18442607165104,0.18792752390103107,0.0,0.07072044261429333,0.0,0.07188759336429035,0.06848037753110622,0.07218459185252339,0.07188759336429035,0.07592527628108363,0.07560032471969567,0.0,0.0,0.08187920547552882,0.1692067162861354,0.08302483915846756,0.08225757442204085,0.2747933833378263,0.0,0.092076772170063,0.0,0.0,0.28367525629169665,0.20003553284534475,0.09665664491468348,0.10060545161929824,0.0,0.0,0.10120159300774637,0.1049706549111759,0.0,0.0,0.11891107372702911,0.0,0.0,0.0,0.0,0.0,0.0,0.0,0.0,0.13303604122971144,0.0,0.2899100586090284,0.0,0.0,0.0,0.0,0.0,0.0,0.156874017379317,0.0,0.0,0.0,0.0,0.0,0.0,0.0,0.0,0.0,0.0,0.0,0.0,0.0,0.0
J07A0962,0.013311588819807553,0.012131040665781571,0.12006963396367758,0.09507355618592156,0.11884194523240195,0.14261033427888234,0.23525413479972093,0.251283824978713,0.15555665355825088,0.17041773498848656,0.34820193849466496,0.24262081331563146,0.1745593821742057,0.23935535617589604,0.1496223275778906,0.18702790947236325,0.19745313024255023,0.24859114534397753,0.2589829584469791,0.18700776760899432,0.12274427514697339,0.1214741715685332,0.19093553911751418,0.12979111563608256,0.15479402425911534,0.12664965621200344,0.09989251000032966,0.06148006227761969,0.04465788935413384,0.09189136414381374,0.05975505416906809,0.07767972183661755,0.048850857838348076,0.031183567352432228,0.04867310976639079,0.1040395653512779,0.10365040088226285,0.1056182730281728,0.06935971023418527,0.09936504857909052,0.038031972153533655,0.020200988406803094,0.03848706704059886,0.02028444735621083,0.10100494203401549,0.042671219167544974,0.0,0.04458089107141035,0.0,0.02300871128328855,0.0,0.06999193051926639,0.0462300719639008,0.02573971247464748,0.0,0.025874309044086812,0.0,0.0,0.0,0.028105791909600813,0.0,0.0,0.0,0.0,0.0,0.0,0.0,0.033414962295753525,0.0,0.0,0.0,0.0,0.0,0.0,0.0,0.0,0.03569391336458693,0.0,0.0,0.0,0.0,0.0,0.0,0.0,0.0,0.0,0.0,0.0,0.0,0.0,0.0,0.0,0.04545413882041515,0.0,0.0,0.0,0.0,0.0,0.0,0.0,0.0
J07A0963,0.0,0.07453919813386578,0.024592268386681135,0.060852043024354666,0.08519286023409653,0.060852043024354666,0.13250594455471346,0.08577854729111789,0.11028670366000873,0.16205614846266944,0.13525747612674624,0.13665519657875394,0.1404569563255604,0.15481256381384828,0.153225770536975,0.11491932790273125,0.16429441494027267,0.17418502457698865,0.11934908915580476,0.19151158621944814,0.12570039808133976,0.2073328430794042,0.22346737436682626,0.10337985139645518,0.23057748399482472,0.08646655649805926,0.1169123204190224,0.141661626658309,0.12195576453707958,0.07842036515405633,0.13768688353666533,0.07955052849526999,0.1000547238483033,0.09580373891418074,0.21599644317466726,0.15981781755449553,0.07076444983735578,0.1261889303850847,0.23084795868982685,0.18316460840437318,0.09736979655045626,0.10343750375857312,0.039413973826426384,0.16618375753867834,0.10343750375857312,0.1310966860870845,0.08702373810418702,0.15979095658233283,0.0672794194813961,0.11781421838961018,0.09738715420965588,0.07167758755525307,0.11835864528575948,0.15815770311185198,0.02582366780413752,0.05299491064698376,0.07826589386900591,0.05442322569754635,0.08163483854631952,0.0863480409297582,0.027815431296994948,0.05790360362890324,0.05824671361059794,0.0,0.08737007041589691,0.030208001141148858,0.0,0.03421971458481293,0.0,0.0,0.0,0.03562402595481822,0.0,0.0,0.0,0.0,0.0,0.03828453665152075,0.0,0.0,0.0,0.0,0.0,0.0,0.0,0.04388832701755522,0.0,0.0,0.0,0.0,0.0,0.0,0.0,0.0,0.0,0.0,0.0,0.0,0.0,0.0,0.0
J07A0964,0.0,0.0,0.0,0.03519898389509426,0.046931978526792345,0.023465989263396173,0.09290442007801578,0.05906828530677397,0.05906828530677397,0.08412477454218321,0.08297941081152707,0.0718602012430134,0.024619786148464544,0.08706161308847538,0.12309893074232273,0.04923957229692909,0.12183811198864584,0.15500739600092667,0.1150595898483364,0.10550200600596608,0.17504157345953578,0.10660327416788043,0.06732368209982144,0.17085308390313628,0.11114517473221763,0.22229034946443527,0.09862160041967759,0.09104679823893141,0.2057520137474784,0.1360833769706114,0.16223571173725718,0.12270627277512305,0.176840911631371,0.07696706487507235,0.1601795097065922,0.11983520935509848,0.13644224068606264,0.12165360185157266,0.11983520935509848,0.15696135963133298,0.11264430018484038,0.1595518067756391,0.1709883219618609,0.22029010263940396,0.1396078309286842,0.12638496898761137,0.16779207422798847,0.13204109574131115,0.12972268938991066,0.1362958602408562,0.0938869839654298,0.04606762611965032,0.09128379464249557,0.15247339196404397,0.1493732703084935,0.02554511612204717,0.12575492771357077,0.1049344250764827,0.1049344250764827,0.13874104170463383,0.10726289204633313,0.08373375446022262,0.11230656262989931,0.06095228270979934,0.028076640657474828,0.08736690609095321,0.03007278947619129,0.032989831365329805,0.09896949409598942,0.03434367068991174,0.06986650743955748,0.03434367068991174,0.03132796425458644,0.03351239176183316,0.13737468275964695,0.036554860372356175,0.0,0.07381712111614107,0.0,0.040215278715672556,0.03765038884751377,0.0912353289745995,0.0,0.08043055743134511,0.0,0.0,0.0,0.0,0.0,0.0,0.0,0.04561766448729975,0.0,0.0,0.0,0.0,0.0,0.0,0.0,0.0,0.0
J07A0965,0.12385232026821114,0.21444993176396113,0.24577070787870675,0.2653720909465431,0.30960077277096704,0.2543149204904372,0.17510619260883803,0.3228624144299781,0.21153054738515809,0.30579104999086393,0.3127990827547177,0.15801573919449768,0.18561342987475693,0.15237269697453001,0.15081091177324,0.08120587557020614,0.17223029771133677,0.06086621721267356,0.12048013482002892,0.08699692516076082,0.12689163373505766,0.05023144604825652,0.12689163373505766,0.12075891945978033,0.10474317776193759,0.06546448610121099,0.06638640375920835,0.04290123703333073,0.055400180896618,0.04274831057314377,0.04169751376097598,0.05781917646337517,0.06060175257586227,0.04352024265982329,0.045285935892692177,0.016133237665913024,0.0482186717895636,0.03275609033685516,0.0645329506636521,0.01849004200275741,0.0,0.018795196574663792,0.07161748485204902,0.018872847594923026,0.018795196574663792,0.0,0.03953179951412668,0.020739247859739605,0.0,0.04281505862885952,0.0,0.02170705819369373,0.021506454850737596,0.0,0.0,0.0,0.0,0.024722542309222585,0.0,0.0,0.0,0.0,0.0,0.0,0.0,0.027444848287365178,0.0,0.0,0.0,0.0,0.0,0.0,0.0,0.0,0.0,0.0,0.0,0.0,0.0,0.0,0.0,0.0,0.0,0.0,0.0,0.0,0.0,0.0,0.0,0.0,0.0,0.0,0.0,0.0,0.0,0.0,0.0,0.0,0.0,0.0,0.0
J07A0966,0.3763328957198491,0.5487320527876494,0.4412846561293824,0.21838630303267198,0.2939815617747507,0.19318788345197907,0.22446742800554553,0.16068714590544,0.16068714590544,0.12044730452236542,0.1103211640323456,0.12860907487210532,0.061687262371469084,0.026711181645556022,0.07931219447760313,0.04406233026533507,0.05233323568588421,0.06473101112634781,0.05491294541194411,0.05664546642595631,0.009639200917415821,0.009539458721180156,0.0481960045870791,0.030577783918974057,0.04972946725569727,0.029837680353418362,0.060515751765554245,0.03258951210553323,0.010521053650366572,0.02164889532722492,0.03167511529861507,0.021960890659413645,0.04603553850098064,0.0,0.011467008552991004,0.0,0.024419233518105012,0.012441424494747296,0.0,0.01404578257761016,0.013440058136766905,0.0,0.0,0.014336577164028608,0.0,0.0,0.0,0.0,0.030955503016082325,0.0,0.0,0.0,0.016337171586933194,0.0,0.017822343729162166,0.0,0.0,0.0,0.01878024149373613,0.0,0.019196970055141087,0.0,0.0,0.0,0.0,0.0,0.0,0.0,0.0,0.0,0.0,0.0,0.022427215235779608,0.0,0.0,0.0,0.0,0.0,0.0,0.0,0.0,0.0,0.0,0.0,0.0,0.0,0.0,0.0,0.0,0.0,0.0,0.0,0.0,0.0,0.0,0.0,0.0,0.0,0.0,0.0,0.0
J07A0968,0.09486077315483564,0.12102716491836472,0.27380408969999376,0.20325337197066332,0.25406671496332917,0.06775112399022111,0.23470485141843883,0.10232535292134047,0.221704931329571,0.20818755299784525,0.1540148004562465,0.1728959498833782,0.08885296530835142,0.14363699070873395,0.2843294889867245,0.12439415143169197,0.15829722850120875,0.2051216497981092,0.12918913589755546,0.13326509450887242,0.2332527343582238,0.15389275868240787,0.09718863931592657,0.1849829610053335,0.14039327568858287,0.14039327568858287,0.14237039408711868,0.1314353903251069,0.12729605665982355,0.065483436777765,0.10645631252432332,0.0442847721432588,0.16245599452656767,0.0444439405216,0.06937066471614112,0.0988539509096,0.12310522931805144,0.07526547863184255,0.0494269754548,0.0566474548477924,0.08130679962978768,0.0,0.027426575334874123,0.028910123130689358,0.0,0.12163310920991258,0.0302781333283953,0.031769143805529844,0.0,0.0,0.0,0.0,0.06588875946910026,0.03668516296860088,0.03593927237948631,0.03687699483501197,0.0,0.0,0.0,0.040057384385347956,0.038711246183836874,0.0,0.040531510115805705,0.0,0.040531510115805705,0.0,0.0,0.0,0.0,0.0,0.050429734233332,0.0,0.045225129159257874,0.04837857428424091,0.0,0.0,0.0,0.0,0.0,0.0,0.0,0.06585377688816112,0.0,0.0,0.0,0.0,0.0,0.0,0.0,0.0,0.0,0.0,0.0,0.0,0.0,0.0,0.0,0.0,0.0,0.0,0.0
J07A0969,0.0,0.13979641837514165,0.11069325540113473,0.21912287664602145,0.16434215748451608,0.19173251706526875,0.1897725055196443,0.22062931078141979,0.2757866384767747,0.196387017695811,0.1383665692514184,0.22367426940022664,0.31610824782295577,0.23227770067267428,0.25863402094605475,0.20115979406915369,0.25598500830247434,0.21108534189201886,0.14922417214052439,0.21550513958633988,0.06286612817609419,0.062215617231583496,0.06286612817609419,0.19942595861011342,0.06486635332970474,0.16216588332426185,0.0,0.03542438255992011,0.034308751990866714,0.17649054109521492,0.03443044493376157,0.07161362123708138,0.0750600617430133,0.07187101499587895,0.07478694921549199,0.0,0.0,0.04057100758045341,0.0,0.04580275768825431,0.0,0.0,0.0,0.0,0.0,0.0,0.0,0.0,0.0,0.053029835072673295,0.054794158087697484,0.0,0.0,0.0,0.0,0.0,0.0,0.0,0.0,0.0,0.0,0.0,0.0,0.0,0.0,0.0,0.0,0.0,0.0,0.0,0.0,0.0,0.0,0.0,0.0,0.0,0.0,0.0,0.0,0.0,0.0,0.0,0.0,0.0,0.0,0.0,0.0,0.0,0.0,0.0,0.0,0.0,0.0,0.0,0.0,0.0,0.0,0.0,0.0,0.0,0.0
J07A0970,0.0,0.05290648161600726,0.12218581625622715,0.05182992427338901,0.13821313139570404,0.17276641424463007,0.1539002576214994,0.2087449862893834,0.26093123286172926,0.26544074034102405,0.15709604947229205,0.14108395097601936,0.1812611488310311,0.2747074112145245,0.14500891906482485,0.16313503394792797,0.19734507537164306,0.1711843789401894,0.22589780229792836,0.19418745858818534,0.1189596161788903,0.17659301187128762,0.138786218875372,0.146754039332418,0.16365943991145443,0.04091485997786361,0.020745526131852446,0.11172075951876251,0.06492138273535733,0.22264503569746055,0.10858609750112881,0.11292685402437903,0.21305072527215305,0.15866583019194486,0.07075850725962289,0.07562373120938037,0.07534085739015912,0.025590417976447847,0.050415820806253585,0.08667113169857012,0.05528895915300249,0.05873435215850303,0.0,0.05897700896452553,0.08810152823775454,0.0,0.12353553339537705,0.032404723261539384,0.03183575406446369,0.06689780341494972,0.034561759536070866,0.03391691050446841,0.06720694236244046,0.0,0.03665828021073786,0.0752295258355547,0.0740688242572626,0.03862855332411825,0.0,0.0,0.0,0.04109885828650061,0.0,0.0,0.04134239111745753,0.0,0.0,0.0,0.0,0.0,0.0,0.0,0.0,0.0,0.0,0.0,0.0,0.0,0.0,0.0,0.0,0.0,0.0,0.0,0.0,0.0,0.0,0.0,0.0,0.0,0.0,0.0,0.0,0.0,0.0,0.0,0.0,0.0,0.0,0.0,0.0
J07A0972,0.7184659203174381,0.6001858828776115,0.3060242805902542,0.05345210146681965,0.1069042029336393,0.05345210146681965,0.03527045342790596,0.08969929328354209,0.03587971731341684,0.0364998035016639,0.0,0.0,0.0,0.0,0.0,0.018693427503777147,0.0,0.0,0.0,0.0,0.0,0.0,0.0,0.0,0.0,0.0,0.0,0.023043480990818654,0.0,0.0,0.0,0.0,0.0,0.0,0.0,0.0,0.0,0.0,0.0,0.0,0.0,0.0,0.0,0.0,0.0,0.0,0.0,0.0,0.0,0.0,0.0,0.0,0.0,0.0,0.0,0.0,0.0,0.0,0.0,0.0,0.0,0.0,0.0,0.0,0.0,0.0,0.0,0.0,0.0,0.0,0.0,0.0,0.0,0.0,0.0,0.0,0.0,0.0,0.0,0.0,0.0,0.0,0.0,0.0,0.0,0.0,0.0,0.0,0.0,0.0,0.0,0.0,0.0,0.0,0.0,0.0,0.0,0.0,0.0,0.0,0.0
J07A0973,0.0,0.03657817491321949,0.10861215110616426,0.04777849462934468,0.1194462365733617,0.09555698925868936,0.10640266316189001,0.13229415102333664,0.18040111503182268,0.24469182937441378,0.1810202518436071,0.13411997468180484,0.150383131995832,0.1646021944076146,0.2506385533263867,0.150383131995832,0.23566786118667526,0.21040437017760527,0.13014992165700745,0.1745330513767538,0.12336840918044656,0.18992065141548822,0.10966080816039694,0.18842934019066035,0.19801234203734344,0.11314990973562482,0.1434292094918052,0.12358535614671795,0.17953986889829268,0.07696551358688059,0.1651619711174413,0.15614942036340512,0.1963970249985465,0.12536852222995865,0.11414807683666993,0.06971239271699073,0.03472581525682565,0.03538510807196434,0.12199668725473378,0.15979248507239185,0.09556339586832825,0.10151853520809166,0.11604830194649503,0.06116277109731948,0.10151853520809166,0.12866458546079104,0.12811391564450963,0.11201894354627022,0.0,0.0,0.04779021575445443,0.023449275912029246,0.0,0.05174118918307295,0.02534458812245955,0.026005875561936058,0.0,0.053413568129116386,0.0,0.028248705143211848,0.027299400496390992,0.056829378224327,0.05716612284297344,0.0,0.0,0.029647583477763702,0.03061521494682704,0.03358487176950316,0.03358487176950316,0.0,0.0,0.0,0.03189302941983516,0.0,0.0,0.0,0.0,0.0,0.0,0.0,0.0,0.0,0.0,0.0,0.0,0.0,0.0,0.0,0.0,0.0,0.0,0.0,0.0,0.0,0.0,0.0,0.0,0.0,0.0,0.0,0.0
J07A0974,0.0,0.04242747454694401,0.20996761445307563,0.12469244177903825,0.2701669571879162,0.10391036814919856,0.20569626075924602,0.25109936406871314,0.18832452305153485,0.23415237418181878,0.20996761445307563,0.23335111000819206,0.2616468640185075,0.088118819026777,0.21803905334875628,0.15262733734412937,0.15106407917375536,0.16015821568339106,0.18115499206256325,0.14015286755874382,0.31004248975716014,0.09441055597833535,0.07154826686703696,0.1513118125856621,0.09843297799890205,0.12304122249862755,0.12477397688865963,0.1075111298895389,0.1301565625526024,0.10712789393501541,0.1306182271196587,0.10867177884691213,0.05695083064553004,0.10906236707788601,0.1134872202436948,0.030322597846500512,0.03020917486505833,0.06156543248641778,0.030322597846500512,0.0,0.03325354713931652,0.0,0.03365146285135982,0.10641517462702527,0.07065155785606544,0.03730990841999297,0.03715022624838737,0.03897964472552702,0.0,0.0,0.0,0.040798654905373495,0.0404216187133155,0.0,0.0,0.0,0.044548697908683196,0.0,0.0,0.0,0.0,0.0,0.049730766248355984,0.0,0.049730766248355984,0.051582894568912074,0.0,0.0,0.0,0.0,0.0,0.0,0.0,0.0,0.0,0.0,0.0,0.0,0.0,0.0,0.0,0.0,0.0,0.0,0.0,0.0,0.0,0.0,0.0,0.0,0.0,0.0,0.0,0.0,0.0,0.0,0.0,0.0,0.0,0.0,0.0
J07A0976,0.4485883771455606,0.4769391471983959,0.37572200039555026,0.2669909959423136,0.28606178136676463,0.18117246153228425,0.3114512237973382,0.16321609876434398,0.17281704575048187,0.09766874007473976,0.14450846169059625,0.10706797182004808,0.06002542491131508,0.040431362130840774,0.09003813736697262,0.0500211874260959,0.07921416699461702,0.052489313277246534,0.05194933930391053,0.03215301455765888,0.05471388744357705,0.03248863937260235,0.021885554977430822,0.02314202103058823,0.022581892398497425,0.011290946199248713,0.045799813477369264,0.012332273269399245,0.023887778671525726,0.049153253775277364,0.02397250848293166,0.0,0.013065311603767124,0.01251021094833543,0.02603554467463415,0.0,0.0,0.0,0.027825700521637048,0.015945292013154665,0.0,0.016208448730563464,0.015440226001694618,0.0,0.016208448730563464,0.0,0.03409111168942895,0.0,0.0,0.0,0.0,0.0,0.0,0.0,0.0,0.0,0.020440180173727392,0.0,0.0,0.0,0.021793110608514948,0.0,0.0,0.0,0.022817857087037003,0.023667665013065085,0.0,0.0,0.0,0.0,0.0,0.0,0.0,0.027235486438536037,0.0,0.0,0.02863933947748047,0.0,0.0,0.0,0.0,0.0,0.0,0.0,0.0,0.03438606271834396,0.0,0.0,0.0,0.0,0.0,0.0,0.0,0.0,0.0,0.0,0.0,0.0,0.0,0.0,0.0
J07A0977,0.06153519265396122,0.16823369499314939,0.1387608225783585,0.1373420200668632,0.3982918581939033,0.1373420200668632,0.16312562726548083,0.15211484652692536,0.13828622411538669,0.07033806820589471,0.23589339838320944,0.15421422041038696,0.11527598091996831,0.043676163504926084,0.1440949761499604,0.17291397137995246,0.24245248557395446,0.1663253394691205,0.07482468123195685,0.2315562716639008,0.09456788267454198,0.06239289064534151,0.12609051023272264,0.18332800829300674,0.09757676938567303,0.06505117959044869,0.16491819192728738,0.19538925258219625,0.1032195278161258,0.10619605353590376,0.03452854895944207,0.1256809273205165,0.09409241667434178,0.1261326498522552,0.05625003196623601,0.10019613336211668,0.11978561449891911,0.04068660815364419,0.12023536003454001,0.183733061174074,0.13185717902408228,0.02334566764042816,0.11119583080426246,0.023442118608829093,0.04669133528085632,0.07397074443361537,0.09820554406213754,0.0,0.10123233251514212,0.0,0.05495028524500022,0.0539250296242748,0.0801400312693737,0.029746602517277503,0.02914178822505916,0.0,0.0,0.0921242170069495,0.030708072335649837,0.0,0.0627789525789853,0.03267186069809387,0.0,0.03567422426169994,0.0,0.0,0.07040415146099585,0.0,0.0,0.04020140856725974,0.0,0.04020140856725974,0.0,0.0,0.0,0.0,0.0,0.0,0.07973834621528435,0.0,0.0,0.0,0.0,0.04707449197531109,0.0,0.0,0.0,0.0,0.0,0.0,0.0,0.0,0.0,0.0,0.0,0.0,0.0,0.0,0.0,0.0,0.0
J07A0978,0.07532796910713938,0.09152993619611684,0.12456642078804603,0.21296021021645753,0.1457096175165236,0.2241686423331132,0.21078319571118834,0.11285488264344436,0.20313878875819985,0.27553267522419866,0.31707816200593536,0.2059423564412629,0.30574799832770294,0.16633846872006752,0.1881526143555095,0.1881526143555095,0.16294730803503485,0.19743636700809328,0.2564694265664703,0.15117778234903959,0.10290200506807108,0.12729652567724214,0.1672157582356155,0.054404843007882196,0.1327200754352085,0.09290405280464598,0.09421239404248452,0.028992082855043285,0.09827659311815647,0.014444368598122526,0.112714490994123,0.08791521081319731,0.10750386882777822,0.058820797175844416,0.030603630486204136,0.08176969863949314,0.1303421369036111,0.04980628856249628,0.0,0.05622895516842854,0.035869387471890404,0.01905231413069022,0.036298604625676655,0.05739308224163336,0.05715694239207065,0.0,0.020036296494762282,0.021022959961517287,0.0,0.0,0.02242236358761885,0.022004009903090035,0.06540198694268065,0.04855218743014345,0.0,0.0,0.04805305430906866,0.0,0.02506074572369903,0.0,0.0,0.0,0.0,0.0,0.0,0.0,0.0,0.0,0.0,0.0,0.0,0.0,0.0,0.0,0.0,0.0,0.0,0.0,0.0,0.0,0.0,0.0,0.0,0.0,0.0,0.0,0.0,0.0,0.0,0.0,0.0,0.0,0.0,0.0,0.0,0.0,0.0,0.0,0.0,0.0,0.0
J07A0980,0.11090910497517542,0.20214609703948797,0.2751079792138032,0.2227868619195106,0.23516390980392785,0.25991800557276235,0.24501043682255516,0.2367806234331244,0.1993942092068416,0.1774851852333482,0.1375539896069016,0.17687783490955197,0.2597122743416418,0.18368128306809162,0.19478420575623132,0.16881297832206713,0.14137871983441236,0.09538441350481573,0.21577866108992963,0.06955829592249489,0.14203849285903544,0.05622749649296306,0.1278346435731319,0.0600772115175802,0.07327888110434419,0.08793465732521304,0.05944867732400671,0.0,0.17053634199032028,0.0797518510789174,0.031116587890756567,0.048540721961755254,0.03391784527916234,0.12990716554604936,0.05069164839771279,0.03611807485728353,0.035982973644814766,0.0916653361307439,0.05417711228592529,0.04139433974749636,0.11882762594366424,0.04207750055497915,0.0,0.0,0.10519375138744788,0.02222042570450835,0.04425064961111599,0.04642971994793587,0.04561449680080348,0.0,0.0,0.024298196338722017,0.0722209418499045,0.05361434520561576,0.05252424685810026,0.05389470214217905,0.0,0.05534726830891989,0.08302090246337983,0.029271376500470757,0.0,0.029443369490011157,0.0,0.06429810508270391,0.029617837283613304,0.06144179521908427,0.03172355967497358,0.0,0.0,0.0,0.0,0.0,0.0,0.0353519702836111,0.0,0.0,0.0,0.0,0.07185894956622481,0.0,0.0,0.0,0.0,0.0,0.0,0.0,0.0,0.0,0.0,0.0466040905671684,0.0,0.0,0.0,0.0,0.0,0.0,0.0,0.0,0.0,0.0,0.0
J07A0981,0.01297306135697557,0.07093521457647847,0.3159435754766535,0.2779672121461282,0.2548032778006175,0.23163934345510684,0.3209799305832484,0.2915397828299317,0.18658546101115628,0.16608383584029612,0.1989274364112263,0.39014368017063167,0.1458172771347316,0.17188190678510748,0.20657447594086975,0.12151439761227634,0.0962158465243417,0.17851415884011684,0.1892975655924907,0.05207199050955717,0.09303992550133963,0.09207718942117976,0.07974850757257683,0.042163464470190204,0.10971451070820071,0.041142941515575265,0.013907448602853744,0.059916560746786224,0.07253698844750676,0.07462872647728983,0.02911771068872027,0.0151408492437765,0.01586951001007413,0.015195268501327255,0.03162353485030614,0.0,0.0,0.017155381862624927,0.05069686583343215,0.03873523707514986,0.0741295595820111,0.0,0.0,0.019768592893501677,0.0,0.0,0.0,0.021723576465848653,0.0,0.0,0.023169616972696913,0.0,0.0,0.0,0.0,0.0,0.0,0.025895926502096326,0.0,0.0,0.0,0.0,0.0,0.030083851548955706,0.0,0.0,0.0,0.0,0.0,0.0,0.0,0.0,0.0,0.0,0.0,0.0,0.0,0.0,0.0,0.0,0.0,0.0,0.0,0.0,0.0,0.0,0.0,0.0,0.0,0.0,0.0,0.0,0.0,0.0,0.0,0.0,0.0,0.0,0.0,0.0,0.0
J07A0983,0.24896352974723993,0.26318545619684963,0.5030220738742294,0.2933928470089224,0.2933928470089224,0.24893938534090385,0.255194374890304,0.13427721595915718,0.25960261752103725,0.17302393463602397,0.17965074066936762,0.13613040837768084,0.08395054108198027,0.1696398517418445,0.2145402716539496,0.10260621687797589,0.09232299188748809,0.06851661897181704,0.07749916239407983,0.059958214340457526,0.020405843967499664,0.05048673325376458,0.051014609918749156,0.032366038060019205,0.042110202208698974,0.042110202208698974,0.05337903519716326,0.045993888546018415,0.04454538939533375,0.06874490695352946,0.022351695815652144,0.011622605235192443,0.0,0.0,0.04855049486177743,0.025944368498602967,0.038770983708521216,0.013169025583570049,0.012972184249301483,0.044601629865753,0.014226061454817931,0.0,0.043188876353159524,0.015175010830442181,0.01511257430264731,0.0,0.031786167018861465,0.0,0.016382923488511194,0.0,0.017785746835499362,0.017453902572442438,0.0,0.0,0.018864632472560205,0.0,0.0,0.0,0.0,0.0,0.0,0.021149788046782567,0.0,0.02309333676585983,0.0,0.0,0.0,0.0,0.0,0.0,0.0,0.0,0.0,0.0,0.0,0.0,0.0,0.0,0.0,0.0,0.0,0.0,0.0,0.0,0.0,0.0,0.0,0.0,0.0,0.0,0.0,0.0,0.0,0.0,0.0,0.0,0.0,0.0,0.0,0.0,0.0
J07A0985,0.06771709453453732,0.3085577682299999,0.30540181431036706,0.17129151264539869,0.34258302529079737,0.3022791399624683,0.2991890506370036,0.21305008191764002,0.23334056590979618,0.27865554443124485,0.17306102810920798,0.17484940199699994,0.17971372794220683,0.13885133928270074,0.11628535337436913,0.09514256185175657,0.1883361624000773,0.077651038032423,0.12076777040619983,0.11325275658114702,0.04625257316493603,0.1258784228742159,0.11563143291234006,0.09781593585409032,0.07158630188551152,0.09544840251401536,0.0725944313265179,0.09121988466588189,0.037863029926311846,0.0519398404308267,0.07599465974456239,0.026344188452293468,0.041418023086399254,0.026438874764353557,0.04126732002664437,0.01470159484840375,0.014646602900546835,0.0298493568942849,0.0,0.03369851878260587,0.0,0.01712733493789855,0.0,0.0,0.01712733493789855,0.0,0.05403569749483301,0.01889887360543394,0.0,0.0,0.0,0.0,0.0,0.021823322100913974,0.021379605642785657,0.02193743931537182,0.0,0.0,0.0,0.047658787979750414,0.0,0.0,0.024111442581044525,0.0,0.024111442581044525,0.0,0.0,0.0,0.0,0.0,0.0,0.0,0.0,0.0,0.0,0.0,0.0,0.031696051158741446,0.0,0.034535769270370026,0.0,0.0,0.0,0.0,0.0,0.0,0.0,0.0,0.0,0.03793969974890051,0.0,0.0,0.0,0.0,0.0,0.0,0.0,0.0,0.0,0.0,0.0
J07A0986,0.1012926687907087,0.32308308595441465,0.3654612181772679,0.26225022484900845,0.3436382256642179,0.3074657808574581,0.3311746707240627,0.2094214657666633,0.2367373091275324,0.13893962798602197,0.11877489590761207,0.17538796094668224,0.24668152688928593,0.07668804312930175,0.1423162655130496,0.12334076344464297,0.07512459554635063,0.029867675796377183,0.10838819815674595,0.06098611664764943,0.13491188425475906,0.11297497168539886,0.020755674500732162,0.054868183180106625,0.06424818681323549,0.04283212454215699,0.06515297567579313,0.0701735871256701,0.03398179478402633,0.034961722597289094,0.045469770682157955,0.05910929523335921,0.01239079178837728,0.01186434918588606,0.03703712046186916,0.0,0.0,0.01339479067563829,0.026389149527052576,0.015122088116360564,0.07234973997005256,0.01537165890288395,0.014643097030867957,0.0,0.01537165890288395,0.03247006595938682,0.03233109776396253,0.0,0.016663786503489708,0.017508156260440166,0.0,0.0,0.0,0.0,0.03837608204787017,0.0,0.0,0.0,0.0,0.0,0.0,0.0,0.0,0.023489240720030283,0.0,0.022445779954409585,0.0,0.0,0.0,0.0,0.0,0.0,0.0,0.0,0.0,0.0,0.0,0.0,0.0,0.0,0.0,0.0,0.0,0.0,0.0,0.03261082142443763,0.0,0.0,0.0,0.0,0.0,0.0,0.0,0.0,0.0,0.0,0.0,0.0,0.0,0.0,0.0
J07A0987,0.0,0.10457149185405495,0.1330739050375823,0.16098286130117717,0.2780613058838514,0.2195220835925143,0.2317631887473055,0.2505020971721681,0.23576667969145235,0.29980160538220824,0.2365758311779241,0.32865326011274415,0.26102450875670646,0.17064730731493158,0.19960697728454024,0.19960697728454024,0.1519711835116541,0.16111992817646775,0.17540868082185934,0.1151454696494324,0.1511535845733249,0.08310528555619298,0.1511535845733249,0.0532771415765931,0.13863366289883722,0.06931683144941861,0.08786625073317751,0.05678227221957699,0.10998802261488119,0.05657986519142614,0.055189074744297094,0.05739527187009363,0.020052482455649282,0.03840104134763032,0.01997951976364818,0.0,0.021273401708628775,0.021677291460282667,0.0,0.0,0.023417258819264927,0.0,0.0,0.0,0.0,0.0,0.0,0.0,0.0,0.0,0.0,0.0,0.0,0.0,0.0,0.03186294884782785,0.0,0.06544343354349656,0.0,0.0,0.0,0.034814278163853296,0.0,0.0,0.0,0.0,0.0,0.0411488953219028,0.0,0.0,0.0,0.0,0.0,0.0,0.0,0.0,0.0,0.0,0.0,0.0,0.0,0.0,0.0,0.0,0.0,0.0,0.0,0.0,0.0,0.0,0.0,0.0,0.0,0.0,0.0,0.0,0.0,0.0,0.0,0.0,0.0
J07A0988,0.027204323087669444,0.03718753119505718,0.18403587052503226,0.23072857660505125,0.3764518881450837,0.21858496731004856,0.3004867402303762,0.2323147980399369,0.28122317657466045,0.21145293062546502,0.18403587052503226,0.2355210309020288,0.16562906371638902,0.11585374924227844,0.178369760925342,0.11466627488057701,0.12610202899383474,0.17380146814929595,0.14554989994581544,0.1637913228027352,0.0975516928404174,0.20687629496438667,0.11148764896047703,0.029472059533729413,0.08627615664246993,0.10065551608288159,0.04374557955594922,0.07852760385567674,0.13689811939603025,0.10954675628143094,0.030529710272406436,0.06350028621855182,0.06655626851327995,0.03186425950970485,0.08289262221627856,0.07087373235530828,0.08826078263887704,0.05396188355714317,0.0,0.02030680876459515,0.09715538769745208,0.020641946755867464,0.05899077604346304,0.020727227493387953,0.0,0.0,0.0,0.04555402742151325,0.0,0.047021916320769915,0.0,0.02383991769816101,0.02361960377338241,0.0789047194691838,0.0,0.02643910777420337,0.0,0.027151692720499353,0.0,0.028719300682044365,0.0,0.028888049780049205,0.0,0.0,0.0,0.0,0.0,0.0,0.0,0.0,0.0,0.0,0.0,0.0,0.0,0.0,0.0,0.0,0.0,0.0,0.0,0.0,0.0,0.0,0.0,0.0,0.0,0.0,0.0,0.0,0.0,0.0,0.0,0.0,0.0,0.0,0.0,0.0,0.0,0.0,0.0
J07A0989,0.2063149676727856,0.3428559359596938,0.536390635552211,0.23836602441379376,0.34671421732915453,0.24920084370532983,0.21448117776573425,0.15273029676551278,0.2072768313246245,0.12207630028321251,0.2298817009509476,0.11059868901925608,0.0795728880826178,0.1263380458416591,0.19324844248635753,0.0795728880826178,0.07875787702627643,0.10735604020377104,0.08264016060201407,0.09742569615441471,0.024867988181694674,0.0369159978255237,0.024867988181694674,0.02629567795208618,0.025659218323009957,0.07697765496902988,0.013010284882580828,0.042038526265352816,0.06785765751691429,0.04188867503826019,0.0136196696463464,0.014164119361571468,0.0,0.0,0.0,0.0,0.0,0.016048695319744812,0.01580881070717716,0.0,0.017336873137613357,0.018417239676623152,0.0,0.0,0.0,0.01945167372200779,0.0,0.0,0.0,0.0,0.0,0.0,0.0,0.0,0.0,0.0,0.0,0.0,0.0,0.0,0.0,0.025774610451320696,0.0,0.0,0.0,0.0,0.0,0.0,0.0,0.0,0.0,0.0,0.0,0.0,0.0,0.0,0.0,0.0,0.0,0.0,0.0,0.0,0.0,0.0,0.0,0.0,0.0,0.0,0.0,0.0,0.0,0.0,0.0,0.0,0.0,0.0,0.0,0.0,0.0,0.0,0.0
J07A0990,0.02677210799183097,0.0,0.0,0.07170404903853823,0.023901349679512747,0.09560539871805099,0.21291313414481466,0.12032833785436597,0.12032833785436597,0.1958526327953585,0.09659304386661982,0.09759121473894583,0.2006124220595884,0.20268994754022943,0.2758420803319341,0.1003062110297942,0.1985576852521443,0.21051096166700486,0.13021585600040037,0.13432420795977656,0.10971636265701083,0.3257431984990244,0.13714545332126352,0.2030267066837682,0.11320723182163457,0.028301807955408643,0.1435018711625216,0.12364796486139691,0.2694462365071898,0.09240540545821985,0.15022331151894092,0.18747423135764027,0.06549884010819101,0.25086406860392185,0.16315129228163963,0.13949541845137592,0.0,0.03540303427458443,0.06974770922568796,0.03996835910698452,0.038244723429319075,0.12188395776556371,0.07740472824450173,0.04079583756125496,0.0,0.08581984488558728,0.12817881854110744,0.044830277072557066,0.08808627458439791,0.0,0.0,0.0,0.0,0.0,0.0,0.0,0.05123521480327985,0.053440627604051355,0.0,0.0,0.054626460910265344,0.0,0.0,0.0,0.0,0.0,0.061261449414367605,0.0,0.06720377193395062,0.0699616856740019,0.0,0.0,0.0,0.0,0.0,0.0,0.0,0.0,0.0,0.0,0.0,0.0,0.0,0.0,0.0,0.0,0.0,0.0,0.0,0.0,0.0,0.0,0.0,0.0,0.0,0.0,0.0,0.0,0.0,0.0,0.0
J07A0991,0.0,0.013797871216728127,0.027313490938063248,0.01351710789402826,0.0675855394701413,0.09461975525819782,0.1337892743334653,0.12249032230950875,0.09527025068517347,0.055380997398100235,0.12291070922128462,0.12418084095055314,0.08509037534142315,0.21492891039679213,0.12763556301213475,0.09927210456499368,0.12632827861485055,0.14881478556039435,0.20619743388057554,0.18231688196204365,0.2792191944168158,0.19957163593153138,0.1396095972084079,0.11481920211250889,0.28810317172298894,0.12804585409910618,0.17854249501881014,0.08740944048764014,0.13545060655454405,0.10451743121777118,0.10194828679856231,0.1413649268955091,0.05556306864764714,0.07093651043816801,0.11072179523207683,0.17750223130615667,0.13754088178090854,0.16017392841232853,0.17750223130615667,0.04520720625743261,0.08651529054269125,0.09190658713193889,0.13132581346471428,0.16150101217538565,0.09190658713193889,0.07280150190189391,0.1208165329002556,0.15211919834678272,0.04981608543056046,0.052340313398700634,0.08112254364352835,0.026536323088342955,0.07887327190699182,0.029276403209379128,0.057362298220351736,0.1471474681554587,0.05795086350820386,0.06044535048727618,0.09066802573091427,0.06393517388936167,0.0,0.06431084469848264,0.09703788154227296,0.0,0.06469192102818197,0.03355062462935016,0.0,0.0,0.11401874558935754,0.07913190396224132,0.0,0.03956595198112066,0.0,0.03860826919734834,0.03956595198112066,0.0,0.040598332277859105,0.0,0.03923896810890978,0.0,0.0867509760771631,0.0,0.04633039377002521,0.04633039377002521,0.0,0.0,0.0501399298274861,0.04942396227622218,0.0,0.0,0.0,0.0,0.0,0.0,0.0,0.0,0.0,0.0,0.0,0.0,0.0
J07A0992,0.014767608753608637,0.09420552672260032,0.19980425344788683,0.2241294661811796,0.14502494870546917,0.2241294661811796,0.2870848231687893,0.3053186679718532,0.3053186679718532,0.35110772487350717,0.17316368632150192,0.17495312105625774,0.1521556659403305,0.12578021779370216,0.2213173322768444,0.08299399960381665,0.19166921299252795,0.1596632712538032,0.186751813504711,0.11855008801808915,0.12104002554316325,0.11978755678734726,0.15130003192895405,0.11199039581621296,0.10927978436473558,0.12489118213112638,0.0633249944871133,0.08525592982864034,0.08257093958642461,0.05097121507734647,0.08286381822679431,0.017235264034979436,0.09032359768122075,0.06918884416220727,0.12599292644099985,0.0384731333677463,0.05749383443643951,0.0,0.01923656668387315,0.044093434106554356,0.042191904549801394,0.04482114002559236,0.0,0.022503157691737004,0.02241057001279618,0.04733859182670428,0.0,0.0,0.02429438204907607,0.0,0.0,0.0,0.025643355750223987,0.0,0.0,0.0,0.02826156262528165,0.0,0.0,0.031179999942134953,0.0,0.0,0.03154905150341575,0.034245313211113466,0.0,0.0,0.0,0.0,0.0,0.0,0.03925366407728607,0.0,0.035202486288258374,0.0,0.0,0.0,0.0,0.0,0.0,0.0,0.0,0.0,0.0,0.0,0.0,0.0,0.0,0.0,0.0,0.0,0.0,0.0,0.0,0.0,0.0,0.0,0.0,0.0,0.0,0.0,0.0
J07A0993,0.42147064483092134,0.49931986943210793,0.4485931435296413,0.24081701185015117,0.26339360671110285,0.1881382905079306,0.20111222314291202,0.2424725896364073,0.15154536852275455,0.16958087313746262,0.12165237790634341,0.07681844145109354,0.08685109107170604,0.05584123599980904,0.04737332240274875,0.04737332240274875,0.07033216444741906,0.02485539916716004,0.06559921041698524,0.02537583244284737,0.017272538319232672,0.059828334009530734,0.017272538319232672,0.027396251462267974,0.02673315359213412,0.01782210239475608,0.009036542985971327,0.019465776657581726,0.009426367594762109,0.0,0.018919605731112017,0.009837960861305848,0.01031141753368846,0.0,0.020547797098061225,0.010980312791133278,0.0,0.0,0.010980312791133278,0.0,0.0,0.025584094356545357,0.0,0.012844896613001984,0.012792047178272679,0.013510533191579424,0.0,0.0,0.0,0.014570005898719337,0.0,0.0,0.0,0.0,0.015967978966197224,0.0,0.016131818254862998,0.0,0.0,0.0,0.03439915857459688,0.0,0.018008330668564474,0.0,0.0,0.0,0.0,0.0,0.0,0.0,0.0,0.0,0.0,0.0,0.0,0.0,0.0,0.0,0.0,0.0,0.024148923670665384,0.0,0.0,0.0,0.0,0.0,0.0,0.0,0.0,0.0,0.0,0.0,0.0,0.0,0.0,0.0,0.0,0.0,0.0,0.0,0.0
J07A0994,0.17063739745043457,0.2488068687331081,0.38991491545685586,0.29452408473567543,0.29452408473567543,0.19296405551647697,0.2814610906987727,0.25564559475195536,0.23519394717179892,0.21845355330208902,0.15391378241717993,0.2384399158692286,0.1172089865804047,0.1291885015112867,0.1917965234952077,0.1172089865804047,0.10546226775003646,0.14535449679565926,0.1106609151159299,0.06849138145667445,0.09323989771859065,0.06920631931064758,0.1515148337927098,0.09859286986867274,0.07215489873455648,0.024051632911518826,0.04878069037504646,0.07880950924906444,0.06360628169911205,0.05235238904461176,0.06383189280873869,0.0398301532545857,0.013915666279116782,0.039973310836657144,0.013865032923622822,0.044455100749005674,0.04428881453260728,0.0,0.02963673383267045,0.016983089964279847,0.04875208238501018,0.0,0.0,0.05200408985640834,0.0,0.0,0.01815496437212437,0.01904898388770183,0.018714517674853246,0.0196627999117417,0.0,0.0,0.01975366294399604,0.0,0.021549419924039543,0.02211168436704084,0.0,0.0,0.0,0.0,0.0,0.0,0.0,0.0,0.0,0.0,0.0,0.0,0.0,0.0,0.0,0.0,0.0,0.0,0.0,0.0,0.0,0.0,0.0,0.0,0.0,0.0,0.0,0.0,0.0,0.0,0.0,0.0,0.0,0.0,0.0,0.0,0.0,0.0,0.0,0.0,0.0,0.0,0.0,0.0,0.0
J07A0997,0.44529347976965655,0.4058022963611329,0.21198285090698013,0.20981536735022246,0.30920159398980157,0.17668662513702946,0.24046058059830183,0.15566365232756937,0.12230715540023308,0.18097587153454445,0.18966886660098223,0.20290114818056645,0.12744470212492506,0.12876450881146506,0.1506164661476387,0.06951529206814094,0.11467215689645356,0.07294528840033829,0.084227356985999,0.0620605407666597,0.03801840841386543,0.08779169164587666,0.08870961963235269,0.08040214725836028,0.09153211272527598,0.06538008051805426,0.06630080951633428,0.08569184602554784,0.09682531523638044,0.08538638745172185,0.05552500232223581,0.028872314118670892,0.07565452085004193,0.043464130534309225,0.030151698132655044,0.04833730960555668,0.016052167273317895,0.04907078519724225,0.04833730960555668,0.07386480865692598,0.08834923553785716,0.018770963289994346,0.07152514599883006,0.018848514192158442,0.0,0.0,0.0,0.04142501608757232,0.06104649993319007,0.0,0.02209124628593616,0.0,0.021478725848779134,0.023917601863179306,0.04686260812092523,0.0,0.023671720721700984,0.0,0.04938133339316249,0.07834856060711355,0.025238546020498746,0.0,0.026425302313444723,0.0,0.0,0.02740946271325769,0.02830404687696731,0.0,0.0,0.0,0.0,0.0,0.0,0.0,0.0,0.0,0.0,0.0,0.0,0.0,0.0,0.0,0.0,0.0,0.0,0.0,0.0,0.0,0.0,0.0,0.0,0.0,0.0,0.0,0.0,0.0,0.0,0.0,0.0,0.0,0.0
J07A0998,0.03596379149906086,0.13109726361788396,0.24329323154195154,0.2247518983853268,0.2247518983853268,0.32107414055046685,0.1906751500761448,0.3232814730422735,0.24246110478170513,0.14799084291591055,0.2757323290808784,0.11471010566564846,0.2358027020552447,0.22122717976839107,0.10105830088081917,0.13474440117442557,0.16670538221913597,0.2120893600151613,0.08746147102983226,0.09022090845098805,0.09211584104238445,0.1458602671684864,0.07369267283390757,0.09740428025935453,0.13306539486277058,0.038018684246505875,0.13493931680882723,0.0415250232528884,0.02010863170005149,0.062065503700710234,0.12107974139535438,0.08394662298102884,0.021996648805167596,0.042124172014351896,0.043833224191457756,0.0702706732944364,0.02333594093952832,0.02377898937718618,0.04684711552962426,0.16107215770104272,0.05137530670991485,0.0,0.10398013889963927,0.027401148175000084,0.08186522416349493,0.028821105615672533,0.0,0.0,0.08874674009744421,0.0,0.0642305814325875,0.0,0.0,0.0,0.0,0.0,0.0,0.035894214779753256,0.035894214779753256,0.0,0.0,0.0,0.0,0.0,0.0,0.03984668189472324,0.0,0.0,0.0,0.0,0.0,0.0,0.0,0.0,0.0,0.0,0.0,0.0,0.0,0.0,0.0,0.0,0.0,0.0,0.0,0.0,0.0,0.0,0.0,0.0,0.0,0.0,0.0,0.0,0.0,0.0,0.0,0.0,0.0,0.0,0.0
J07A0999,0.4969104929886838,0.4528416163763718,0.4685830935157163,0.2218135280188919,0.2218135280188919,0.2218135280188919,0.15966982492866236,0.1725797190482773,0.16242797086896688,0.06196316607065016,0.08149271191577676,0.0720429844235137,0.13751627810191908,0.053438609687594014,0.0740472266702641,0.08462540190887327,0.07328881121140804,0.08880095536657343,0.04394371609019775,0.05666269300766792,0.06942335268055846,0.06870499047131234,0.06942335268055846,0.03670449959811868,0.02387740348663748,0.04775480697327496,0.036320493209129216,0.013039769190491449,0.025258207756647763,0.012993287413231566,0.0,0.03954162462453336,0.04144458462602791,0.026455830117783283,0.013764594973271151,0.0,0.0,0.0,0.029422046076956584,0.0,0.0,0.0,0.01632602350863495,0.0,0.01713831876454661,0.018100920149009454,0.018023450266078718,0.0,0.0,0.039040726165816775,0.0,0.019793487196913834,0.01961056790563862,0.0,0.0,0.0,0.02161282237710652,0.0,0.0,0.0,0.0,0.0,0.0,0.0,0.0,0.0,0.0,0.0,0.0,0.0,0.0,0.0,0.0,0.028797971727605936,0.0,0.0,0.0,0.0,0.0,0.0,0.0,0.0,0.0,0.0,0.0,0.0,0.0,0.0,0.0,0.0,0.0,0.0,0.0,0.0,0.0,0.0,0.0,0.0,0.0,0.0,0.0
J07A1000,0.014123803732537351,0.10296978955959381,0.1273957577338315,0.08826521256504415,0.10087452864576474,0.13870247688792653,0.17472581902203213,0.1269600307780082,0.1904400461670123,0.1162387797522221,0.21657278814751355,0.1415834606444415,0.15875162742189394,0.12029673450821508,0.1322930228515783,0.0926051159961048,0.15712564230713105,0.19434880276590338,0.17861022760312611,0.17007271152481257,0.1591743924476532,0.20048932412227338,0.10129279519396113,0.10710809020118776,0.1493080712807994,0.10451564989655959,0.18169288103900574,0.16307826676955373,0.17373663408970932,0.09749817316706368,0.07925130768906001,0.13187103779358997,0.13821739590759322,0.11580188272399465,0.15492878995101553,0.14718347261983075,0.09164557906876646,0.13073974430708557,0.14718347261983075,0.12651344295582623,0.12105755012321685,0.107167821709007,0.14292382822834174,0.06456634677352882,0.0857342573672056,0.06791224541735855,0.06762158871821089,0.14190306602108438,0.06970575052252412,0.07323780655399252,0.1261240942580141,0.07426253191088283,0.12262707175638485,0.1092409484832991,0.05350991906312434,0.054906092368165786,0.0,0.08457887617817186,0.08457887617817186,0.02982068437150517,0.057637105956328205,0.0,0.030173646852139867,0.03275236300087132,0.0,0.0,0.0,0.0,0.03545379710745764,0.0,0.0,0.03690875285422357,0.06733561479426432,0.0,0.0,0.07857018658755445,0.0,0.0,0.07320745760787284,0.0,0.0,0.0,0.08643780663296888,0.0,0.0,0.0,0.0,0.0,0.0,0.0,0.0,0.0,0.0,0.0,0.0,0.0,0.0,0.0,0.0,0.0,0.0
J07A1001,0.0,0.060188356339050036,0.08935911741137742,0.05896362517232427,0.0442227188792432,0.16214996922389177,0.102131507716096,0.05936899050462553,0.14842247626156382,0.1207900535325941,0.13403867611706613,0.1504708908476251,0.216519806216242,0.15625861945576064,0.20105410577222474,0.1391913039961556,0.10715107043762707,0.1298304238550833,0.19274222655172207,0.24852913190813994,0.25374905221319904,0.18415713728774405,0.20299924177055925,0.16099018486482183,0.2792774832146366,0.12218389890640352,0.19470719691213786,0.22877574962819291,0.20310660993798818,0.0949834382505848,0.11117837885289715,0.07708184164955807,0.16158288586823044,0.07735888929237361,0.020124369070088084,0.021508083427067202,0.06428289454778907,0.08733779769428072,0.17206466741653761,0.049300131095884034,0.11793515676640386,0.10022753382233002,0.14321565865441113,0.0,0.07517065036674751,0.026464243829492896,0.10540391948336343,0.055297204742029135,0.1358157109081809,0.08561857253890857,0.0,0.028938842175033785,0.0,0.0,0.0,0.0,0.0,0.0,0.06591789119172636,0.0,0.06738059165680498,0.0,0.03527446674510643,0.0,0.03527446674510643,0.03658819753551599,0.07556471055436469,0.0,0.0,0.0,0.0,0.0,0.0,0.0,0.0,0.0,0.0,0.0,0.0,0.0,0.0,0.0,0.0,0.0,0.0,0.0,0.0,0.0,0.0,0.0,0.0,0.0,0.056380362983300854,0.0,0.0,0.0,0.0,0.0,0.0,0.0,0.0
J07A1003,0.13523653186555445,0.2464859589291347,0.2592126855498781,0.21128658854437538,0.28674608445308086,0.25656228608959863,0.4033157455208069,0.21273914947369033,0.12156522827068018,0.17004097316079916,0.18297366038814922,0.184864469196851,0.15833951267003948,0.1759771897764794,0.23750926900505923,0.1266716101360316,0.15671774856682127,0.14953701503558312,0.16444297890898196,0.1187418452903242,0.10391640886453322,0.1371215036473866,0.08659700738711101,0.018313721248605808,0.08935228304076524,0.017870456608153052,0.054366363431743905,0.11711154253237822,0.11342331404689598,0.05834704239395874,0.11382562587925087,0.039458611288509624,0.062036364348982916,0.01980021673701228,0.08241418622801307,0.06606062481235589,0.021937840734642992,0.044708690610700694,0.022020208270785296,0.0,0.048297315253589615,0.0,0.0,0.0,0.02565350809521003,0.05418875771338224,0.0,0.028306937931981392,0.0,0.029219073308680926,0.0,0.0,0.0,0.03268720861769187,0.03202260529254843,0.032858134619636235,0.0,0.03374372471947179,0.0,0.0,0.0,0.0,0.0,0.0,0.0,0.0,0.0,0.0,0.04243411205892122,0.0,0.0,0.0,0.0,0.0,0.0,0.0,0.0,0.0,0.0,0.0,0.0,0.0,0.0,0.0,0.0,0.0,0.0,0.0,0.0,0.0,0.0,0.0,0.0,0.0,0.0,0.0,0.0,0.0,0.0,0.0,0.0
J07A1004,0.2877332683647545,0.49165393027275694,0.4001140976787752,0.28898976302791435,0.23547314024496727,0.21406649113178844,0.3072233429046953,0.24786888795510917,0.12932289806353522,0.1754105372441031,0.1297667343823055,0.0983307860545514,0.08983676203138362,0.11345888004081667,0.12352554779315247,0.10106635728530658,0.07780204694864683,0.08248577083290827,0.06997475479208051,0.060152067263073906,0.07369854764057791,0.06077995633417278,0.061415456367148256,0.025976545430397208,0.03802171510983624,0.02534781007322416,0.03855716406292067,0.0,0.05362729271328373,0.0,0.026908754203635265,0.01399221920605548,0.02933120318134339,0.028085020112439817,0.0,0.015616950066235409,0.0,0.03170784672915269,0.015616950066235409,0.03579666631822549,0.0,0.018193722330873,0.01733140470568597,0.0,0.0,0.0,0.01913336156774478,0.0,0.01972307000440665,0.0,0.02141190063929708,0.0,0.04163643261951634,0.0,0.0,0.0,0.0,0.0,0.0,0.0,0.02446241523346202,0.0,0.02561267663106352,0.0,0.0,0.0,0.0,0.030094693064661792,0.030094693064661792,0.0,0.0,0.03132972147329382,0.0,0.0,0.0,0.0,0.0,0.0,0.0,0.0,0.0,0.0,0.0,0.0,0.0,0.0,0.0,0.0,0.0,0.0,0.0,0.0,0.0,0.0,0.0,0.0,0.0,0.0,0.0,0.0,0.0
J07A1006,0.11481037053828008,0.36619914605784193,0.279607087113324,0.29724802246916165,0.3689975451341317,0.2767481588505988,0.28406421392433384,0.19608757004198502,0.20640796846524737,0.23097270379207147,0.18640472474221598,0.16740532391215632,0.1720625549416661,0.13038331528794253,0.11829300652239545,0.07527736778697892,0.1170814115869004,0.09027619909023671,0.10051593706206732,0.057604026148514814,0.0823394573395672,0.1280516992552783,0.1176277961993817,0.07462853748698661,0.06068519257533226,0.04854815406026581,0.08615572673091702,0.06628198957275278,0.06419455124916415,0.0660457196947622,0.06442224894744841,0.026799017812515404,0.028088733636303678,0.026895338872778653,0.02798653034922741,0.02991083235896432,0.04469842440605791,0.0,0.04486624853844648,0.03428031980358153,0.06560396169616477,0.0,0.01659724653336559,0.017495018428344677,0.0,0.018401629400752573,0.03664574503273808,0.038450320935538934,0.0,0.0,0.0,0.02012231494022039,0.0,0.04440019845513513,0.0,0.0,0.0,0.0,0.0,0.0,0.0,0.0,0.0,0.0,0.02452772384258438,0.0,0.0,0.0,0.028819882093936128,0.0,0.0,0.0,0.0,0.0,0.0,0.0,0.0,0.0,0.0,0.0,0.0,0.0,0.0,0.0,0.0,0.0,0.0,0.0,0.0,0.0,0.0,0.0,0.0,0.0,0.0,0.0,0.0,0.0,0.0,0.0,0.0
J07A1007,0.0,0.0,0.019287734802369626,0.03818104290604764,0.01909052145302382,0.05727156435907146,0.05668609805894699,0.07688706273133948,0.05766529704850462,0.07821585262224426,0.03857546960473925,0.09743524966068362,0.0,0.04047320385369033,0.1602334511826495,0.08011672559132475,0.099120180470863,0.18915708084054428,0.18721116282125896,0.10728763053554989,0.17526563170169107,0.1951335678478198,0.1314492237762683,0.13899582186615422,0.09042104804570239,0.022605262011425598,0.0458472109183924,0.04938014290951444,0.16738749806623798,0.1230103040852958,0.21597585498523836,0.07486984801301697,0.07847299602323683,0.15027789061158284,0.02606248841303673,0.08356349058481755,0.1942521414263676,0.14138582012806017,0.08356349058481755,0.0638471740889239,0.03054688220047256,0.1298017806080859,0.24729927722596515,0.130338047449225,0.1298017806080859,0.20563846123984403,0.1023791759876944,0.1432276214815162,0.07035639983593917,0.14784284976186718,0.19095204781623795,0.03747785762856791,0.11139453063593785,0.20673867809509222,0.12152113381304405,0.08312789746454473,0.0,0.12805253193873156,0.04268417731291053,0.045148556122604384,0.04363132784940901,0.04541384037190623,0.09136588358308835,0.09917424299663134,0.1827317671661767,0.0,0.04893083570467892,0.0,0.0,0.055879901309258205,0.05683920009301516,0.055879901309258205,0.0,0.05452734395215712,0.0,0.11895536784197056,0.11467591135376909,0.060053182435667644,0.0,0.13086695513978386,0.1837805893304475,0.0,0.06543347756989193,0.0,0.0,0.0,0.0,0.0,0.06884329652914296,0.0,0.0,0.07422359166336726,0.0730165776555524,0.0,0.0,0.0,0.0,0.0,0.0,0.0,0.0
J07A1010,0.013666941974009007,0.17436830685727878,0.2342223013816793,0.08541010348869481,0.30503608388819575,0.2562303104660844,0.32607123623767015,0.13513858923361613,0.2088505469974067,0.2374552687682846,0.2342223013816793,0.21173294404098136,0.26882887303923897,0.16814128338204912,0.17921924869282596,0.15361649887956513,0.17738362763251972,0.14776316870346157,0.07976895425327345,0.08228569030654503,0.23803954625401588,0.2355764181028618,0.05600930500094491,0.0444186307673196,0.0866870476999737,0.07223920641664475,0.07325653052566253,0.06312127388252937,0.10698340959959626,0.09434440611606802,0.09202532496728201,0.0319013534828688,0.10030986510998895,0.03201601336379427,0.016657479831458395,0.035605634606673243,0.01773622509950116,0.0,0.035605634606673243,0.0,0.0,0.02074025423340848,0.0,0.0,0.04148050846681696,0.021905164147471366,0.04362282506437619,0.04577097893197921,0.044967322103247526,0.023622929333387954,0.07322661984226195,0.0,0.0,0.0,0.0,0.02656502428898065,0.0,0.0,0.0,0.0,0.027886361123818575,0.0,0.0,0.0,0.02919762186459883,0.0,0.0,0.0,0.0,0.03571486783193154,0.0,0.0,0.0,0.0,0.0,0.0,0.0,0.0,0.0,0.0,0.0,0.0,0.0,0.0,0.0,0.0,0.0,0.0,0.0,0.0,0.0,0.0,0.0,0.0,0.0,0.0,0.0,0.0,0.0,0.0,0.0
J07A1011,0.47058847278853955,0.4540806890606073,0.4494363148849352,0.2718472262552167,0.2883228157252298,0.2636094315202101,0.25276106574495777,0.09953313880664448,0.12441642350830559,0.09281553080702618,0.09155184192100532,0.10931572144051656,0.06914270434007902,0.05239405530674506,0.017285676085019755,0.06049986629756914,0.0342172612864461,0.04534644787152073,0.026927972872442554,0.046295931734074876,0.018907318765657672,0.00935583708849284,0.037814637531315344,0.019992802054053755,0.02926334550463576,0.0,0.009891817613458807,0.010654069410174175,0.01031853764758941,0.021232183475740535,0.01035513744034902,0.0,0.0,0.0,0.022492568404523794,0.0,0.0,0.012201943959692492,0.0,0.0,0.0,0.0,0.026678169699501646,0.0,0.014002766078429986,0.02957850815276567,0.0,0.0,0.0,0.0,0.0,0.0,0.0,0.0,0.0,0.0,0.0,0.0,0.0,0.0,0.0,0.0,0.0,0.0,0.0,0.0,0.0,0.0,0.0,0.0,0.0,0.0,0.0,0.0,0.0,0.0,0.0,0.0,0.023913589166324054,0.0,0.0,0.0,0.0,0.0,0.0,0.0,0.0,0.0,0.0,0.0,0.0,0.0,0.0,0.0,0.03202839242093704,0.0,0.0,0.0,0.0,0.0,0.0
J07A1012,0.26340547374518447,0.40007527236187684,0.48397955219217337,0.31354753424234916,0.3222571879713033,0.23516065068176184,0.24999792541134283,0.2367773419050236,0.16662109245168327,0.16950069814080865,0.13199442332513817,0.1066867392965005,0.06396528476979951,0.04616264565303167,0.13706846736385614,0.08224108041831367,0.05426582725319436,0.09588776402030619,0.08541120295641538,0.0391582016725519,0.029985488475218192,0.07913389833713956,0.04997581412536365,0.021137985172459208,0.02062636215110962,0.03093954322666443,0.010458418658707584,0.04505732825438545,0.010909581118569735,0.011224179038929081,0.05474138669534148,0.02277187495157066,0.0,0.011426860825194297,0.011890468783212566,0.012708035401536925,0.02532100089707096,0.012900868512468522,0.0,0.014564473245404715,0.013936380267031818,0.029609682618675515,0.0,0.0,0.0,0.031272758319029745,0.015569457232177687,0.0,0.0,0.0,0.0,0.0,0.0,0.0,0.01848049740051966,0.0,0.018670116359481247,0.0,0.0,0.0,0.0,0.0,0.0,0.0,0.02084189294165643,0.0,0.0,0.0,0.0,0.0,0.0,0.0,0.0,0.0,0.0,0.0,0.0,0.0,0.0,0.0,0.0,0.0,0.0,0.0,0.0,0.0,0.0,0.0,0.0,0.0,0.0,0.0,0.0,0.0,0.0,0.0,0.0,0.0,0.0,0.0,0.0
J07A1013,0.22189320584143488,0.23110221927336957,0.3145154196259469,0.2924329204043218,0.34903284048257766,0.28299960039127914,0.19607461913369792,0.22795614129002012,0.1804652785212659,0.19324646780712787,0.19061540583390724,0.16369740531863677,0.26722294155917714,0.18999316000992333,0.18804577368979133,0.12866289778775197,0.09795776238307903,0.12462584504341,0.09250783501395868,0.15904414472491327,0.10825639278623819,0.08570896273547485,0.09743075350761438,0.034341441939282846,0.08936064781978065,0.011170080977472581,0.056636930185863785,0.03660078312958643,0.02363206921937501,0.03647031537175163,0.03557383804627186,0.049327881543908596,0.03877635745524188,0.024752587935893088,0.025756844216264112,0.04129175570364531,0.06856217019241148,0.0,0.02752783713576354,0.015774603815598344,0.030188647901195097,0.0,0.015274944340881055,0.048303572318172325,0.01603494354190204,0.050806716218792784,0.01686308974744391,0.0,0.01738282624314774,0.0,0.0,0.018519170640964012,0.018348027803173503,0.0,0.0,0.0,0.0,0.0,0.0,0.0,0.0,0.0,0.0,0.0,0.02257360073255501,0.0,0.0,0.026523802849505583,0.0,0.0,0.0,0.0,0.0,0.0,0.0,0.0,0.0,0.029674458558467193,0.0,0.0,0.0,0.0,0.0,0.0,0.0,0.0,0.0,0.0,0.0,0.0,0.03608014296397884,0.0,0.0,0.0,0.0,0.0,0.0,0.0,0.0,0.0,0.0
J07A1014,0.015443265873318977,0.08444201012712066,0.0696486086564673,0.08272375816155636,0.1792348093500388,0.12408563724233455,0.15010985618463762,0.19434909793469818,0.2221132547825122,0.26831787649226013,0.08357833038776075,0.2251786936723218,0.21697798593470194,0.1899949929170851,0.17358238874776152,0.23144318499701536,0.21475562776999813,0.19732615828396244,0.15022784800880143,0.10847730930751887,0.11075568571009604,0.06263407700756737,0.15822240815728006,0.1171142523277767,0.14693094416618935,0.08162830231454962,0.1821112708340771,0.12481925943620215,0.08634877824287651,0.08883880474027704,0.08665505685489215,0.1261667603272594,0.15112982548754825,0.12662022904054282,0.1317574357263776,0.10058345218425736,0.08016577236415483,0.06126582985450297,0.0804667617474059,0.13833247566410356,0.022061147831569483,0.11717956402239772,0.1562759381793198,0.11766368307184343,0.07030773841343863,0.07425668622244024,0.0,0.051719938393891544,0.12702957109430085,0.05338651164187573,0.027581350711790686,0.0,0.05363321406223477,0.0,0.08776331673115984,0.0,0.0,0.0,0.06165355531796145,0.0,0.09453244695708383,0.03279815725443898,0.0,0.0,0.09897751190744916,0.03422124737242156,0.07067630620492331,0.0,0.0,0.0,0.0,0.0,0.0,0.039379986078342394,0.040356811392620213,0.0,0.0,0.043370780912265434,0.0,0.0,0.044242493916768606,0.0,0.04725646343641383,0.0,0.0,0.0,0.0,0.0,0.0,0.0,0.0,0.0,0.0,0.0,0.0,0.0,0.0,0.0,0.0,0.0,0.0
J07A1015,0.038075593534211846,0.15614474042534857,0.36061125178309955,0.16996384363791597,0.2889385341844571,0.20395661236549914,0.3532753671213033,0.2738117078677938,0.22247201264258246,0.2785438203520153,0.17171964370623788,0.13879532482253204,0.07132831156389866,0.12611721779755716,0.10699246734584797,0.10699246734584797,0.0529483080795889,0.1309835890902358,0.18519445709294027,0.15282992121926256,0.15603984676347554,0.13512206339363242,0.0975249042271722,0.14437343452072565,0.10062787513055335,0.060376725078332014,0.08163599100153378,0.043963382084365656,0.04257883027490701,0.04380666948433538,0.08545971427433036,0.022218996954748563,0.04657659407475094,0.022298856498842293,0.0928142422164532,0.0495979888328186,0.09882493084468658,0.0,0.0743969832492279,0.0852651757596738,0.05439207643146487,0.0,0.055042938179598516,0.029010149842217236,0.0,0.0,0.030382893245686243,0.0,0.09395796890672292,0.03290630256190538,0.0,0.033366719445251415,0.03305836465095039,0.07362418139101809,0.036063619384671106,0.037004586284820125,0.03643364979109923,0.07600386250817151,0.0,0.0803919594567654,0.03884518399646435,0.0,0.0,0.04414765613151505,0.0,0.0,0.0,0.0,0.047788980697817236,0.0,0.0,0.0,0.0,0.0,0.0,0.0,0.05104826160544794,0.0,0.0,0.0,0.0,0.0,0.0,0.0,0.0,0.0,0.0,0.0,0.0,0.0,0.0,0.0,0.0,0.0,0.0,0.0,0.0,0.0,0.0,0.0,0.0
J07A1017,0.22689686841642873,0.41354870180522607,0.39908591978568486,0.2025668428822351,0.3950053436203584,0.23295186931457032,0.240595291173566,0.26514729407196874,0.22435540267628123,0.19711013983584239,0.12279566762636457,0.10338717545130652,0.1275160990628136,0.161045806412596,0.0850107327085424,0.0850107327085424,0.10517503187803069,0.07805463663177008,0.12139547229167702,0.05692069923647807,0.08136270673922608,0.0460118864939163,0.05811621909944719,0.06145271463321891,0.04797225229753909,0.023986126148769545,0.012161957955872996,0.02619828817894743,0.038059826598095106,0.02610490132693075,0.0,0.0,0.027755531447115848,0.013288146655700916,0.013827270272513851,0.014778007775253569,0.014722730001557197,0.01500225087205269,0.029556015550507138,0.0,0.016206433916620862,0.017216355877819507,0.01640036194073804,0.0,0.034432711755639014,0.0,0.0,0.0,0.0186635470204364,0.01960924652625875,0.02026165370244832,0.0,0.0,0.02193675087735031,0.0,0.0,0.0,0.0,0.0,0.0,0.0,0.0,0.0,0.0,0.02423676407964296,0.0,0.02595991139549567,0.028478006666934914,0.0,0.0,0.0,0.0,0.027043423321078633,0.0,0.0,0.0,0.0,0.0,0.0,0.0,0.0,0.0,0.0,0.0,0.03354658948724523,0.0,0.0,0.0,0.0,0.0,0.0,0.0,0.0,0.0,0.0,0.0,0.0,0.0,0.0,0.0,0.0
J07A1019,0.0,0.05252109417729297,0.11696378435868102,0.15435713645004598,0.180083325858387,0.23153570467506898,0.17824239974288236,0.15541831665610145,0.2201759485961437,0.18445503059886492,0.1689476885180948,0.1838238296205254,0.09446891247098604,0.14998849585526414,0.09446891247098604,0.2024333838663987,0.18700266310482827,0.1416145151056952,0.18220498701791316,0.144579702085219,0.22142451928100954,0.16069776513626147,0.1476163461873397,0.10926377759276376,0.19800701348854352,0.07615654364943981,0.16990387589940495,0.14972438303537117,0.20945754368836084,0.08288370723301253,0.12935414669062398,0.11770947229731511,0.035249799472502334,0.08438038844025322,0.12292539009776292,0.07507286418540532,0.11218807636197065,0.05715902099193806,0.05630464813905399,0.0645298439532204,0.08232932549877131,0.0874597690188975,0.062485865650489775,0.08782110284528107,0.174919538037795,0.09237208836007754,0.11497093288809918,0.02412650780523875,0.11851444660130338,0.049807874093458264,0.05146500122711965,0.0,0.10007607881028531,0.0,0.08188031199890405,0.056011147745555476,0.027573481374067,0.057520756203189805,0.057520756203189805,0.060841727617621445,0.02939856323865705,0.06119922193025103,0.03078093011108741,0.033411546222537204,0.0,0.0,0.03296934424616248,0.03616735014779738,0.0,0.03765158874101041,0.0,0.03765158874101041,0.03434541510885292,0.0,0.0,0.0,0.0,0.0,0.0,0.0,0.0,0.0,0.0,0.0,0.04260450046380312,0.0,0.0,0.0,0.0,0.0,0.0,0.0,0.0,0.0,0.0,0.0,0.0,0.0,0.0,0.0,0.0
J07A1020,0.11106846233079747,0.43247807618538975,0.510022568004067,0.31550480382265184,0.25240384305812147,0.13521634449542222,0.21413452344856834,0.16337512184417388,0.14522233052815456,0.1938984010844858,0.1639358254298787,0.05520996717260294,0.09457652229893983,0.05733356931690528,0.13240713121851574,0.09457652229893983,0.1310509748883661,0.07939446403516134,0.1375109896399542,0.11145318281583931,0.1344838917422503,0.061427220827671554,0.1034491474940387,0.04375529611878282,0.09606655019039487,0.09606655019039487,0.08659504708938442,0.02331698981722852,0.05645665238199299,0.058084684222701646,0.07931966531747554,0.011784355551825125,0.04940593367808108,0.011826710895935564,0.012306541478666395,0.026305432970342685,0.039310554550351505,0.013352297235216323,0.026305432970342685,0.030148230044984577,0.02884808748008954,0.07661447037129054,0.07298321740699604,0.03077239904651494,0.015322894074258108,0.08091764597809825,0.03222853105651047,0.0,0.016610922547931353,0.034905227276927304,0.0,0.0,0.0,0.0,0.019127169159804516,0.0,0.0,0.0,0.0,0.0,0.020602435862550096,0.0,0.0,0.0,0.0,0.022374573286361235,0.0,0.0,0.0,0.0,0.0,0.0,0.0,0.0,0.0,0.0,0.0,0.0,0.0,0.0,0.0,0.0,0.0,0.0,0.0,0.0,0.0,0.0,0.0,0.0,0.0,0.0,0.0,0.0,0.0,0.0,0.0,0.0,0.0,0.0,0.0
J07A1021,0.026314963404902674,0.09592480522187384,0.3204349150099337,0.1879457956276217,0.2936653056681589,0.23493224453452713,0.3022898033239828,0.20106526067727643,0.23654736550267816,0.2887625546521947,0.2373591963036546,0.19184961044374768,0.17253852324004748,0.1245180841215951,0.28345614532293517,0.14789016277718356,0.07318771213449114,0.10345820086876252,0.15359084102458506,0.1452336244768578,0.08088218349632503,0.1734313757883663,0.06740181958027086,0.0855256900454247,0.11127417248823473,0.05563708624411737,0.0705257592963742,0.10634454755990037,0.07356814802512396,0.06055169715661344,0.05906327505313288,0.015356086077357988,0.032190210442833704,0.04623383681814148,0.08018270894402407,0.0342783694210746,0.06830029941183413,0.0,0.0,0.0,0.018795839643636632,0.07986849321500782,0.0,0.0,0.03993424660750391,0.04217721813814113,0.020998352216805388,0.04406478193483879,0.021645541442514835,0.022742341414300943,0.0,0.04612109331162502,0.0,0.0,0.0,0.02557476439661131,0.025180176379873263,0.0,0.0,0.0,0.0,0.0,0.0,0.030511512695637705,0.028109227080142647,0.08746830621797665,0.0,0.0,0.033028120154993984,0.03438353077797281,0.0,0.0,0.0,0.03355128704762904,0.0,0.0,0.0,0.0,0.0,0.0,0.0,0.0,0.0,0.0,0.0,0.0,0.0,0.0,0.0,0.0,0.0,0.0,0.0,0.0,0.0,0.0,0.0,0.0,0.0,0.0,0.0
J07A1022,0.25928555035353246,0.4607667060659537,0.4326665648798068,0.23148250439359036,0.4050943826887831,0.24305662961326988,0.2634835647202531,0.18645912716751337,0.11653695447969584,0.1541162844914854,0.0701621456561849,0.09451624739814435,0.10928891005149022,0.07361379791488555,0.0850024855956035,0.09714569782354686,0.07211302530776834,0.025484755705422774,0.07566775817157693,0.06504591681252789,0.06641209267820627,0.03943493379495514,0.05312967414256502,0.11235977681383662,0.06852514054886195,0.06852514054886195,0.06949016052917734,0.044906994196577794,0.01449757497715582,0.029831278654120944,0.029097995581822585,0.015130597632152432,0.031717530069265296,0.015184980043349042,0.04740318463870259,0.0,0.016824344812701782,0.0,0.03377502656495865,0.038709010104636704,0.0,0.0,0.018741452455821955,0.019755207915325382,0.019673926484828852,0.0,0.0,0.0,0.0,0.022408393350972104,0.023153929218935006,0.0,0.022511943942798113,0.0,0.024558449473657894,0.02519922509374212,0.0,0.0,0.0,0.0,0.0,0.0,0.0,0.0,0.0,0.0,0.0,0.0,0.0,0.0,0.0,0.0,0.0,0.0,0.03387864373470244,0.0,0.0,0.0,0.0,0.0,0.0,0.0,0.0,0.0,0.0,0.0,0.0,0.0,0.0,0.0,0.0,0.0,0.0,0.0,0.0,0.0,0.0,0.0,0.0,0.0,0.0
J07A1023,0.012187710321942267,0.1443888441879475,0.27483081415372684,0.3264248668273355,0.30466320903884647,0.2393782356733794,0.19385276672913693,0.2848464533997078,0.2738908205766421,0.21175446823953054,0.0879458605291926,0.17770934669285848,0.25114820026225493,0.09227238910524962,0.1712374092697193,0.06849496370788771,0.1468857353342801,0.09583282053000118,0.18969391669758773,0.0733795576950887,0.11238115069645885,0.1359334535232989,0.012486794521828761,0.10562936575354513,0.07730453733109373,0.05153635822072915,0.09145872755656075,0.05628938812320013,0.09540413707274276,0.014022184509465959,0.08206502999111183,0.028448533392948807,0.07454408239962154,0.014275391571992481,0.04456370838454475,0.0635037686177814,0.06326623003992256,0.0644673817075723,0.11113159508111743,0.07278063916191092,0.069641973749929,0.03699089541478033,0.035237658748444735,0.018571860336485314,0.018495447707390165,0.019534274433277876,0.05835200987029109,0.0612254848343791,0.02005015814035428,0.042132237075210306,0.04353399281222851,0.06408261144402307,0.06349039917986814,0.023566545185371986,0.02308738514220256,0.04737955591604579,0.023324273026815806,0.0,0.048656526326556565,0.0,0.024868100849225805,0.0,0.026037438225177015,0.02826266352697377,0.0,0.0,0.027888607038058226,0.0,0.0,0.0,0.0,0.0,0.029052618650165507,0.06215678299421882,0.12739717901775852,0.03389988604358903,0.03268032706184343,0.03422789703493672,0.06317216690537605,0.0,0.0,0.08460891995985283,0.0,0.0,0.0,0.0,0.0,0.0,0.0,0.040970281440994,0.0,0.0,0.0,0.0,0.0,0.0,0.0,0.0,0.0,0.0,0.0
J07A1024,0.06461780531554491,0.2708807851028347,0.26811019442737555,0.34613324303953463,0.3115199187355812,0.18460439628775183,0.29691553599385634,0.16263933129964456,0.2671931871351303,0.14181439093666812,0.12822661472613614,0.22377108334581997,0.1694710425032148,0.20791737127187812,0.13315581910966878,0.14526089357418412,0.13179199447786835,0.1016188664855027,0.10057348144088898,0.05187330349486458,0.05296281162666548,0.1310369395759169,0.10592562325333096,0.07000430773673132,0.08197191123382117,0.027323970411273723,0.08312629824465656,0.11937588364001886,0.11561634358956649,0.08921276579080278,0.029006608521224626,0.030166154983004068,0.06323583185599774,0.04541186731726542,0.01575143570293591,0.08417237629039061,0.10062903107587233,0.017089923416061976,0.05050342577423436,0.05788115709853628,0.05538503192180463,0.0,0.03736518365854537,0.03938632684467189,0.019612137269595348,0.02071368467032647,0.02062503245191634,0.021640687517025897,0.08504286242686679,0.02233801609095398,0.06924363144119955,0.045301128224186304,0.022441241465045194,0.0,0.0,0.05024016553147157,0.07419752982772962,0.0,0.0,0.054573037507030166,0.07910864584709919,0.0,0.027609486436856675,0.0,0.027609486436856675,0.0,0.029572422259865366,0.0,0.0,0.0337722422590663,0.06870403097991204,0.0,0.030806712766438468,0.0,0.0,0.03594664098046439,0.0,0.0,0.03349313919205599,0.0,0.0,0.0,0.0,0.0,0.0,0.0,0.0,0.0,0.04160695408940796,0.0,0.0,0.0,0.0,0.0,0.0,0.0,0.04836436543551234,0.0,0.04944166591974962,0.0,0.0
J07A1025,0.11991201078390107,0.054638762465778014,0.0,0.21410782456084887,0.10705391228042443,0.21410782456084887,0.31787861761947006,0.16168483577166562,0.16168483577166562,0.21930550839495433,0.3244794765876725,0.10927752493155603,0.16847645312007709,0.1134807874610049,0.11231763541338473,0.056158817706692364,0.05558362107320468,0.0,0.349941329992828,0.06016368183755454,0.18428194465643535,0.18237507643736933,0.1228546297709569,0.12990780580143055,0.0,0.06338176100642491,0.1928230447255128,0.06922725369809972,0.06704705929932432,0.0689804850828197,0.20185462448099817,0.0,0.0,0.21067832220831498,0.0,0.07809982747132846,0.07780769170754065,0.0,0.07809982747132846,0.08950894546133537,0.0856488717601759,0.0,0.0,0.09136207942751762,0.09098617649899185,0.0,0.0,0.10039718705396733,0.0986343913514485,0.0,0.0,0.0,0.0,0.11593284323963454,0.2271513436908371,0.0,0.0,0.0,0.0,0.0,0.0,0.0,0.0,0.0,0.0,0.0,0.0,0.0,0.0,0.0,0.0,0.0,0.0,0.0,0.0,0.0,0.0,0.0,0.0,0.0,0.0,0.0,0.0,0.0,0.0,0.0,0.0,0.0,0.0,0.0,0.0,0.0,0.0,0.0,0.0,0.0,0.0,0.0,0.0,0.0,0.0
J07A1026,0.04211108512618148,0.1407135848237563,0.22790348974978225,0.10025476477650652,0.13785030156769648,0.1754458383588864,0.29768969071808954,0.18926999995754099,0.1514159999660328,0.115524619330714,0.0886291349026931,0.1407135848237563,0.157776271956219,0.21254691979409596,0.24981243059734673,0.17092429461923725,0.15616027674514746,0.09657737075686135,0.2594418762771273,0.22537040047309123,0.2444854065809243,0.14232681147787452,0.1438149450476025,0.1216571747433094,0.07419536807976394,0.11871258892762233,0.10533633635659509,0.08103816441390839,0.1255776088108341,0.09689915331677203,0.07876439490982287,0.08191302138109942,0.0858551255503117,0.03288297330223756,0.11975982794906131,0.127994291983453,0.09108251702082842,0.07424942359249682,0.164564089693011,0.06286807797210392,0.08020918907846161,0.0852075139386393,0.0811689813211014,0.021389885683265126,0.021301878484659826,0.11249166466443959,0.02240204262255566,0.04701040885807464,0.0,0.09705045356694987,0.025069839873830286,0.024602089904440103,0.07312419735217857,0.0,0.05318115901906293,0.054568754363133416,0.05372682376990897,0.0,0.08405923130585953,0.029637468816715185,0.0,0.02981161289443272,0.029988262728181454,0.09765340644290503,0.0,0.0,0.06424064208986632,0.03523597222371148,0.0,0.036681988855565825,0.0,0.0,0.03346095547066456,0.0,0.0,0.0,0.0,0.039421511442101445,0.0,0.0,0.0,0.0,0.0,0.0,0.0,0.0,0.0,0.0,0.0,0.0,0.0,0.0,0.0,0.0,0.0,0.0,0.0,0.0,0.0,0.0,0.0
J07A1027,0.1563440459936437,0.0,0.3525531893481473,0.0,0.20936904079858762,0.13957936053239176,0.6216862125228405,0.07026947296635,0.42161683779810005,0.0,0.07051063786962945,0.14247855800500422,0.0,0.0,0.21966348627845408,0.0,0.0724712074524655,0.2305020360397675,0.15208719302820906,0.0,0.08009035025714577,0.0,0.08009035025714577,0.0,0.08263860219811293,0.0,0.1676047560547197,0.0,0.08741750266971127,0.0,0.0,0.09123450376957452,0.0,0.0,0.0,0.0,0.0,0.0,0.0,0.0,0.0,0.0,0.0,0.0,0.0,0.0,0.0,0.0,0.0,0.0,0.0,0.0,0.0,0.0,0.0,0.0,0.0,0.0,0.0,0.0,0.0,0.0,0.0,0.0,0.0,0.0,0.0,0.0,0.0,0.0,0.0,0.0,0.0,0.0,0.0,0.0,0.0,0.0,0.0,0.0,0.0,0.0,0.0,0.0,0.0,0.0,0.0,0.0,0.0,0.0,0.0,0.0,0.0,0.0,0.0,0.0,0.0,0.0,0.0,0.0,0.0
J07A1028,0.027163051334738304,0.34655706297158695,0.24500889227028896,0.3880059581485254,0.21825335145854552,0.3395052133799597,0.24002469678020932,0.24417089749968113,0.24417089749968113,0.12419537341547923,0.22050800304326007,0.19803260741233542,0.15265641914862083,0.05141243875669618,0.1272136826238507,0.10177094609908055,0.15109286311307224,0.10679248828726452,0.0,0.10902855635941096,0.11131851074343917,0.19279161288026261,0.02782962768585979,0.058854694783272224,0.08614526684935428,0.05743017789956952,0.05823895069014312,0.09409016329581356,0.030375651307738682,0.03125158931370935,0.030483393565485944,0.12680789952144808,0.03322764790817899,0.0,0.033106746236996505,0.03538310481109395,0.03525075278569456,0.0,0.0,0.0,0.0,0.0,0.03926752065056706,0.04139156431978171,0.041221261604020815,0.0,0.0,0.04548491728197035,0.0,0.0,0.0,0.0,0.0,0.052523341935704515,0.05145542610029661,0.0,0.0,0.05422100162648427,0.05422100162648427,0.0,0.0,0.057688447281499716,0.0,0.0,0.0,0.0,0.0,0.0,0.0,0.0,0.0,0.0,0.0,0.0,0.0,0.0,0.0,0.0,0.07039668515455524,0.0,0.0,0.0,0.0,0.0,0.0,0.0,0.0,0.0,0.0,0.0,0.0,0.0,0.0,0.0,0.0,0.0,0.0,0.0,0.0,0.0,0.0
J07A1030,0.09013857676674647,0.18482528261716463,0.26423926332842024,0.14082786743026532,0.1609461342060175,0.1609461342060175,0.13938823553926466,0.28359207222483984,0.3443618019873055,0.24727989641655118,0.325217554865748,0.14375299759112803,0.14775221879461709,0.19193442226327306,0.23218205810582687,0.12664475896681465,0.18802143405379848,0.0885957433957613,0.13152649693391164,0.20351430005172347,0.18470112217059678,0.045697479121911036,0.11543820135662297,0.024413118938799293,0.07146667409804082,0.07146667409804082,0.09663082514011682,0.026019270634459912,0.15119902824066717,0.15555913146808642,0.07586766515529907,0.0,0.05513174596698287,0.07918407837262748,0.027465572170129085,0.05870810812005108,0.0,0.029799475668007877,0.0,0.03364220522628542,0.032191384964984394,0.06839485387203768,0.0,0.034338711177515,0.03419742693601884,0.03611818071390841,0.0,0.03773458343859418,0.0,0.038950506141433576,0.0,0.039495492033077034,0.0,0.0,0.0,0.04380155937108226,0.04312575371460633,0.0,0.0,0.0,0.0,0.0,0.0,0.0,0.14442689986100996,0.04993526885174816,0.0,0.0,0.0,0.0,0.0,0.0,0.0,0.0,0.0,0.0,0.0,0.0,0.0,0.0,0.0,0.0,0.0,0.0,0.0,0.0,0.0,0.0,0.0,0.0,0.0,0.0,0.0,0.0,0.0,0.0,0.0,0.0,0.0,0.0,0.0
J07A1031,0.5165452296522443,0.5663530851548215,0.27664018742945934,0.22337261708859277,0.3098394366067577,0.20896148050223196,0.1711658015597965,0.15961231886975427,0.10882658104755971,0.10332687044353947,0.11648007891766708,0.05884187897712431,0.07559858161742969,0.0534670319484044,0.07559858161742969,0.045359148970457806,0.09727155968834536,0.04759724234490206,0.07851265772410211,0.016197951443908072,0.03307632224142068,0.016367031529573944,0.04134540280177585,0.0349752585993288,0.04266089839645636,0.034128718717165094,0.008652335928519042,0.018638149457418637,0.05415351809350422,0.02785756740168335,0.018115200101946893,0.028259039664544173,0.009873006584398375,0.018907072224670966,0.009837082795903083,0.0105134623955853,0.0,0.010672994817107977,0.0105134623955853,0.0,0.0,0.02449633439949433,0.0,0.0,0.012248167199747166,0.012936105314657173,0.01288074025276771,0.0,0.013277736942064192,0.013950532378580077,0.0,0.0141457247927591,0.028029997328225288,0.0,0.0,0.015687987981973132,0.015445941096675634,0.0,0.0,0.0,0.0,0.0,0.0,0.0,0.0,0.0,0.0,0.0,0.0,0.0,0.0,0.0,0.0,0.0,0.0,0.0,0.021641763764169066,0.0,0.0,0.0,0.0,0.0,0.0,0.0,0.0,0.0,0.0,0.02634644469015635,0.0,0.0,0.0,0.0,0.0,0.0,0.0,0.0,0.0,0.0,0.0,0.0,0.0
J07A1032,0.058695496796877744,0.035660028675248194,0.0,0.13973762982309454,0.24454085219041544,0.05240161118366045,0.12102050015409338,0.140698303299033,0.10552372747427476,0.1252386642640264,0.15882882752276614,0.16047012903861688,0.16493442232871708,0.27773744904204506,0.18326046925413012,0.12828232847789106,0.12696841970114608,0.13461198491857168,0.05709736686484563,0.07853174276703137,0.12027174727639418,0.25789232803740375,0.20045291212732363,0.14837274444325835,0.1447815359539604,0.20683076564851482,0.20974350424045426,0.0451812182519527,0.06563746915120382,0.13506049359883804,0.021956761623619234,0.0685034660544669,0.0478668192152645,0.1833324834399313,0.1430779549588768,0.10194382015529248,0.1269531186391532,0.10349072676671245,0.07645786511646936,0.05841807935971516,0.1397469985197549,0.0593821952874101,0.0848515361607807,0.17888258583397568,0.08907329293111514,0.12543498460232205,0.1248981371110031,0.06552429827635836,0.032186904179622534,0.03381784492970019,0.13977191056497232,0.03429101588941893,0.03397411931322706,0.03783182787968324,0.07412524610810718,0.11408896745359193,0.11232871118295472,0.03905462838804534,0.11716388516413602,0.0,0.0,0.0,0.04179839996123868,0.09074119380362589,0.0,0.0,0.044770116831670315,0.0982255806799851,0.0,0.0,0.05200601199908881,0.051128284937885744,0.09327745408430664,0.049890739123944934,0.0,0.0,0.0,0.0,0.0,0.05986949524400656,0.0,0.0,0.0,0.0,0.0,0.0,0.0,0.0,0.0,0.0,0.0,0.0,0.0,0.0,0.0,0.0,0.0,0.0,0.0,0.0,0.0
J07A1033,0.049271210799107935,0.19457341291896224,0.3110961003960105,0.20527680205116489,0.3225778317946877,0.16128891589734384,0.24671654627123174,0.22145147858128272,0.17716118286502622,0.22527868273776014,0.2666538003394376,0.13470467048235849,0.10768501832615543,0.12434308043234223,0.19998646260571726,0.15383574046593634,0.1827121265315844,0.09685574601543138,0.14378904101999823,0.1318450056121358,0.08413386228673847,0.13322125154797,0.06730708982939078,0.0711712401145746,0.08681076752169986,0.052086460513019926,0.08803329876343031,0.07585363273629815,0.07346475182041425,0.20785391995646513,0.09215666358246534,0.0575043896147535,0.08036242194183263,0.11542214391445431,0.0600525122385461,0.042787741195206584,0.10656922952233386,0.04343700703242718,0.0,0.12259584038330568,0.02346177883607499,0.0,0.0,0.15016078022844462,0.07477147706522386,0.026323712657683074,0.0,0.055003563970342145,0.0,0.05677594559150017,0.0,0.057570340642997826,0.08555746619824667,0.03175746127213283,0.0,0.031923525494704924,0.0,0.0,0.03278392607608983,0.06935342412786577,0.0,0.03488046576766497,0.0,0.0,0.0,0.07278781172006202,0.0,0.0,0.0,0.0,0.0,0.0,0.039150304144256416,0.04188016557396194,0.04291900814280914,0.0,0.0,0.0,0.0,0.0,0.0,0.0,0.0,0.0,0.0,0.0,0.0,0.0,0.0,0.0,0.0,0.0,0.0,0.0,0.0,0.0,0.0,0.0,0.0,0.0,0.0
J07A1034,0.0,0.09191498871648336,0.16375477454105802,0.07203573942930076,0.30615189257452824,0.18008934857325193,0.267372541334597,0.14506194684173468,0.14506194684173468,0.40581463894668446,0.21833969938807737,0.11029798645978002,0.13226090065097235,0.13363058348702977,0.17004972940839305,0.13226090065097235,0.22441070067638383,0.11896017106505268,0.05886819529975231,0.12145101142884411,0.26867073519663376,0.14317188793560803,0.10333489815255144,0.043706972726186094,0.12794727226229324,0.10662272688524435,0.12974911714974624,0.09316495404183912,0.13534632383734463,0.0928328567033864,0.13582639645736158,0.04708536359128434,0.07402705457360707,0.07088189678788391,0.07375770073202915,0.05255276244796065,0.1047123731593818,0.05335020377942436,0.05255276244796065,0.03011493430970706,0.11526491049422051,0.09183582872872137,0.11664418347044647,0.06147682795674141,0.03061194290957379,0.06466262435945419,0.06438587566944932,0.03377824057055417,0.0,0.06973335581834145,0.03602670569745787,0.07070904776339483,0.07005559803142228,0.0,0.03821209019028251,0.03920911468943326,0.07720832991989765,0.0,0.0,0.0,0.0,0.0,0.0,0.0,0.04309474336986154,0.04469972557069493,0.04615862562415595,0.0,0.0,0.0527139871474173,0.05361893620016587,0.0,0.04808518926184888,0.0,0.0,0.0,0.0,0.0,0.0,0.0,0.0,0.0,0.0,0.0,0.0,0.0,0.0,0.0,0.0,0.0,0.0,0.0,0.0,0.0,0.0,0.0,0.0,0.0,0.0,0.0,0.0
J07A1036,0.3619912726959259,0.35263869074570636,0.29273641009063195,0.2563113250788338,0.27859926639003674,0.26745529573443527,0.23163104812654337,0.2468528401070712,0.16830875461845762,0.12555951986787997,0.16888639043690307,0.2161333911022071,0.18707051899227856,0.14175585424218803,0.14030288924420892,0.15199479668122634,0.10414939651983501,0.08588163470205966,0.15785369503448826,0.07515416753843378,0.038366324777165776,0.1645337502627998,0.06394387462860962,0.054091952174248066,0.079174068808144,0.039587034404072,0.06690754550274604,0.04323801722025827,0.013958769847081382,0.057445187023784317,0.014008281522187941,0.01456826609476484,0.030538742034608542,0.04386188211993303,0.030427624180043633,0.016259885640950465,0.0,0.0,0.016259885640950465,0.0,0.0,0.0189427412669261,0.03608984562494876,0.0,0.0189427412669261,0.02000669095881683,0.01992106459321487,0.0,0.020535050787763617,0.0,0.02229340903785641,0.0,0.021675283266551177,0.0,0.0,0.0,0.0,0.0,0.024916617422109315,0.0,0.0,0.02651004089689393,0.0,0.0,0.0,0.0,0.0,0.0,0.0,0.0,0.0,0.0,0.0,0.0,0.0,0.0,0.0,0.0,0.0,0.0,0.0,0.0,0.0,0.0,0.0,0.0,0.0,0.0,0.0,0.0,0.0,0.0,0.0,0.0,0.0,0.0,0.0,0.0,0.0,0.0,0.0
J07A1038,0.2308118740802167,0.30179526067221263,0.46164036926337676,0.34940955398362283,0.32253189598488263,0.22398048332283516,0.2660289751051827,0.1894370626797769,0.22552031271402012,0.22024112248935607,0.1357765791951108,0.21034215137760273,0.1033970772395016,0.10446784873203194,0.06579814006150102,0.06579814006150102,0.09303459199285118,0.09863532304902829,0.06833444145386075,0.050350296404518546,0.061689379719183424,0.020350348416091367,0.051407816432652846,0.06523101307220658,0.042434776008961964,0.03182608200672147,0.021516186419054506,0.023174198363600698,0.03366654970904814,0.04618318246446755,0.03378596476420086,0.046848756256420536,0.03682753165297433,0.011754285027343435,0.02446235432892541,0.013072170260260073,0.026046546490315733,0.02654105758626087,0.026144340520520146,0.0449454069018191,0.01433571200473173,0.015229057848578935,0.01450725475853516,0.0,0.015229057848578935,0.06433769002640335,0.048046749013836446,0.05041275372736681,0.0,0.0,0.0,0.0,0.0,0.0,0.019010035845876672,0.019506043035582638,0.0,0.04006353703143707,0.020031768515718536,0.0,0.0,0.0,0.0,0.023271333823145383,0.0,0.0,0.0,0.0,0.0,0.0,0.0,0.0,0.0,0.025589789954700588,0.0,0.0,0.0,0.0,0.0,0.0,0.0,0.0,0.0,0.0,0.0,0.0,0.0,0.0,0.0,0.0,0.0,0.0,0.0,0.0,0.0,0.0,0.0,0.0,0.0,0.0,0.0
J07A1039,0.12222933081408455,0.14851910894869572,0.14700004343718465,0.254619743856827,0.18187124561201928,0.254619743856827,0.28801926759265234,0.14649726467459348,0.2563702131805386,0.26080089547612517,0.22050006515577697,0.29703821789739143,0.15265092379488285,0.26990558701212125,0.03816273094872071,0.07632546189744142,0.11331556803338311,0.200228707409457,0.27743644894948305,0.1635369472942032,0.0,0.0,0.1669717552189495,0.04413943209089193,0.08614216577625936,0.08614216577625936,0.0,0.047043388110440565,0.09112367351843736,0.0,0.04572344432805128,0.04755125050029533,0.0,0.047722159258857845,0.049658331681422155,0.0,0.21149690293583426,0.0,0.05307274662540897,0.0,0.0,0.0,0.0,0.0,0.0,0.06530242976592536,0.0,0.0,0.0,0.0,0.0,0.0,0.0,0.0,0.0,0.0,0.0,0.0,0.0,0.0,0.0,0.0,0.0870422900421456,0.0,0.0,0.0,0.0,0.10227400440009653,0.0,0.0,0.0,0.0,0.0971219379249958,0.0,0.0,0.0,0.0,0.0,0.0,0.0,0.0,0.0,0.0,0.0,0.0,0.0,0.0,0.0,0.0,0.0,0.0,0.0,0.0,0.0,0.0,0.0,0.0,0.0,0.0,0.0,0.0
J07A1040,0.4191936887798182,0.5265642276215964,0.35767150994867225,0.242752723265535,0.2730968136737269,0.23263802646280438,0.17019206513065865,0.12221080437645888,0.14257927177253538,0.12432289548315408,0.14306860397946888,0.14454704287651665,0.07428417724530316,0.07505345797802733,0.11673227852833354,0.05306012660378798,0.14704666972523034,0.044542558881896795,0.05510541956888065,0.056844013204185424,0.06964550689319428,0.022974948643405768,0.06964550689319428,0.07364390744810272,0.04790762200068423,0.023953811000342114,0.048582291356628,0.0654074817749589,0.07601710150126362,0.09124406085473077,0.025428911238743298,0.013222719176488519,0.013859068996274143,0.0,0.05523456629955841,0.044274294608615164,0.014702894901787169,0.014982039189654746,0.014758098202871722,0.0,0.03236919981329997,0.0,0.0,0.0,0.03438632251444846,0.018158842958963473,0.0,0.01897150856547633,0.037276805362458705,0.019582828099701834,0.020234356324675903,0.019856826208842288,0.019673321577194418,0.0,0.0,0.0,0.02168198324809062,0.0,0.0,0.0,0.0,0.0,0.0,0.0,0.0,0.025105547601497455,0.0,0.0,0.0,0.0,0.0,0.0,0.0,0.0,0.0,0.0,0.0,0.0,0.0,0.0,0.0,0.0,0.0,0.0,0.0,0.0,0.0,0.0,0.0,0.0,0.0,0.0,0.0,0.0,0.0,0.0,0.0,0.0,0.0,0.0,0.0
J07A1041,0.014217203231275417,0.0,0.01282382149173935,0.050770801611751945,0.012692700402937986,0.06346350201468993,0.0879406329140842,0.038339881961011624,0.05111984261468216,0.06500414266691293,0.1025905719339148,0.07773803993809508,0.06658393261397856,0.18836571671874905,0.13316786522795712,0.10653429218236568,0.1318039172159473,0.12576472371963732,0.11064083795012804,0.09986514284335571,0.17479308982695757,0.14415367340764482,0.18935918064587068,0.09241404581579876,0.2855613221457805,0.1653249759791361,0.13717080032006143,0.09849401358894572,0.0953921124550947,0.09814292019655563,0.12764062362764517,0.18252174822625133,0.0869571347832516,0.13322019498258617,0.15595332070742818,0.09259799016200773,0.09225162339709875,0.1316043149861084,0.11111758819440927,0.19102509820152594,0.2234065043562898,0.12945181595068694,0.10276355086135885,0.04332887897923006,0.10787651329223913,0.11393557208748967,0.0,0.16664836858367182,0.07016670865258975,0.12287020311110479,0.17774139885661103,0.14950724728832251,0.09875039522393655,0.13745418684437283,0.13465943888347742,0.13817295408089686,0.05441644428436827,0.11351758534449917,0.056758792672249585,0.0,0.08702738276756627,0.0,0.12149273032939231,0.0659379031181481,0.060746365164696156,0.1890262458909172,0.06506521465043563,0.10706475005085113,0.07137650003390075,0.03715282726087155,0.0,0.03715282726087155,0.0338904497103539,0.0,0.0,0.0,0.0762444855070586,0.0,0.110537358338361,0.0,0.0,0.0,0.0,0.0,0.0,0.0,0.0,0.0,0.0,0.04779263719785696,0.0,0.0,0.0,0.0,0.0,0.0,0.0,0.0,0.0,0.0,0.0
J07A1043,0.0,0.06425556326260902,0.19079505642497144,0.1101591248096788,0.14163316046958702,0.1101591248096788,0.10903300828136266,0.2059876944816912,0.2059876944816912,0.2417857476412116,0.12719670428331428,0.2088305806034793,0.24766184534508542,0.2335448366739112,0.14859710720705124,0.13208631751737887,0.19610017059616808,0.12127821028428341,0.15432503583174487,0.12381758677239627,0.1986571068553689,0.2323472164038239,0.14447789589481372,0.17186903975194934,0.1490747802567717,0.11180608519257879,0.1889676972553642,0.10176466254797138,0.09855975789802068,0.16224305687379798,0.11869121854025029,0.08229061987689035,0.12937634423725924,0.12387958337449097,0.10742133101449855,0.04592296913776137,0.11437798074130182,0.09323961852935321,0.04592296913776137,0.026315785021954738,0.10072366666803689,0.08025028051809803,0.12741117184175152,0.08058182885458738,0.05350018701206535,0.08475766728056477,0.08439491408859143,0.02951694691188652,0.057997363843310924,0.0,0.0,0.0617887484300054,0.030608867321771642,0.0,0.033391444269658836,0.06852537830279798,0.10120217055004162,0.0,0.10555840411427828,0.0,0.0,0.0,0.0,0.04087648507010748,0.0,0.0,0.04033548459186379,0.0,0.0,0.0,0.04685463974911115,0.0,0.0,0.0,0.0,0.04902963885256595,0.0,0.0,0.0,0.0,0.0,0.0,0.0,0.0,0.0,0.0,0.0,0.0,0.0,0.0,0.0,0.0,0.0,0.0,0.0,0.0,0.0,0.0,0.0,0.0,0.0
J07A1045,0.10796276506160528,0.30609602163011895,0.4544478699820403,0.3319961449250282,0.3641248041113212,0.203481508179856,0.25440175703504725,0.269579487435795,0.2372299489434996,0.1864821508710253,0.14066243594682198,0.08745600618003398,0.08988904006557745,0.09081992345380117,0.08988904006557745,0.15730582011476052,0.13345255150493743,0.05895269368560089,0.08168472045665931,0.06018707110513257,0.08603167356527447,0.036489195335410014,0.07374143448452096,0.07797498530086898,0.0887689618708379,0.05072512106905022,0.06429933557445282,0.04155249991505444,0.06707312455268608,0.05520584158072146,0.06731103253366257,0.014000361593398495,0.04402240750314966,0.01405068170894076,0.014620742721803047,0.015626037921041225,0.03113517610822026,0.03172629823895822,0.015626037921041225,0.0,0.0,0.07281723866986735,0.01734149024024157,0.0,0.018204309667466837,0.0,0.0,0.020087243504437892,0.01973454730283975,0.020734515401695103,0.021424360706294877,0.02102462763599974,0.0,0.0,0.0,0.023316875629296793,0.0,0.02394531039759499,0.0,0.02532779728735698,0.02447665046357407,0.0,0.0,0.027817779110417152,0.02562758122417704,0.0,0.0,0.0,0.0,0.03134795294350077,0.0,0.0,0.02859529949886594,0.0,0.0,0.0,0.0,0.0,0.0,0.0,0.0,0.0,0.0,0.0,0.0,0.0,0.0,0.0,0.0,0.0,0.0,0.0,0.0,0.0,0.0,0.0,0.0,0.0,0.0,0.0,0.0
J07A1046,0.014336138417010301,0.026129454640041936,0.07758660136594853,0.10239105787662711,0.07679329340747032,0.08959217564204872,0.15201652719220143,0.16752934208572132,0.16752934208572132,0.10487670429040893,0.12931100227658088,0.10451781856016774,0.13428189198323084,0.09497075282566257,0.161138270379877,0.1477100811815539,0.22594110737785453,0.11272606123047887,0.1394580162519021,0.15824375745978958,0.14687944652525606,0.18896748370102806,0.24969505909293535,0.15531190522487992,0.13639746738724007,0.16670801569551563,0.16905571706082972,0.2151889423227477,0.14428518455432188,0.13195192384882737,0.08044275736726947,0.10039017215924252,0.1227584146085583,0.20150198926010468,0.05241932035633611,0.112047151539276,0.18604672391618754,0.09478947266637909,0.130721676795822,0.08561028195961894,0.16383667628123819,0.10877896315780901,0.06217393669091227,0.15291972600967166,0.1305347557893708,0.045955483803574386,0.13727639865302127,0.024006068464284085,0.0707536940385511,0.07433885035498417,0.10241617667555124,0.02512632708188065,0.07468237484731864,0.08316244270590259,0.0814715661126814,0.05573154052784102,0.054871669535264025,0.0,0.057233613031693525,0.030269003091214074,0.0,0.0,0.030627271945285816,0.0,0.09188181583585744,0.03176792675578981,0.032804761533870685,0.07197360602940084,0.03598680301470042,0.03746363230029923,0.0,0.11239089690089768,0.03417396306142372,0.03655683557546134,0.0,0.0797513964155851,0.038441157518181966,0.04026153039858521,0.0,0.0,0.04107075031327024,0.0,0.0,0.08773729682311243,0.0,0.0,0.0,0.0,0.0,0.0,0.0,0.0,0.0,0.0,0.0,0.0,0.0,0.0,0.0,0.0,0.0
J07A1047,0.0629749830583399,0.17216999955802528,0.1931302349248506,0.15742218940975997,0.1349333052083657,0.24737772621533713,0.3004963453701671,0.3396523743350694,0.19246967878987264,0.24186565823994005,0.2272120410880595,0.12625799967588522,0.18875710324117947,0.13111440102111338,0.22414906009890062,0.11797318952573718,0.19850027943954834,0.11141475882061307,0.17152893390802812,0.13902485669772863,0.14194483097524163,0.20432879784791835,0.14194483097524163,0.13644908155588265,0.10651717837421466,0.159775767561322,0.1485236903849797,0.10179829594114256,0.08450771319838452,0.04347232459249049,0.09894203849068238,0.02939922038071647,0.07703518055830434,0.044257330638005944,0.030701952556048497,0.016406480984560375,0.08172555918391376,0.06662173884360768,0.08203240492280188,0.03760640347633462,0.05397694071980799,0.03822704922457295,0.05462283490698922,0.019192490782233045,0.0764540984491459,0.0,0.02010066827392974,0.021090501651991014,0.0,0.0,0.022494401223798366,0.022074703469970047,0.0,0.04870817387644939,0.0,0.0,0.024103718580632302,0.02514125984415634,0.0,0.0,0.0,0.0,0.026907551751718793,0.02920713915542249,0.0,0.0,0.0,0.0,0.0,0.0,0.0,0.0,0.0,0.0,0.0,0.0,0.0,0.0,0.0,0.0,0.0,0.0,0.0,0.0,0.0,0.0,0.0,0.0,0.0,0.0,0.0,0.0,0.0,0.0,0.0,0.0,0.0,0.0,0.0,0.0,0.0
J07A1049,0.22304451337644837,0.43193524527281657,0.4023692955249187,0.17423662702213022,0.21157304709830096,0.13690020694595945,0.35722918697671857,0.2255586113473201,0.28821378116602014,0.17846639723926028,0.2640548501882279,0.15244773362569997,0.15668884316049955,0.10554099981873624,0.13057403596708297,0.10445922877366637,0.10338932382942156,0.05480670757667858,0.08136434076568384,0.0,0.0714118703950383,0.07067293188223808,0.0714118703950383,0.09061401503703354,0.014736799454244462,0.029473598908488923,0.044833000774286536,0.016095926309361838,0.015589012536127243,0.01603855050381086,0.03128861334505737,0.0,0.03410535725070423,0.03265633661210427,0.033981261958155075,0.03631775061407305,0.01809095125292391,0.01843442005536571,0.018158875307036526,0.0,0.0,0.0,0.020152386708770665,0.02124246188283724,0.0211550612492167,0.022343269470026444,0.0,0.0,0.022933336366126152,0.0,0.0,0.0,0.024206736429358465,0.026955373815026523,0.0,0.0,0.0,0.0,0.0,0.0,0.0,0.0,0.0,0.0,0.0,0.0,0.0,0.0,0.0,0.0,0.0,0.0,0.0,0.0,0.0,0.0,0.0,0.0,0.0,0.0,0.0,0.0,0.0,0.0,0.0,0.0,0.0,0.0,0.0,0.0,0.0,0.0,0.0,0.0,0.0,0.0,0.0,0.0,0.0,0.0,0.0
J07A1052,0.03585905186817996,0.22875205629953158,0.21563082065206313,0.23476864104301992,0.458865980220448,0.2774538485053871,0.24293089995011072,0.31159529457497986,0.24712730259394955,0.15302501904998583,0.18328619755425365,0.16339432592823686,0.21272396280610056,0.12443137148937022,0.19033196672124786,0.06717598825455807,0.17730120059914498,0.0822389861692165,0.09302053487014865,0.1559274641206694,0.061231710824226133,0.10907660179623843,0.09797073731876182,0.07769648287709914,0.07581592004230207,0.0884519067160191,0.06406967832302561,0.041404087294065986,0.053466848150987574,0.027504331732426578,0.013414123687262289,0.02790071330228414,0.05848689751941136,0.042001491116592224,0.014568521970883689,0.0467106797039262,0.031023970931621868,0.031612981757746954,0.0467106797039262,0.017844784115626663,0.017075227715285052,0.0,0.01727955182441433,0.018214230715554957,0.0,0.019158112054595847,0.0,0.040030996221894426,0.019664061630612503,0.0,0.021347839545548267,0.0,0.020755931427665315,0.023112735256340517,0.022642802173825485,0.02323359499317429,0.022875128419332993,0.0,0.0,0.0,0.07316768241611826,0.02538562399549596,0.0255360474655139,0.0,0.0,0.0,0.0273515691871057,0.0,0.0,0.0,0.0,0.0,0.0,0.0,0.0,0.0,0.032051017301418044,0.0,0.0,0.0,0.0,0.04148982279699637,0.0,0.0,0.0,0.0,0.0,0.0,0.0,0.0,0.0,0.0,0.0,0.0,0.0,0.0,0.0,0.0,0.0,0.0,0.0
J07A1053,0.03664066520337179,0.21147735021927866,0.4186286854030803,0.30530926502466765,0.3271170696692868,0.2616936557354294,0.30218819983659234,0.2634927570526957,0.3074082165614783,0.22337211142915742,0.17626470964340224,0.15582541595104743,0.14872045770134362,0.19649462336106668,0.10296031687016098,0.12584038728575228,0.05661431347925775,0.06002252473633286,0.09504808681905283,0.036767581649260035,0.0500530939722031,0.04953516664980882,0.1001061879444062,0.026463339735849623,0.051645644054161305,0.025822822027080652,0.02618647745346379,0.028204376515956687,0.040974191602614306,0.04215575809233465,0.013706508940291816,0.05701772031242174,0.02988086297806284,0.04291699010065211,0.0,0.0318192160191539,0.0,0.0,0.04772882402873084,0.03646748736194678,0.06978965359006292,0.018534668375811202,0.017656191122679913,0.037222486084626825,0.0,0.0,0.0,0.0,0.020092675662322562,0.0,0.04362630916618462,0.0,0.0,0.0,0.0,0.0,0.02337373349909088,0.0,0.0,0.0,0.02492083509784195,0.0,0.0,0.0,0.0,0.0,0.0,0.0,0.0,0.0,0.0,0.0,0.0,0.0,0.0,0.0,0.0,0.0,0.0,0.0,0.0,0.0,0.0,0.0,0.0,0.0,0.0,0.0,0.0,0.0,0.0,0.0,0.0,0.0,0.0,0.0,0.0,0.0,0.0,0.0,0.0
J07A1055,0.0,0.017191365543268337,0.017015530859924122,0.0,0.06736620142165417,0.0,0.06667754133106371,0.06782933309894425,0.06782933309894425,0.034500792023166096,0.017015530859924122,0.1719136554326834,0.08834815432342641,0.19637877694083747,0.08834815432342641,0.08834815432342641,0.2273524868526099,0.1112488732483684,0.1284551581995942,0.1892970851135412,0.19327293973744863,0.15301842933601303,0.11596376384246919,0.18393199517188744,0.11965340791750012,0.09971117326458342,0.1213384526825069,0.23959585964060082,0.1476683067293959,0.06511139789193447,0.16936238325800151,0.1541161011868821,0.09230457933920048,0.15467002545283134,0.11496090142839338,0.0982923201283512,0.024481163369321438,0.1496757277220004,0.0982923201283512,0.05632561688351096,0.16168972315797822,0.028627599692767444,0.27270753450259805,0.08623761776533531,0.11451039877106978,0.09070654535295652,0.12042444218441496,0.15794324983491953,0.27930608606487445,0.0326065320567493,0.06738272784596197,0.09918826387498758,0.09827162666243715,0.03647673916207911,0.03573508629042991,0.03666748115115086,0.10830523735897966,0.07531148097381267,0.07531148097381267,0.23897880944240568,0.0,0.12019150152679965,0.080602467193881,0.08749095782940118,0.0,0.04180217681035234,0.0,0.0,0.04735363166831966,0.0,0.0,0.0,0.0,0.0,0.04929693377266792,0.0,0.0,0.05297857884510196,0.0,0.0,0.0,0.0,0.0,0.0,0.055781742763329124,0.0,0.0,0.0,0.0,0.0,0.0,0.0,0.0,0.0,0.0,0.0,0.0,0.0,0.0,0.0,0.0
J07A1057,0.07601111281445184,0.4294740666294028,0.3290952549576115,0.19000935320043114,0.2578698364862994,0.2578698364862994,0.29553378946158,0.12298862352703889,0.24597724705407778,0.15291730322518582,0.2056845343485072,0.2078100322400336,0.2135913258558781,0.1582557238385044,0.14239421723725204,0.08543653034235123,0.14093576996703427,0.07471008848477642,0.10351813143123284,0.15254880232901954,0.09345169407718727,0.1078988133971581,0.046725847038593636,0.049408412807182174,0.11249591123758751,0.06428337785005,0.14667449017033546,0.07021202371680883,0.06800081566424566,0.017490436193501862,0.01706050354004392,0.05322750436340841,0.09298184002168589,0.03561254314670233,0.018528703510724453,0.039605405716434734,0.019728629996447318,0.0,0.0594081085746521,0.022695556539787807,0.0,0.0,0.02197667637064698,0.02316543032154807,0.04614023553576509,0.024365888234529714,0.024261604999561922,0.0,0.0,0.0,0.0,0.053288550288200655,0.026398045064609302,0.029395502147883633,0.0,0.0,0.0,0.0,0.0,0.0,0.0,0.0,0.0,0.0,0.0,0.0,0.0,0.0,0.0,0.0,0.0,0.03972690969331537,0.0,0.0,0.0,0.0,0.0,0.0,0.0,0.0,0.0,0.0,0.0,0.0,0.0,0.0,0.0,0.0,0.0,0.0,0.0,0.0,0.0,0.0,0.0,0.0,0.0,0.0,0.0,0.0,0.0
J07A1059,0.17286888323033517,0.20479924109085332,0.23388985132590814,0.2006319232117469,0.3086644972488414,0.13889902376197863,0.1833054796477755,0.2641685381422293,0.17093258350379542,0.23711822990870765,0.23388985132590814,0.18904545331463382,0.22668883378466967,0.179957174890677,0.194304714672574,0.1457285360044305,0.19231458342846253,0.15291901638825336,0.1177134705177341,0.08673383443653815,0.12397773798088152,0.01752783872478588,0.10626663255504129,0.13109539249230973,0.0182746234855461,0.1096477409132766,0.11119187872795655,0.019960032289776705,0.11598855049647784,0.05966664728411736,0.09699996767294533,0.06052653944760274,0.0,0.06074408400443853,0.021069526316656813,0.04503645587190169,0.044867995071661594,0.022859921975064954,0.04503645587190169,0.0,0.0987792613222201,0.10493480089579525,0.09996126515295342,0.079026248681787,0.052467400447897626,0.0,0.08276572476753111,0.057894282622826254,0.0,0.0,0.09262206585011862,0.030297978269873963,0.030017982902859435,0.0,0.0654936879990623,0.03360127006140889,0.0,0.03450688909464827,0.0,0.03649915066853097,0.0,0.03671361267167814,0.0,0.0,0.0,0.0,0.0,0.0,0.08678764486257891,0.0,0.0,0.0,0.0,0.0,0.045174621569085166,0.0,0.0,0.0,0.0,0.0,0.14857253467215592,0.0,0.0,0.0,0.0,0.0,0.0,0.0,0.0,0.0,0.05902831226569835,0.0,0.0,0.0,0.0,0.0,0.0,0.0,0.0,0.0,0.0
J07A1060,0.04218553954632479,0.14096237319700639,0.15220428937379665,0.2259720450305858,0.301296060040781,0.21341804252888655,0.16153367770722135,0.22752556608457306,0.2022449476307316,0.2571752720082617,0.2409901248418447,0.20503617919564565,0.1975690349743164,0.1863073738330869,0.21074030397260415,0.10537015198630208,0.18250910487981362,0.11056928478260566,0.20518466997591608,0.07055277067517374,0.21610382516192453,0.09980491647930705,0.07203460838730817,0.07617016904293133,0.13378778829440918,0.14865309810489907,0.1205972297785011,0.06494515502321363,0.09434972703889181,0.09707047567170447,0.14202657745432332,0.06564627802826048,0.06880553722716712,0.04941166796648887,0.051416386746095694,0.07326890973505275,0.036497422113419414,0.111571050206886,0.036634454867526374,0.06297923175208635,0.0,0.08535816491386697,0.040656245988391064,0.06428311208407249,0.0,0.09015244426239148,0.08976660203749721,0.04709352551777933,0.0,0.048611021713994076,0.025114164554262974,0.049291175160942974,0.024417828147864584,0.02719043467084217,0.05327518586129341,0.027332617270273467,0.026910907686807418,0.028069284020755494,0.0,0.05937973856879701,0.05738426792812192,0.029864321257205634,0.03004128341634092,0.0,0.0,0.03116011419251253,0.0,0.0,0.03529827111418749,0.0,0.03737768305167332,0.0,0.0,0.0,0.0,0.0,0.0,0.0,0.0,0.0430293139518821,0.0,0.0,0.0,0.0,0.0,0.0,0.0,0.0,0.0,0.0,0.0,0.0,0.0,0.0,0.0,0.0,0.0,0.0,0.0,0.0,0.0
J07A1061,0.053606667954658606,0.048852520740977554,0.18132319946335257,0.23929227319880503,0.23929227319880503,0.287150727838566,0.24868837940524352,0.1686561580583882,0.19274989492387223,0.19608106798146127,0.2659406925462504,0.18319695277866582,0.3891399172163833,0.1902434601698798,0.12552900555367205,0.12552900555367205,0.19878927551026507,0.13172280861230587,0.1042941879238655,0.10758470295382656,0.16476649757861597,0.14947310270893105,0.09611379025419266,0.1597070431324875,0.08500445437720344,0.11333927250293793,0.07183462318907397,0.030948045805809923,0.1049068644245605,0.046256591833615364,0.09023911582273228,0.046923223572413526,0.06557523550566961,0.1098810418437164,0.04900247575415426,0.08728632543149956,0.052175896306184195,0.035444327049706674,0.10474359051779947,0.04001497670625043,0.0765786612887873,0.040675372885167635,0.019373752556157076,0.020421710150221328,0.0,0.0,0.021388053586871767,0.044882565431104735,0.022047253780172724,0.0,0.02393509769041796,0.0,0.0,0.0,0.0,0.02604939786411301,0.0,0.0,0.0,0.05659196189484175,0.0,0.0,0.0,0.03107776561765373,0.0,0.0,0.0,0.0,0.0,0.0,0.0,0.0,0.03194640420663835,0.0,0.0,0.0,0.0,0.0,0.0,0.0,0.0,0.0,0.04100916161334706,0.0,0.0,0.0,0.0,0.0,0.0,0.0,0.0,0.0,0.0,0.0,0.0,0.0,0.0,0.0,0.0,0.0,0.0
J07A1062,0.1419959196429419,0.30194011379024815,0.44116224852916386,0.3239672048825643,0.2817106129413603,0.33805273552963233,0.15335693348842208,0.14182366379177447,0.22691786206683917,0.21641206709076147,0.1565414430264775,0.14378100656678486,0.16255910768071996,0.17917369769149652,0.08866860418948362,0.08866860418948362,0.1316406478346561,0.09304365575156102,0.09208648658029554,0.12665579296435053,0.08082248541464267,0.04799170200694608,0.16164497082928533,0.034185025860918594,0.06671522548620669,0.06671522548620669,0.016913689237423098,0.054651114535040145,0.10585994160578939,0.09076050711145695,0.017705904366712932,0.09206851170651109,0.0,0.018479884891173796,0.0,0.0,0.020474966356266236,0.02086369727904103,0.0,0.023554132074684046,0.0,0.02394286299745884,0.0,0.0240417812360787,0.0,0.0,0.0,0.0,0.025955478181805314,0.0,0.0,0.02765223116155529,0.0,0.0,0.0,0.0,0.03019390946525925,0.0,0.0,0.0,0.0,0.0,0.0,0.0,0.0,0.0,0.0,0.0,0.0,0.0,0.04193758126696872,0.0,0.0,0.0,0.0,0.0,0.0,0.0,0.0,0.0,0.0,0.0,0.0,0.0,0.0,0.0,0.0,0.0,0.0,0.0,0.0,0.0,0.0,0.0,0.0,0.0,0.0,0.0,0.0,0.0,0.0
J07A1064,0.0,0.08782462472198542,0.08692634732575719,0.08603754227538896,0.0,0.08603754227538896,0.17031602376340496,0.0,0.0,0.0,0.17385269465151437,0.0,0.0,0.09120272057918972,0.2708037408246459,0.0,0.2680300820045521,0.18944375533928992,0.3749897764196486,0.19341041197942951,0.09873632992466341,0.09771464996599155,0.09873632992466341,0.0,0.20375569004127056,0.10187784502063528,0.2066251232218208,0.22254741147833618,0.0,0.22175411528888808,0.10815158716027191,0.22494994804700427,0.11788788709341849,0.11287923170289983,0.0,0.0,0.0,0.0,0.0,0.14387385785551213,0.13766929704731543,0.0,0.0,0.0,0.0,0.0,0.15380150307987073,0.1613752742236839,0.0,0.0,0.17211729838798517,0.0,0.16734502970353296,0.0,0.0,0.18732123189953814,0.0,0.0,0.0,0.0,0.0,0.0,0.0,0.22348022670435852,0.0,0.0,0.0,0.0,0.0,0.0,0.0,0.0,0.0,0.0,0.0,0.0,0.0,0.0,0.0,0.0,0.0,0.0,0.0,0.0,0.0,0.0,0.0,0.0,0.0,0.0,0.0,0.0,0.0,0.0,0.0,0.0,0.0,0.0,0.0,0.0,0.0
J07A1065,0.0,0.0,0.0,0.0,0.03324379875681274,0.0,0.06580791907012404,0.10041703339793646,0.06694468893195764,0.10215247671068296,0.10076166475953242,0.1357372176348391,0.17439179890702558,0.10571867148310059,0.31390523803264603,0.10463507934421533,0.10356337328199285,0.10979794247392836,0.18111402786320244,0.18682823344535535,0.15260178732189103,0.18877841423365654,0.11445134049141828,0.1210220774096332,0.15745715128883,0.078728575644415,0.1197559315298932,0.12898418234719317,0.0,0.04284146773139285,0.08357676204366495,0.1303766461498964,0.3188525338507207,0.04361508201319521,0.09076924609280614,0.0,0.1932949998562989,0.19696483463670605,0.1455155570922594,0.0,0.10638728826966924,0.0,0.0,0.17022577789794882,0.11301693050735608,0.1193647091470656,0.0,0.06235332854402326,0.0612585152049198,0.0,0.1330078167937905,0.1305261734108627,0.0,0.07200200399716301,0.0,0.0,0.0,0.3716462654470215,0.1486585061788086,0.0,0.0,0.07908262609864632,0.0,0.0,0.0,0.0,0.08520704157671727,0.0,0.09347207165401127,0.0,0.0,0.09730798596815149,0.0,0.09495267342746691,0.0,0.0,0.0,0.0,0.0,0.0,0.0,0.0,0.0,0.0,0.0,0.0,0.0,0.0,0.0,0.0,0.0,0.0,0.0,0.0,0.0,0.0,0.0,0.0,0.0,0.0,0.0
J07A1067,0.011647475061572795,0.02122902014752271,0.0420237760097619,0.010398522761636903,0.05199261380818452,0.03119556828491071,0.05146111229289098,0.04188004365698458,0.052350054571230716,0.06390574446705996,0.09455349602196428,0.0955305906638522,0.09818826020929959,0.055113938682160454,0.08727845351937741,0.07636864682945523,0.07558645464033659,0.11448114101401284,0.158624812822982,0.0701269184864071,0.1431996238343216,0.11809821444741547,0.05966650993096734,0.037855205291385544,0.07387791856927287,0.04925194571284858,0.024972773397814035,0.04034571878623071,0.09117523127580843,0.02680126784581298,0.07842739653303243,0.054375034273030975,0.14247964840028338,0.09549832089521626,0.04258836716242772,0.06068888591484211,0.10580828392190665,0.046207339251326654,0.04551666443613158,0.017388636938586843,0.06655500754974768,0.05302684267198432,0.0,0.0,0.12372929956796343,0.16801554309024444,0.11153097042899746,0.05851158986419762,0.07664564081406576,0.06039701071721648,0.06240644250030643,0.04082804721358958,0.1213522181874383,0.09008771625950657,0.08825603352143879,0.15847789575245447,0.022290395917931385,0.04649976591181507,0.0697496488677226,0.024592219214712985,0.09506316668802324,0.0247367183742282,0.049766593459149674,0.13504943090557045,0.049766593459149674,0.051620056096402724,0.2398716918580475,0.029237677432167798,0.14618838716083898,0.06087507113016106,0.12384024551133146,0.15218767782540266,0.16658895342727215,0.0891024106303236,0.18262521339048315,0.09719169561455546,0.12492692537057394,0.06542140674393285,0.09055797428470015,0.07128265276125353,0.16684079286870437,0.16171705089589716,0.21384795828376058,0.10692397914188029,0.03444146824771403,0.0749972794306279,0.07714389877857422,0.266148158696464,0.03749863971531395,0.1174626698725676,0.11931542256659954,0.12128778817192289,0.1988590376109992,0.08717763432664997,0.08085852544794858,0.1233962834447428,0.08717763432664997,0.09638639726362871,0.17823897546218948,0.0,0.0
J07A1068,0.05298656350673374,0.3742274330581078,0.38234818526124836,0.2483504291538074,0.2483504291538074,0.16556695276920494,0.11705315874126554,0.16670519863911623,0.22624276958165773,0.181699562016047,0.19117409263062418,0.09657482143435041,0.14889231235933403,0.11282567152905192,0.06203846348305585,0.1240769269661117,0.11052548213512625,0.052079632852574886,0.06442984173728704,0.09304767342950554,0.1357171104024433,0.10745021572091443,0.08143026624146599,0.08610523863021655,0.07001762548181781,0.05601410038545425,0.07100366370111943,0.045885073361186544,0.05925333487911703,0.0762025177809969,0.07432938263975145,0.03092028735260208,0.09722502385885269,0.031031421084527736,0.08072605183279356,0.05176597541549288,0.05157234255795837,0.03503431863665222,0.08627662569248815,0.03955209650895587,0.0946160303945537,0.04020485344030251,0.01914964330647884,0.0,0.06030728016045376,0.12738907212374914,0.042281287119906474,0.08872675711058411,0.06537665502136528,0.022896450568807746,0.1419493457290691,0.023216812067664835,0.023002256503663495,0.025614127061481244,0.12546667572572248,0.10299226770867022,0.02535080505972389,0.052884053979720194,0.026442026989860097,0.055937324540446434,0.05405753706531211,0.056266001522017425,0.05659940783081954,0.03071826816283386,0.08489911174622931,0.05870734571471713,0.06062342346929525,0.03325192893436771,0.06650385786873542,0.034616524239843,0.0,0.034616524239843,0.06315371724795757,0.03377864096802501,0.034616524239843,0.07369056275836286,0.07103952176175617,0.0,0.03433044379512562,0.12160434302807768,0.0,0.0,0.0,0.08106956201871846,0.0,0.0,0.04386777037705031,0.08648273085810243,0.08529419656140093,0.08905997772008199,0.04523236568252561,0.0,0.0,0.0,0.0,0.0,0.0,0.0,0.0,0.0,0.0
J07A1070,0.09997139618435955,0.3846670695058695,0.3707133828522983,0.35700607496138625,0.31733873329900997,0.14875253123391094,0.30427923602067014,0.2895653493354024,0.22965527705911223,0.18283637912364853,0.1302506480291859,0.11135099380433065,0.1456620942954246,0.14717055877312474,0.12485322368179251,0.13525765898860856,0.07208508818982358,0.054589034406588466,0.10805491989128471,0.04458563488768773,0.04552207826990746,0.1238903487193801,0.04552207826990746,0.07220330216195074,0.07045569607262274,0.05871308006051895,0.07144790351492092,0.038476797339231726,0.09937342978058435,0.025559761540046064,0.01246573834443999,0.051856237464065605,0.0,0.026021309605831707,0.0,0.0,0.014415280232071578,0.01468896396317844,0.028938807317594108,0.0165831488351082,0.0,0.016856832566215063,0.01605787875333819,0.0,0.0,0.0,0.0,0.05580117675259561,0.0,0.0,0.0,0.01946839151283138,0.019288476556847737,0.0,0.0,0.02159096805262212,0.0,0.0,0.0443457725661151,0.02345304194132746,0.02266489672956944,0.0,0.0237306359683093,0.0,0.0,0.0,0.0,0.0,0.0,0.0,0.0,0.0,0.0,0.0,0.0,0.0,0.0,0.0,0.0,0.0,0.0,0.0,0.0,0.0,0.0,0.0,0.0,0.0,0.0,0.0,0.0,0.0,0.0,0.0,0.0,0.0,0.0,0.0,0.0,0.0,0.0
J07A1073,0.09088030732414205,0.16564103936675423,0.23420978480000038,0.2897687939412139,0.31295029745651104,0.24340578691061968,0.321223384515311,0.29176090726706905,0.1517156717788759,0.22557045044937166,0.10539440316000018,0.24846155905013134,0.20673115666648456,0.15972568319229494,0.1459278752939891,0.09728525019599274,0.13239713223360222,0.10208546093267591,0.1641823233133382,0.10422297119658022,0.13301499082284035,0.1448024714534224,0.11971349174055633,0.09845603653761771,0.05489886298512529,0.04117414723884397,0.09742597898393941,0.029981002856825277,0.11614720902614424,0.07468533019351814,0.08741938687355903,0.045456999411312725,0.14293391914240428,0.060827174680309765,0.06329504076155079,0.03382354528675654,0.03369702686083574,0.06867357488116495,0.0,0.03876461662470047,0.01854644617367063,0.0394043772044472,0.018768375049533128,0.059350760386954915,0.0,0.04161758776331268,0.02071973460662109,0.021740053166119173,0.0427166731441518,0.022440583602572423,0.046374380905181235,0.02275456672308027,0.02254428294757105,0.05020830263649141,0.0,0.0,0.0,0.02591556780839197,0.02591556780839197,0.0,0.0,0.0,0.02773625849706834,0.030106669274468548,0.02773625849706834,0.028769242980197698,0.0,0.0,0.0,0.0,0.0345097466301583,0.0,0.0,0.0,0.0,0.0,0.0,0.0,0.033646926705200926,0.0,0.0,0.0,0.0,0.0,0.0,0.0,0.0,0.0,0.0,0.04364339943574943,0.0,0.0,0.0,0.0,0.0,0.0,0.0,0.0,0.0,0.0,0.0
J07A1074,0.01355850657450547,0.07413636201466019,0.12229681546898348,0.04841854169542584,0.14525562508627748,0.1210463542385646,0.1916943064596688,0.19500564517615734,0.21938135082317703,0.19837580292148402,0.2323639493910686,0.2100530257082039,0.177797298495943,0.17963855246328075,0.22859652663764102,0.1904971055313675,0.23882489918656047,0.14659079537658715,0.17146145550380332,0.1768711193367115,0.1666947583884488,0.15122238505888347,0.15280352852274476,0.07344367872424791,0.1719985214541437,0.18633173157532235,0.15988566687576714,0.1722062677610147,0.10613458849665718,0.15599310767851016,0.12172691115664333,0.03164824375165043,0.04975699641397503,0.07940498476323112,0.08262658546404539,0.12363097109634012,0.17595503447356403,0.08964782921013591,0.03532313459895432,0.040483271611604116,0.11621229098914204,0.04115139640094567,0.03920096680922996,0.020660705236790113,0.04115139640094567,0.10865682779437119,0.04327671556363167,0.09081565136531433,0.06691581776679734,0.023435501759276556,0.0,0.047526811059333936,0.04708759736701903,0.05243432103222578,0.02568410759444502,0.0,0.0,0.05412910338896884,0.02706455169448442,0.057254257105804215,0.0,0.0,0.02896596391233255,0.03144146842361463,0.0,0.0,0.0,0.0,0.0,0.03543150115276245,0.0,0.0,0.0,0.034573891593073336,0.0,0.0,0.0,0.0,0.035138685515451296,0.0,0.0,0.0,0.0,0.0,0.0,0.0,0.0,0.0,0.0,0.0,0.0,0.0,0.0,0.0,0.0,0.0,0.0,0.0,0.0,0.0,0.0
J07A1075,0.11059057887385687,0.18476841376143674,0.24937989193027033,0.19746402470289842,0.21391936009480664,0.21391936009480664,0.24430677755814298,0.13254770516941294,0.24852694719264923,0.18540285818451954,0.21612923967290093,0.16797128523766977,0.17264426136169084,0.10465929054421755,0.17264426136169084,0.1035865568170145,0.1537883850885125,0.2898604910895822,0.179299128506344,0.24044289546231953,0.1699566774197682,0.018688671193636017,0.07553630107545253,0.13977756891526655,0.11690948377768406,0.038969827925894686,0.07903725776188324,0.08512777561114888,0.2061170534191271,0.0636182457990494,0.14479370458249127,0.04302339122679277,0.04509391294689532,0.06476703892261677,0.044929834843910034,0.04801912710016395,0.02391975474495382,0.09749554911183318,0.0960382542003279,0.11006788536856663,0.052660603642785124,0.13985551937573068,0.0,0.08425999351488615,0.0,0.02954214615094208,0.029415709119841125,0.03086425054788529,0.0,0.03185879029173506,0.0,0.0,0.03200601176084707,0.0,0.0,0.0,0.03527385083977472,0.0,0.036792208915821356,0.0,0.0,0.0,0.0,0.0,0.0,0.0,0.0,0.0,0.0,0.0,0.0,0.0,0.0,0.0,0.0,0.0,0.049423233077798154,0.0,0.0,0.0,0.0,0.0,0.0,0.0,0.0,0.0,0.0,0.0,0.0,0.0,0.0,0.0,0.0,0.0,0.0,0.0,0.0,0.0,0.0,0.0,0.0
J07A1076,0.0,0.15510406862100418,0.38379412901756293,0.15194796337938504,0.20259728450584674,0.3545452478852318,0.2757235338109662,0.1784913443978525,0.10199505394163,0.18157609605338937,0.07675882580351258,0.20680542482800557,0.2656984627201527,0.26845001379959826,0.2125587701761221,0.1594190776320916,0.1840839656577567,0.11152338090818806,0.11037610502765254,0.11385850649001575,0.05812495276998471,0.028761750707882658,0.05812495276998471,0.030730974855151704,0.11994865384707956,0.11994865384707956,0.12163785647617636,0.09825834465741162,0.1268851540200034,0.03263603044479958,0.1273352149201047,0.03310636803043804,0.034699628164661094,0.033225358976019186,0.10372011169795707,0.0,0.0368123563114711,0.0,0.07390114302697741,0.042348450661817756,0.08104434704893133,0.0,0.08201413288645276,0.0,0.0,0.0,0.09054119298632234,0.0,0.04666587941771205,0.0,0.0,0.0,0.0,0.0,0.0,0.0,0.05428624078453018,0.0,0.0,0.0,0.0,0.0,0.0,0.0,0.0,0.0,0.0,0.0,0.07120571581172626,0.0,0.0,0.0,0.06761871847627432,0.0,0.0,0.0,0.0,0.0,0.0,0.0,0.0,0.0,0.0,0.0,0.0,0.0,0.0,0.0,0.0,0.0,0.0,0.0,0.0,0.0,0.0,0.0,0.0,0.0,0.0,0.0,0.0
J07A1077,0.08522522565012346,0.1553339262663621,0.19218144781214191,0.26630300166882137,0.3423895735741989,0.26630300166882137,0.22592629994997815,0.30643861884530765,0.22982896413398074,0.2338009510109598,0.19218144781214191,0.19416740783295267,0.11974149745322031,0.20163588399303808,0.15965532993762707,0.0,0.07901004440584053,0.16753298073660564,0.0829047582972873,0.1710408599448226,0.04365831861189122,0.08641312320439132,0.17463327444756488,0.18465910113194003,0.0,0.045047404747548224,0.0913635889618599,0.09840395935301906,0.14295734148582745,0.0,0.14346441034098334,0.0497331453936861,0.05212657731084558,0.04991189632135289,0.051936910250230284,0.11101599207563781,0.11060073198239902,0.11270056081019719,0.0,0.06361681390194036,0.0608733384981271,0.06466672831583944,0.0,0.0,0.0,0.0,0.0,0.0,0.0,0.0,0.0,0.0,0.0,0.0,0.0,0.0,0.0,0.0,0.0,0.0,0.0,0.0,0.0,0.0,0.0,0.0,0.0,0.0,0.0,0.0,0.0,0.0,0.0,0.0,0.0,0.0,0.0,0.0,0.0,0.0,0.0,0.0,0.0,0.0,0.0,0.0,0.0,0.0,0.0,0.0,0.0,0.0,0.0,0.0,0.0,0.0,0.0,0.0,0.0,0.0,0.0
J07A1080,0.2974288497138146,0.48789207177395005,0.26827881779398055,0.3186428626668156,0.3717500064446182,0.3186428626668156,0.10512849765879602,0.3208334805186329,0.05347224675310548,0.0,0.0,0.05421023019710556,0.11143672726423384,0.0,0.11143672726423384,0.11143672726423384,0.22059071308244774,0.0,0.057866122871634236,0.05969181758027596,0.060945539943690216,0.06031490239843799,0.0,0.06444446889977853,0.062884657327447,0.062884657327447,0.0,0.0,0.0,0.0,0.0,0.0,0.0,0.06967532345805487,0.0,0.07748728987459613,0.0,0.0,0.0,0.0,0.0,0.0,0.0,0.0,0.0,0.0,0.0,0.0,0.0,0.0,0.0,0.0,0.0,0.0,0.0,0.0,0.0,0.0,0.0,0.0,0.0,0.0,0.0,0.0,0.0,0.1318164995052794,0.0,0.0,0.0,0.0,0.0,0.0,0.0,0.0,0.0,0.0,0.0,0.0,0.0,0.0,0.0,0.0,0.0,0.0,0.0,0.0,0.0,0.0,0.0,0.0,0.0,0.0,0.0,0.0,0.0,0.0,0.0,0.0,0.0,0.0,0.0
J07A1081,0.30853254934199853,0.3655211439809858,0.40352670602973867,0.35808340744255956,0.26167633620802433,0.2065865812168613,0.2998962589255321,0.16640546428822536,0.16640546428822536,0.18338812203164062,0.16697656801230565,0.11246804430184178,0.10114730090226472,0.14599253414146732,0.13004652973148323,0.11559691531687398,0.10011131778614554,0.04548774489996378,0.09003959649829525,0.06192024973576283,0.11063635874227523,0.07820824467015197,0.0948311646362359,0.08356291050688004,0.03261614274876788,0.01630807137438394,0.03307546657037954,0.07124844601567656,0.03450229880438622,0.05324585446858524,0.051937017385047024,0.0,0.018870874982734258,0.05420734705147085,0.03760442334347029,0.020095016933978648,0.040039701317671136,0.0,0.06028505080193594,0.0,0.044074758783013854,0.0,0.0,0.0,0.0,0.0,0.0,0.02583210794817622,0.02537854216397183,0.0,0.0,0.0,0.0,0.0,0.0,0.0,0.0,0.0,0.0,0.0,0.0,0.0,0.0,0.0,0.0,0.0,0.0,0.0,0.038724165998633375,0.0,0.0,0.0,0.0,0.0,0.0,0.0,0.0,0.0,0.0,0.0,0.0,0.0,0.0,0.0,0.0,0.0,0.0,0.0,0.0,0.0,0.0,0.0,0.0,0.0,0.0,0.0,0.0,0.0,0.0,0.0,0.0
J07A1083,0.42619900883940776,0.5110542536651042,0.44512789133324165,0.2803668922308997,0.2002620658792141,0.2002620658792141,0.17839337388217338,0.16131106800672435,0.20163883500840543,0.08204945197111813,0.1213985158181568,0.08176868058641666,0.12606523885068216,0.04245691997693848,0.04202174628356072,0.0,0.02079567303623489,0.04409516684092321,0.0654623191138603,0.02250922541556023,0.09192796951244793,0.04548836973101527,0.045963984756223965,0.0,0.07113964615301743,0.047426430768678286,0.048094323645952786,0.025900207746561675,0.050169049669991674,0.0,0.05034699899610546,0.07853944939138717,0.027439732920191442,0.0,0.0,0.0,0.029110433707137583,0.0,0.029219731369085893,0.0,0.0,0.0,0.0,0.03418157894360512,0.0,0.0,0.0,0.0,0.03690239162308857,0.0,0.0,0.0393147626265351,0.038951439658492334,0.043374315232131276,0.0,0.0,0.0,0.0,0.0,0.0,0.0,0.0,0.0,0.0,0.0,0.0,0.0,0.0,0.0,0.0,0.0,0.0,0.053471454120197305,0.0,0.0,0.0,0.0,0.0,0.0,0.0,0.0,0.0,0.0,0.0,0.0,0.0,0.0,0.0,0.0,0.0,0.0,0.0,0.0,0.0,0.0,0.0,0.0,0.0,0.0,0.0,0.0
J07A1084,0.0983934064013107,0.17933462796311478,0.177500378819777,0.2488877517953468,0.26352820778330843,0.17568547185553893,0.20287108729583167,0.17689328089833592,0.17689328089833592,0.2849214892217371,0.23666717175970267,0.07472276165129783,0.1075221777550658,0.10863566844386177,0.27648559994159777,0.16896342218653196,0.04560895761616684,0.17730034922996915,0.19142880558006733,0.13164563046837932,0.03360265424709573,0.14964726966100836,0.1344106169883829,0.07106361543692155,0.12135128999608179,0.15602308713781943,0.15822031570637846,0.0757389273755525,0.0,0.15093789428083226,0.16563114879572427,0.15311315162095135,0.0,0.09603966942776966,0.07994893497000526,0.12816911356957017,0.0,0.10842830469561898,0.06408455678478508,0.1713746324722803,0.0468526001791982,0.024886136044370878,0.0711198655506338,0.04997790269723036,0.07465840813311263,0.07885171834154413,0.026171413980142135,0.05492038794541203,0.0,0.028345044691414013,0.0,0.02874164157769661,0.0,0.0317094378496522,0.0,0.06375050190201484,0.03138345396469961,0.0,0.032734350440334986,0.0,0.0,0.0,0.0,0.0,0.0,0.0,0.0,0.0,0.0,0.0,0.0,0.0,0.0,0.0,0.0,0.0,0.0,0.0,0.0,0.0,0.0,0.0,0.0,0.0,0.0,0.0,0.0,0.0,0.0,0.0,0.0,0.0,0.0,0.0,0.0,0.0,0.0,0.0,0.0,0.0,0.0
J07A1085,0.040479168288662416,0.1229641438183282,0.15821839353601888,0.14455443796930467,0.13250823480519597,0.1686468442975221,0.25038424373858764,0.3396125278414585,0.1940643016236906,0.23443410149299143,0.2920954957588041,0.18444621572749229,0.1643005224344454,0.22984892988454517,0.2527700345145314,0.08846951208008598,0.2626901368369511,0.11935895157929349,0.15750809164525403,0.1489377288481133,0.09676921271190628,0.16417352162373106,0.06912086622279019,0.11694263482410004,0.1426401994506074,0.0713200997253037,0.13018406457119014,0.06231817556418966,0.09053335621327602,0.06209603516327449,0.0908544774989082,0.11023414273501025,0.11553921470450174,0.06321734080916883,0.0986732702377624,0.03515262053523271,0.08755282661545119,0.017843015110694894,0.10545786160569812,0.020143924104482028,0.07710086912449511,0.020476373892086685,0.05851760014384057,0.02056097057707552,0.020476373892086685,0.0648793876203285,0.04306780747211995,0.0,0.022197599169946864,0.023322372426738566,0.04819663346037436,0.04729738663872501,0.0937205862929075,0.02609060338494094,0.025560123649964576,0.0,0.0,0.0538678079663159,0.0538678079663159,0.0,0.0,0.0,0.0,0.0,0.0,0.0,0.0,0.0,0.0,0.0,0.0,0.0,0.0,0.0,0.0,0.0,0.0,0.0,0.0,0.0,0.0,0.0,0.0,0.0,0.0,0.0,0.0,0.0,0.0,0.0,0.0,0.0,0.0,0.0,0.0,0.0,0.0,0.0,0.0,0.0,0.0
J07A1086,0.04304276251012005,0.31380386485549133,0.6988370702251455,0.19213655462627652,0.19213655462627652,0.19213655462627652,0.19017241275212687,0.2321489546247157,0.15476596974981044,0.19680086367696187,0.03882428167917475,0.23535289864161849,0.08063347908507634,0.12220276898570417,0.08063347908507634,0.12095021862761453,0.03990380255766101,0.0,0.041870816945661825,0.0,0.08819804818434368,0.0,0.04409902409217184,0.0,0.09100426449821498,0.04550213224910749,0.0,0.0,0.09626694212053699,0.04952148859555792,0.04830420020094455,0.0,0.0,0.0,0.0,0.0,0.0,0.0,0.0,0.0,0.0,0.0,0.0622235898645912,0.0,0.0,0.0,0.0,0.0,0.0,0.0,0.0,0.0,0.0,0.0,0.0,0.08366407303994391,0.0,0.0,0.0,0.0,0.0,0.0,0.0,0.0,0.0,0.0,0.0,0.0,0.0,0.0,0.0,0.0,0.0,0.0,0.0,0.0,0.0,0.0,0.0,0.0,0.0,0.0,0.0,0.0,0.0,0.0,0.0,0.0,0.0,0.0,0.0,0.0,0.0,0.0,0.0,0.0,0.0,0.0,0.0,0.0,0.0
J07A1087,0.06594228574861208,0.24037658038856602,0.27360568757652876,0.17661399290913313,0.2590338562667286,0.24725959007278636,0.2913475541969523,0.26081467189527857,0.15411776066539187,0.1688413776801813,0.28550158703637785,0.21633892234970942,0.11117874522422722,0.1996979609248154,0.0988255513104242,0.13588513305183325,0.13449335391074344,0.1425899240999823,0.1154643193460709,0.14557553462187683,0.17565729343735176,0.12035054028605356,0.10809679596144724,0.1285905529499287,0.0836521012675145,0.0836521012675145,0.09896850823376106,0.09136706119980369,0.04424480564391064,0.1062149347699507,0.04440174171107076,0.09235342497840748,0.11293097511613304,0.12358048235116113,0.06429718056821819,0.017179533914456133,0.06846109251577863,0.017440218030010203,0.05153860174336839,0.07875674064784506,0.07536035583069733,0.10007065031513405,0.05719659478906254,0.020096817020453475,0.02001413006302681,0.04227651207797122,0.0,0.022084259796128457,0.021696499547019105,0.0,0.04710861873101212,0.023114835976758043,0.02290122281336,0.0,0.04996623346042122,0.0,0.025239455749844635,0.0,0.07897765399258373,0.027845814446073317,0.0,0.02800943110662532,0.028175402044390514,0.0,0.0,0.0,0.030178572444792322,0.0,0.0,0.0,0.0,0.0,0.0,0.0,0.0,0.0366834444416872,0.0,0.0,0.03417965287485978,0.0,0.0,0.0,0.0,0.0,0.0,0.0,0.0,0.0,0.0,0.0,0.0,0.0,0.0,0.0,0.0,0.0,0.0,0.0,0.0,0.0,0.0
J07A1088,0.7119873642965471,0.40725329668991367,0.38942388106081094,0.20286426177285238,0.1622914094182819,0.12171855706371144,0.12047427267829125,0.0817035682302204,0.12255535234533059,0.09696819848646909,0.047823985393432925,0.10353897373472382,0.07094629147391163,0.0860172064085819,0.021283887442173487,0.02837851658956465,0.04213178207309482,0.029778758247472014,0.05157672599244851,0.04560341847028061,0.05432144505534871,0.015359814491441968,0.03880103218239193,0.00820572568252829,0.03202845839082372,0.00800711459770593,0.03247950602149302,0.008745584610515266,0.02541047197447488,0.008714409954742227,0.01700040184675431,0.00883999859044686,0.0,0.008871771323422163,0.009231714780350267,0.00986647039612228,0.0098295644392414,0.010016185290697461,0.0,0.045231206735077675,0.02164030536413872,0.01149442253522548,0.010949627854773943,0.0,0.01149442253522548,0.0,0.0,0.0,0.0,0.026184050419242096,0.013527601925237012,0.0,0.0,0.0,0.0143481879571873,0.01472255886546526,0.014495407396386514,0.015119360221550474,0.0,0.0,0.0,0.0,0.0,0.0,0.0,0.0,0.0,0.0,0.0,0.0,0.0,0.019793478760192024,0.0,0.0,0.0,0.0,0.0,0.0,0.0,0.0,0.0,0.0,0.0,0.0,0.0,0.0,0.0,0.0,0.0,0.0,0.0,0.0,0.0,0.0,0.0,0.0,0.0,0.0,0.0,0.0,0.0
J07A1089,0.022370054945318307,0.10193074993182813,0.18159874909383658,0.1997132634311473,0.21968458977426203,0.09985663171557364,0.23720600115377483,0.1809776336694965,0.3016293894491608,0.16364920379651368,0.12106583272922439,0.2446337998363875,0.23048623945260938,0.2963839908782584,0.20953294495691765,0.25143953394830115,0.2073868412911772,0.13192298250812762,0.1088048746243457,0.0897901626114294,0.13751407220828704,0.1814548497192269,0.18335209627771604,0.21811328666289925,0.11824115590888866,0.11824115590888866,0.07194378739935865,0.10331692105344244,0.07504734800006857,0.02573715896130327,0.07531354050503099,0.05221614546977268,0.05472907297856168,0.10480764159826686,0.027264968256168743,0.11655862796943817,0.08709197655618431,0.029581825315925653,0.05827931398471908,0.033396488224620706,0.06391252902038358,0.0,0.03233865679133833,0.03408790701367329,0.0,0.0,0.0,0.037458976395618473,0.036801263519903586,0.0,0.0,0.0,0.0,0.0,0.0,0.0,0.0,0.0,0.0,0.0,0.04564440470671151,0.0,0.0,0.0,0.0,0.0,0.0,0.0,0.0,0.0,0.0,0.0,0.0,0.0,0.0,0.0,0.0,0.0,0.0,0.0,0.0,0.0,0.0,0.0,0.0661480306268852,0.0,0.0,0.0,0.0,0.0,0.0,0.0,0.0,0.0,0.0,0.0,0.0,0.0,0.0,0.0,0.0
J07A1090,0.11378770653718248,0.16295142153945377,0.27858273473493844,0.2612219497358279,0.2612219497358279,0.21768495811318989,0.2010956679522529,0.2484057076982351,0.16073310498121096,0.20810484844761637,0.1906092395554842,0.20739271832294115,0.18271063048150568,0.1538356387536263,0.13703297286112925,0.2740659457222585,0.24111899942461668,0.12781724459721938,0.15812793580951273,0.14680523054331954,0.09992574532221916,0.08240979818169623,0.16654290887036527,0.14088340930071402,0.08592092025360287,0.10310510430432346,0.03485236801217575,0.0,0.19995719393732397,0.07480848324495117,0.036484807442937646,0.03794329678505452,0.01988466823923832,0.038079672625459866,0.0396246323075599,0.04234914865999973,0.0,0.04299175924640279,0.16939659463999893,0.0,0.0,0.0,0.023499154164377867,0.02477026140027678,0.024668345880631676,0.02605388341341618,0.025942375750749713,0.02721987702953079,0.0,0.028096984007604704,0.0,0.02849011008987627,0.0,0.0,0.0,0.0,0.0,0.0,0.0,0.0,0.033167886652347225,0.0,0.0,0.0,0.0,0.0,0.0,0.0,0.0,0.0,0.0,0.0,0.0,0.0,0.0,0.0,0.0,0.0,0.0,0.0,0.04656909042399162,0.0,0.0,0.0,0.0,0.0,0.0,0.0,0.0,0.0,0.0,0.0,0.0,0.0,0.0,0.0,0.0,0.0,0.0,0.0,0.0
J07A1093,0.0,0.16365295831875942,0.17354903846407418,0.2061294398267871,0.24048434646458497,0.2748392531023828,0.35137165931222525,0.29978945561862164,0.25366800090806446,0.29324088931658215,0.219828782054494,0.1168949702276853,0.20424989781801361,0.1699477233947944,0.19223519794636576,0.1561910983314222,0.10702477313815228,0.15129029388039203,0.14973392333535807,0.15445807656995353,0.09199294922613666,0.16907622976088896,0.14456034878392904,0.055585333218384485,0.0406799608819735,0.0406799608819735,0.027501896767297137,0.07405290122605046,0.1577856088177865,0.044273358616593345,0.0719751242957039,0.04491140878127421,0.015690930756166573,0.015024276472577192,0.03126767589461675,0.06683516679402378,0.04993887523350061,0.03392466544098248,0.06683516679402378,0.019149675143846284,0.0,0.0,0.018543110520402646,0.039092274687986095,0.0,0.020559039539943036,0.0,0.021479121528360835,0.0,0.0,0.0,0.02248145854270158,0.022273698665800996,0.0,0.02429854590369795,0.0,0.0,0.0,0.0,0.027082801871776873,0.0,0.02724193521690611,0.0,0.0,0.0,0.0,0.0,0.06439745987727558,0.0,0.0,0.0,0.0,0.0,0.0,0.0,0.0,0.0,0.0,0.0,0.0,0.0,0.0,0.0,0.0,0.0,0.0,0.0,0.0,0.0,0.0,0.0,0.0,0.0,0.0,0.0,0.0,0.0,0.0,0.0,0.0,0.0
J07A1095,0.08456312790241403,0.09247630081993806,0.1983159656891698,0.105693658745436,0.211387317490872,0.16609003517139945,0.16439215735947724,0.22804346883783214,0.106420285457655,0.18558767851398178,0.22882611425673435,0.20036531844319913,0.2376224993743642,0.12804442566575633,0.2376224993743642,0.15841499958290944,0.23518869347775648,0.11636201534090287,0.21387778827154547,0.1866832854508865,0.13862126674796696,0.2743737501374647,0.13862126674796696,0.1465796171802092,0.19666873803186166,0.08939488092357348,0.054392282097718216,0.11716737438797849,0.15130318343111482,0.13620800389508717,0.13285987307153563,0.11843226846044605,0.04137729307844406,0.059428968927138,0.06184010732751955,0.044061412406911915,0.04389659879868995,0.0223650025347928,0.044061412406911915,0.1009961401394271,0.02416017027820734,0.07699721451091379,0.024449273612629486,0.051543548690766695,0.0,0.054214591707456516,0.05398255941085837,0.08496129901636557,0.02782317666730048,0.029233003234343826,0.03020559649875711,0.0,0.029368090776692623,0.0,0.03203787177641482,0.0,0.06473319207944968,0.0,0.033759811731265965,0.07141788131297065,0.034508932970242844,0.0,0.0,0.0,0.03613159749822413,0.03747725050222559,0.03870042496388525,0.0,0.0,0.0,0.0,0.0,0.0,0.0,0.0,0.0,0.0,0.0,0.0,0.0,0.0,0.0,0.0,0.0,0.0,0.0,0.0,0.0,0.0,0.0,0.0,0.0,0.0,0.0,0.0,0.0,0.0,0.0,0.0,0.0,0.0
J07A1096,0.019535425316780295,0.03560582318897478,0.15858739771606262,0.19184717727663791,0.296491092154804,0.26160978719541533,0.22441071971088725,0.14048443302939237,0.21072664954408854,0.1607763775088414,0.17620821968451403,0.28484658551179826,0.1280873312708289,0.18487684710158417,0.1829819018154699,0.1280873312708289,0.1992185166998044,0.15360841855502017,0.1710317258289393,0.17642783155298153,0.14010374776597503,0.19807716575364392,0.14010374776597503,0.1481472085404269,0.08260654795079232,0.12390982192618849,0.12565480855384567,0.11278134989681914,0.13107539214020464,0.13485519315450795,0.08769354386029383,0.045599557651885114,0.07169108795951352,0.13729035490138472,0.09524031164603669,0.025447214784332508,0.10140811353171278,0.10333341435341446,0.050894429568665016,0.029164640102564893,0.11162765943456565,0.0,0.08472255648943698,0.0297684455089071,0.05929193061598063,0.09393323665276684,0.06235414204382653,0.0,0.0,0.033766439678576385,0.034889862117637255,0.03423889138867826,0.033922476515212074,0.0,0.0,0.0,0.0,0.0,0.0,0.0,0.0,0.0,0.0417348637645636,0.0,0.0,0.0,0.0,0.0,0.0,0.0,0.05192695959015151,0.0,0.0,0.0,0.0,0.0,0.0,0.0,0.0,0.0,0.05596587812635969,0.0,0.0,0.0,0.0,0.0,0.0,0.0,0.0,0.0,0.0,0.0,0.0,0.0,0.0,0.0,0.0,0.0,0.0,0.0,0.0
J07A1097,0.13817458654887388,0.3497790849536909,0.37389763734256387,0.3152487388553471,0.34266167266885555,0.2604228712283302,0.1899289097719366,0.24841253947150452,0.16560835964766968,0.19654887341130844,0.12463254578085463,0.13991163398147638,0.0862823928642138,0.23246913630766475,0.1150431904856184,0.1725647857284276,0.09963177105779254,0.10562965574124644,0.08960829467470705,0.12324728675919243,0.11010639564674309,0.10896706326686116,0.09437691055435121,0.049897579730169846,0.03245990702145403,0.09737972106436209,0.09875109185983882,0.08863394542489679,0.03433702813491361,0.03532719975792642,0.034458821373126225,0.0179181607065984,0.018780480943785934,0.035965124360327255,0.01871214653931683,0.03999751817962178,0.03984790574254808,0.0,0.01999875908981089,0.022920253406723934,0.02193181736892676,0.0,0.022194255980007804,0.04678955832740749,0.023298522970160922,0.07382136655291148,0.024501806495422416,0.02570836866347844,0.025256975520616887,0.0265367702585764,0.0,0.0,0.0,0.0,0.0,0.0,0.0,0.0,0.0,0.032415415781332384,0.0,0.0,0.0,0.0,0.0,0.0,0.0,0.0,0.0,0.0,0.0,0.0,0.0,0.0,0.0,0.0,0.0,0.0,0.0,0.0,0.0,0.0,0.0,0.0,0.0,0.0,0.0,0.0,0.0,0.0,0.0,0.0,0.0,0.0,0.0,0.0,0.0,0.0,0.0,0.0,0.0
J07A1098,0.20183295749883468,0.5235023313751318,0.3360959396771612,0.24949456788567914,0.29107699586662567,0.12474728394283957,0.15091026865190715,0.19538540191195453,0.13956100136568178,0.0993810613749346,0.11203197989238708,0.14148711658787347,0.07271165038996436,0.058771716932773915,0.10179631054595008,0.043626990233978605,0.05757353146558831,0.06103948814671062,0.12082311170358052,0.12463511957229823,0.047719823458622045,0.0787100663159483,0.12725286255632545,0.03363963610378983,0.04923813536961527,0.016412711789871758,0.06657538928703452,0.10755841537783106,0.10417104635449016,0.08931250905722728,0.03484684681579593,0.07247971654080997,0.037983919153164576,0.054555167415249003,0.05676856706644308,0.02022395621029977,0.020148307632247838,0.14371585704554374,0.02022395621029977,0.0927133926949949,0.06653634539366726,0.0,0.08977670245321327,0.047316434707934875,0.0471217545245857,0.024884212029455597,0.0,0.10399143661935022,0.051082766149607065,0.0,0.055456838764525805,0.0816331978963963,0.053919195904375404,0.09006245548524391,0.02941042878488257,0.06035560313762278,0.05942438839125121,0.03099115152350328,0.03099115152350328,0.03278043134357919,0.12671534771679366,0.03297304286579836,0.0,0.0,0.03316842587177858,0.10321116346064488,0.0,0.07794527767851771,0.0,0.04057200109300981,0.0,0.04057200109300981,0.03700938701209401,0.0791799343446338,0.0,0.0,0.0,0.043602041634510695,0.0,0.0,0.08895680553577416,0.0,0.04750844330938797,0.0,0.0,0.0,0.0,0.0,0.0,0.0,0.0,0.0,0.0,0.0,0.0,0.0,0.0,0.0,0.0,0.0,0.0
J07A1099,0.5742560491692332,0.3901170309065446,0.39554461105735994,0.13050008136242766,0.2610001627248553,0.13982151574545823,0.15684446094317062,0.12201173046700596,0.14078276592346842,0.1336681027303444,0.1412659325204857,0.1141805944116716,0.11735710872337264,0.11857244913551693,0.04889879530140527,0.06845831342196737,0.1161550995534843,0.09236077293538024,0.1625077845210798,0.0419087392917514,0.06418343873664618,0.06351929684393143,0.04278895915776413,0.03393412894008555,0.08830076939248452,0.04415038469624226,0.04477214195247297,0.012055557599313307,0.035027665062629804,0.03603775247698433,0.03515190798599063,0.07311422867501251,0.012772147774492513,0.02445900530625602,0.02545135041998926,0.013600669075839376,0.01354979518818637,0.01380704710720118,0.040802007227518124,0.015587506220726223,0.02983058988079842,0.01584475813974103,0.015093773049266212,0.01591021963307653,0.03168951627948206,0.01673470460014561,0.03332616392926839,0.05245090654396532,0.05152996208962301,0.0,0.0,0.018299520605599914,0.0,0.06056726193802222,0.059335795398629314,0.0,0.03996307315637621,0.02084163908225332,0.04168327816450664,0.0,0.021304109507618487,0.022174466745176098,0.022305862382100316,0.024212177777715952,0.022305862382100316,0.0,0.0,0.0,0.0,0.0,0.027753190260136347,0.027284788142964474,0.0,0.0,0.0,0.029041497336170414,0.0,0.0,0.0,0.0,0.0,0.0,0.0,0.0,0.0,0.0,0.0,0.0,0.0,0.0,0.0,0.0,0.0,0.0,0.0,0.0,0.0,0.0,0.0,0.0,0.0
J07A1100,0.12502620105391046,0.09115052754732536,0.2706546976404438,0.31253519012872394,0.17859153721641366,0.2455633636725688,0.28724452430657754,0.22477415623234887,0.31468381872528844,0.2057929056898852,0.20299102323033288,0.06836289566049401,0.1405295150198145,0.09465655129026003,0.281059030039629,0.11710792918317876,0.23181694438021597,0.024577244557527817,0.12162205380077488,0.07527556112911561,0.12809432134224183,0.12676885784734693,0.05123772853689674,0.10835864958263272,0.1321699259804937,0.02643398519609874,0.05361249491762788,0.057743810533653066,0.1398131690267044,0.11507595198019999,0.02806181710410293,0.029183595291661642,0.15294035035760675,0.058576974006018245,0.0,0.032572299197961514,0.09735138333555862,0.0,0.13028919679184606,0.03733058377793421,0.03572070217395107,0.0,0.0,0.0,0.07589335494733805,0.04007801397019177,0.0,0.0,0.041136440506064534,0.04322086269094062,0.0,0.0,0.0,0.0,0.0473678481084555,0.09720752671877617,0.0,0.0,0.0,0.10559101359382053,0.0,0.0,0.0,0.0,0.0,0.0,0.0,0.0,0.0,0.0,0.0,0.0,0.0,0.0,0.0,0.0,0.0,0.0,0.0,0.0,0.0,0.0,0.0,0.0,0.0,0.0,0.0,0.0,0.0,0.0,0.0,0.0,0.0,0.0,0.0,0.0,0.0,0.0,0.0,0.0,0.0
J07A1101,0.03687779981969009,0.23525085302219867,0.19958116130272624,0.13169365507870165,0.14815536196353937,0.09877024130902623,0.11405397404351214,0.09944927065250192,0.28177293351542204,0.13489065165489308,0.19958116130272624,0.20164358830474172,0.259066663625982,0.10469981453925184,0.1381688872671904,0.2245244418091844,0.2051305757737838,0.1268630671192043,0.2152422635855625,0.18502768827880714,0.18891387167963952,0.11217544459459498,0.13223971017574768,0.1398316906800824,0.15593966805054593,0.1364472095442277,0.07906786092596367,0.17032147403790657,0.20619686178019858,0.021214292911272498,0.12415694450665259,0.23672027417532165,0.06766705991181539,0.08638948889223912,0.08989446328129158,0.07205658010264962,0.0,0.09753329931181572,0.09607544013686616,0.0,0.07902149068068488,0.055963868529161416,0.07996707078975394,0.0,0.0,0.0886607545401329,0.029427098859290953,0.030876201161437473,0.0,0.06374225198058867,0.03293149061376245,0.03231705893792873,0.03201840446344346,0.0356540446413125,0.0,0.07168096929051818,0.0,0.0368064548301941,0.0368064548301941,0.03893148225378812,0.0,0.0,0.0,0.042758845607059726,0.0,0.0,0.0,0.0,0.0,0.0,0.0,0.0,0.0,0.0,0.0,0.0,0.0,0.0,0.0,0.0,0.0,0.0,0.0,0.0,0.0,0.0,0.0,0.0,0.0,0.0,0.0,0.0,0.0,0.0,0.0,0.0,0.0,0.0,0.0,0.0,0.0
J07A1102,0.07119337968584893,0.21085851105614511,0.30502575603362697,0.09533902951853918,0.33368660331488714,0.20656789729016822,0.2201836313028708,0.1759898613716114,0.3199815661302025,0.2604092821776994,0.17659385875631037,0.12975908372685854,0.16671124124947542,0.1684376889342663,0.2500668618742131,0.16671124124947542,0.14850335809393592,0.08746852103132201,0.12119618701911973,0.17859995076217533,0.12764579153474756,0.12632496922831418,0.05470533922917752,0.05784601360269942,0.13170712520341496,0.0752612144019514,0.05724082243964795,0.08220231025930036,0.13932360498411764,0.0614319679068531,0.07989587714121638,0.062317301174181654,0.08708846898100087,0.041694188059232855,0.10846448756657379,0.0,0.023097738508435214,0.11768132256856119,0.023184460981918883,0.026571334672190874,0.1017017829494263,0.027009860677467898,0.0,0.054242899998514595,0.027009860677467898,0.02852691317482626,0.02840482122558632,0.0,0.058560569768287545,0.03076394449691468,0.0,0.0,0.030906106614906052,0.0,0.0,0.0,0.03406164450973502,0.0,0.035527823330406015,0.0,0.0,0.0,0.0,0.0,0.0760476404774139,0.0,0.0,0.0,0.0,0.0,0.0,0.04651117548505183,0.0,0.0,0.0,0.0,0.0,0.0,0.0,0.0,0.0,0.0,0.0,0.0,0.0,0.0,0.0,0.0,0.0,0.0,0.0,0.0,0.0,0.0,0.0,0.0,0.0,0.0,0.0,0.0,0.0
J07A1103,0.15346209200340122,0.20439935790038724,0.33008268866081186,0.2529349603797453,0.33724661383966037,0.28455183042721344,0.22948685704365882,0.27589666768201554,0.2652852573865534,0.17271680811824866,0.18101308733012264,0.20439935790038724,0.17691432947550445,0.1564031345532628,0.14374289269884738,0.18797147506772346,0.09849505282735423,0.1044245064793072,0.13780034525208168,0.047382663425445205,0.13303909714280998,0.13166246729061354,0.04837785350647635,0.025577631099968093,0.08735492867739428,0.037437826576026116,0.06327508798945863,0.0272603966517676,0.03960281536239106,0.05432644758058981,0.13247762105713037,0.04133203417074652,0.04332115850628373,0.041480589814912844,0.04316353072367797,0.07688562529822959,0.0612784250479152,0.031220918454521237,0.046131375178937756,0.052870420827290765,0.03372692245081596,0.05374297972313622,0.0170652513127304,0.03597667668554058,0.01791432657437874,0.01892051369221256,0.03767907208395878,0.0,0.019420188495936026,0.0,0.0,0.020689718668602402,0.0,0.02282609176916102,0.0,0.0,0.0,0.023563876808467554,0.023563876808467554,0.0,0.024086752964601728,0.025070792206631838,0.0,0.0,0.0,0.0,0.0,0.0,0.0,0.0,0.031378182577236596,0.0,0.0,0.0,0.03084859995936746,0.0,0.0,0.0,0.0,0.0,0.0,0.0,0.0,0.0,0.0,0.0,0.0,0.0,0.0,0.0,0.0,0.0,0.0,0.0,0.0,0.0,0.0,0.0,0.0,0.0,0.0
J07A1106,0.026122246655473844,0.1904446062742561,0.27096403984468465,0.26819348506479024,0.22155113983613103,0.22155113983613103,0.25391045656005967,0.2700372716514628,0.21133351694462307,0.32247878826973936,0.16493463294893848,0.22615296995067913,0.22021064121624534,0.19776988819283542,0.15904101865617717,0.14680709414416354,0.15741206950352107,0.17972592437515095,0.10164401577743637,0.14417001091273127,0.14719805016738943,0.10594538888670883,0.09367148647015691,0.07074945460909494,0.09665185234999722,0.01380740747857103,0.09801297277828341,0.04524245864682664,0.0730293741674237,0.015027062209764647,0.04397304535859391,0.060974505189803706,0.047931699778992455,0.015298414956404743,0.031838197428762295,0.05104099940328653,0.016950026116569143,0.05181550107793589,0.0680546658710487,0.03899817434345406,0.11194913366506935,0.03964178949560636,0.07552581978676351,0.0,0.01982089474780318,0.06280250204951726,0.04168914298119162,0.02187103749319814,0.0,0.04515157728372029,0.023326893815552842,0.0,0.0,0.050510808830214395,0.0,0.025387468469724145,0.02499577020505526,0.0,0.0,0.027576964652692295,0.026650234009383284,0.0,0.0,0.0,0.027903370101035746,0.0,0.0,0.0,0.03278623982789349,0.0,0.0,0.0,0.0,0.0,0.0,0.0,0.0,0.0,0.0,0.0,0.0,0.04533614227082114,0.0,0.0,0.0,0.0,0.0,0.0,0.0,0.0,0.0,0.0,0.0,0.0,0.0,0.0,0.0,0.0,0.0,0.0,0.0
J07A1107,0.028416935336918157,0.06474189573375497,0.14097536280251646,0.11416411394715853,0.22832822789431706,0.15221881859621136,0.25110456861463315,0.20435373095310785,0.21712583913767708,0.23387112639151308,0.1794231890213846,0.1812773080545139,0.26617208417008814,0.0941249890117935,0.2395548757530793,0.09316022945953083,0.17123981177149955,0.1675832657787647,0.19350249839525074,0.1710921978773027,0.17468569064364375,0.14406510018766802,0.1164571270957625,0.10775014050556868,0.12016246861578862,0.2102843200776301,0.045695505876449063,0.16405582551997705,0.09533350009815085,0.06538841176269912,0.11161692204378604,0.08291345467102788,0.10428444621724638,0.04992687738239366,0.034634999412946184,0.018508218922930177,0.0921949406699839,0.1315234525448982,0.11104931353758106,0.06363590849546469,0.06089160963721436,0.08624818405505047,0.04108016369063837,0.06495338422813043,0.043124092027525235,0.09109245276771694,0.045351293706577554,0.0713768459190269,0.023374531898073186,0.02455894144469535,0.025376026875116302,0.07470769231966166,0.049344859708423394,0.027473946006149913,0.10766135941109924,0.05523522225229621,0.0,0.05672391802139862,0.08508587703209793,0.0,0.02899130333415208,0.030175712880774246,0.0,0.0,0.0607090404053797,0.0,0.0,0.03566632186802004,0.0,0.0,0.07553483115868488,0.0,0.0,0.0,0.07425999844564117,0.0,0.03809881907160988,0.0,0.0,0.0,0.0,0.0,0.04347797534341757,0.0,0.0,0.0,0.0,0.0,0.0,0.0,0.0,0.0,0.0,0.0,0.0,0.0,0.0,0.0,0.0,0.0,0.0
J07A1108,0.2124760798614786,0.47332384172354824,0.36200931815119364,0.23184625138537496,0.16861545555299995,0.3161539791618749,0.35464499274170813,0.2546619890755411,0.12733099453777055,0.21588595768944183,0.10647332886799814,0.1506030405484017,0.08845304603280091,0.1563958521769104,0.1547928305574016,0.044226523016400454,0.13132062232335884,0.023204365402170763,0.13779392905090718,0.07107068582097961,0.02418780047869975,0.023937515796128534,0.02418780047869975,0.025576440165167427,0.04991477788245169,0.024957388941225844,0.07592657016200903,0.0,0.0,0.027161959027800532,0.02649429053807603,0.0,0.05775885520652363,0.0,0.028774347307789907,0.0,0.030637785913951488,0.0,0.03075281815295405,0.0,0.033725352072171075,0.0,0.0,0.0,0.0,0.0,0.0,0.0,0.07767713704545534,0.040806555369953035,0.0,0.0,0.0,0.0,0.0,0.0,0.0,0.0,0.0,0.0,0.0,0.0,0.0,0.0,0.050436351752732755,0.0,0.0,0.0,0.0,0.0,0.0,0.0,0.0,0.0,0.0,0.0,0.0,0.0,0.0,0.0,0.0,0.0,0.0,0.0,0.0,0.0,0.0,0.0,0.0,0.0,0.0,0.0,0.0,0.0,0.0,0.0,0.0,0.0,0.0,0.0,0.0
J07A1109,0.0,0.1125216754311112,0.22274158918785242,0.20821609408347727,0.20821609408347727,0.3062001383580548,0.31519276474091434,0.23431196302313656,0.25897638018346675,0.26345210319519563,0.23511612192051087,0.28755539276839526,0.20560362394478043,0.15579962842132775,0.1670529444551341,0.17990317095168284,0.08903027247005824,0.09438994139837771,0.06672780183273393,0.16519940484147533,0.08433456489157755,0.16692381608071588,0.0562230432610517,0.05945085015631027,0.14502975987431163,0.08701785592458698,0.0735360862776175,0.06336215227327442,0.0460250019377375,0.04735221787176645,0.10777258881842296,0.11208082512773752,0.10069265964814282,0.03213819033049324,0.01672104678264409,0.0,0.07121563469071303,0.01814192777986034,0.017870755000391602,0.020481382436730363,0.0,0.041638803087824895,0.019832636077744076,0.06271624626987335,0.12491640926347468,0.0,0.0,0.0,0.0,0.04742615455919088,0.02450202048381439,0.0,0.0,0.026527682648145468,0.0,0.0,0.0,0.0,0.0,0.0,0.0,0.0,0.0,0.0,0.02930904350956461,0.0,0.0,0.0,0.0,0.0,0.0,0.0,0.0,0.0,0.0,0.0,0.0,0.0,0.03555487625953948,0.0,0.0,0.0,0.0,0.0,0.0,0.0,0.0,0.0,0.0,0.0,0.0,0.0,0.0,0.0,0.0,0.0,0.0,0.0,0.0,0.0,0.0
J07A1110,0.03264911535724866,0.059507208562697055,0.08834784599903392,0.11659267520039322,0.23318535040078645,0.20403718160068812,0.1154007908344762,0.41087980807284247,0.20543990403642123,0.11942308022789358,0.2061449739977458,0.26778243853213674,0.12232540881575552,0.1544902506606616,0.3669762264472666,0.03058135220393888,0.18160876908283483,0.09627085594355184,0.22232113762861258,0.16381102908624084,0.033450318724056974,0.1324167583650734,0.10035095617217094,0.14148290599718288,0.03451461472652006,0.13805845890608023,0.14000269674680263,0.07539556970412255,0.0,0.18781703351857365,0.07328012017023645,0.038104755690604036,0.0798771313454597,0.19120855923395555,0.0,0.042529355647081844,0.12711081828919474,0.0863494014278017,0.042529355647081844,0.0,0.04664019685827183,0.0495466326185466,0.04719829873729684,0.0,0.0,0.0,0.05210553503645679,0.0,0.0,0.0,0.0,0.0,0.0,0.0,0.0,0.1269229860093749,0.0,0.0,0.0,0.0,0.0,0.0,0.0,0.0,0.0,0.0,0.0,0.0,0.0,0.0,0.0,0.0,0.0,0.0,0.0,0.0,0.0,0.0,0.0,0.0,0.0,0.0,0.0,0.0,0.0,0.0,0.0,0.0,0.0,0.0,0.0,0.0,0.0,0.0,0.0,0.0,0.0,0.0,0.0,0.0,0.0
J07A1111,0.0,0.034995531532044884,0.05195639158892699,0.05142514755689499,0.08570857926149167,0.11999201096608833,0.10179889408396214,0.17259562360588365,0.12081693652411855,0.1580206349634636,0.08659398598154498,0.13998212612817953,0.12589188618258818,0.16353721547611097,0.1798455516894117,0.1798455516894117,0.17800351583282065,0.05661582615221941,0.14942240386941455,0.269739274988913,0.09835881332186215,0.11680924768602692,0.17704586397935188,0.3120169987170384,0.14208364364697043,0.16238130702510906,0.26758562445571327,0.1773572043243914,0.1288287310300986,0.11045312118496181,0.21547614297750198,0.15686289914279813,0.11743714485212917,0.11244763996648621,0.1638137754987992,0.05002208782880095,0.14950493417337105,0.1269528210710812,0.12505521957200236,0.05732950348672661,0.08228575256196438,0.05827565385736874,0.08327039319848165,0.08777462337588895,0.0874134807860531,0.09232320027379172,0.12257075661286895,0.12860660698442097,0.03158712603388135,0.03318767546041213,0.034291842191266846,0.0,0.10002311337383277,0.07425372186519336,0.03637198964589444,0.03732100249965967,0.0,0.0383268754961713,0.0,0.04053968468591222,0.039177338664815514,0.0,0.0,0.0,0.0,0.085094426791921,0.043935860218854615,0.0,0.0,0.05017554876407297,0.05103692005815108,0.0,0.0,0.0,0.0,0.0,0.0,0.0,0.0,0.0,0.0,0.0,0.0,0.0,0.0,0.0,0.0,0.0,0.0,0.0,0.0,0.0,0.0,0.0,0.0,0.0,0.0,0.0,0.0,0.0,0.0
J07A1113,0.015477609949707517,0.09873476620667229,0.19544979799407233,0.22108727051239704,0.1934513616983474,0.20726931610537222,0.2051504775336034,0.25043311072812063,0.22260720953610721,0.31137478274500185,0.12564629871047506,0.22567946561525096,0.2754499925462773,0.13182751404654225,0.18846578437376868,0.18846578437376868,0.28697762665786464,0.19776498933881528,0.21078671284898673,0.17084343661418921,0.14271684920567565,0.07846671013722632,0.11100199382663663,0.15091033008497876,0.1145337681953561,0.08180983442525434,0.08296193895469153,0.07148391048563663,0.03461632326322972,0.017807274438547575,0.12158687505870834,0.03612781169442179,0.03786648028097643,0.03625766231625213,0.018864349908467883,0.08064571072328061,0.04017202598684427,0.04093471875321455,0.06048428304246046,0.04621337048068876,0.0,0.07046409487058855,0.0,0.04717014151723865,0.0,0.024807274897606566,0.0,0.0,0.025462414098212805,0.026752618602391816,0.0,0.0,0.0,0.0,0.0,0.0,0.029620329884244276,0.0,0.0,0.0,0.031580892141926845,0.0,0.0,0.0,0.0,0.03429735155553351,0.0,0.038852143038574816,0.0,0.0,0.041140912643464825,0.0,0.0,0.0,0.0,0.0,0.0,0.0,0.0,0.0,0.0,0.0,0.0,0.0,0.0,0.0,0.0,0.0,0.0,0.0,0.0,0.0,0.0,0.0,0.0,0.0,0.0,0.0,0.0,0.0,0.0
J07A1115,0.02645032039782799,0.12052277031407059,0.3340121501596352,0.3305969406739115,0.24794770550543363,0.18891253752794943,0.35059003800737104,0.19021128049578911,0.2972051257746705,0.18140491903607575,0.0835030375399088,0.16873187843969883,0.12387572452455742,0.13767442829500207,0.21058873169174758,0.07432543471473445,0.13486764455964095,0.09099156642643519,0.10292058027373781,0.15925163631364447,0.18969584522756022,0.13409496882510302,0.0812982193832401,0.14327601810543458,0.08388490235659907,0.0699040852971659,0.07088852456247953,0.13743199915884197,0.059157250007099135,0.030431579284018368,0.02968354021365175,0.07717536797468455,0.04853368215559613,0.061962201415939284,0.04835708815479696,0.05168203200314612,0.06865161751940793,0.08744376796027568,0.03445468800209741,0.118463877160263,0.03778504063036333,0.04013965747782731,0.057355771060274674,0.0403054916229307,0.0,0.10598541560531585,0.021106362012172378,0.0,0.04351376040540601,0.022859321814332475,0.02361986024575698,0.023179163816798687,0.06889486852465178,0.02557259133820806,0.02505264393509122,0.025706314007767288,0.02530969633791636,0.0,0.02639914874875523,0.0,0.026984938834790785,0.028087380446420254,0.0,0.03066845559327877,0.028253813275930934,0.0293060731078169,0.030262558434692298,0.0,0.0,0.0,0.0,0.03456039028032706,0.0,0.0,0.0,0.0,0.0,0.0,0.0,0.0,0.0,0.0,0.0,0.0,0.0,0.0,0.0,0.0,0.0,0.0,0.0,0.0,0.0,0.0,0.0,0.0,0.0,0.0,0.0,0.0,0.0
J07A1117,0.12617853980033503,0.3449649064856555,0.45524876986447,0.1877474747685385,0.33794545458336933,0.2628464646759539,0.26015948119825794,0.11342292487164668,0.03780764162388223,0.23076628136370592,0.227624384932235,0.3832943405396172,0.07879152465011717,0.07960748309595334,0.11818728697517575,0.07879152465011717,0.11697677485321092,0.08267922521955774,0.1636573563699919,0.04220519959397739,0.0,0.0,0.04309164609080539,0.04556556966933033,0.0,0.0,0.0,0.0,0.04703393199169009,0.0,0.047200761073712925,0.0,0.0,0.04926405414556896,0.0,0.0,0.0,0.0,0.05478751808412589,0.0,0.0,0.06382737262990773,0.0,0.0,0.0,0.0,0.0,0.0,0.0,0.0,0.07511741335635723,0.0,0.0,0.0,0.0,0.0,0.0,0.0,0.0,0.0,0.0,0.0,0.0,0.0,0.0,0.0,0.0,0.0,0.0,0.0,0.0,0.0,0.0,0.0,0.0,0.0,0.0,0.0,0.0,0.0,0.0,0.0,0.0,0.0,0.0,0.0,0.0,0.0,0.0,0.0,0.0,0.0,0.0,0.0,0.0,0.0,0.0,0.0,0.0,0.0,0.0
J07A1118,0.29541464320057526,0.2381522401969712,0.27671055621366225,0.4057499917301947,0.23330624524486193,0.23330624524486193,0.13052070123648157,0.20426972846293415,0.2961911062712545,0.16623999314392188,0.19472224326146603,0.20708890451910542,0.18092261585286695,0.1075271972621274,0.11706757496361979,0.15963760222311793,0.1685360455147873,0.08934100176434452,0.1436856247970966,0.1140145786736914,0.10476833017252397,0.08064329290724295,0.09312740459779908,0.06154619902113633,0.08407915189398105,0.12011307413425863,0.04872183689891742,0.10495256835426954,0.03811772476606054,0.03921691975896644,0.038252928113138664,0.07956419704635886,0.05559550859802665,0.013308361128960226,0.04154491464813926,0.04440146605891354,0.05898050728717374,0.015025072910892277,0.059201954745218055,0.0,0.03246217561611387,0.01724254610393096,0.04927593253029551,0.017313782459002766,0.0,0.0,0.0,0.019026001455311106,0.0,0.01963907691568858,0.020292476560411117,0.0,0.01972983032248951,0.0,0.0,0.0,0.0,0.0,0.0,0.02398968817909809,0.0,0.0,0.0,0.0,0.0,0.025177659623320522,0.0,0.0,0.0,0.02969178912936963,0.0,0.0,0.0,0.0,0.0,0.0,0.0,0.0,0.0,0.0,0.0,0.0,0.0,0.0,0.0,0.0,0.0,0.0,0.0,0.0,0.0,0.0,0.0,0.0,0.0,0.0,0.0,0.0,0.0,0.0,0.0
J07A1120,0.014400358624523388,0.0524930084426863,0.16885734348594236,0.12856216144808003,0.21855567446173602,0.15427459373769603,0.19087187608910794,0.29772581241239104,0.19416900809503762,0.09217819649603153,0.14287929064195123,0.23621853799208836,0.22930181661570512,0.06814013149094754,0.24279015876957016,0.08093005292319005,0.08010114134900903,0.1273849078764566,0.14008273278870909,0.1734028654448336,0.19179863055962118,0.08760645368897696,0.08852244487367131,0.12480611271121779,0.1522316376449071,0.1217853101159257,0.13893792508194794,0.09976287846328119,0.12882802212297895,0.09940726205414134,0.16160621795611516,0.05041994013378871,0.052846424383321045,0.05060115953989053,0.08775689682810683,0.0750327188576527,0.11212808361832942,0.03808563674596489,0.05627453914323952,0.10749222753582455,0.1439992745928591,0.02185324994375912,0.12490490247851048,0.043887070188804736,0.08741299977503648,0.0461613461230068,0.06894567120463109,0.07234081835601683,0.09476085665728091,0.024890619628699064,0.10287496047963315,0.05047776610008656,0.050011281487833716,0.027844992475691627,0.1363942106302158,0.0,0.13779368206583645,0.028744998445873676,0.14372499222936838,0.06080919241168854,0.029382842312467832,0.09174974333054,0.030764469962120823,0.0,0.030764469962120823,0.03191023445324456,0.06590342767884959,0.036148009602563334,0.0,0.03763145449694212,0.0,0.07526290899388424,0.0343270488461386,0.07344119136569577,0.0,0.0,0.0,0.0,0.11196137352656042,0.0,0.0,0.049984728799384044,0.0,0.0,0.04258171764269439,0.0,0.0,0.0,0.04636145233002967,0.0,0.049171883900806346,0.0,0.0,0.0,0.0,0.0,0.0,0.0,0.0,0.0,0.0
J07A1121,0.0,0.06706780642917283,0.06638183145665633,0.11498040767221562,0.24638658786903347,0.16425772524602233,0.2926414412455173,0.2646191526234637,0.11577087927276537,0.1345961980297086,0.21574095223413306,0.11736866125105244,0.2240343260374675,0.15670689701447207,0.20680091634227768,0.12063386786632864,0.2217396945729045,0.09041866925514488,0.14318160662482157,0.3323228223797395,0.13195104330686624,0.13058567215548425,0.15080119235070427,0.19932350175815924,0.1166994497994384,0.1166994497994384,0.0986190790133827,0.0424874195636788,0.10287337669728475,0.1058399205102476,0.04129530718539547,0.08589219492612427,0.04501289938302645,0.10775113593836787,0.08969823210980232,0.11983214559168426,0.023876781659405884,0.04866019663931171,0.07189928735501055,0.027467535669572506,0.10513199224975767,0.027920852329822478,0.10639001357840963,0.05607241069789313,0.11168340931928991,0.0,0.05872572453187141,0.030808801313839652,0.12107141464928915,0.0,0.0657192085245987,0.06449302766622723,0.09584553387989986,0.0,0.034852871984256246,0.0,0.03521047952907754,0.036726109795738586,0.0,0.0,0.03754105239944702,0.03907475305235175,0.0,0.1279965211875551,0.0,0.0,0.0,0.0,0.04618458310446443,0.04807990970082762,0.0,0.0,0.0,0.046916148955533754,0.0,0.0,0.049334441664769316,0.0,0.0,0.05629995077407728,0.0,0.0,0.0,0.0,0.0,0.0,0.0,0.0,0.0,0.0,0.0,0.0,0.0,0.0,0.0,0.0,0.0,0.0,0.0,0.0,0.0
J07A1122,0.0553245500420634,0.2520902558895451,0.289433753277095,0.23708222007540886,0.24696064591188424,0.3457449042766379,0.43020746095639756,0.2586047985903396,0.22876578336837733,0.2529558651877292,0.2195704335205548,0.18150498424047248,0.18655446907680293,0.11518614040448108,0.14509792039306893,0.10364137170933496,0.11283782787157146,0.07612864259411285,0.0968727644365731,0.04441294719055373,0.09069152713866425,0.05609568203009402,0.07935508624633122,0.05993637214430575,0.058485674381249485,0.058485674381249485,0.05930931142727467,0.05110369360276738,0.03712070238632006,0.02546076426500976,0.0,0.025827694747354097,0.06767666293532859,0.03888078701572979,0.0404582493258301,0.028826722427335884,0.028718894832237798,0.014632071123893427,0.028826722427335884,0.03303783899554332,0.0,0.0,0.015995683875778276,0.0,0.0,0.017734667380034257,0.0,0.0,0.0,0.0,0.0,0.03878597428622358,0.019213769028151206,0.02139546270769721,0.0,0.0,0.04235102004167681,0.0,0.0,0.0,0.0,0.0,0.0,0.0,0.02363872320566242,0.0,0.0,0.0,0.0,0.0,0.0,0.0,0.0,0.0,0.0,0.0,0.0,0.0,0.0,0.0,0.0,0.0,0.0,0.0,0.0,0.0,0.0,0.0,0.0,0.0,0.0,0.0,0.0,0.0,0.0,0.0,0.0,0.0,0.0,0.0,0.0
J07A1123,0.0,0.0,0.0,0.14715201230232608,0.0,0.4414560369069782,0.0,0.0,0.0,0.0,0.1486721562795625,0.0,0.1543873149149803,0.0,0.0,0.0,0.3056120609790242,0.16200503337866887,0.0,0.0,0.0,0.0,0.0,0.3571321146561372,0.1742440509960885,0.0,0.0,0.0,0.18432039492410118,0.18963561393138584,0.0,0.0,0.0,0.0,0.200892763721598,0.0,0.0,0.0,0.0,0.0,0.0,0.0,0.0,0.0,0.0,0.0,0.0,0.0,0.2711577533301383,0.0,0.0,0.0,0.0,0.0,0.0,0.0,0.31543678746757087,0.0,0.0,0.0,0.0,0.0,0.0,0.0,0.0,0.0,0.0,0.0,0.0,0.0,0.0,0.0,0.0,0.42030325928001666,0.0,0.0,0.0,0.0,0.0,0.0,0.0,0.0,0.0,0.0,0.0,0.0,0.0,0.0,0.0,0.0,0.0,0.0,0.0,0.0,0.0,0.0,0.0,0.0,0.0,0.0,0.0
J07A1124,0.05400307988611241,0.1353378856100903,0.2435520704030617,0.24106179769678246,0.3374865167754954,0.24106179769678246,0.3221066397405107,0.37621454043617353,0.21844715251132657,0.2345681256468821,0.28008488096352097,0.12303444146371846,0.16439445176623985,0.21720364757971358,0.21497736000200593,0.07587436235364917,0.16271067103364215,0.10615750059048791,0.06566589074881436,0.06773767063191283,0.11065661133572578,0.027377896391691504,0.13832076416965722,0.10238330376714579,0.04281652372322634,0.028544349148817563,0.08683899319277621,0.062353802380846486,0.09058511342943225,0.015532883745997627,0.015151069716267965,0.03151347506791827,0.0,0.0,0.016454946829917685,0.017586358507599934,0.0,0.0,0.017586358507599934,0.020155440229341622,0.01928623677304372,0.0,0.01951701806702207,0.02057272512416237,0.0,0.0,0.02154621450147255,0.022607232075305475,0.022210289364881005,0.0,0.0,0.0,0.0,0.0,0.0,0.0,0.025837145499038663,0.0,0.026949301886745037,0.0,0.0,0.0,0.0,0.0,0.02884261726282708,0.0,0.0,0.03388984783626865,0.0,0.0,0.0,0.0,0.0,0.0,0.0,0.0,0.0,0.0,0.03498905337686702,0.0,0.0,0.0,0.0,0.0,0.0,0.0,0.0,0.0,0.0,0.0,0.0,0.0,0.0,0.0,0.0,0.0,0.0,0.0,0.0,0.0,0.0
J07A1125,0.07995941145908528,0.23074914670086702,0.2644504507910043,0.1427708161071803,0.19036108814290706,0.19036108814290706,0.3061745313487697,0.1796904278068217,0.20364915151439794,0.15842311545961343,0.2644504507910043,0.1335916112478704,0.2246860501817911,0.10089461339723964,0.14979070012119408,0.13730814177776124,0.11119237177469503,0.15718161421689184,0.2333469567269796,0.2139636692824493,0.15018960166459017,0.0675615936191085,0.04096080045397913,0.12993717178018624,0.05635207876379016,0.05635207876379016,0.14286417248047723,0.09232387025190301,0.08941628726913346,0.045997385527330216,0.08973344631774618,0.09332056337436047,0.0489058305373426,0.04682798812462258,0.08121313740410792,0.12151608331218562,0.03458901347887424,0.05286856353121998,0.052078321419508126,0.039790746301524064,0.057112155265415486,0.10111860460865786,0.01926518859500258,0.08122909515564322,0.04044744184346314,0.042719237814316524,0.08507280865423379,0.06694658805655432,0.08769483368712172,0.04606920675279604,0.023800973492828486,0.023356897875323305,0.023141047724046886,0.0,0.02524474353447923,0.0,0.0,0.05320314625614522,0.0,0.028137419834002097,0.05438370991444194,0.0,0.05694091784243799,0.030903616323163477,0.0,0.029530787310367065,0.030494606811175932,0.06690512943930221,0.0,0.034825393732447515,0.07084649315043312,0.0,0.06353477471017635,0.033982454833073335,0.13930157492979006,0.037067598766485216,0.0,0.0,0.06907517426598413,0.0,0.0381784937211028,0.046257522711209795,0.0,0.0,0.07881306223926261,0.0,0.0,0.0,0.0,0.0,0.0,0.0,0.045505289133879426,0.0,0.0,0.04706167430337745,0.0,0.0,0.0,0.0,0.0
J07A1126,0.1422342775870897,0.4176648469087508,0.45615772350334477,0.31040184945592225,0.366838549356999,0.22574679960430707,0.23740401449133033,0.18468025235775867,0.19888642561604783,0.1734202734905884,0.11403943087583619,0.15842459710331927,0.13322616832856662,0.1196496421298134,0.059211630368251826,0.08881744555237774,0.146512914619433,0.09319984118672497,0.06149404352471059,0.06343420029182453,0.08095815608400268,0.016024087364147385,0.06476652486720215,0.0171212048552179,0.033413607676021966,0.033413607676021966,0.050826242952615446,0.054742853278933024,0.035345880260908326,0.018182571999106972,0.08867812972929644,0.018444612048040685,0.0,0.018510905693615333,0.0,0.0,0.0,0.0417974392185661,0.0,0.0,0.0,0.023983054093199035,0.022846342766386828,0.0,0.023983054093199035,0.0,0.0,0.02646370317525102,0.025999047704326417,0.0,0.028225272538048247,0.0,0.0,0.0,0.0,0.0,0.030244593725793082,0.0,0.0,0.0,0.0,0.0,0.0,0.0,0.0,0.0,0.0,0.0,0.0,0.0,0.0,0.0,0.0,0.0,0.0,0.0,0.0,0.0,0.0,0.0,0.0,0.0,0.0,0.0,0.0,0.0,0.0,0.0,0.0,0.0,0.0,0.0,0.0,0.0,0.0,0.0,0.0,0.0,0.0,0.0,0.0
J07A1127,0.0,0.06895492525194534,0.17744908655449676,0.17563470404372794,0.13510361849517535,0.24318651329131563,0.22732825597017461,0.14963567728668,0.1768421640660764,0.1937367535315211,0.15014922708457418,0.19307379070544692,0.11339721186776204,0.3150717457770837,0.29766768115287534,0.18427046928511331,0.2665599329266706,0.13386646429971694,0.17665245084813394,0.07592745510275388,0.10853105014251328,0.15344002677504703,0.12403548587715803,0.14755101270573573,0.17597518079950192,0.07998871854522813,0.032446070727969636,0.08736581666064919,0.06769150330215955,0.10446526922804163,0.016982901167237028,0.10597078144390053,0.07404711804571136,0.10635166174694037,0.055333268401091006,0.019712627162257954,0.058916673697508595,0.06003524613053459,0.09856313581128977,0.06777696673711381,0.08647211296317979,0.02296517972337993,0.021876712015622617,0.023060058732964808,0.04593035944675986,0.02425505617508265,0.024151247288744633,0.0,0.04979122349024754,0.05231419168045579,0.027027352482245793,0.0,0.026277969421491933,0.08778537630505243,0.05733367015730262,0.0,0.028960970853599905,0.0,0.030207591875655443,0.03195163273567991,0.0,0.0321393743963708,0.03232981746847199,0.0,0.0,0.0,0.0,0.0,0.0,0.0,0.0,0.039546205621524624,0.03607366630380513,0.07717800158570924,0.039546205621524624,0.0,0.040578070683533245,0.0,0.0,0.0,0.0,0.0,0.09261454289940356,0.04630727144970178,0.0,0.0,0.0,0.09879859206919044,0.04872040029451549,0.05087143017543372,0.1550214939231517,0.05252803510949091,0.0,0.056633110872402234,0.05252803510949091,0.0,0.0,0.0,0.0,0.0,0.0
J07A1128,0.0,0.07746247337882434,0.15334036181663932,0.10118165756182503,0.10118165756182503,0.10118165756182503,0.1627393859076224,0.11461192312478462,0.2037545299996171,0.16841165991106824,0.16611872530135927,0.20656659567686492,0.11942622943690136,0.1474769969325512,0.15923497258253513,0.09288706733981217,0.19700504611440178,0.16709188227343114,0.20671619481146739,0.15637464843741838,0.18868793838251463,0.14364267606556086,0.13063011118789475,0.15347742601383585,0.16473893039799758,0.11981013119854368,0.10631021017115608,0.11450234956138257,0.15842327594673294,0.13039336295932277,0.2861733642859376,0.11573847304712537,0.1732977765740031,0.11615446039842084,0.12086705233629544,0.1291776470695268,0.01838492178923388,0.1498717745504982,0.14763159665088776,0.08459908914552562,0.08095075302147028,0.08599528926383919,0.08191941890225675,0.04317528634804367,0.06449646694787939,0.09082535373165014,0.04521831576531719,0.11861259416255054,0.02330599367400749,0.048973860648526775,0.05060323983400549,0.02482954542425522,0.04920017193174688,0.0,0.026836419359236027,0.0,0.1084470966879242,0.05655759355251993,0.0,0.0,0.02890629575185964,0.06017446480423108,0.06053103085925226,0.0,0.06053103085925226,0.09417809190895765,0.0,0.0,0.1066852258846361,0.0740422551156451,0.0,0.03702112755782255,0.0,0.03612504153631387,0.03702112755782255,0.0,0.03798710665702314,0.0,0.03671517481218292,0.0,0.04058563980276183,0.0,0.04335049029990935,0.04335049029990935,0.0,0.04560953764397829,0.0,0.0,0.0,0.04762322139316756,0.0,0.0,0.0,0.0,0.0,0.0,0.0,0.0,0.0,0.0,0.0
J07A1130,0.0,0.0,0.015486586633113782,0.015328239286930076,0.07664119643465038,0.04598471786079022,0.04551463287307398,0.030867236877610307,0.09260171063283093,0.1256027822996021,0.13937927969802405,0.06258648619759595,0.08040955977623553,0.11373918424209957,0.16081911955247105,0.16081911955247105,0.09550317511188326,0.16875419360310553,0.16701816646257744,0.12060135017226781,0.19349686851928857,0.20890325272981808,0.19349686851928857,0.1116030917589447,0.07260123640048576,0.10890185460072864,0.22087097662305905,0.19824252794832664,0.21119913904804655,0.05926076080479582,0.15414418993492135,0.14026787481604452,0.1680209540727814,0.14077202577104125,0.14648339588503737,0.15655532297200636,0.2673766646620619,0.09081766312291029,0.26838055366629665,0.10252886644689245,0.049053654295476964,0.10422097468244877,0.17374222557857524,0.15697733436007213,0.10422097468244877,0.11007471424101778,0.05480180348136551,0.14375113194058306,0.11298169457612015,0.08902993758923512,0.06132799857686437,0.06018374837018338,0.08944135051756084,0.03319909239255738,0.06504816267378064,0.0,0.032857794348538465,0.0,0.10281646081193005,0.03625086268123157,0.03503264357277706,0.0,0.0,0.03981469368171003,0.036679933800382064,0.03804600855275039,0.11786323805293142,0.0,0.08619726592852982,0.04486731809322455,0.04563756218222288,0.0,0.0,0.0,0.0,0.0,0.0,0.0,0.0,0.0,0.04918728658935133,0.0,0.0,0.0,0.0,0.055275940214437755,0.0,0.0,0.0,0.0,0.0,0.0,0.0,0.0,0.0,0.0,0.0,0.0,0.0,0.0,0.0
J07A1132,0.0,0.01751372762249434,0.17334595793616214,0.12010147038407495,0.1715735291201071,0.2402029407681499,0.3056752719915299,0.13820245538034248,0.24185429691559934,0.123017054960902,0.3120227242850918,0.24519218671492077,0.360019221713651,0.12731164274228568,0.27001441628523826,0.19801057194250804,0.16034930518823265,0.11333494477082154,0.16825354914983057,0.15427733556436968,0.13782795382884044,0.09742983642965371,0.09844853844917174,0.1249206510634546,0.14221325555041134,0.060948538093033425,0.08240914526026777,0.04437974839130788,0.06447312575168912,0.08844310321008556,0.12940362310421305,0.11214713786881816,0.02350885473272789,0.06753013034348178,0.023423315731212424,0.02503385955260894,0.0,0.025413726059399632,0.1251692977630447,0.05738180075247452,0.0,0.058328814222818576,0.0,0.0,0.0,0.0,0.030670642105195052,0.0,0.09484782156743068,0.0,0.0,0.0,0.0,0.03716072889227694,0.0,0.0,0.0,0.0,0.0,0.0,0.0,0.040815086600324235,0.0,0.0,0.0,0.0,0.0,0.0,0.0,0.0,0.0,0.0,0.0,0.0,0.0,0.053454779427186974,0.0,0.053972001083024954,0.0,0.0,0.0,0.0,0.0,0.0,0.0,0.0,0.0,0.0,0.0,0.0,0.0,0.0,0.0,0.0,0.0,0.0,0.0,0.0,0.0,0.0,0.0
J07A1133,0.15887379687462147,0.20047009298923574,0.34172276257620987,0.3818711282278756,0.40369233555518286,0.3054969025823005,0.30237391924395535,0.2526690826509425,0.20872663349425688,0.100579226351723,0.099209834296319,0.12250950127119961,0.13736479256068437,0.09252488724993475,0.21749425488775023,0.057235330233618494,0.10196839370403846,0.10810694429187342,0.13077143977670064,0.08584374946136743,0.03756289177450956,0.09913122013635584,0.025041927849673042,0.06619900906570902,0.07751607680071317,0.025838692266904387,0.05240514237868334,0.05644342083227367,0.01366645786680272,0.014060555419847765,0.08228959627813676,0.04278957177980188,0.05979845443306012,0.014314455369099439,0.0595808725839005,0.015919385767187978,0.03171967724004253,0.0323218965154782,0.015919385767187978,0.018244949810373116,0.05237440878759448,0.01854605944809095,0.017667042298713142,0.0,0.01854605944809095,0.0,0.019503895608820494,0.0,0.020105024257728872,0.0,0.02182656055375589,0.0,0.04244275803075481,0.0,0.0,0.0,0.0,0.0,0.0,0.0,0.0,0.0,0.026108688193970084,0.0,0.0,0.027081056899795505,0.0,0.0,0.0,0.0,0.0,0.031936448538068804,0.0,0.0,0.0,0.0,0.0,0.0,0.0,0.0,0.0,0.0,0.0,0.0,0.0,0.0,0.0,0.0,0.0,0.0,0.0,0.0,0.0,0.0,0.0,0.0,0.0,0.0,0.0,0.0,0.0
J07A3054,0.1867151356499893,0.3573279464765909,0.3705147466029739,0.350056927638217,0.33338755013163524,0.2000325300789811,0.3794763685149919,0.21819169795245455,0.1846237444213077,0.15366639143551963,0.23578211147461978,0.11910931549219697,0.08744496233112835,0.12369074907636926,0.15740093219603102,0.06995596986490267,0.017309864592804185,0.01835192748711546,0.10897881283452009,0.11241712928069711,0.0956485456000422,0.07572705333646149,0.05738912736002533,0.020227960004706263,0.0,0.019738363199291228,0.04003266586002597,0.0,0.02087981127189459,0.0,0.0,0.0,0.0,0.04373966238798034,0.0,0.0,0.0,0.04938185927695541,0.0,0.0,0.0,0.0,0.0,0.0,0.0,0.0,0.0,0.0,0.03071674578809143,0.0,0.03334693374967551,0.0,0.0,0.0,0.0,0.0,0.0,0.0,0.0,0.0,0.0,0.0,0.0,0.0,0.0,0.0,0.0,0.046869530769363836,0.0,0.0,0.0,0.0,0.0,0.0,0.0,0.0,0.0,0.0,0.0,0.0,0.0,0.0,0.0,0.0,0.0,0.0,0.0,0.0,0.0,0.0,0.0,0.0,0.0,0.0,0.0,0.0,0.0,0.0,0.0,0.0,0.0
J07A3055,0.7535912332409832,0.49186752726280863,0.26638232680855856,0.15455850088471246,0.18183353045260292,0.05455005913578087,0.12598229884401083,0.10985016383894346,0.08238762287920759,0.11174863390709346,0.05511358485694315,0.009280519382317144,0.00953870425856382,0.009637486282857304,0.06677092980994673,0.00953870425856382,0.018882011576756983,0.010009359270539002,0.00990638986289382,0.02043787927132132,0.020867141226173953,0.010325608629884724,0.010433570613086977,0.011032569692712026,0.0107655377786775,0.0,0.010917145772065795,0.011758408147186657,0.01138809711776451,0.011716493930727451,0.0,0.0,0.0,0.023856131489226537,0.0,0.0,0.0,0.0,0.0,0.0,0.0,0.0,0.0,0.03103611834059875,0.0,0.0,0.0,0.017052692966244263,0.0,0.0,0.0,0.0,0.0,0.0,0.0,0.0,0.0,0.0,0.0,0.0,0.0,0.0,0.0,0.0,0.0,0.0,0.0,0.0,0.0,0.0,0.0,0.0,0.0,0.0,0.0,0.0,0.0,0.0,0.0,0.0,0.0,0.0,0.0,0.0,0.0,0.0,0.0,0.0,0.0,0.0,0.0,0.0,0.0,0.0,0.0,0.0,0.0,0.0,0.0,0.0,0.0
J07A3056,0.706859683899401,0.5198575461262898,0.2460845395671172,0.25463966252977277,0.1771406348033202,0.09964160707686762,0.08766489537224095,0.055737014954591525,0.13376883589101968,0.022680112843042433,0.0671139653364865,0.09041000802196343,0.058078264063746464,0.0117359435427301,0.09292522250199434,0.04646261125099717,0.022993363137871783,0.0,0.024126795874147143,0.03733200601613435,0.03811609959396182,0.012573897006754169,0.012705366531320606,0.0,0.0,0.0,0.013294234893658712,0.0,0.0,0.028535264747269817,0.0,0.0,0.01516978417435266,0.014525271636625465,0.0,0.0,0.0,0.0,0.0,0.0,0.0,0.018819196701961076,0.0,0.0,0.0,0.0,0.0,0.0,0.0,0.021434865204566677,0.0,0.0,0.0,0.0,0.0,0.0,0.0,0.0,0.0,0.026183294389349604,0.0,0.0,0.0,0.0,0.0,0.0,0.0,0.0,0.0,0.0,0.0,0.0,0.0,0.0,0.0,0.0,0.0,0.0,0.0,0.0,0.0,0.0,0.0,0.0,0.0,0.0,0.0,0.0,0.0,0.0,0.0,0.0,0.0,0.0,0.0,0.0,0.0,0.0,0.0,0.0,0.0
J07A3057,0.5753817255696185,0.46609206163422584,0.33157722455545263,0.2853799232278358,0.2568419309050522,0.1569589577753097,0.1694775530564202,0.18677221145791678,0.17240511826884627,0.11692312371593307,0.0576656042705135,0.04369613077820867,0.13473528309127683,0.09075372695009236,0.07485293505070935,0.04491176103042561,0.08890352072166256,0.047127779564245215,0.031095307576119054,0.016038187244320653,0.032750082706347654,0.016205599653388896,0.032750082706347654,0.0,0.05068814872270504,0.03379209914847002,0.0342679836281497,0.0,0.017873129741744237,0.0,0.0,0.0,0.0391025072061305,0.0,0.0,0.0,0.0,0.0,0.0,0.0477218542318165,0.0,0.0,0.0,0.0,0.0,0.0,0.0,0.0,0.026293551007988518,0.0,0.0,0.0,0.0,0.0,0.0,0.0,0.0,0.0,0.0,0.0,0.0,0.0,0.0,0.0,0.0,0.0,0.0,0.0,0.0,0.0,0.0,0.0,0.0,0.0,0.0,0.0,0.0,0.0,0.0,0.0,0.0,0.0,0.0,0.0,0.0,0.0,0.0,0.0,0.0,0.0,0.0,0.0,0.0,0.0,0.0,0.0,0.0,0.0,0.0,0.0,0.0
J07A3058,0.9523689825816818,0.2751901610821254,0.12571176635034054,0.020737731318193724,0.020737731318193724,0.010368865659096862,0.010262868529773511,0.0,0.0,0.010620580352498842,0.0,0.0,0.0,0.0,0.0,0.0,0.0,0.0,0.0,0.01165448550625871,0.0,0.011776139248376267,0.0,0.0,0.0,0.0,0.0,0.0,0.0,0.0,0.0,0.0,0.0,0.0,0.0,0.0,0.0,0.0,0.0,0.0,0.0,0.0,0.0,0.0,0.0,0.0,0.0,0.0,0.0,0.0,0.0,0.0,0.0,0.0,0.0,0.0,0.0,0.0,0.0,0.0,0.0,0.0,0.0,0.0,0.0,0.0,0.0,0.0,0.0,0.0,0.0,0.0,0.0,0.0,0.0,0.0,0.0,0.0,0.0,0.0,0.0,0.0,0.0,0.0,0.0,0.0,0.0,0.0,0.0,0.0,0.0,0.0,0.0,0.0,0.0,0.0,0.0,0.0,0.0,0.0,0.0
J07A3059,0.2613782909354935,0.3913248960655105,0.43784270540022213,0.1333433380354316,0.366694179597437,0.1833470897987185,0.2639604355136334,0.16782506474424586,0.13426005179539668,0.10243528674951514,0.0842005202692735,0.05104237774767528,0.08743730207540219,0.05300567728191304,0.10492476249048262,0.03497492083016087,0.05192504470025535,0.01835031984210228,0.03632308873150724,0.07493818762743294,0.03825606668127823,0.03786020978994249,0.057384100021917336,0.04045237603518408,0.039473268202576836,0.07894653640515367,0.1200874768897015,0.021556879366888507,0.04175596436407035,0.021480037357608117,0.020952036262874802,0.021789599175406064,0.04567646856027489,0.043735830755027044,0.0,0.0,0.048457534694938985,0.0,0.02431973636736144,0.027872455376925842,0.026670455605476328,0.028332454720748704,0.026989597298490636,0.085348524737786,0.0,0.0299237928510583,0.05959144483083145,0.0,0.0,0.0,0.0,0.0654437681404762,0.06483897689942081,0.03610067109228398,0.0353666645171598,0.0,0.07145908765026454,0.07453503428658581,0.037267517143292905,0.0,0.0,0.03965078352560565,0.0,0.0,0.0,0.12411361354971637,0.042721469013957396,0.0,0.09373084991436677,0.0,0.0,0.0,0.04450457298722741,0.04760777537348958,0.0,0.10385982557045714,0.05006171796365724,0.0,0.0,0.0,0.10697244575771359,0.0,0.057129910908313146,0.11425982181662629,0.0,0.0,0.0,0.0,0.0,0.12552155126901643,0.0,0.06480455168371374,0.0,0.0,0.12960910336742748,0.19779338749432765,0.0,0.0,0.07142534960538714,0.0,0.0
J07A3060,0.29801237654443313,0.5612713830974476,0.3404865297455444,0.33700512098364044,0.2837937860914867,0.1773711163071792,0.1580021245080409,0.07143620555256072,0.1071543083288411,0.16350928147768135,0.19712378037899939,0.05431658546104332,0.074436903611967,0.11281164894927488,0.148873807223934,0.01860922590299175,0.09209312119602318,0.03905487008729421,0.13528585150685707,0.019936309064023498,0.020355036412774287,0.040288822961859386,0.040710072825548574,0.1291418055137964,0.06300803098410514,0.06300803098410514,0.021298451695456178,0.0688190557771378,0.0666517168763539,0.022857914076976217,0.02229604337558804,0.0695619999301498,0.02430323505281673,0.0,0.02421480562979088,0.0,0.0,0.0525449465753549,0.07763931249350903,0.0,0.02838128130200195,0.06029978484812171,0.028720894929103853,0.0,0.0,0.0,0.0,0.0,0.0,0.034340407312634456,0.0,0.0,0.03449909648972422,0.0,0.0,0.0,0.0,0.0,0.0,0.0,0.08107622775687348,0.04219425636110727,0.0,0.0,0.0,0.0,0.0,0.04987169430936045,0.0,0.0,0.0,0.0,0.0,0.0,0.0,0.0,0.05327301944164387,0.0,0.0,0.0,0.0,0.0,0.0,0.0,0.0,0.0,0.0,0.0,0.0,0.0,0.0,0.0,0.0,0.0,0.0,0.0,0.0,0.0,0.0,0.0,0.0
J07A3061,0.4273882645138928,0.4590359145853432,0.536948286680542,0.27254261258405876,0.19077982880884112,0.20440695943804407,0.24278085803257832,0.1097665194860067,0.16464977922901006,0.08374765798675832,0.1101432382934445,0.06955089614929442,0.04289148496690462,0.08667133120283183,0.08578296993380924,0.04289148496690462,0.05660290215080213,0.04500781982995564,0.08908962063670921,0.0,0.06255375642529695,0.015476619441444727,0.015638439106324238,0.03307250714522328,0.0,0.016136010694891886,0.0,0.017624182230236506,0.03413827728154414,0.0,0.0,0.01781444614757322,0.0,0.01787847485015259,0.0,0.0,0.0,0.0,0.0,0.0,0.0,0.023163665599733478,0.0,0.0,0.0,0.0,0.024359984234889994,0.0,0.0,0.0,0.0,0.0,0.0,0.0,0.0,0.0,0.0,0.0,0.0,0.0,0.0,0.0,0.0,0.0,0.0,0.0,0.0,0.038315601051771925,0.0,0.0,0.0,0.0,0.0,0.0,0.03988799973651928,0.0,0.0,0.0,0.0,0.0,0.0,0.0,0.0,0.0,0.0,0.0,0.0,0.0,0.0,0.0,0.0,0.0,0.0,0.0,0.0,0.0,0.0,0.0,0.0,0.0,0.0
J07A3062,0.7347612264660959,0.46668978046758436,0.3614998222022731,0.2385357043990094,0.12920683988279677,0.03975595073316824,0.07869908031698745,0.1100804826768195,0.04002926642793436,0.030540799963096582,0.07029163209488644,0.010145430010164876,0.031283030331463554,0.010535664926572265,0.031283030331463554,0.02085535355430904,0.02064174633028793,0.03282658536956595,0.010829629341531774,0.022342615231047434,0.0,0.011287917771763134,0.0456237656753895,0.012060765032498597,0.0,0.011768846716000102,0.011934584022560035,0.012854248989074309,0.0,0.0,0.0,0.0,0.0,0.0,0.0,0.0,0.028894962288567985,0.0,0.0,0.0,0.0,0.01689448742806342,0.0,0.01696428580342675,0.0,0.0,0.0,0.0,0.0,0.0,0.0,0.0,0.0,0.021526632264114925,0.0,0.0,0.0,0.0,0.0,0.0,0.0,0.0,0.0,0.0,0.0,0.0,0.0,0.0,0.0,0.0,0.0,0.0,0.0,0.0,0.0,0.0,0.0,0.0,0.0,0.0,0.0,0.0,0.0,0.0,0.0,0.0,0.0,0.0,0.03584148698945029,0.0,0.0,0.0,0.0,0.0,0.0,0.0,0.0,0.0,0.0,0.0,0.0
J07A3063,0.2798398558271981,0.32788549298867287,0.4327091380401201,0.2676779818663401,0.41043957219505484,0.21414238549307207,0.3002671552253263,0.21561457956189825,0.1617109346714237,0.10967045416436852,0.21635456902006006,0.12751102505115053,0.09361313795084221,0.13241562289983724,0.11233576554101064,0.03744525518033688,0.1297160510093581,0.03929286430497167,0.038888646327296106,0.08023119114658146,0.08191630717523243,0.060801505040560415,0.04095815358761622,0.04330959176845819,0.08452265598112399,0.021130663995280997,0.0,0.0692384282473156,0.02235262730838433,0.045994413199368235,0.02243191194687288,0.02332863326160059,0.024451335133562055,0.023412481061768863,0.0,0.026037478072260718,0.0,0.0,0.0,0.0,0.0,0.0,0.0,0.0304589423146093,0.06066724222511389,0.0,0.0,0.0,0.0,0.0,0.0,0.0,0.0,0.0,0.0,0.0,0.0,0.0,0.0,0.0,0.0,0.0,0.0,0.0,0.0,0.0,0.0,0.0,0.0,0.0,0.0,0.0,0.0,0.0,0.0,0.0,0.0,0.0,0.0,0.0,0.0,0.0,0.0,0.0,0.0,0.0,0.0,0.0,0.0,0.0,0.0,0.0,0.0,0.0,0.0,0.0,0.0,0.0,0.0,0.0,0.0
J07A3064,0.02437688085942914,0.09996749573332686,0.07695723782907174,0.06528888427778858,0.06528888427778858,0.0870518457037181,0.0538512165351704,0.07669402386053528,0.06573773473760167,0.06687383792931195,0.05496945559219409,0.05553749762962603,0.022833022305155656,0.011534739588165218,0.022833022305155656,0.022833022305155656,0.033898738744669844,0.0,0.0237131600447668,0.03669197675773364,0.07492525527787992,0.02471665393638729,0.01248754254631332,0.05281784675328763,0.0,0.01288486137972314,0.03919894560601649,0.014073190038196036,0.013629978897277717,0.014023024511863833,0.013678324352805976,0.05690047521862076,0.0,0.02855249348564292,0.029710918656274482,0.0,0.0,0.0,0.015876893206649034,0.0,0.052234609252069346,0.0,0.052859654503535664,0.09286486444164041,0.036993111363431336,0.0,0.03890367030782407,0.020409717520681905,0.020051359249989104,0.021067380508596443,0.0,0.042724300219039404,0.021164734195927813,0.023567956945034108,0.0,0.0,0.023325670273104924,0.024329720553842457,0.024329720553842457,0.05146880286902908,0.024869590578898794,0.051771223675012266,0.0,0.028264356608755495,0.0,0.05401754246165095,0.08367083313568306,0.030595617316313585,0.0,0.0318512026942436,0.06479599429218563,0.0,0.029054359054402387,0.06216050651152984,0.0,0.06780383364913298,0.06536456956968269,0.06845989493098593,0.06317595124950898,0.0,0.06983587616634765,0.04230699423896429,0.0,0.0,0.1802054873824658,0.1177207765501022,0.04036341824335341,0.15914821320753314,0.1177207765501022,0.08194547155147937,0.04161900362128343,0.0,0.1248570108638503,0.1824531749888688,0.29614895967275,0.34433975136269135,0.1824531749888688,0.15129457522838066,0.37303452004659626,0.48616534045453497,0.2551446883546193
J07A3065,0.9216690032391894,0.2896310697453702,0.14333434981768914,0.02837375677535383,0.05674751355070766,0.0,0.05616740443073504,0.0,0.0,0.0,0.0,0.0,0.0,0.0,0.0,0.02976886319160695,0.02946396094134951,0.0,0.0,0.0,0.0,0.0,0.032561606667080085,0.0,0.0,0.0,0.0,0.0,0.0,0.03656541763478818,0.0,0.0,0.0,0.0,0.0,0.0,0.0,0.04202763011653708,0.0,0.0,0.0,0.0,0.045944328707813495,0.0,0.0,0.0,0.0,0.0,0.0,0.0,0.0,0.0,0.0,0.0,0.0,0.0,0.0,0.0,0.0,0.0,0.0,0.0,0.0,0.0,0.0,0.0,0.0,0.0,0.0,0.0,0.0,0.0,0.0,0.0,0.0,0.0,0.0,0.0,0.0,0.0,0.0,0.0,0.0,0.0972521144643543,0.09397814145793884,0.0,0.0,0.0,0.0,0.0,0.0,0.0,0.0,0.0,0.0,0.11223440783213075,0.0,0.0,0.0,0.0,0.0
J07A3066,0.1810453543228605,0.37122572797923264,0.4082542234181713,0.22224394671903427,0.3636719128129652,0.16163196125020673,0.17997711378853976,0.16274315469347297,0.1830860490301571,0.2483336106998014,0.20412711170908565,0.08249460621760725,0.12718442027109358,0.19275229725075485,0.10598701689257799,0.06359221013554679,0.06294087831127212,0.0444866347182558,0.06604348020122439,0.06812717315247213,0.06955806542548063,0.045892206178809236,0.09274408723397416,0.09806859453391366,0.11961868231547126,0.04784747292618851,0.04852129521989759,0.052260288992892485,0.07592166035619734,0.07811100165158702,0.025396984680659863,0.0,0.11073334903943842,0.026507166409632507,0.055165218085133506,0.0,0.1174754807474784,0.08977937345700805,0.02947913817111819,0.033785562097105426,0.0,0.0343431497292385,0.03271540677607128,0.0,0.137372598916954,0.03627208826342933,0.0,0.07579075767464455,0.11169001053712713,0.07823296571099311,0.04041790328937445,0.0,0.0,0.0,0.0,0.0,0.043309522081236757,0.0,0.04517377452479519,0.0,0.04617616856095434,0.0,0.0,0.0,0.0,0.0,0.051784775497228444,0.0,0.0,0.0,0.0,0.0,0.053946162759305895,0.0,0.0,0.0,0.0,0.0,0.0,0.06924995040777061,0.0,0.0,0.0,0.06924995040777061,0.0,0.0,0.0,0.0,0.0,0.0,0.0,0.0,0.0,0.0,0.0,0.0,0.0,0.0,0.0,0.0,0.0
J07A3067,0.34858847438214374,0.4588619335355427,0.3668285301716289,0.2593412711156255,0.19018359881812538,0.2939201072643755,0.18823942129843504,0.20889936013700716,0.22630764014842442,0.12396395320448943,0.15721222721641237,0.194133894957345,0.10883711848104016,0.05498211329306211,0.10883711848104016,0.036279039493680054,0.0897686448212136,0.07613821132074623,0.0941936921760242,0.09716553333038454,0.05952379538223675,0.03927191294808767,0.1190475907644735,0.06294110092143801,0.06141767681276507,0.04094511787517671,0.062282604411514154,0.02236067614590359,0.04331292950217201,0.0891238756372394,0.043466560210101,0.045204146872825327,0.02368980926185596,0.09073323933772774,0.047207223683266554,0.0,0.0,0.07682802882040389,0.025226552489763982,0.0,0.027664923586935418,0.0,0.027995965196469567,0.0,0.0,0.0,0.0,0.03242868763021711,0.0,0.03347363828077973,0.03458731910468649,0.0,0.033628322063782586,0.0,0.0,0.0,0.03706180030593035,0.0,0.0,0.0,0.0,0.0,0.0,0.0,0.0,0.0,0.0,0.0,0.0,0.0,0.0,0.0,0.0,0.0,0.0,0.0,0.0,0.0,0.0,0.0,0.0,0.0,0.0,0.05926012825526623,0.0,0.0,0.0,0.0,0.0,0.0,0.0,0.0,0.0,0.0,0.0,0.0,0.0,0.0,0.0,0.0,0.0
J07A3068,0.7062985377917733,0.5502254212187521,0.297987404838695,0.19323690642814703,0.16272581593949223,0.06102218097730958,0.0503319779102949,0.05120141545494556,0.0716819816369238,0.04166903739598276,0.09247884977752603,0.041526446884434125,0.010670429084343885,0.03234279346911501,0.03201128725303166,0.02134085816868777,0.02112227825059764,0.011196925219703505,0.011081738949917609,0.01143137136279404,0.0,0.034652088475944545,0.011671467350870702,0.0123415350065471,0.0,0.0,0.012212416551198533,0.0,0.0,0.013106603812853324,0.012784430203645366,0.02659098202469086,0.0,0.026686555362489196,0.0138846380612917,0.029678640133942585,0.014783812952010662,0.0,0.014839320066971293,0.0,0.0,0.017287784601497987,0.0,0.01735920785621073,0.0,0.018258780976365428,0.0,0.0,0.0,0.0,0.0,0.0,0.0,0.0,0.0,0.0,0.0,0.02273974547408563,0.0,0.0,0.023244334375207655,0.0,0.0,0.0,0.0,0.0,0.0,0.0,0.02859615871278958,0.0,0.060561501916301365,0.0,0.0,0.0,0.0,0.03168638776463504,0.0,0.0,0.0,0.0,0.0,0.0,0.03485930194966137,0.03485930194966137,0.0,0.0,0.0,0.0,0.0,0.03829512060590172,0.0,0.0,0.0,0.0,0.0,0.0,0.0,0.0,0.0,0.0,0.0
J07A3069,0.6496057229594284,0.5112683713681481,0.2663363562800542,0.2240711508673854,0.2240711508673854,0.2108904949340098,0.11741323408463931,0.10617016639209015,0.1725265203871465,0.08100377806490892,0.05326727125601084,0.05381772330191032,0.055314937160119225,0.0419158305206247,0.06914367145014903,0.04148620287008942,0.0,0.01451106628465394,0.02872357281952875,0.044444716111373225,0.0,0.044908646160400044,0.045378199740842035,0.031988930714520615,0.015607335901723803,0.015607335901723803,0.04748138866509447,0.0,0.033019782318805396,0.0,0.049705354940704584,0.017230779663300645,0.0,0.017292710551139245,0.01799430640934191,0.0,0.0,0.0,0.0,0.0,0.0,0.0,0.04268566856212855,0.0,0.0,0.0,0.0,0.0,0.0,0.0,0.0,0.0,0.0,0.0,0.0,0.0,0.0,0.0,0.0,0.03117188734760774,0.0,0.0,0.0,0.0,0.0,0.0,0.0,0.0,0.0,0.0,0.0,0.0,0.0,0.0,0.0,0.04106513745083691,0.0,0.0,0.0,0.0,0.0,0.0,0.0,0.0,0.0,0.0,0.0,0.0,0.0,0.0,0.050412786778959294,0.0,0.0,0.0,0.0,0.0,0.0,0.0,0.0,0.0,0.0
J07A3070,0.5565575158109928,0.48841365793179614,0.3160810806593879,0.2576405282568279,0.2576405282568279,0.1656260538793894,0.07285907519061192,0.16676470605982008,0.09264705892212226,0.11309786248733993,0.03718600948933975,0.0563554220690534,0.03861548995540698,0.05852308311429113,0.1737697047993314,0.05792323493311046,0.01910998885738384,0.02026042017313543,0.10025997448801247,0.0,0.02111908652828656,0.02090055554310744,0.08447634611314624,0.02233154905545803,0.06537311117238691,0.0217910370574623,0.02209791400778755,0.0,0.13830713415842266,0.02371591263500989,0.0,0.0,0.0,0.0,0.050247473400760544,0.02685119831928643,0.026750760257083252,0.0,0.0,0.030773722858924865,0.0,0.0,0.0297989673355195,0.0,0.0,0.03303858578776963,0.0,0.0,0.0,0.0,0.0368148190280546,0.0,0.0,0.0,0.0,0.08013369158221857,0.0,0.0,0.04114672456009574,0.043522338252983746,0.0,0.04377806715824376,0.0,0.0,0.0,0.0,0.1415051486978117,0.0,0.0,0.0,0.0,0.0,0.0,0.0,0.0,0.0,0.0,0.0,0.0,0.0,0.0,0.0,0.0,0.0,0.0,0.0,0.06826311256176382,0.0,0.0,0.0,0.07038657409487259,0.0,0.0,0.0,0.0,0.0,0.0,0.0,0.0,0.0,0.0
J07A3071,0.8321818417185561,0.406667094489457,0.18493595667522172,0.15074295959785977,0.10767354256989985,0.15074295959785977,0.08525826819332935,0.07588964646296112,0.021682756132274605,0.06617245598308373,0.0652715141206665,0.03297300766130732,0.05648386612137378,0.04565504665552546,0.05648386612137378,0.033890319672824264,0.04472427219016648,0.03556252256108714,0.011732226591666587,0.02420476419592708,0.03706971448339478,0.03668613344093279,0.03706971448339478,0.026131942981182113,0.01274972319368178,0.01274972319368178,0.012929273903492002,0.0,0.026974051633879344,0.04162784734630652,0.0,0.0,0.029506669051051433,0.02825303103409651,0.0,0.0,0.03130321770358865,0.03189753021634217,0.015710374182137415,0.0,0.017228921845240254,0.018302561279356505,0.0,0.01837817701186845,0.0,0.0,0.01924782164997074,0.0,0.0,0.0,0.021539991455911327,0.0,0.0,0.0,0.0,0.0,0.0,0.0,0.024074547121576157,0.0,0.0,0.0,0.0,0.0,0.0,0.0,0.0,0.0,0.0,0.0,0.0,0.0,0.0,0.0,0.0,0.0,0.0,0.0,0.0,0.0,0.0,0.0,0.0,0.0,0.0,0.0,0.0,0.0,0.0,0.0,0.0,0.0,0.0,0.0,0.0,0.0,0.0,0.0,0.0,0.0,0.0
J07A3072,0.3266647223528078,0.49615703086240714,0.5074517063261367,0.37264682429076557,0.1620203583872894,0.14581832254856045,0.19243690007499265,0.1468207997979283,0.11419395539838868,0.09957213980199714,0.09821645928892968,0.08269283847706786,0.0849933606126466,0.12022296265492124,0.11899070485770523,0.05099601636758796,0.016824566267421997,0.01783741394893707,0.03530782979168167,0.05463270469379315,0.03718677948525185,0.07360397421164906,0.018593389742625924,0.0,0.019184979632652383,0.019184979632652383,0.058365468662033376,0.0,0.04058885227112525,0.0,0.02036641034651429,0.021180562715936203,0.11099943821767905,0.02125668991850922,0.02211911143200306,0.023639980580520897,0.04710310843277284,0.04799739243246445,0.0,0.027093398295478712,0.05184999072878599,0.0,0.02623521679571648,0.0,0.05508108059064904,0.0,0.05792581701077373,0.03038915230851202,0.0,0.0,0.0,0.0636145632743477,0.0,0.0,0.0,0.0,0.034730874932943884,0.0,0.0,0.0,0.0,0.0,0.0,0.0,0.0,0.0,0.04152737030557089,0.0,0.0,0.0,0.0,0.0,0.0,0.0,0.04742500962611647,0.05047843082042988,0.0,0.0,0.0,0.05553308490021016,0.0,0.0,0.0,0.0,0.0,0.0,0.0,0.059241134595449337,0.0,0.0,0.0,0.0,0.0,0.0,0.0,0.0,0.0,0.0,0.0,0.0,0.0
J07A3073,0.8928110079679958,0.2808965546797636,0.2109143959237016,0.16131287413201814,0.11386791115201281,0.142334888940016,0.09391990087875772,0.06687959513663158,0.009554227876661653,0.04859673740766444,0.01917403599306378,0.038744352369622564,0.0,0.010058654831643647,0.009955555926309109,0.0,0.02956076378269902,0.010446779070113979,0.020678619576514717,0.0,0.0,0.01077684886767575,0.0,0.011514704891713948,0.011236003394925918,0.0,0.0,0.0,0.0,0.0,0.0,0.0,0.0,0.012449335087265699,0.0,0.013845149025159164,0.0,0.0,0.0,0.0,0.0,0.0,0.0,0.0,0.0,0.0,0.0,0.0,0.01748541439183087,0.0,0.0,0.0,0.0,0.0,0.0,0.0,0.0,0.0,0.0,0.0,0.0,0.0,0.0,0.0,0.0,0.0,0.0,0.0,0.0,0.0,0.0,0.0,0.0,0.0,0.0,0.0,0.0,0.0,0.0,0.0,0.0,0.0,0.0,0.0,0.0,0.0,0.0,0.0,0.0,0.0,0.0,0.0,0.0,0.0,0.0,0.0,0.0,0.0,0.0,0.0,0.0
J07A3074,0.5745203919281632,0.46845613700511257,0.4227531357935768,0.2564574442489877,0.21596416357809495,0.1214798420126784,0.1469575530183462,0.13590555129683335,0.09513388590778335,0.05530172797949871,0.10909758343060047,0.11022497341296768,0.15577573274447362,0.08584850902740283,0.028322860498995205,0.014161430249497602,0.05606553734473583,0.044580533993799125,0.0,0.04551398081483983,0.04646992248169949,0.04598907223623449,0.030979948321132992,0.0,0.047948466023841375,0.0,0.03241580704966418,0.017456865451301807,0.016907091218698548,0.017394638419541548,0.0,0.0,0.01849451287397604,0.017708743921073765,0.0,0.0787769617949926,0.0,0.0399861659893568,0.0,0.0,0.02159786428757661,0.022943759230981874,0.0,0.046077099486646365,0.0,0.0,0.02412872050623374,0.0,0.0,0.0,0.027002143047555577,0.0,0.0,0.0,0.028640096436486295,0.0,0.0,0.0,0.0,0.0,0.030849089324203424,0.0,0.0,0.0,0.03229966222398204,0.0,0.0,0.0,0.0,0.0,0.0,0.0,0.0,0.0,0.0,0.0,0.0,0.042459995614955566,0.039182803533791034,0.0,0.0,0.0,0.0,0.0,0.0,0.0,0.0,0.0,0.0,0.0,0.0,0.0,0.0,0.0,0.0,0.0,0.0,0.0,0.0,0.0,0.0
J07A3075,0.1255279775875644,0.1372745226513158,0.15851554562891368,0.1344812184889393,0.22413536414823218,0.1568947549037625,0.13310646607373872,0.1805410066559196,0.2256762583198995,0.11478823832018994,0.11322538973493834,0.0686372613256579,0.11757792675387667,0.09503644315127548,0.11757792675387667,0.11757792675387667,0.09309892471588382,0.14805529295340994,0.0976881345827613,0.07557766988563086,0.051443364552394476,0.07636657698557747,0.025721682276197238,0.13599191631002963,0.07962022375970068,0.13270037293283446,0.1345691543793194,0.1739266736105213,0.16844914937914038,0.08665334585433908,0.056348879175993946,0.11720287955055554,0.09213249403768926,0.1176241302733691,0.03059908732948627,0.06540604784007024,0.130322787409924,0.09959778948242337,0.06540604784007024,0.18740202630753508,0.03586406260532817,0.03809897156983381,0.07258643208231588,0.07651274953197884,0.07619794313966761,0.0,0.040066644150542056,0.08407935628117684,0.12390460891435533,0.0,0.08967613981097206,0.04400148674694343,0.08718970388750223,0.048544979782129606,0.0,0.048798828295340935,0.048045920758145774,0.10022810166750634,0.10022810166750634,0.0,0.2561303414331097,0.05331885603111498,0.053634798918436186,0.116437128880282,0.053634798918436186,0.05563232555110598,0.11489608291457543,0.0,0.0,0.0,0.13346596992744061,0.0,0.0,0.0,0.06560670466407839,0.0,0.0,0.0,0.0,0.07682323585922747,0.0,0.0,0.07682323585922747,0.0,0.0,0.08082658912535957,0.08314005864535055,0.16390573885000295,0.0,0.0,0.2571788926031568,0.08714341191148264,0.08572629753438558,0.0,0.08714341191148264,0.08865833336270335,0.0,0.0,0.09604647358664074,0.0,0.0
J07A3076,0.47463851220174896,0.5136470007878524,0.3746056466061154,0.42374328741536715,0.21187164370768358,0.15890373278076267,0.23591897687310867,0.10666411339804192,0.07999808504853144,0.10850752099576598,0.0535150923723022,0.08110215801913459,0.055572284855080416,0.0,0.0,0.027786142427540208,0.055003095679289564,0.0,0.05771441323929931,0.05953532146045477,0.060785756896227,0.06015677271541978,0.0,0.0,0.0,0.0627197904283147,0.0,0.0,0.0,0.0,0.0,0.03462188858507622,0.0,0.0,0.0,0.0,0.0,0.0,0.0,0.0,0.0,0.0,0.0,0.0,0.0,0.0,0.0,0.0,0.0,0.0,0.0,0.0,0.0,0.0,0.0,0.0,0.0,0.0,0.0,0.0,0.0,0.0,0.0,0.0,0.0,0.0,0.0,0.0,0.0,0.0,0.0,0.0,0.0,0.0,0.0,0.0,0.0,0.0,0.0,0.0,0.0,0.0,0.0,0.0,0.0,0.0,0.0,0.0,0.0,0.0,0.0,0.0,0.0,0.0,0.0,0.0,0.0,0.0,0.0,0.0,0.0
J07A3077,0.021391314409697444,0.07797683913205805,0.03858964284342199,0.03819507122611239,0.057292606839168585,0.03819507122611239,0.05670692542944993,0.03845765612815316,0.11537296838445948,0.05868344277425173,0.13506374995197698,0.05848262934904354,0.08014616174559379,0.10122018587500471,0.12021924261839069,0.18032886392758604,0.15865055807284148,0.06307552671628494,0.020808883018717788,0.10732704971076325,0.06574876015181483,0.17351578934412631,0.17533002707150622,0.06952344556660715,0.13568140525693834,0.04522713508564611,0.04586405591003975,0.22229228680356353,0.023921285554991775,0.12305550001986514,0.02400613421511763,0.09986314184178349,0.02616727608174033,0.05011103502981382,0.07821619255256061,0.13932365522525364,0.05552100364018807,0.08486266051100784,0.1114589241802029,0.09580594882831944,0.09167431682683895,0.09738710387904514,0.030923767362296586,0.13038593571279947,0.09738710387904514,0.2057140160684273,0.0,0.07164012278939962,0.03519112494594657,0.07394858478356968,0.0382044413247706,0.22494976552332704,0.0,0.0,0.08104385506857499,0.0831584399710659,0.1228131071008415,0.0,0.04269986015589938,0.09033028883482198,0.0872947173810213,0.04543052613634893,0.04569972642811181,0.0,0.04569972642811181,0.0,0.04894881366892652,0.05369681817342845,0.16109045452028536,0.11180086494060552,0.056860083715631005,0.11180086494060552,0.050991833868241326,0.05454737816220016,0.05590043247030276,0.0,0.11471804510040735,0.18022574077894563,0.0,0.19637255659863495,0.18384811323059763,0.0,0.0,0.19637255659863495,0.06325390456933734,0.06886859064696997,0.07083979080610811,0.2793129675691929,0.06886859064696997,0.0,0.0,0.07425086258686642,0.0,0.1601071627555978,0.14850172517373283,0.15108331389139157,0.0,0.08850981512236299,0.0,0.0,0.0
J07A3078,0.3844035918197537,0.4281596897191324,0.3082039546403332,0.2669210503319213,0.20972368240365247,0.1906578930942295,0.2830633005558856,0.11518118105861741,0.15357490807815652,0.13670041429924729,0.09631373582510412,0.07784721631256952,0.10001616600964475,0.1212623100815656,0.22003556522121842,0.14002263241350263,0.05939506100406032,0.14693157433569365,0.041548583800317056,0.10714863731362395,0.08751928582542927,0.0,0.21879821456357315,0.09254383337515473,0.06772792935824347,0.022575976452747823,0.09157562992144365,0.02465808498470519,0.023881520613068738,0.0737105650995244,0.04793245645435576,0.09969713688245713,0.026123777574468113,0.025013867111271973,0.02602872394999609,0.02781841081660145,0.027714354854451544,0.0282405304070371,0.02781841081660145,0.03188222941360931,0.0,0.03240840496619487,0.06174472404492661,0.09762689397130979,0.03240840496619487,0.0,0.03408218058818468,0.03576051682474911,0.03513262587253912,0.0,0.0,0.07485860866326895,0.03708340561489221,0.0,0.0,0.0,0.0,0.0,0.0,0.0,0.0,0.0,0.0,0.049522880413405135,0.0,0.0,0.0,0.0,0.0,0.0,0.0,0.05580750780513189,0.0,0.054456702712518006,0.05580750780513189,0.0,0.0,0.0,0.0,0.0,0.0,0.0,0.0,0.0,0.0,0.0,0.0,0.0,0.0,0.0,0.0,0.0,0.0,0.0,0.0,0.0,0.0,0.0,0.0,0.0,0.0
J07A3079,0.3601171538587609,0.41022487032180066,0.3248232456183085,0.24112649317515908,0.4018774886252652,0.12056324658757954,0.21877308295242565,0.24278419859518582,0.18208814894638936,0.12349004124845117,0.10150726425572142,0.1230674610965402,0.1686549451084862,0.08520076081401724,0.12649120883136467,0.04216373627712155,0.04173188175894901,0.11061040712292479,0.1313670279469261,0.09034113316659084,0.09223859086813964,0.06846310998378412,0.02305964771703491,0.07315055793319754,0.07138002449976734,0.02379334149992245,0.04825683266351526,0.10395089452776089,0.025169284556682867,0.0,0.0,0.0,0.0,0.0,0.027432271602767743,0.0586369276146169,0.029208796832428417,0.02976334536492632,0.02931846380730845,0.10080424744479408,0.0,0.0,0.0,0.0,0.0,0.0,0.03591999502187663,0.0,0.0,0.0,0.0,0.0,0.0,0.0435208755083025,0.08527199949610861,0.0,0.0,0.0,0.0,0.09504291642455456,0.0,0.0,0.0,0.0,0.0,0.0,0.051502525527444755,0.0,0.0,0.0,0.05982653497720927,0.0,0.05365213227133795,0.0,0.0,0.0,0.0,0.0,0.0,0.0,0.0,0.0,0.0,0.06887250749675208,0.0,0.0,0.0,0.0,0.0,0.0,0.0,0.0,0.0,0.0,0.0,0.0,0.0,0.0,0.0,0.0,0.0
J07A3080,0.3201486918401949,0.4741036089020948,0.36096495282745433,0.3215467405434296,0.1786370780796831,0.1786370780796831,0.1414487491419082,0.35973035787035207,0.17986517893517603,0.1463789389549201,0.10828948584823629,0.10940852513125265,0.0749681867002073,0.11361682646654088,0.11245228005031097,0.11245228005031097,0.11130050770975392,0.039333618812509394,0.0,0.0,0.04100063533102291,0.12172913656435444,0.04100063533102291,0.0,0.042305161384757387,0.08461032276951477,0.042900932888175855,0.04620682816977547,0.0895032456969376,0.09208423708933303,0.0,0.0467056593791012,0.09790678410570934,0.0,0.0,0.0,0.0,0.0,0.0,0.05974416492999285,0.05716769753161849,0.0,0.0,0.0,0.0,0.0,0.0,0.0,0.0,0.06917101442572254,0.0,0.0,0.0,0.07738121448770334,0.0,0.0,0.0,0.07988233044525546,0.0,0.0,0.0,0.08499082404194354,0.0,0.0,0.0,0.0,0.0,0.0,0.0,0.0,0.0,0.0,0.0,0.0,0.0,0.0,0.0,0.0,0.0,0.0,0.0,0.0,0.0,0.0,0.0,0.0,0.0,0.0,0.0,0.0,0.0,0.0,0.0,0.0,0.0,0.0,0.0,0.0,0.0,0.0,0.0
J07A3081,0.17500666953136604,0.4494607508867356,0.45921406948543364,0.4119075670225041,0.36929643939948636,0.255666765738106,0.25305317770228747,0.2002190035742925,0.10010950178714625,0.14548518603987134,0.10045307769993861,0.1014911372970048,0.05960835987483359,0.045169244301832355,0.04470626990612519,0.029804179937416794,0.04424837394257233,0.0,0.03095303282296575,0.0319296109214615,0.01630011831339701,0.0,0.08150059156698504,0.01723592027703709,0.0,0.033637485383897624,0.034111192482095855,0.0,0.01779135228654915,0.036608797576834565,0.035708916218360455,0.0,0.019461797990722313,0.018634932382908236,0.0,0.0,0.0,0.0,0.0,0.0,0.02272745839049971,0.0,0.0,0.0,0.024143745247243328,0.0,0.0253906814127387,0.0,0.026173246409938542,0.0,0.0,0.0,0.0,0.0,0.0,0.0,0.0,0.0,0.0,0.0,0.0,0.0,0.0,0.036893756723237324,0.0,0.0,0.0,0.0,0.0,0.0,0.0,0.0,0.0,0.0,0.0,0.0,0.0,0.0,0.0,0.0,0.0,0.0,0.0,0.0,0.0,0.0,0.0,0.0,0.0,0.0,0.0,0.0,0.0,0.0,0.0,0.0,0.0,0.0,0.0,0.0,0.0
J07A3082,0.5216097964982868,0.40744323753075995,0.31926006770675164,0.19957622867643504,0.33262704779405844,0.16631352389702922,0.26338137830629,0.11721983162540728,0.15071121208980937,0.0851754763890675,0.06721264583300034,0.20372161876537997,0.05234729308850547,0.035259598187894835,0.034898195392336975,0.06979639078467395,0.05181113531335499,0.03662012848985872,0.10873021734295396,0.05608034526087879,0.09543035826075515,0.018888577407513252,0.03817214330430206,0.06054545183170543,0.11816002385226665,0.09846668654355553,0.03994134590535472,0.0,0.04166436316608195,0.021432916013753214,0.041812146418847035,0.06522539621204294,0.02278813342264652,0.0,0.0454104336559237,0.0,0.0,0.02463460627037475,0.0,0.05562262162259639,0.02661194789953384,0.0,0.0807911684481332,0.028387097783682213,0.05654060208402654,0.0,0.05946071745285091,0.031194394698170685,0.030646676713930225,0.03219957268765512,0.0,0.0,0.0,0.0,0.0,0.0,0.0,0.0,0.0,0.03933268918866425,0.0,0.0,0.0,0.0431994952918834,0.0,0.0,0.0,0.046762614996122887,0.0,0.0,0.0,0.048681662911250145,0.044406942091529546,0.0,0.0,0.05181599271907742,0.0,0.052317357682888664,0.0,0.05700458346444084,0.0,0.0,0.0,0.0,0.05508553554931358,0.0,0.0,0.0,0.0,0.0,0.0,0.0,0.0,0.0,0.0,0.0,0.0,0.0,0.0,0.0,0.0
J07A3083,0.7024025725441684,0.519334104822028,0.28689617492594466,0.1774766982208473,0.1183177988138982,0.15381313845806766,0.0819757953972273,0.10721809299213175,0.09530497154856156,0.09695206636852112,0.059770036442905135,0.012077537321442513,0.06206767743005522,0.03762626706686675,0.09930828388808835,0.049654141944044175,0.061431960359004535,0.039078117885513707,0.051568145428510355,0.026597568465924492,0.027156203933060778,0.02687520352183237,0.013578101966530389,0.014357630939172323,0.014010119364129096,0.014010119364129096,0.028414839746357456,0.0,0.029640618653752972,0.0,0.014872876877485144,0.03093484773313393,0.016211801196121024,0.015523016898997915,0.016152813155110548,0.01726345068071372,0.0,0.03505081631680656,0.01726345068071372,0.0,0.0,0.020111892964087514,0.0,0.0,0.0,0.02124150995145782,0.0,0.0,0.0,0.0,0.0,0.0,0.0,0.0,0.0,0.0,0.0,0.0,0.0,0.0,0.0,0.02814624860673252,0.028313030261741808,0.0,0.0,0.0,0.0303259855365821,0.0,0.06653517457243749,0.0,0.0,0.0,0.0,0.0,0.0,0.03686263184269964,0.0,0.0,0.0,0.0,0.0,0.0,0.0,0.0,0.0,0.0,0.043888427734547986,0.0,0.0,0.0,0.0,0.0,0.0,0.0,0.0,0.0,0.0,0.0,0.0,0.0,0.0
J07A3084,0.06988982962849762,0.021230532704112067,0.3362141614546982,0.24958232762276367,0.3119779095284546,0.20798527301896974,0.24703093857716993,0.2512981655292296,0.3350642207056395,0.27694462344445203,0.1260803105455118,0.16984426163289654,0.10910584007946408,0.04409429241718733,0.10910584007946408,0.1745693441271425,0.1727813488816493,0.11448929773547217,0.15863611475798434,0.14026382998538953,0.11934152227722589,0.07086397733007979,0.14320982673267107,0.15143160981990436,0.12313863722059304,0.04925545488823722,0.02497455269486566,0.10759624906028269,0.07815576639718338,0.10721270968855316,0.07843298444404234,0.05437890846580175,0.028497960000151902,0.08186153580056933,0.0,0.030346604983121094,0.0,0.030807087666730855,0.0,0.06955950347951954,0.03327987477962405,0.0,0.03367810553119368,0.03549980870112992,0.0,0.0,0.0,0.0,0.038325550887956,0.0,0.0,0.040830956190613214,0.0,0.09009413496220228,0.0,0.0905652498398242,0.0,0.0,0.0,0.0,0.04753496994448069,0.0,0.0,0.0,0.0,0.0516237339984184,0.0,0.0,0.0,0.0,0.0,0.0,0.0,0.0,0.0,0.0,0.06246791317435439,0.0,0.0,0.0,0.0,0.0,0.07128773161300418,0.0,0.0,0.0,0.0,0.0,0.0,0.0,0.0,0.0,0.0,0.0,0.08086428657562297,0.0,0.0,0.0,0.0,0.0,0.0
J07A3085,0.10524728945759423,0.16784837181334164,0.3559962964950168,0.23490420224982198,0.23490420224982198,0.23490420224982198,0.20925257609057585,0.11825956521591344,0.2601710434750096,0.1443640435023926,0.23733086433001122,0.2877400659657285,0.098581673414254,0.2739070867145855,0.24645418353563503,0.12322709176781751,0.09757196827823038,0.12930731469742338,0.12797708993091184,0.07920888486228887,0.16174505826624114,0.05335713059983052,0.08087252913312057,0.0,0.13907611304669348,0.11126089043735479,0.08462080933199267,0.09114158907878642,0.0882712400270731,0.0,0.08858433759980709,0.030708506248926064,0.0,0.12327551518787327,0.12827702091584106,0.0,0.1024382202954879,0.03479435946089174,0.034274277842260295,0.0,0.037587192220905646,0.0,0.07607392964182437,0.04009444573606724,0.039929479924603176,0.084344367453576,0.0,0.08811904443533654,0.0,0.0,0.0,0.0,0.0,0.0,0.0,0.0,0.0,0.0,0.0,0.0,0.0,0.0,0.0,0.0,0.0,0.0,0.0,0.0,0.0660483556200809,0.0,0.0,0.0,0.0,0.0,0.0,0.0,0.0,0.0,0.0,0.0,0.0,0.0,0.0,0.0,0.0,0.0,0.0,0.0,0.0,0.0,0.0,0.0,0.0,0.0,0.0,0.0,0.0,0.0,0.0,0.0,0.0
J07A3086,0.456542406043633,0.508509959519122,0.3660428206134929,0.2717250777987439,0.2113417271768008,0.1660542142103435,0.20918125783295063,0.09119771450367647,0.07599809541973039,0.23193456557281064,0.16776962611451757,0.12327514170160535,0.1267046671293701,0.0800105062970812,0.09502850034702758,0.03167616678234252,0.07837932329153818,0.03323911980532638,0.0657943571793216,0.06787019021944486,0.05197176376111665,0.051433982890670325,0.05197176376111665,0.01831850050862049,0.0536253605733985,0.035750240382265666,0.05438055120840414,0.019523684112060874,0.0,0.03890817932853134,0.018975888417742507,0.0592033629713335,0.0,0.0,0.041217846767497686,0.0,0.06583069730072251,0.022360179031179303,0.0,0.0,0.024154959607273666,0.02566020279061417,0.024444000590217153,0.0,0.05132040558122834,0.0,0.0,0.028314325082564276,0.02781717598865156,0.0,0.0,0.02963563126488917,0.0,0.09808721661101347,0.03203096210627095,0.0,0.0,0.0,0.0,0.0,0.0,0.0,0.0,0.0,0.0,0.0,0.0,0.0,0.0,0.0,0.0,0.044187054840008844,0.0,0.0,0.044187054840008844,0.0,0.0,0.0,0.0,0.0,0.0,0.0,0.0,0.0,0.0,0.0,0.0,0.0,0.0,0.0,0.0,0.0,0.0,0.0,0.0,0.0,0.0,0.0,0.0,0.0,0.0
J07A3087,0.29360798431315094,0.42046579437408405,0.2459158213152873,0.24340137971415357,0.33701729498882804,0.26212456276908846,0.22238139345524136,0.18851901893008696,0.2262228227161044,0.1725993652193974,0.15133281311709987,0.03822416312491673,0.19643781374693192,0.11908326439961832,0.13750646962285232,0.09821890687346596,0.07777033384701795,0.06183911143949148,0.04080196877986917,0.042089283961997744,0.15040653548706837,0.08505725431375946,0.10743323963362024,0.04544042485647446,0.13302175941694297,0.1108514661807858,0.11241255571456699,0.1210749346539249,0.07035713153208344,0.09651467914900334,0.023535562622210703,0.04895280529982009,0.02565434148437956,0.0,0.0766829878311859,0.0273185226986217,0.02721633658947765,0.02773305693240213,0.0819555680958651,0.0,0.029959101358459184,0.0,0.030317595359092703,0.0,0.03182603609285835,0.0,0.0,0.0,0.03450130360388424,0.0,0.03745555253454651,0.0,0.0,0.0,0.0,0.04076417831305498,0.0,0.04186285153841814,0.0,0.0,0.0,0.0,0.044803914013335555,0.0,0.0,0.0,0.0,0.05264424565027762,0.0,0.0,0.0,0.0,0.0,0.0,0.0,0.0,0.0,0.0,0.054351743623681864,0.0,0.0,0.0,0.0,0.0,0.0,0.0,0.0,0.0,0.0,0.0,0.0,0.0,0.0,0.0,0.0,0.0,0.0,0.0,0.0,0.0,0.0
J07A3088,0.5378679863647216,0.49016676399315173,0.35283876255386215,0.2764745848964367,0.26192329095451905,0.16006423336109496,0.1584279551218515,0.10255932204644198,0.11721065376736227,0.11923633047160351,0.1323145359576983,0.17824245963387333,0.10686735543453044,0.04627459921632375,0.09160059037245466,0.030533530124151553,0.06044159181954686,0.04806015542458074,0.0,0.04906646008898958,0.03339801025187872,0.0,0.01669900512593936,0.01765770747933553,0.06892128388881044,0.01723032097220261,0.03494594132131248,0.01881941716831511,0.0,0.01875233316213375,0.0,0.0951129219199992,0.0,0.03818191075680184,0.01986550921037584,0.0,0.021152007784876994,0.04310718558348526,0.021231424842680313,0.0,0.0,0.0,0.0,0.0,0.024734576638730348,0.0,0.0,0.027292958260827855,0.0,0.0,0.0,0.0,0.028302606659088837,0.0,0.0,0.0,0.031192325152201106,0.0,0.0,0.0,0.0,0.0,0.0,0.03779659882162563,0.0,0.0,0.0,0.0,0.0,0.0,0.0,0.0,0.0,0.0,0.0,0.0,0.0,0.045774103757160484,0.0,0.0,0.04669412135138623,0.0,0.0,0.0,0.0,0.0,0.0,0.0,0.0,0.0,0.0,0.0,0.0,0.0,0.0,0.0,0.0,0.0,0.0,0.0,0.0
J07A3089,0.0,0.06487293725974072,0.06420941158739284,0.04236858853411729,0.06355288280117592,0.10592147133529323,0.1258064097502027,0.17063946275522002,0.08531973137761001,0.08679425768310077,0.02140313719579761,0.0864972496796543,0.06667770815543843,0.06736821692982789,0.15558131902935635,0.06667770815543843,0.17598606312064902,0.06996769353287591,0.1384958279965544,0.023810902620688305,0.12155504519634432,0.1443566966933916,0.12155504519634432,0.07712016666359527,0.15050710593077618,0.17559162358590555,0.1017511030077484,0.027397980744493233,0.18574589617091017,0.054600634896969064,0.13314623984255858,0.13846879422514716,0.08707960355428944,0.027793295784528094,0.028920918961389853,0.0927284034062341,0.12317539843330122,0.0627569828546058,0.12363787120831214,0.07084967937351178,0.033897143305820374,0.07201896301146697,0.03430276036249888,0.036158252122035286,0.036009481505733486,0.07606402451690632,0.037869239564411745,0.0794681299853843,0.07807281123058551,0.04101441705433163,0.08475796497839311,0.08317656135859565,0.041203947249239176,0.04588259156698353,0.08989939378020066,0.18449007231406572,0.0,0.0947312177898399,0.0947312177898399,0.15030081304812698,0.09683327830502904,0.050394650591553396,0.05069326598953094,0.16507692200995194,0.05069326598953094,0.10516248158465626,0.05429737604872142,0.05956418777996513,0.11912837555993026,0.06200858765762099,0.0630730985341387,0.0,0.22625453582467167,0.06050768716433634,0.12401717531524198,0.0,0.12725311131177014,0.0,0.18448839507793968,0.0726099623401336,0.06797897226170302,0.0,0.0726099623401336,0.1452199246802672,0.14033112492495547,0.0763937567434409,0.15716069388843126,0.15491653523991725,0.1527875134868818,0.0,0.16204949364374296,0.0,0.08102474682187148,0.08880091439022193,0.16472828269504586,0.08379597884162379,0.08880091439022193,0.0,0.09077892582926081,0.0,0.0
J07A3090,0.646488067184656,0.3534922753002961,0.46650230345603033,0.21437576078128961,0.24735664705533417,0.18139487450724506,0.08160933677662598,0.11622668575929518,0.049811436753983654,0.08445382655305464,0.08330398276000542,0.10099779294294173,0.051903780271500714,0.0,0.051903780271500714,0.051903780271500714,0.05137216509695451,0.07261972837594978,0.017968166632479965,0.037070136088338375,0.05677309431861869,0.0749141751985702,0.03784872954574579,0.0,0.07810594146716911,0.039052970733584554,0.019801471282521323,0.0,0.0,0.021251325478750492,0.02072894635386783,0.0,0.02259506079840461,0.043270147019992086,0.0,0.024060788372751402,0.023970787958970834,0.024425889391656602,0.0,0.05515135856104098,0.0,0.0,0.0,0.0,0.02803078071320626,0.0,0.0,0.0,0.0,0.0319267615765838,0.03298897721741244,0.0,0.03207429714526837,0.0,0.0,0.0,0.0353491082158768,0.0,0.03687070573536571,0.0,0.0,0.0,0.0,0.0,0.0,0.0,0.0,0.0,0.0,0.0,0.0,0.0,0.04403070395542799,0.0,0.0,0.0,0.0,0.0,0.0,0.0,0.0,0.0,0.0,0.0,0.0,0.0,0.0,0.0,0.0,0.0,0.0,0.0,0.0,0.0,0.0,0.0,0.0,0.0,0.0,0.0,0.0
J07A3091,0.6046624321429843,0.39725958918356785,0.36782887706994527,0.38917602901101467,0.20086504723149143,0.23852724358739605,0.13668302804960633,0.12640372609962588,0.07584223565977553,0.10287062463090792,0.0761025262903335,0.025629650915068896,0.03951400513125678,0.02661547257786404,0.10537068035001809,0.013171335043752262,0.026072860006556117,0.013821229902079667,0.027358093179387682,0.056442499561646584,0.014406993918931637,0.042773750115830206,0.028813987837863275,0.030468220394986006,0.044596153051447006,0.014865384350482336,0.015074729312030485,0.016236370170375745,0.0,0.0,0.0,0.01641165180055798,0.0,0.0329412771562037,0.0,0.0,0.01824880256228889,0.03719053655470954,0.0,0.0,0.060263554263084836,0.0,0.0,0.0,0.0,0.0,0.04488352607971005,0.0,0.0,0.0,0.0,0.0,0.0,0.027190571013429057,0.0,0.0,0.0,0.0,0.0,0.0,0.028692277836706446,0.0,0.0,0.0,0.0,0.0,0.0,0.0,0.0,0.0,0.0,0.0,0.0,0.0,0.0,0.0,0.0,0.0,0.0,0.0,0.0,0.0,0.0,0.0,0.0,0.0,0.0,0.0,0.0,0.0,0.0,0.0,0.0,0.0,0.0,0.0,0.0,0.0,0.0,0.0,0.0
J07A3092,0.7793506928203573,0.5057722675900108,0.25562511714888164,0.09487927495501396,0.13704784160168682,0.03162642498500465,0.10434373195010867,0.04245846868341907,0.04245846868341907,0.03239418841547372,0.031953139643610205,0.043044448305532834,0.022120974346642723,0.011175028654327223,0.03318146151996409,0.044241948693285446,0.010947202114151214,0.011606229402234401,0.04594732996951308,0.0,0.024196236891270657,0.011972932456213045,0.012098118445635329,0.025585360918483485,0.012483046888477171,0.024966093776954343,0.012658842072056612,0.013634317509516408,0.0,0.0,0.013251765713256362,0.041344525129028115,0.0,0.0,0.0,0.0,0.015324236001756869,0.031230353731486256,0.015381772182185725,0.0,0.0,0.0,0.03414081720815623,0.0,0.0,0.0,0.0,0.0,0.0,0.0,0.0,0.020695971310601097,0.0,0.022832990044693326,0.0,0.0,0.06779477725291215,0.0,0.0,0.0,0.0,0.0,0.025226971671427036,0.0,0.025226971671427036,0.0,0.0,0.0,0.0,0.03085792271792191,0.0,0.0,0.0,0.0,0.0,0.032844685313906725,0.031663087507776105,0.0,0.0,0.0,0.0,0.0,0.0,0.0,0.034917155602407234,0.0,0.0,0.0,0.0,0.0,0.0,0.0,0.0,0.0,0.0,0.0,0.0,0.0,0.0,0.0,0.0
J07A3093,0.6842989780093625,0.49888913139697527,0.2839272103789764,0.18327659327826124,0.146621274622609,0.13440283507072492,0.18140302355536533,0.07381463601844068,0.08611707535484747,0.08760538164592863,0.08641262924577542,0.08730559799447067,0.0640960339363487,0.038855884264942527,0.02563841357453948,0.03845762036180922,0.05075163342961493,0.04035518121297765,0.013313344949733139,0.04120015573977482,0.02804366203064997,0.013876739297381126,0.042065493045974955,0.014826834803989872,0.05787186654293443,0.028935933271467214,0.04401514463137896,0.0,0.0,0.04723791233540145,0.03071783770690308,0.06389158197044423,0.016741598891095916,0.0,0.06672273254137419,0.01782761602343599,0.03552186211784277,0.01809813420737789,0.03565523204687198,0.0,0.019550813977681037,0.04153828940685139,0.019784761232461482,0.0,0.0,0.0,0.021841795089349775,0.06875210452756575,0.0,0.02365583527195286,0.0,0.0,0.023765150371174062,0.0,0.0,0.07980608539780445,0.0,0.0,0.0,0.0,0.0,0.029066061121927018,0.0,0.0,0.0,0.060654436167188484,0.0,0.0,0.0,0.0,0.0,0.0,0.0,0.0,0.0357646174303046,0.03806729362856235,0.0,0.0,0.0,0.0,0.0,0.0,0.0,0.0,0.0,0.0,0.0,0.0,0.0,0.0,0.0,0.0,0.0,0.0,0.0,0.0,0.0,0.0,0.0,0.0,0.0
J07A3094,0.5185728253983135,0.5316556598172499,0.438514868782295,0.20254786498657462,0.14467704641898188,0.28935409283796376,0.25775651839681574,0.116537342064475,0.08740300654835625,0.029637845588383043,0.058468649170972664,0.029536425545402777,0.0,0.03067251780981494,0.0,0.030358131536205302,0.03004719381045399,0.0,0.03152833742975713,0.0,0.0,0.03286255412478986,0.033206156777531824,0.0,0.0,0.0,0.03474519582161795,0.0,0.0,0.0,0.0,0.03782661988573972,0.0,0.0,0.0,0.0,0.0,0.0,0.0,0.0,0.0,0.0,0.0,0.0,0.049184979793540466,0.0,0.0,0.0,0.0,0.0,0.0,0.0,0.0,0.0,0.0,0.0,0.0,0.0,0.0,0.0,0.0,0.0,0.0,0.0,0.0,0.0,0.0,0.0,0.08135811041627383,0.0,0.0,0.0,0.0,0.0,0.0,0.0,0.0,0.0,0.0,0.0,0.0,0.0,0.0,0.0,0.0,0.0,0.0,0.0,0.0,0.0,0.0,0.0,0.0,0.0,0.0,0.0,0.0,0.0,0.0,0.0,0.0
J07A3095,0.0,0.12206702333952849,0.20136418651417473,0.2790273874393051,0.4384716088331938,0.07972211069694432,0.23672142196605164,0.3210807489629813,0.36121584258335393,0.20414361376764445,0.08054567460566989,0.24413404667905697,0.04182097960226639,0.2112703708633388,0.16728391840906556,0.12546293880679918,0.04139263570795548,0.13165348202586805,0.08686608100177302,0.0896067336768656,0.1372331498998839,0.045271040613687315,0.0,0.19348241000983124,0.09439968441107481,0.09439968441107481,0.0,0.10310585881455044,0.04992935773672533,0.05136916298113703,0.10021291375390398,0.0,0.0,0.052296767011316435,0.0,0.05816025737361138,0.0,0.0,0.0,0.0,0.0,0.0,0.0,0.13607308045958136,0.0,0.07156226809053211,0.0,0.0,0.0734521672150395,0.0,0.0,0.0,0.0,0.0,0.0,0.0,0.0,0.0,0.0,0.0942702952842432,0.0,0.0,0.0,0.0,0.0,0.0,0.0,0.0,0.0,0.0,0.0,0.0,0.0,0.0,0.0,0.0,0.0,0.0,0.0,0.0,0.0,0.0,0.0,0.0,0.0,0.0,0.0,0.0,0.0,0.0,0.0,0.0,0.0,0.0,0.0,0.0,0.0,0.0,0.0,0.0,0.0
J07A3096,0.5811030830790253,0.450132395401988,0.5110472877379261,0.2593958606612664,0.16860730942982316,0.14266772336369654,0.21823252873169313,0.06529479125278671,0.07835374950334406,0.05313859146861646,0.10483021286931817,0.05295675240023389,0.0,0.02749684332400459,0.013607503492808249,0.013607503492808249,0.013468131075103263,0.0,0.014132027894608825,0.029155795801134435,0.014884081182470666,0.05892026912161858,0.014884081182470666,0.031477174794143956,0.0,0.0,0.0,0.0,0.0,0.0,0.016303391107759233,0.016955123262525823,0.0,0.0,0.0,0.0,0.0,0.0,0.0,0.0,0.0,0.0,0.0,0.0,0.0,0.0,0.0,0.0,0.0,0.0,0.0,0.0,0.0,0.0,0.0,0.0,0.0,0.0,0.0,0.0,0.0,0.0,0.0,0.0,0.0,0.0,0.0,0.0,0.0,0.0,0.0,0.0,0.0,0.0,0.0,0.0,0.0,0.0,0.0,0.0,0.0,0.0,0.0,0.0,0.0,0.0,0.0,0.0,0.0,0.0,0.0,0.0,0.0,0.0,0.0,0.0,0.0,0.0,0.0,0.0,0.0
J07A3097,0.5395198284092179,0.5463023457749918,0.4542003656422457,0.27829672925612553,0.2675930089001207,0.12844464427205793,0.13772590168124335,0.04310922676973311,0.04310922676973311,0.05481781992801342,0.06488576652032081,0.04370418766199934,0.02246002102872066,0.04538523025968575,0.04492004205744132,0.02246002102872066,0.022229978285455372,0.02356823459522733,0.0,0.0,0.0,0.012156440784571934,0.012283545491212147,0.0,0.0,0.012674373706339687,0.0,0.0,0.0,0.0,0.0,0.0,0.014666143911565122,0.0,0.0,0.0,0.0,0.0,0.0,0.0,0.0,0.0,0.0,0.0,0.0,0.0,0.0,0.0,0.0,0.0,0.0,0.0,0.0,0.0,0.0,0.0,0.0,0.0,0.0,0.0,0.0,0.0,0.0,0.0,0.0,0.0,0.0,0.0,0.0,0.0,0.0,0.0,0.0,0.0,0.0,0.0,0.0,0.0,0.0,0.0,0.0,0.0,0.0,0.0,0.0,0.0,0.0,0.0,0.0,0.0,0.0,0.0,0.0,0.0,0.0,0.0,0.0,0.0,0.0,0.0,0.0
J07A3098,0.7067131328024046,0.5290310114359961,0.33010828562948846,0.1802664785665131,0.10139989419366362,0.10139989419366362,0.08921184007385914,0.045376445321330505,0.06806466798199577,0.023080328690511027,0.04553217732820531,0.02300134832330418,0.02364124788341654,0.011943037335574176,0.01182062394170827,0.01182062394170827,0.03509865995343769,0.0,0.024552540054711733,0.0,0.02585913374467675,0.0,0.02585913374467675,0.0,0.0,0.04002284906707867,0.013528826472688018,0.02914268376362037,0.0,0.014519400635164362,0.0,0.0,0.0308749438180665,0.014781586229854964,0.015381301332115124,0.032877782266447365,0.0,0.016688336654685013,0.0,0.0,0.018027856451614498,0.03830256476928324,0.018243579824116833,0.0,0.01915128238464162,0.0,0.0,0.0,0.0,0.0,0.0,0.022118310896927326,0.0,0.0,0.0,0.0,0.0,0.0,0.0,0.0,0.0,0.026801890607631152,0.0,0.029264836337587762,0.026960706218740672,0.0,0.05775503217332199,0.0,0.03167861719987007,0.0,0.0,0.0,0.0,0.03218040790565825,0.0,0.035101950528536575,0.033839146901739066,0.07088318508630548,0.032706102236475236,0.07723376369596895,0.0,0.0,0.0,0.0,0.0,0.0,0.0,0.0,0.0,0.0,0.04309220076614227,0.043804544341017396,0.0,0.0,0.0,0.0,0.04722787766968391,0.0,0.0,0.0,0.0
J07A3099,0.7430391106611274,0.4896258511361489,0.3608856837325965,0.15308387038955854,0.10205591359303903,0.10205591359303903,0.060607579941344136,0.09248177825913113,0.020551506279806918,0.07317339682843095,0.10311019535217042,0.0416702852030765,0.021414778125430328,0.0,0.010707389062715164,0.010707389062715164,0.021195441095420785,0.0,0.0111201236136146,0.0,0.011711894701770977,0.0,0.0,0.0,0.0,0.012084534580487553,0.0,0.0,0.0,0.0,0.0,0.0,0.0,0.0,0.0,0.0,0.0,0.0,0.029781440301468086,0.0,0.0,0.0,0.0,0.0,0.0,0.0,0.018243609119560772,0.0,0.0,0.0,0.0,0.0,0.0,0.0,0.0,0.0,0.0,0.0,0.02281851086339165,0.0,0.0,0.0,0.0,0.0,0.0,0.0,0.0,0.0,0.0,0.0,0.0,0.0,0.0,0.0,0.0,0.0,0.0,0.0,0.0,0.0,0.0,0.0,0.0,0.0,0.0,0.0,0.0,0.0,0.0,0.0,0.0,0.0,0.0,0.0,0.0,0.0,0.0,0.0,0.0,0.0,0.0
J07A3100,0.30470085715183987,0.3887495290502275,0.4397409911844815,0.2357575592640985,0.29016314986350583,0.29016314986350583,0.1974478810444716,0.1278191137659549,0.1278191137659549,0.26005625938806437,0.18322541299353398,0.11107129401435072,0.07610753820794264,0.07689570151444462,0.03805376910397132,0.07610753820794264,0.18832005094280177,0.05989710492667082,0.059280924685032994,0.040767504562658596,0.06243563217990545,0.02059652527264576,0.0,0.0,0.04294810676639586,0.04294810676639586,0.043552932685968215,0.023454535151437122,0.02271587453106865,0.07011278618073753,0.11398223802667068,0.0,0.024848687957266073,0.0713788551461252,0.024758273856664445,0.052921213854182705,0.05272325977758061,0.0,0.026460606927091353,0.0,0.0,0.030826565564727088,0.0,0.0,0.030826565564727088,0.0,0.0,0.10204518713678179,0.06683563699296821,0.0,0.0,0.0,0.0,0.0,0.0,0.03948401276845145,0.03887482169049855,0.0,0.0,0.12866771955942105,0.041447936455877056,0.0,0.0,0.0,0.0,0.0,0.0,0.0,0.0,0.0,0.0,0.0,0.0,0.0,0.05308356891224403,0.0,0.0,0.0,0.0,0.0,0.0,0.0,0.0,0.0,0.0600664941896243,0.065398252141246,0.0,0.0,0.0,0.0,0.0,0.0,0.0,0.0,0.0,0.0,0.0,0.0,0.0,0.0,0.0
J07A3101,0.5635528452362447,0.5588890722356472,0.40366657172621195,0.25156169288174546,0.22196619960154013,0.16277521304112944,0.1757576961229519,0.07449739370659184,0.044698436223955106,0.015156976895466795,0.0747530688381874,0.0,0.09315201341034643,0.031372229292630074,0.015525335568391072,0.07762667784195536,0.030732640198191316,0.01629138059922422,0.01612378607447159,0.033264993377759046,0.0,0.016806112715247522,0.01698183322952378,0.0,0.0,0.017522147878534244,0.0,0.038276316633106766,0.0,0.0,0.0,0.01934476653952503,0.0,0.0,0.0,0.0,0.0,0.0,0.0,0.0,0.02367798200588476,0.0,0.02396131542081783,0.0,0.0,0.0,0.026452588198744076,0.0,0.027267882175033065,0.0,0.0,0.0,0.0,0.0,0.0,0.0,0.0,0.0,0.0,0.0,0.0,0.0,0.0,0.0,0.0,0.0,0.0,0.0,0.0,0.0,0.0,0.0,0.0,0.0,0.0,0.0,0.0,0.0,0.0,0.0,0.0,0.0,0.0,0.0,0.0,0.0,0.0,0.0,0.0,0.0,0.0,0.0,0.0,0.0,0.0,0.0,0.0,0.0,0.0,0.0,0.0
J07A3102,0.42551227793711244,0.5816631076859413,0.2558728045192047,0.25325655469501396,0.2849136240318907,0.1741138813528221,0.15666725335439863,0.12749882615748417,0.09562411961811312,0.11348951841485619,0.09595230169470176,0.12925846837465363,0.04982041893137433,0.20134542010829323,0.08303403155229055,0.04982041893137433,0.0986202844245356,0.05227863854204135,0.06898777579408173,0.07116436221421595,0.05449428400376184,0.0898840020121917,0.12715332934211096,0.038415227692798724,0.018742713462146336,0.09371356731073167,0.05701998522607419,0.1432990487266971,0.0,0.04079664073253162,0.03979381794365091,0.0,0.0,0.020766665168527567,0.021609205511051294,0.04619002894507115,0.02300862657756741,0.023445460733269998,0.023095014472535574,0.0,0.0,0.02690565563433952,0.05126084681189951,0.0,0.0,0.056833710573921614,0.0,0.0,0.0,0.0,0.0,0.0,0.0,0.0,0.0,0.0,0.0,0.0,0.0,0.0,0.0,0.0,0.0,0.0,0.0,0.0,0.0,0.0,0.0,0.0,0.0,0.0,0.0,0.0,0.0,0.0,0.0,0.0,0.0,0.0,0.0,0.0,0.0,0.0,0.0,0.0,0.0,0.0,0.0,0.0,0.0,0.0,0.0,0.0,0.0,0.0,0.0,0.0,0.0,0.0,0.0
J07A3103,0.3887668158136635,0.44286092704467156,0.4967754841072007,0.2024630798582079,0.2024630798582079,0.17353978273560677,0.17176574887325907,0.17473284051471238,0.11648856034314158,0.0,0.14611043650211786,0.17714437081786863,0.09103627150009376,0.0306596785070654,0.24276339066691668,0.09103627150009376,0.030034616263983932,0.09552814757588098,0.06303027977372702,0.06501890528648813,0.0663845138222436,0.13139519235224753,0.0995767707333654,0.0,0.034248342105246674,0.06849668421049335,0.03473065172416198,0.07481390955416609,0.0,0.0,0.0363573901228491,0.0,0.03963044846916722,0.0,0.03948624965428649,0.0,0.08408679095392417,0.0,0.0,0.0,0.0,0.0,0.0,0.0,0.049164391302885246,0.0,0.0,0.0,0.0,0.0,0.0,0.0,0.0,0.0,0.06137062780254444,0.0,0.0,0.0,0.0,0.0,0.0,0.0,0.0,0.0,0.0,0.0,0.0,0.0,0.0,0.0,0.0,0.0,0.0,0.0,0.0,0.0,0.0,0.0,0.0,0.0,0.0,0.0,0.0,0.0,0.0,0.0,0.0,0.0,0.10430176699528275,0.0,0.0,0.0,0.0,0.0,0.0,0.0,0.0,0.0,0.0,0.0,0.0
J07A3104,0.552648886403264,0.44918958633364353,0.4984855707241809,0.2533617404201059,0.22669208353377895,0.09334379910214428,0.15838213630537998,0.12083852897754219,0.12083852897754219,0.08195126928459416,0.12125324693290888,0.10889444517179236,0.0,0.014135371609994906,0.06995243646285401,0.0419714618777124,0.01384719223188116,0.058723201762137835,0.029059548914652178,0.014988193494719406,0.01530299431890672,0.015144645688618095,0.01530299431890672,0.03236310129894497,0.06315957195341564,0.01578989298835391,0.06404903016386254,0.0,0.0,0.0,0.016762250786080433,0.017432325971748458,0.0,0.0,0.036409567192281445,0.03891302162008951,0.0,0.0,0.019456510810044753,0.0,0.021337155960834464,0.0,0.0,0.0,0.0,0.0,0.0,0.0,0.0,0.0,0.0,0.0,0.0,0.0,0.0,0.0,0.0,0.0,0.0,0.0,0.030476709242907223,0.0,0.0,0.0,0.0,0.0,0.0,0.0,0.07498746150229826,0.0,0.0,0.0,0.0,0.0,0.0,0.0,0.0,0.0,0.0,0.0,0.0,0.0,0.0,0.0,0.0,0.0,0.0,0.0,0.0,0.0,0.0,0.0,0.0,0.0,0.0,0.0,0.0,0.0,0.0,0.0,0.0
J07A3105,0.8452836754707083,0.3446164234097399,0.1906100445316851,0.15887250002265815,0.148942968771242,0.0595771875084968,0.05896815166439564,0.029993385491029978,0.03999118065470664,0.04068232263219384,0.040128430427723176,0.050678885795549994,0.04167102153169233,0.0,0.020835510765846166,0.020835510765846166,0.02062210677803246,0.0,0.0,0.0,0.011395089256489889,0.03383153370837435,0.011395089256489889,0.0,0.0,0.0,0.0,0.038526056511286745,0.012437581335361023,0.012796241964021142,0.01248169736370263,0.0,0.027210713558291817,0.0,0.013555852511610083,0.0,0.028867470228898906,0.029415538447668872,0.014487927831640188,0.0,0.0,0.0,0.0,0.0,0.0,0.0713056662664998,0.01775012152785773,0.0,0.018297197188331175,0.0,0.0,0.0,0.0,0.0,0.0,0.0,0.0,0.0,0.022201272689824823,0.0,0.0,0.0,0.0237610166538386,0.0,0.0712830499615158,0.0,0.0,0.0,0.027919007193271134,0.0,0.02956370861937318,0.02906474963199301,0.02651258351970651,0.0,0.02906474963199301,0.09280818065266559,0.02982312579501376,0.0,0.0,0.034033840407023896,0.03186319643233749,0.038605832471748334,0.0,0.034033840407023896,0.06577619593660404,0.0716147713428077,0.0,0.03630634465878402,0.0716147713428077,0.0,0.0,0.038605832471748334,0.037978029646090254,0.0,0.07721166494349667,0.03927696529143976,0.0,0.0,0.042550021710814685,0.0,0.0
J07A3106,0.532149080285254,0.41806469254514556,0.39723714519134384,0.1802054248444321,0.1802054248444321,0.21297004754341975,0.16214840959595947,0.08247468537674202,0.13195949660278722,0.13424006811723518,0.18206702487936594,0.10033552621083493,0.051563434745694865,0.17365807122509644,0.1375024926551863,0.051563434745694865,0.1190823794982452,0.1082153151208741,0.03570069011572071,0.0,0.056400819533691214,0.03721147249943207,0.03760054635579414,0.059638832697507235,0.038796891045571914,0.019398445522785957,0.03934325657993225,0.06356250228288272,0.04104047305183275,0.04222395088955591,0.04118604337000708,0.021416232899603857,0.044893799139838944,0.021493207148218712,0.0,0.023903016017304612,0.0,0.0,0.0,0.027394858943059725,0.05242691104021025,0.0,0.02652712869832874,0.0,0.02784697616658785,0.05882209321785954,0.0,0.0,0.0,0.0,0.09831798176430272,0.03216119234322707,0.03186397829238987,0.0,0.0,0.0,0.0,0.03662893568191883,0.0,0.0,0.0,0.0,0.0,0.04255261781662411,0.11760687275590465,0.0,0.0,0.0,0.04606238268736956,0.04795269441329249,0.0,0.0,0.04374198407778277,0.0,0.04795269441329249,0.0,0.0,0.0,0.0,0.0,0.052569732782722034,0.0,0.0,0.0,0.05426067424205334,0.0,0.0,0.0,0.05907708287807452,0.0,0.0,0.0,0.0,0.0,0.0,0.0,0.0,0.0,0.0,0.0,0.0
J07A3107,0.0587055415812355,0.18724718938820717,0.26476001417689166,0.2358476049210966,0.2096423154854192,0.1572317366140644,0.2593740232588228,0.15831267922867795,0.15831267922867795,0.18789014525185743,0.13238000708844583,0.16049759090417756,0.08248132409291246,0.13889248965579393,0.10997509879054995,0.2749377469763749,0.1904852224370104,0.028850361767410824,0.17132141446538823,0.11781777330579019,0.18043849475922122,0.08928569843157357,0.21051157721909142,0.06359920115881192,0.12411969683204269,0.09308977262403201,0.06293381953402438,0.10167513814406369,0.0,0.03377090175412973,0.06588155750407865,0.06851518931403242,0.03590625813502788,0.06876144668529259,0.035775610108829015,0.0,0.0,0.038815664073645124,0.03823547482135077,0.04382105750142617,0.04193127418707219,0.04454426819182582,0.042433028563985106,0.08945659934676625,0.08908853638365163,0.047046169038718486,0.09368963355437784,0.04915163377467978,0.09657723734209468,0.05073544845983555,0.05242343634953178,0.1028906527254834,0.0,0.0,0.05560344858326013,0.05705424596698653,0.11234793442396285,0.0,0.0,0.12394957190741086,0.0,0.0,0.0627083296213996,0.06806754201780274,0.0,0.0,0.0,0.0,0.0,0.0,0.0,0.07670555207460067,0.06997006275823874,0.0,0.0,0.0,0.0,0.0,0.0,0.0,0.0,0.10188567699841364,0.0,0.0,0.08679585213303535,0.0,0.1944101332496297,0.19163407537474755,0.0,0.0,0.0,0.0,0.0,0.0,0.10188567699841364,0.10365688143339517,0.0,0.0,0.0,0.0,0.0
J07A3108,0.07738753826436015,0.2820974675277726,0.2792121517132663,0.34544657698555853,0.2763572615884468,0.0690893153971117,0.2051491216236975,0.4869500524189635,0.13912858640541814,0.2122995850651436,0.13960607585663315,0.1410487337638863,0.07248636105335593,0.07323702375181315,0.07248636105335593,0.07248636105335593,0.14348786496212512,0.15212590941702717,0.1505609426337625,0.15531118859208148,0.15857322882338248,0.15693238304762444,0.07928661441169124,0.0838385181482336,0.0818092937159846,0.0,0.0,0.08935429752992706,0.08654023618017566,0.08903578372080014,0.0,0.0,0.0,0.0,0.09432112613752905,0.0,0.0,0.0,0.0,0.0,0.0,0.0,0.0,0.0,0.0,0.12403555468906925,0.0,0.0,0.0,0.0,0.0,0.0,0.0,0.0,0.0,0.0,0.0,0.15447564363784358,0.0,0.0,0.0,0.0,0.0,0.0,0.0,0.0,0.0,0.0,0.0,0.0,0.0,0.0,0.0,0.0,0.0,0.0,0.0,0.0,0.0,0.0,0.0,0.0,0.0,0.0,0.0,0.0,0.0,0.0,0.0,0.0,0.0,0.0,0.0,0.0,0.0,0.0,0.0,0.0,0.0,0.0,0.0
J07A3109,0.793811044772044,0.2290802519433256,0.2983384217325712,0.15354974398634627,0.17717278152270724,0.12992670644998533,0.23381547845291892,0.17839081557754685,0.07135632623101876,0.07258953194313177,0.05966768434651423,0.07234113219262914,0.07435366893688569,0.11268550397964225,0.037176834468442846,0.012392278156147614,0.07359211479799116,0.05201493237783212,0.07721975776364294,0.02655202195042273,0.01355485039627894,0.05365836315060072,0.02710970079255788,0.014333044478910836,0.013986127993654108,0.04195838398096232,0.014183090639086415,0.030552045746177366,0.029589861123089048,0.015221569708908327,0.0593896323752832,0.0,0.0,0.015496434795046189,0.016125152568177238,0.01723388820303647,0.017169424102970742,0.0,0.01723388820303647,0.0,0.0,0.0,0.0,0.020160401294469013,0.0,0.02120513531956151,0.0,0.0,0.0,0.0,0.0,0.0,0.02297367994053459,0.0,0.0,0.0,0.0,0.0,0.0,0.0,0.02699518968311375,0.0,0.0,0.0,0.0,0.0,0.0,0.033210618820023075,0.0,0.0,0.0,0.0,0.0,0.0,0.0,0.0,0.0,0.0,0.0,0.0,0.0,0.0,0.0,0.0,0.0,0.0,0.0,0.0,0.0,0.0,0.0,0.0,0.0,0.0,0.0,0.0,0.0,0.0,0.0,0.0,0.0
J07A3110,0.03526876714769514,0.09642279091374224,0.19087314155043833,0.2204084174595864,0.12594766711976366,0.09446075033982274,0.21815526265003188,0.09511015263384759,0.09511015263384759,0.09675388052320487,0.09543657077521916,0.16070465152290375,0.06607018769976648,0.13350881008615698,0.13214037539953297,0.13214037539953297,0.1307869512680888,0.0693301970406702,0.13723395126352414,0.1769546579700592,0.2529397940588057,0.10728106488022027,0.18067128147057546,0.11462625278802616,0.1491357908675203,0.11185184315064023,0.2268540414150654,0.12216757312256617,0.03944003785620862,0.0,0.11873979432027937,0.12348644742437297,0.08628619535393994,0.08262018836931748,0.0859722355681887,0.13782529096232554,0.04576991651117111,0.09327777794211668,0.2756505819246511,0.05265311013424203,0.10076488901570475,0.16056624778238776,0.05098532654617548,0.05374320527849828,0.05352208259412926,0.11305647380642025,0.11257260493576374,0.05905805414056742,0.11604219989598943,0.06096108372964163,0.12597856487774128,0.12362807240702971,0.0,0.20459043725107115,0.06681022022352556,0.13710684624295555,0.0,0.0,0.0,0.0,0.0,0.0,0.0753470768199158,0.08178642850674868,0.0753470768199158,0.0,0.0,0.08853222109026813,0.08853222109026813,0.09216541342390797,0.0,0.0,0.0,0.08993457541102629,0.0,0.0,0.0,0.0,0.09140373318480628,0.10792258702493321,0.0,0.0,0.0,0.0,0.0,0.0,0.0,0.0,0.0,0.0,0.0,0.0,0.0,0.0,0.0,0.0,0.0,0.0,0.0,0.0,0.0
J07A3111,0.8989976004186877,0.33085876774748574,0.1637373586965656,0.16206317594506808,0.10804211729671206,0.02315188227786687,0.04583041807009709,0.06993314310823803,0.05439244463974068,0.06323711365102104,0.007797017080788838,0.00787758970827347,0.02429023486789982,0.024541782510616717,0.016193489911933215,0.008096744955966607,0.0,0.016992502752862664,0.0,0.017348299246426228,0.00885633498474275,0.008764693539612066,0.00885633498474275,0.009364783789225653,0.0,0.0,0.00926680842255557,0.0,0.0,0.0,0.0,0.0,0.0,0.0,0.0,0.011260108562879952,0.0,0.0,0.0,0.0,0.0,0.0,0.0,0.0,0.0,0.0,0.0,0.0,0.0,0.0,0.0,0.0,0.0,0.0,0.0,0.0,0.0,0.0,0.0,0.0,0.0,0.018358427918682706,0.0,0.0,0.0,0.0,0.0,0.0,0.0,0.0,0.0,0.0,0.0,0.0,0.0,0.0,0.0,0.0,0.0,0.0,0.0,0.0,0.0,0.0,0.0,0.0,0.0,0.0,0.0,0.0,0.0,0.0,0.0,0.0,0.0,0.0,0.0,0.0,0.0,0.0,0.0
J07A3112,0.6197416514337144,0.5189864776861076,0.3777045895820956,0.25421299069380326,0.19439816935408488,0.17944446401915526,0.16280922969214626,0.07528254813402346,0.07528254813402346,0.03063344329046763,0.030216367166567646,0.030528616334476923,0.07844481290362566,0.03170287233263389,0.06275585032290053,0.015688962580725132,0.03105654238211615,0.01646308123155551,0.03258744073745225,0.016807792464540464,0.01716081078675994,0.01698323829172422,0.03432162157351988,0.0,0.0,0.0,0.0,0.03867972429577778,0.037461572285536385,0.019270922954912183,0.03759444826359904,0.0,0.020489436117431935,0.019618909660570935,0.0,0.0,0.06521087944200421,0.0,0.02181857312520921,0.0,0.0,0.02541860346689288,0.0,0.0,0.0,0.0,0.0,0.0,0.0,0.0,0.0,0.0,0.0,0.0,0.03172937996967739,0.0,0.0,0.03343473941095783,0.0,0.0,0.0,0.0,0.0,0.0,0.0,0.0,0.0,0.0,0.0,0.0,0.0,0.0,0.0,0.0,0.0,0.0,0.0,0.0,0.0,0.0,0.0,0.0,0.0,0.0,0.0,0.0,0.0,0.0,0.0,0.0,0.0,0.0,0.0,0.0,0.0,0.0,0.0,0.0,0.0,0.0,0.0
J07A3113,0.6517760560349205,0.4660402061765764,0.5064964021361638,0.2238024886655254,0.16113779183917828,0.08952099546621016,0.07088468400152376,0.06309550642427009,0.05408186264937436,0.045847104053780466,0.04522289304787176,0.018276086516728487,0.018784528872291664,0.009489529941874164,0.0,0.018784528872291664,0.009296065849617303,0.0,0.009754305268068156,0.0,0.0,0.0,0.0,0.0,0.0,0.0,0.0,0.0,0.0,0.0,0.0,0.0,0.0,0.0,0.0,0.0,0.0,0.0,0.0,0.0,0.0,0.0,0.0,0.0,0.0,0.0,0.0,0.0,0.0,0.0,0.0,0.0,0.0,0.0,0.0,0.0,0.0,0.0,0.0,0.0,0.0,0.0,0.0,0.0,0.0,0.0,0.0,0.0,0.0,0.0,0.0,0.0,0.0,0.0,0.0,0.0,0.0,0.0,0.0,0.0,0.0,0.0,0.0,0.0,0.0,0.0,0.0,0.0,0.0,0.0,0.0,0.0,0.0,0.0,0.0,0.0,0.0,0.0,0.0,0.0,0.0
J07A3114,0.22387499096971988,0.43718672336693704,0.3750197897721494,0.2569744281606168,0.485396142081165,0.0856581427202056,0.31086913289557716,0.22999207604970187,0.25874108555591463,0.20472102164982545,0.08654302840895754,0.0874373446733874,0.08986985939415294,0.06053369609929736,0.059913239596101966,0.029956619798050983,0.029649794484375335,0.09430418282035502,0.03111134873770141,0.032092921754008887,0.0,0.06485583859699266,0.03276697751812085,0.0,0.033809531506111795,0.0,0.03428566148070463,0.0,0.0,0.0,0.0,0.0,0.0,0.0,0.0,0.0,0.0,0.0,0.0,0.0,0.0,0.0,0.0,0.0,0.0,0.0,0.0,0.0,0.0,0.0,0.0,0.0,0.0,0.0,0.0,0.0,0.0,0.0,0.0,0.0,0.0,0.0,0.0,0.0,0.0,0.0,0.0,0.0,0.0,0.0,0.0,0.0,0.0,0.0,0.0,0.0,0.0,0.0,0.0,0.0,0.0,0.0,0.0,0.0,0.0,0.0,0.0,0.0,0.0,0.0,0.0,0.0,0.0,0.0,0.0,0.0,0.0,0.0,0.0,0.0,0.0
J07A3115,0.5669538592625267,0.4492809866282427,0.5113885598288042,0.3191006873313454,0.1760555516310871,0.09903124779248651,0.17425579998149737,0.07755383339906365,0.05539559528504545,0.11270592380089794,0.02223428520994801,0.04492809866282426,0.03463350177853323,0.046656217905524086,0.03463350177853323,0.04617800237137764,0.04570503245160603,0.0,0.035968509100945116,0.024735551388168957,0.012627539219504227,0.012496875017606565,0.0,0.02670499135011192,0.026058624714494237,0.013029312357247119,0.013212800441383888,0.0,0.04134834995309835,0.0,0.02766334153922866,0.028769190565988804,0.0,0.014436296411700272,0.0,0.0,0.0,0.0,0.0,0.01840024623275007,0.0,0.0,0.0,0.018781192752723937,0.0,0.0,0.0,0.0,0.0,0.0,0.022012342745651264,0.0,0.021402010054281103,0.0,0.0,0.0,0.0,0.0,0.0,0.0,0.0,0.0,0.0,0.0,0.0,0.0,0.0,0.0,0.0,0.0,0.0,0.0,0.0,0.0,0.0,0.0,0.0,0.0,0.0,0.0,0.0,0.0,0.0,0.0,0.0,0.0,0.0,0.0,0.0,0.0,0.0,0.0,0.0,0.0,0.0,0.0,0.0,0.0,0.0,0.0,0.0
J07A3116,0.7768662592669837,0.3390275508317948,0.42438464201527504,0.18560145197834596,0.11722196967053429,0.1465274620881679,0.07734910150461446,0.08852088873391506,0.049178271518841694,0.07003946335009631,0.069085871955975,0.03988559421550527,0.040995215000973015,0.0,0.040995215000973015,0.010248803750243254,0.0,0.010754496213396345,0.01064386134909737,0.0,0.0,0.0,0.0,0.011853878532817766,0.0,0.0,0.0,0.012633751319796318,0.0,0.0,0.0,0.0,0.0,0.0,0.0,0.0,0.0,0.0,0.0,0.0,0.0,0.01660468480290029,0.0,0.0,0.0,0.0,0.0,0.0,0.0,0.0,0.0,0.0,0.0,0.0,0.0,0.0,0.0,0.0,0.0,0.0,0.0,0.0,0.0,0.0,0.0,0.0,0.0,0.0,0.0,0.0,0.0,0.0,0.0,0.0,0.0,0.0,0.0,0.0,0.0,0.0,0.0,0.0,0.0,0.0,0.0,0.0,0.0,0.0,0.0,0.0,0.0,0.0,0.0,0.0,0.0,0.0,0.0,0.0,0.0,0.0,0.0
J07A3117,0.6878479131430536,0.5187687802165343,0.23533710337017855,0.23293082710930468,0.19057976763488563,0.21175529737209517,0.16767248020086287,0.1066055402991813,0.04264221611967252,0.043379174246211814,0.021394282124561688,0.0864614633694224,0.044433414492673136,0.0,0.022216707246336568,0.022216707246336568,0.021989156600914925,0.02331291531942846,0.0,0.0,0.0,0.0,0.07290285270250142,0.0,0.0,0.0,0.025427251438874664,0.02738664544028089,0.05304829941259062,0.0,0.026618230710361044,0.027682301169216775,0.02901452543603816,0.0,0.0,0.0,0.0,0.0,0.0,0.0,0.0,0.0,0.0,0.0,0.0,0.0,0.0,0.0,0.0,0.0,0.0,0.0,0.0,0.0,0.0,0.0,0.0,0.0,0.0,0.0,0.0,0.0,0.0,0.0,0.0,0.0,0.0,0.0,0.0,0.0,0.0,0.0,0.0,0.0,0.0,0.0,0.0,0.0,0.0,0.0,0.0,0.0,0.0,0.0,0.0,0.0,0.0,0.0,0.0,0.0,0.0,0.0,0.0,0.0,0.0,0.0,0.0,0.0,0.0,0.0,0.0
J07A3118,0.49889036136925075,0.6017372188110302,0.4367605745462373,0.27509667967051094,0.17029794455793534,0.06549920944535975,0.15559112383763915,0.11870911054168082,0.1318990117129787,0.09392497653405409,0.05294067570257422,0.01337193819580067,0.04123184012413194,0.06943138935887234,0.02748789341608796,0.02748789341608796,0.027206353590282156,0.014422095146984537,0.05709492218399878,0.014724071315990761,0.015033324715161231,0.044633299520690395,0.015033324715161231,0.015896399112414177,0.062046572994749805,0.031023286497374902,0.0,0.01694223141484582,0.01640866470433485,0.01688183885609681,0.0,0.0,0.017949288656078904,0.0171866844259089,0.0,0.0,0.0,0.0,0.019113647874133433,0.0,0.0,0.0,0.0,0.0,0.0,0.0,0.0,0.0,0.0,0.0,0.0,0.0,0.0,0.0,0.0,0.0,0.0,0.0,0.0,0.0,0.0,0.0,0.0,0.0,0.0,0.0,0.0,0.0,0.0,0.0,0.0,0.0,0.0,0.0,0.0,0.0,0.0,0.0,0.0,0.0,0.0,0.0,0.0,0.0,0.0,0.0,0.0,0.0,0.0,0.0,0.0,0.0,0.0,0.0,0.0,0.0,0.0,0.0,0.0,0.0,0.0
J07A3119,0.4457601646900078,0.3288509086046861,0.42121898150168385,0.20845604953544916,0.28425824936652155,0.17055494961991297,0.28135238102856136,0.26713164668842976,0.1908083190631641,0.2329271245295121,0.09573158670492815,0.1547533687551464,0.13917629360662398,0.14061759167431317,0.0994116382904457,0.07952931063235656,0.03935737295512284,0.08345341474895546,0.041297451692350294,0.021300199759524803,0.04349514650000035,0.10761269480823132,0.0,0.02299611766915509,0.022439520476697363,0.022439520476697363,0.022755529833778043,0.0,0.023737173536358847,0.0,0.0,0.0,0.0,0.024862675792543892,0.05174279706401362,0.027650267994159327,0.02754684097746871,0.0,0.0,0.0,0.0,0.0,0.0,0.0,0.0,0.03402178704716113,0.0,0.0,0.0,0.0,0.0,0.0,0.0,0.0,0.0,0.0,0.0,0.0,0.0,0.0,0.0,0.0,0.0,0.0,0.0,0.0,0.0,0.0,0.0,0.0,0.0,0.0,0.0,0.0,0.0,0.0,0.0,0.0,0.0,0.0,0.0,0.0,0.0,0.0,0.0,0.0,0.0,0.0,0.0,0.0,0.0,0.0,0.0,0.0,0.0,0.0,0.0,0.0,0.0,0.0,0.0
J07A3120,0.14970139488253253,0.3702964702294124,0.250769348529145,0.17183442499831816,0.2482052805531262,0.28639070833053026,0.3023605766857188,0.23068767829382097,0.19223973191151744,0.27378692340763655,0.15431959909485846,0.13642501534767826,0.10015740816580264,0.02023892598321938,0.12018888979896315,0.08012592653264211,0.27756837877654905,0.0,0.08321451686116661,0.10729995189772926,0.06573215997865614,0.17347198027240804,0.0,0.1158431539418535,0.045215716189348144,0.0,0.0229262381023435,0.09877162786511973,0.04783049187133405,0.09841954488428212,0.07200021951989524,0.049918964253914934,0.10464267758899423,0.02504919152597012,0.07819644461606436,0.0557153915780705,0.0,0.02828041149391407,0.08357308736710574,0.06385450656660237,0.03055039033274432,0.0,0.061831919528451136,0.0,0.032454171897458986,0.0,0.03413031121411143,0.0,0.07036447986044606,0.07392991432789245,0.0,0.07496432348634625,0.07427154910118454,0.0,0.0,0.0,0.0,0.04268907934313876,0.04268907934313876,0.0,0.0,0.0,0.0,0.0,0.0,0.09477951672168293,0.0,0.05368326086105189,0.0,0.0,0.0,0.0,0.0,0.0,0.05588631879186213,0.0,0.0,0.06006007919540704,0.0,0.0,0.0,0.0,0.0,0.06544099222532582,0.0,0.0,0.0,0.0,0.06885120278250995,0.0,0.0,0.0,0.0,0.0,0.0,0.0,0.08003336953943455,0.0,0.0,0.0,0.0
J07A3121,0.12321476385270745,0.2620038654059613,0.27784721634245607,0.3300075389006456,0.4400100518675274,0.34834129106179257,0.1814633290404604,0.22151752470202887,0.14767834980135258,0.13145175766994596,0.16670832980547365,0.22457474177653824,0.23082243110567016,0.09717200371491229,0.07694081036855673,0.19235202592139183,0.13326732631948993,0.0807371937183059,0.09988328121107226,0.08242770457729612,0.12623843180079974,0.062466086115833985,0.02103973863346662,0.08899058295499022,0.06512749360069833,0.08683665813426444,0.08805955398609606,0.02371132983488147,0.0,0.0,0.0,0.04793461653002594,0.05024149336702427,0.0,0.0500586853474027,0.0,0.07995075970284711,0.0,0.0,0.0,0.0,0.031164073773470483,0.029687007695469985,0.0,0.031164073773470483,0.0,0.03277358423899128,0.0,0.0,0.0,0.0,0.03599219408352419,0.0,0.0,0.0,0.0,0.0,0.0,0.0,0.0,0.0,0.04361358573222945,0.0,0.0,0.0,0.0,0.0,0.0,0.0,0.0,0.0,0.0,0.0,0.0,0.0,0.0,0.0,0.0,0.0,0.0,0.0,0.0,0.0,0.0,0.0,0.0,0.0,0.0,0.0,0.0,0.0,0.0,0.0,0.0,0.0,0.0,0.0,0.0,0.0,0.0,0.0
J07A3122,0.3320764869930198,0.38332631326217353,0.29953075309737714,0.1581163249132007,0.3162326498264014,0.17788086552735083,0.17606245435998166,0.09950209308030478,0.17910376754454863,0.060733034439108914,0.059906150619475435,0.1815756220715559,0.16589073071879284,0.14665759610695017,0.18662707205864196,0.10368170669924553,0.22576348384834197,0.08703802311125657,0.08614263576026471,0.13329069525944875,0.04536341116397402,0.0673410159137964,0.04536341116397402,0.14390327541501696,0.14042024579089465,0.023403374298482445,0.0711988720008387,0.12780895514944737,0.09902706390474542,0.07641201913846166,0.049689156160971346,0.025837746329939952,0.0812436014821186,0.025930612387148604,0.08094798961036602,0.028837941166909523,0.057460143215267066,0.0878265936652038,0.028837941166909523,0.03305069661099721,0.0,0.033596156225098275,0.06400763620587693,0.0674699127186805,0.033596156225098275,0.03548313866131072,0.035331274856847866,0.0,0.0,0.0,0.0,0.0,0.07688498645312282,0.042807578722046276,0.0,0.1290942766793827,0.04236750214663075,0.0,0.0,0.0,0.045171796561499944,0.0,0.0,0.051337868334498465,0.0,0.0,0.0,0.0,0.0,0.0,0.0,0.0,0.0,0.0,0.0,0.0,0.0,0.0,0.0,0.0,0.0,0.0,0.06774370349901382,0.0,0.19638937575948948,0.0,0.0,0.0,0.0,0.0,0.0,0.0,0.0,0.0,0.0,0.0,0.0,0.0,0.0,0.0,0.0
J07A3123,0.3121352469190794,0.4622366131789468,0.28154388895312804,0.36574801891300046,0.1915822956210955,0.26124858493785746,0.17238529066769884,0.3507261686210449,0.17536308431052244,0.16055439502439106,0.1583684375361345,0.1422266502089067,0.07309170414610121,0.07384863572704735,0.1096375562191518,0.09136463018262651,0.14468615091116943,0.038349083201601665,0.11386372258546001,0.019576026583117773,0.09993593413834777,0.05934110472287535,0.11992312096601733,0.08453866459136483,0.041246246920084585,0.020623123460042293,0.020913553016786664,0.02252512674223201,0.02181573625609074,0.02244483330231848,0.0,0.022768299378357525,0.0,0.022850133225846152,0.0,0.050824160091921054,0.025317025067556266,0.0,0.050824160091921054,0.0,0.02786838403471285,0.029605033392898283,0.0,0.0,0.029605033392898283,0.0,0.03113402512306566,0.0,0.0,0.0,0.0,0.0,0.0,0.0,0.0,0.0,0.0,0.0,0.0,0.0,0.0,0.0,0.0,0.0,0.0,0.0,0.0,0.0,0.0,0.0,0.0,0.0,0.0,0.0,0.0,0.0,0.0,0.0,0.0,0.0,0.0,0.0,0.0,0.0,0.0,0.0,0.0,0.0,0.0,0.0,0.0,0.0,0.0,0.0,0.0,0.0,0.0,0.0,0.0,0.0,0.0
J07A3124,0.6948053677189097,0.35177002053944434,0.30639143760964205,0.23433622533822565,0.1378448384342504,0.15162932227767545,0.24558426172793574,0.1110339994218108,0.1665509991327162,0.05647646448129186,0.09748818469397702,0.1125664065726222,0.05784900701739651,0.08767212975072625,0.0,0.05784900701739651,0.0572564989225716,0.09105505511839318,0.09011834330345846,0.030987201965243193,0.047457051024861606,0.03131065760597482,0.079095085041436,0.050181595760290444,0.032644668165785505,0.016322334082892753,0.0,0.0,0.01726623690762014,0.035528281475412156,0.017327480149069655,0.01802015052050262,0.018887379067307235,0.03616983713194567,0.03763731140953752,0.02011259162827752,0.020037359614234515,0.0,0.04022518325655504,0.0,0.0,0.0,0.022320585243050414,0.0,0.0,0.049494370867458774,0.0,0.051709400371864576,0.025400737722291,0.053375634052824084,0.027575730966478525,0.0,0.02681114310358077,0.0,0.0,0.03001162546443724,0.0,0.030820496652620728,0.0,0.0,0.0315043952721415,0.0,0.0,0.0,0.0,0.03421427473730637,0.0,0.03875803336891929,0.0,0.0,0.0,0.04034858862630222,0.0,0.03937196234177963,0.04034858862630222,0.0,0.0,0.0,0.0,0.0,0.0,0.0,0.0,0.0,0.0,0.0,0.0,0.0,0.0,0.0,0.0,0.0,0.0,0.0,0.0,0.0,0.0,0.0,0.0,0.0,0.0
J07A3125,0.6481899501729239,0.44631024981103634,0.376782800507598,0.16717563801287502,0.15431597355034618,0.20575463140046157,0.17819486728541648,0.11653265307612119,0.12948072564013463,0.15806214977119198,0.07795506217398579,0.11814094847939198,0.0,0.08179008979341647,0.0674598001078793,0.026983920043151716,0.04006131311155064,0.028315350064125982,0.04203609181036657,0.0433623439693441,0.05903079235009344,0.058419967767747424,0.04427309426257008,0.0,0.03045449389843028,0.01522724694921514,0.030883375836752203,0.0,0.048323466228683276,0.01657232087518476,0.032329912854074556,0.016811154620668727,0.0,0.01687157729170244,0.035112174057153576,0.0,0.01869302646953939,0.019047926072426107,0.018763211067557167,0.0,0.0,0.02185911146227984,0.0,0.0,0.0,0.0,0.0,0.0,0.0,0.0,0.025725638447247717,0.0,0.0,0.0,0.0,0.0,0.0,0.028752708481735716,0.0,0.0,0.0,0.0,0.0,0.0,0.0,0.0,0.0,0.0,0.0,0.0,0.0,0.0,0.0,0.0,0.0,0.0,0.0,0.0,0.0,0.0,0.0,0.0,0.0,0.0,0.0,0.0,0.0,0.0,0.0,0.0,0.0,0.0,0.0,0.0,0.0,0.0,0.0,0.0,0.0,0.0,0.0
J07A3126,0.3181211531466403,0.4670745511611012,0.4941798453778255,0.23667433173758537,0.3313440644326195,0.14200459904255122,0.2186379033280527,0.2065279053689777,0.11120733366021876,0.21009719496198712,0.11158899734337996,0.08053009502777607,0.09932453933743594,0.10035313596773414,0.1489868090061539,0.03310817977914531,0.09830722553022593,0.06948358125382441,0.06876878193356914,0.03546922951363491,0.018107099362387673,0.0,0.0,0.057439924371959064,0.018683216846545794,0.0,0.0,0.020406308881214703,0.01976364695334848,0.0,0.019833748493641414,0.0,0.0,0.0,0.06462182862581793,0.0,0.0,0.0,0.0,0.0,0.02524695461830335,0.02682024668573718,0.025549062537250422,0.026931052630781632,0.02682024668573718,0.0,0.0,0.0,0.0,0.0,0.0,0.0,0.0,0.0,0.0,0.0,0.0,0.0,0.03527841173663198,0.0,0.0,0.0,0.0,0.0,0.037756886305858973,0.0,0.0,0.0,0.0,0.0,0.0,0.0,0.0,0.0,0.04618465881955989,0.0,0.0,0.0,0.0,0.0,0.0,0.0,0.0,0.0,0.0,0.05689888649974186,0.0,0.0,0.0,0.0,0.0,0.0,0.0,0.0,0.0,0.0,0.0,0.0,0.0,0.0,0.0
J07A3127,0.9297709385666416,0.32381408080099716,0.1602510420385088,0.031722501239800555,0.052870835399667596,0.015861250619900277,0.010466071229113512,0.021293725517323062,0.015970294137992298,0.0,0.005341701401283626,0.0,0.005547043623091209,0.0,0.0,0.0,0.0,0.0,0.0,0.0,0.0,0.0,0.0,0.0,0.0,0.0,0.0,0.0,0.0,0.0,0.0,0.0,0.0,0.0,0.0,0.0077142498298665135,0.0,0.0,0.0,0.0,0.0,0.0,0.0,0.0,0.0,0.0,0.0,0.0,0.0,0.0,0.0,0.0,0.0,0.0,0.0,0.0,0.0,0.0,0.0,0.0,0.0,0.0,0.0,0.0,0.0,0.0,0.0,0.0,0.0,0.0,0.0,0.0,0.0,0.0,0.0,0.0,0.0,0.0,0.0,0.0,0.0,0.0,0.0,0.0,0.0,0.0,0.0,0.0,0.0,0.0,0.0,0.0,0.0,0.0,0.0,0.0,0.0,0.0,0.0,0.0,0.0
J07A3128,0.5415315472399923,0.41125451603973995,0.423330098298408,0.2739626043011393,0.30619349892480274,0.08057723655915863,0.143556344780345,0.12980990712667426,0.0811311919541714,0.09903999649659541,0.0651277074305243,0.1480516257743064,0.016907826132991376,0.11958045517381663,0.08453913066495689,0.135262609063931,0.10040790450997965,0.07096834188856575,0.05267870127865429,0.018113577058242816,0.018494021105013646,0.018302653138099506,0.018494021105013646,0.03911155333220712,0.057247348085022354,0.01908244936167412,0.05805354613554257,0.0,0.04037193330109036,0.041536132560380926,0.06077269846901119,0.042134734903832335,0.04416248960427582,0.06342926342382799,0.04400180056569293,0.0470272829032326,0.04685137532885487,0.04774088000729748,0.0,0.026948603069101223,0.025786444432845616,0.0,0.052190015896054216,0.0,0.0,0.0,0.0,0.0,0.02969601583163285,0.03120074092307,0.03223880157743447,0.0,0.0,0.0,0.0,0.0,0.03454526274641196,0.0,0.0,0.0,0.03683180508361831,0.0,0.0,0.0,0.0,0.0,0.0,0.0,0.0,0.0,0.04798135748149298,0.0,0.0,0.0,0.0,0.0,0.0,0.0,0.0,0.0,0.0,0.0,0.0,0.0,0.0,0.0,0.0,0.0,0.0,0.0,0.0,0.0,0.0,0.0,0.0,0.0,0.0,0.0,0.0,0.0,0.0
J07A3129,0.786950791522,0.3585797376687749,0.36425194853426957,0.22186310336755513,0.11093155168377757,0.11093155168377757,0.0640485643685061,0.06515494303381907,0.08377064104348166,0.028406131804092554,0.08405814196944682,0.06605416220214275,0.019397655680286452,0.08819341281781554,0.029096483520429678,0.019397655680286452,0.0,0.05088691803603308,0.04029074272274939,0.04156192855905201,0.0,0.0,0.01060871606785136,0.011217770378815217,0.021892511748272146,0.021892511748272146,0.011100408868841042,0.011955793282018741,0.0,0.011913175463238232,0.02324067506552533,0.0,0.0,0.0,0.0,0.013488118374312495,0.0,0.013692788549091657,0.013488118374312495,0.0,0.0,0.0,0.0,0.0,0.0,0.0,0.0,0.0,0.0,0.0,0.0,0.0,0.0,0.0,0.0,0.0,0.0,0.0,0.0,0.0,0.0,0.0,0.0,0.0,0.0,0.0,0.0,0.0,0.0,0.0,0.0,0.0,0.0,0.0,0.0,0.0,0.0,0.0,0.0,0.0,0.0,0.0,0.0,0.0,0.0,0.0,0.0,0.0,0.0,0.0,0.0,0.0,0.0,0.0,0.0,0.0,0.0,0.0,0.0,0.0,0.0
J07A3130,0.06992297611618475,0.15930451244778118,0.15767513295311222,0.2809132835123765,0.21848810939851504,0.3121258705693072,0.3089351217105955,0.15713584258023938,0.21999017961233516,0.22379212907408827,0.22074518613435712,0.1911654149373374,0.19648365381654093,0.16543201843186411,0.2947254807248114,0.09824182690827046,0.09723560258922496,0.03436307889289216,0.1360383006350161,0.10524776444047063,0.10745830989422432,0.07089758582454198,0.0358194366314081,0.0757517144694476,0.18479555684546076,0.11087733410727646,0.0,0.04036772943158056,0.039096416575782146,0.1206715018636749,0.156940365347969,0.04080352396861526,0.0,0.0,0.08522320257347474,0.13662448828743232,0.0,0.0,0.04554149609581077,0.0,0.09988697504635602,0.0,0.05054111695249728,0.0,0.0,0.056035734709988363,0.0,0.0,0.0,0.0,0.0,0.06127548149050925,0.0,0.0,0.06622813626350298,0.13591230301678,0.06690766939402891,0.06978770085516242,0.06978770085516242,0.0,0.0,0.0,0.0,0.0,0.0,0.0,0.0,0.08776088422489925,0.0,0.0,0.0,0.0,0.0,0.08915102053539414,0.0,0.0,0.0,0.0,0.0,0.0,0.0,0.0,0.0,0.0,0.0,0.0,0.0,0.0,0.0,0.0,0.0,0.0,0.0,0.0,0.0,0.0,0.0,0.0,0.0,0.0,0.0
J07A3131,0.44553575841643717,0.5108032401771583,0.4926151466499326,0.3079441593290228,0.21812711285805783,0.1668030863032207,0.2158972789928404,0.18086904811243093,0.05167687088926598,0.10513993834247634,0.0388906694723631,0.013097518978901495,0.06730946562037943,0.0680065168222892,0.053847572496303536,0.026923786248151768,0.07994407256698116,0.056504498341900314,0.04194241417852208,0.028843807185475988,0.044174431460051344,0.04371733394242137,0.0,0.0,0.015193312956489348,0.030386625912978697,0.0,0.0,0.01607192571761572,0.0,0.016128932744250934,0.016773690882114244,0.017580932949914686,0.016833978900936287,0.03503392640916993,0.018721397161865445,0.0,0.0,0.0,0.0,0.0,0.0,0.0,0.0,0.0,0.0,0.0,0.0,0.0,0.0,0.0,0.0,0.0,0.0,0.0,0.0,0.0,0.0,0.0,0.0,0.0,0.0,0.0,0.0,0.0,0.0,0.0,0.0,0.0,0.0,0.0,0.0,0.0,0.0,0.0,0.0,0.0,0.0,0.0,0.0,0.0,0.0,0.0,0.0,0.0,0.0,0.0,0.0,0.0,0.0,0.0,0.0,0.0,0.0,0.0,0.0,0.0,0.0,0.0,0.0,0.0
J07A3132,0.8183824830009127,0.38985189430226,0.28520416420742445,0.18265694565180698,0.09963106126462198,0.11623623814205898,0.0821771410729293,0.10031600860527529,0.06687733907018352,0.05102485298559735,0.08388357770806601,0.016950082360967827,0.017421635162751296,0.03520410432165759,0.0,0.03484327032550259,0.01724319718444836,0.0,0.0,0.03732805489232425,0.019056032741848795,0.0,0.019056032741848795,0.0,0.01966234264392364,0.01966234264392364,0.0,0.0,0.020799394530504563,0.0,0.020873169861403282,0.02170758006972534,0.0,0.0,0.0,0.024228193470625034,0.0,0.0,0.0,0.0,0.0,0.0,0.0,0.0,0.0,0.0,0.0,0.0,0.0,0.03214889489007776,0.0,0.0,0.0,0.0,0.0,0.0,0.0,0.0,0.0,0.0,0.0,0.0,0.0,0.0,0.0,0.0,0.0,0.0,0.0,0.0,0.0,0.0,0.0,0.0,0.0,0.0,0.0,0.0,0.0,0.0,0.0,0.0,0.0,0.0,0.0,0.0,0.0,0.0,0.0,0.0,0.0,0.0,0.0,0.0,0.0,0.0,0.0,0.0,0.0,0.0,0.0
J07A3133,0.8905728782097302,0.397992113177878,0.15447898725991308,0.11467460217118584,0.06880476130271151,0.030579893912316226,0.015133643408774685,0.046185188563462785,0.023092594281731393,0.023491688807471704,0.015447898725991307,0.023411300775169293,0.0,0.01620786371895253,0.008020868416341776,0.008020868416341776,0.01587743221591532,0.008416630966287222,0.008330046452579381,0.01718572417183099,0.0,0.0,0.0,0.0,0.0,0.0,0.0,0.0,0.0,0.00985211969800407,0.0,0.0,0.01047507572137803,0.0,0.010436961252247462,0.0,0.0,0.0,0.0,0.0,0.0,0.0,0.0,0.013048765042718442,0.0,0.0,0.0,0.0,0.0,0.0,0.0,0.0,0.0,0.0,0.0,0.0,0.0,0.0,0.0,0.0,0.0,0.0,0.0,0.0,0.0,0.0,0.0,0.0,0.0,0.0,0.0,0.0,0.0,0.0,0.0,0.0,0.0,0.0,0.0,0.0,0.0,0.0,0.0,0.0,0.0,0.0,0.0,0.0,0.0,0.0,0.0,0.0,0.0,0.0,0.0,0.0,0.0,0.0,0.0,0.0,0.0
J07A3134,0.4178358708107978,0.7029780662260093,0.28991164560713295,0.14347367761569524,0.31564209075452954,0.17216841313883427,0.11360559885824509,0.11556802865001525,0.14446003581251907,0.11756531691577364,0.028991164560713295,0.05858150551883412,0.03010562411142041,0.0,0.12042249644568163,0.03010562411142041,0.02979727264774864,0.06318216806532564,0.06253219335230142,0.0322525520394754,0.032929960558904264,0.03258921586271637,0.0,0.0,0.033977700213441646,0.0,0.0,0.0,0.03594259365615226,0.03697906472627424,0.0,0.0,0.0,0.0,0.0,0.0,0.0,0.0,0.0,0.0,0.0,0.0,0.0,0.0,0.0,0.0,0.0,0.0,0.0,0.0,0.0,0.0,0.0,0.0,0.0,0.0,0.0,0.0,0.0,0.0,0.0,0.0,0.0,0.0,0.0,0.0,0.0,0.0,0.0,0.0,0.0,0.0,0.0,0.0,0.0,0.0,0.0,0.0,0.0,0.0,0.0,0.0,0.0,0.0,0.0,0.0,0.0,0.0,0.0,0.0,0.0,0.0,0.0,0.0,0.0,0.0,0.0,0.0,0.0,0.0,0.0
J07A3135,0.0,0.06795619762128326,0.08968151481531199,0.1553379427450617,0.11095567338932981,0.11095567338932981,0.06589284842135942,0.1117184755963299,0.24578064631192578,0.11364923450070388,0.13452227222296798,0.1585644611163276,0.18625798692000767,0.18818685906973065,0.18625798692000767,0.18625798692000767,0.16130648873841313,0.19544825560724635,0.12089851144160964,0.17459805747469323,0.1018658198274996,0.15121763593306078,0.0509329099137498,0.0807855094551106,0.2627672664460072,0.026276726644600717,0.07994032284016704,0.05740028654606156,0.22237024930299315,0.057195676533805126,0.027894874409785126,0.1740598741272258,0.18243659059941086,0.08734274016226586,0.12118185285555125,0.12951409268963332,0.09677222974157317,0.03286983840355344,0.06475704634481666,0.03710850021815526,0.07101639193749971,0.03772092870785098,0.07186618212818725,0.037876770046761946,0.03772092870785098,0.11951875697978098,0.079338153513944,0.0832450660320569,0.1635668620211329,0.08592747448775005,0.04439315731140757,0.04356487527697701,0.04316227536970042,0.04806328480886514,0.09417210362004343,0.09662922894289801,0.047569177774238275,0.14885035954028528,0.0,0.1574442623623373,0.05071776980334908,0.15836937462582262,0.0,0.11528176369247682,0.053102599437727535,0.05508030530742168,0.056878004495318456,0.0,0.0,0.0,0.06607081673227341,0.06495571212085424,0.05925197238893508,0.0,0.06495571212085424,0.13827566705979807,0.0,0.0,0.0,0.0,0.0,0.0,0.07606094557278836,0.0,0.0,0.0,0.0,0.0,0.0,0.0,0.0,0.08627871810258073,0.0,0.0,0.0,0.0,0.0,0.0,0.0,0.11016230062312393,0.0
J07A3136,0.17273586189792897,0.17990474688637512,0.37838741635579837,0.4185794758314978,0.5287319694713656,0.2643659847356828,0.21805288979916104,0.13309172894007842,0.1774556385867712,0.20308780215192967,0.20032274983542267,0.08995237344318756,0.13868228473268243,0.09341231125716672,0.023113714122113736,0.06934114236634122,0.09150790417760868,0.02425418195737214,0.07201401481786006,0.04952405336557951,0.0,0.0,0.02528210980094785,0.10693429841089809,0.1043460645564168,0.0260865161391042,0.0,0.028492390274203305,0.05519014198150804,0.0,0.027692950546359875,0.02879998320061755,0.030185996461197812,0.0,0.0,0.0,0.0,0.0,0.03214414332201247,0.0,0.0,0.03744787654978118,0.0,0.0,0.03744787654978118,0.0,0.0,0.0,0.0,0.0,0.0,0.0,0.0,0.0,0.0,0.0,0.0,0.0,0.0,0.0,0.0,0.0,0.0,0.0,0.0,0.0,0.0,0.0,0.0,0.0,0.0,0.0,0.0,0.0,0.0,0.0,0.0,0.0,0.0,0.0,0.0,0.0,0.0,0.0,0.0,0.0,0.0,0.0,0.0,0.0,0.0,0.0,0.0,0.0,0.0,0.0,0.0,0.0,0.0,0.0,0.0
J07A3137,0.5153666179295896,0.513691659853172,0.4648572158405874,0.20129556165387447,0.28756508807696357,0.15816079844232997,0.14231270756687928,0.1302939230775511,0.08686261538503406,0.05890920424483181,0.04358036398505507,0.08806142740340092,0.12068173888177385,0.06096575444302422,0.04525565208066519,0.04525565208066519,0.0447921291685725,0.03165909250138873,0.04700010828075007,0.048482976749130144,0.033000851326391065,0.0,0.04950127698958659,0.017447727421356668,0.0,0.05107626979164158,0.051795562309309116,0.0,0.0,0.03705867230049834,0.018073866282616566,0.01879637362722212,0.0,0.0,0.0,0.0,0.020900474576150112,0.0,0.02097894723058615,0.0,0.0,0.0,0.0,0.0,0.0,0.0,0.0,0.0,0.0,0.0,0.0,0.0,0.0,0.03114154127304551,0.0,0.0,0.0,0.0,0.06429619661612566,0.0,0.0,0.0,0.0,0.0,0.034406653616628716,0.0,0.0,0.0,0.0,0.0,0.0,0.0,0.0,0.0,0.0,0.0,0.0,0.0,0.0,0.0,0.0,0.0,0.0,0.0,0.0,0.0,0.0,0.0,0.0,0.0,0.0,0.0,0.0,0.0,0.0,0.0,0.0,0.0,0.0,0.0,0.0
J07A3138,0.2714107921249199,0.28267488478053965,0.5770538051343959,0.22499988011926106,0.3288459786358431,0.19038451394706707,0.20556903550400865,0.12198669414486743,0.15684003532911528,0.10636706751246831,0.15737831049119888,0.14133744239026982,0.03631736565820239,0.01834673263122726,0.19974551112011316,0.07263473131640479,0.08986347886032768,0.11432796869851213,0.11315184114669045,0.17508272695883811,0.0794489039192009,0.01965670043278367,0.03972445195960045,0.10501265602193832,0.0409883734118715,0.02049418670593575,0.04156560096640499,0.022384298572648044,0.02167934322975044,0.04460901426232125,0.0,0.0,0.09485934328396639,0.022707273100184243,0.02362854733946864,0.05050640501252484,0.0,0.0,0.02525320250626242,0.0,0.027694149565012247,0.0,0.05605108179182159,0.02954148770716983,0.0588398826167213,0.06214471976245433,0.0,0.0,0.0956788640715431,0.0,0.0,0.0,0.0,0.0,0.0,0.03768234692986916,0.0,0.03869795885568183,0.0,0.0,0.0395566562653299,0.0,0.0,0.0,0.0,0.0,0.04436125014177244,0.0,0.0,0.0,0.0,0.0,0.04621279511933809,0.0,0.0,0.0,0.0,0.0,0.0,0.0,0.0,0.0,0.0,0.0,0.0,0.0,0.0,0.0,0.0,0.0,0.0,0.0,0.0,0.0,0.0,0.0,0.0,0.0,0.0,0.0,0.0
J07A3139,0.9089100476416262,0.31322370408267475,0.19979068380379528,0.12955894458797007,0.11592116094713112,0.047732242742936346,0.026996739112080857,0.006865770592554542,0.03432885296277271,0.020953281933079864,0.020668001772806407,0.0069605267573927725,0.0071541692320686275,0.007228257210867994,0.0071541692320686275,0.0071541692320686275,0.0,0.015014334900197997,0.007429938871871707,0.0,0.0,0.0,0.0,0.0,0.0,0.0,0.0,0.0,0.0,0.0,0.0,0.0,0.0,0.0,0.0,0.0,0.0,0.0,0.0,0.0,0.0,0.0,0.0,0.0,0.0,0.0,0.0,0.0,0.0,0.0,0.0,0.0,0.0,0.0,0.0,0.0,0.0,0.0,0.0,0.0,0.0,0.0,0.0,0.0,0.0,0.0,0.0,0.0,0.0,0.0,0.0,0.0,0.0,0.0,0.0,0.0,0.0,0.0,0.0,0.0,0.0,0.0,0.0,0.0,0.0,0.0,0.0,0.0,0.0,0.0,0.0,0.0,0.0,0.0,0.0,0.0,0.0,0.0,0.0,0.0,0.0
J07A3140,0.5272509755283605,0.5241723607183149,0.3026397985513702,0.2995453652791788,0.27101723525259036,0.12837658511964808,0.1411824868259808,0.22979405024210994,0.1579834095414506,0.14610339607790232,0.08646851387182006,0.11648274682629219,0.08979248041749267,0.06048157589471259,0.08979248041749267,0.05986165361166178,0.029624265672259068,0.031407661946838444,0.015542280755329591,0.03206528938137467,0.0,0.016199999244572695,0.016369382387882728,0.05192748256127516,0.0,0.0,0.0,0.036895878960682214,0.017866953059886136,0.01838217964967982,0.017930327038018615,0.018647096365265875,0.0,0.0,0.0,0.0,0.020734486940439615,0.0,0.02081233637982231,0.0,0.0,0.0,0.0,0.0,0.0,0.025608174084163236,0.0,0.0,0.0,0.0,0.0,0.0,0.0,0.0,0.03026607309573046,0.0,0.0,0.0,0.0,0.0,0.03260047655543465,0.0,0.0,0.0,0.0,0.0,0.0,0.0,0.0,0.0,0.0,0.0,0.0,0.0,0.0,0.0,0.0,0.0,0.0,0.0,0.0,0.0,0.0,0.0,0.0,0.0,0.0,0.0,0.0,0.0,0.0,0.0,0.0,0.0,0.0,0.0,0.0,0.0,0.0,0.0,0.0
J07A3141,0.0440712239013804,0.28113914244407806,0.1987597346116992,0.1180364729134225,0.3541094187402675,0.31476392776912665,0.31154621101446905,0.33673587098535573,0.1188479544654197,0.14105224885454884,0.17888376115052929,0.2610577751266439,0.24768039294900002,0.20853779200283226,0.18576029471175,0.12384019647450001,0.2042863090655109,0.08663378065104485,0.04287127593430174,0.15478357446952098,0.1128818093484082,0.08937100657011363,0.06772908560904492,0.09548995064938955,0.0698840365277142,0.023294678842571397,0.04724546230128969,0.0,0.0739253543408937,0.0,0.02472918904696707,0.05143548918164396,0.026955423612604577,0.02581017933764358,0.0,0.0,0.0,0.05827912582675741,0.028704005217217155,0.0,0.0,0.0,0.0,0.0,0.0,0.03531833952231664,0.0,0.03689894682608556,0.0,0.0,0.0,0.0,0.0,0.0,0.0,0.0,0.0,0.0,0.04398596227997964,0.0,0.0,0.0,0.0,0.0,0.0,0.0,0.050423131687790515,0.0,0.0,0.0,0.0,0.0,0.0,0.0,0.0,0.0,0.0,0.0,0.05710823933454227,0.0,0.0,0.0,0.0,0.0,0.0,0.0,0.0,0.0,0.0,0.0,0.0,0.0,0.0,0.0,0.0,0.0,0.0,0.0,0.0,0.0,0.0
J07A3142,0.9347372088977157,0.26619979511960334,0.15808624919397618,0.13691111694894492,0.07171534697325686,0.03259788498784403,0.03226464870681527,0.04595078620287383,0.026257592115927902,0.02003353895502596,0.006586927049749007,0.013309989755980167,0.006840137428553577,0.006910973320234728,0.0,0.0,0.01354015709173517,0.007177640812250315,0.007103802177553421,0.0,0.0,0.0,0.007481839768746347,0.0,0.007719891077693046,0.007719891077693046,0.0,0.0,0.0,0.0,0.0,0.017045797312495545,0.008933067317592263,0.00855353166827938,0.0,0.0,0.0,0.0,0.0,0.0,0.0,0.0,0.0,0.0,0.0,0.0,0.0,0.0,0.0,0.0,0.0,0.0,0.0,0.0,0.0,0.0,0.0,0.0,0.0,0.0,0.0,0.0,0.0,0.0,0.0,0.0,0.0,0.0,0.0,0.0,0.0,0.0,0.0,0.0,0.0,0.0,0.0,0.0,0.0,0.0,0.0,0.0,0.0,0.0,0.0,0.0,0.0,0.0,0.0,0.0,0.0,0.0,0.0,0.0,0.0,0.0,0.0,0.0,0.0,0.0,0.0
J07A3143,0.902634515023178,0.31407741341016865,0.2146448837910915,0.14651736652699315,0.08791041991619589,0.051281078284447605,0.036254893240803686,0.01475246495900094,0.036881162397502346,0.00750371118402547,0.022204643150802568,0.0074780336526230635,0.023058219645725075,0.007765669547247463,0.015372146430483383,0.015372146430483383,0.0,0.008065316431416879,0.0,0.0,0.0,0.0,0.0,0.0,0.0,0.0,0.0,0.0,0.0091762723590929,0.0,0.0,0.009576945457930329,0.010037840636517125,0.009611366926173854,0.0,0.0,0.0,0.0,0.0,0.0,0.011722175181638652,0.0,0.0,0.0,0.0,0.0,0.0,0.0,0.0,0.0,0.014655331048875123,0.0,0.0,0.0,0.0,0.0,0.0,0.0,0.0,0.0,0.0,0.0,0.0,0.0,0.0,0.018183435408545483,0.01877690247240199,0.0,0.0,0.0,0.0,0.0,0.019560610761864255,0.0,0.0,0.0,0.0,0.0,0.0,0.0,0.0,0.0,0.0,0.0,0.0,0.026418184896906626,0.0,0.0,0.0,0.0,0.0,0.0,0.028019655453703447,0.0,0.028482839537546822,0.0,0.0,0.0,0.0,0.0,0.0
J07A3144,0.885533531980663,0.2617295131280366,0.21587710200479476,0.08546792019419157,0.10683490024273946,0.11751839026701341,0.11631704265382718,0.08605549824369857,0.07529856096323624,0.08754274033698235,0.06476313060143843,0.04362158552133944,0.056043927397334,0.05662431362670005,0.044835141917867194,0.044835141917867194,0.03328194450435927,0.023523689970712244,0.06984508325611494,0.04803247866749011,0.02452065849131774,0.012133464770479717,0.02452065849131774,0.0,0.012650418784496407,0.0,0.0,0.013817125568549055,0.0,0.027535745627734115,0.04028833362665702,0.041898869883372346,0.014638424488161335,0.028032975232733914,0.0,0.0,0.01552970238008377,0.0,0.0,0.0,0.017094730076622846,0.0,0.017299287553217125,0.0,0.0,0.0,0.0,0.0,0.0,0.0,0.0,0.0,0.02077963768103741,0.0,0.022668663504465243,0.0,0.0,0.0,0.0,0.0,0.0,0.0,0.0,0.0,0.0,0.0,0.0,0.0,0.0,0.0,0.0,0.0,0.0,0.0,0.0,0.0,0.0,0.0,0.0,0.0,0.0,0.0,0.0,0.0,0.0,0.0,0.0,0.0,0.0,0.0,0.0,0.0,0.0,0.0,0.0,0.0,0.0,0.0,0.0,0.0,0.0
J07A3145,0.9500568419717685,0.2849469487914303,0.11932143733699423,0.02147298159476098,0.03220947239214146,0.02147298159476098,0.0,0.0,0.0,0.0,0.0,0.0,0.0,0.0,0.0,0.0,0.0,0.0,0.0,0.0,0.0,0.0,0.0,0.0,0.0,0.0,0.0,0.0,0.0,0.0,0.0,0.0,0.0,0.0,0.0,0.0,0.0,0.0,0.0,0.0,0.0,0.0,0.0,0.0,0.0,0.0,0.0,0.0,0.0,0.0,0.0,0.0,0.0,0.0,0.0,0.0,0.0,0.0,0.0,0.0,0.0,0.0,0.0,0.0,0.0,0.0,0.0,0.0,0.0,0.0,0.0,0.0,0.0,0.0,0.0,0.0,0.0,0.0,0.0,0.0,0.0,0.0,0.0,0.0,0.0,0.0,0.0,0.0,0.0,0.0,0.0,0.0,0.0,0.0,0.0,0.0,0.0,0.0,0.0,0.0,0.0
J07A3146,0.5594030141564024,0.5990055316502404,0.3405899801937621,0.21225287897808703,0.19976741550878782,0.037456390407897715,0.09886263306443015,0.08799909299874878,0.08799909299874878,0.07673136428238651,0.07568666226528047,0.07646879127449877,0.09169551983928932,0.03970504756333237,0.14409295974745465,0.039298079931124,0.0907563448980908,0.06872851734899449,0.0,0.084201102314915,0.04298479969666785,0.014180003987802593,0.028656533131111904,0.030301726095948903,0.059136608447725246,0.07392076055965656,0.014992353103067731,0.08073823073961439,0.06255641418599334,0.0,0.031389150710841904,0.016321969947559946,0.017107472724715227,0.0,0.0170452257053703,0.018217223865627016,0.0,0.01849365400132851,0.0,0.0,0.0,0.021223037228450776,0.0,0.02131071870000348,0.0,0.0,0.044638259007459755,0.023418208352800646,0.0,0.0,0.0,0.0,0.0,0.02704198750567537,0.0,0.027183393854043485,0.0,0.0,0.0,0.0,0.0,0.0,0.0,0.0,0.0,0.0,0.0,0.0,0.0,0.0,0.0,0.0,0.0,0.0,0.0,0.0,0.0,0.0,0.0,0.0,0.0,0.0,0.0,0.0,0.0,0.0,0.0,0.0,0.0,0.0,0.0,0.0,0.0,0.0,0.0,0.0,0.0,0.0,0.0,0.0,0.0
J07A3147,0.4676090189848286,0.5036185409100447,0.30674922434545915,0.3225885713030997,0.2656611763672586,0.18975798311947042,0.20659997216510426,0.1337437768717648,0.11463752303294127,0.17492809494858413,0.07668730608636479,0.19369943881155566,0.09954408723037933,0.08045996598424998,0.09954408723037933,0.1194529046764552,0.07881961979455383,0.04178230104795209,0.04135247345632758,0.06398573585595224,0.10888274078746074,0.021551214049585384,0.02177654815749215,0.04605351209544337,0.0,0.0,0.0,0.0,0.023768799244635836,0.0,0.0,0.024806640982142244,0.0,0.024895801039338587,0.0,0.0,0.0,0.0,0.027687107228958046,0.0,0.0,0.0,0.0,0.0,0.0,0.0,0.0,0.0,0.0,0.0,0.0,0.03725263708870169,0.0,0.0,0.0,0.0,0.0,0.0,0.0,0.0,0.0,0.0,0.045408413377595415,0.0,0.0,0.0,0.0,0.0,0.0,0.0,0.0,0.0,0.0,0.0,0.0,0.0,0.0,0.0,0.0,0.0,0.0,0.0,0.0,0.0,0.0,0.0,0.0,0.0,0.0,0.0,0.0,0.0,0.0,0.0,0.0,0.0,0.0,0.0,0.0,0.0,0.0
J07A3148,0.4305594723778272,0.359677069924527,0.5016339169393895,0.1921954093093651,0.22422797752759263,0.22422797752759263,0.15852555482105862,0.225769508401179,0.12901114765781657,0.09843057355848261,0.0809086962805467,0.1307916617907371,0.08401893592325867,0.0509334174020773,0.11762651029256212,0.050411361553955196,0.13305341922896635,0.07053165229893911,0.05235455335816938,0.05400635628354155,0.07352088728443172,0.018190031398951288,0.05514066546332379,0.09717722040167552,0.03793005860283632,0.01896502930141816,0.09616054195878529,0.0,0.040123512631866184,0.041280548222353816,0.060398745745181066,0.04187546718523362,0.021945372250032465,0.021012988018478958,0.021865522114775146,0.0,0.02328154235032437,0.023723557994403427,0.02336895493136115,0.053565560390194535,0.0,0.0,0.0,0.0,0.02722479583917632,0.02875392051742201,0.05726171400506357,0.03004074932637863,0.0,0.0,0.0,0.0,0.062304093517709644,0.034689313362775004,0.03398400281523059,0.1743535432572666,0.03433269533662292,0.03581054150299694,0.0,0.11363420906368635,0.0,0.0,0.0,0.04160187179928341,0.0,0.0,0.0,0.0,0.0,0.0,0.0,0.0,0.0,0.0,0.0,0.0,0.0962091046718156,0.0,0.0,0.0,0.0,0.0,0.0,0.05489641388715,0.0,0.0,0.0,0.0,0.0,0.0,0.0,0.0,0.0,0.0,0.0,0.0,0.0,0.0,0.0,0.0,0.0
J07A3149,0.9900530452727834,0.127077387981927,0.04611846438258254,0.029048034924700088,0.020748596374785776,0.0,0.012321894627978563,0.004178247919997784,0.004178247919997784,0.0,0.0,0.0,0.004353756408001543,0.0,0.0,0.004353756408001543,0.0,0.0,0.004521579365144223,0.0,0.0,0.0,0.0,0.0,0.0,0.0,0.0,0.0,0.0,0.0,0.0,0.0,0.0,0.0,0.0,0.0,0.0,0.0,0.0,0.0,0.0,0.0,0.0,0.0,0.0,0.0,0.0,0.0,0.0,0.0,0.0,0.0,0.0,0.0,0.0,0.0,0.0,0.0,0.0,0.0,0.0,0.0,0.0,0.0,0.0,0.0,0.0,0.0,0.0,0.0,0.0,0.0,0.0,0.0,0.0,0.0,0.0,0.0,0.0,0.0,0.0,0.0,0.0,0.0,0.0,0.0,0.0,0.0,0.0,0.0,0.0,0.0,0.0,0.0,0.0,0.0,0.0,0.0,0.0,0.0,0.0
J07A3150,0.1308536843387057,0.1907981248481061,0.44851073705251177,0.30373802222389085,0.2570090957279077,0.2570090957279077,0.4856379542175222,0.18820072105970306,0.11762545066231442,0.19145327365725714,0.21245245439329505,0.1669483592420928,0.09805307284214812,0.04953425113582937,0.1715928774737592,0.12256634105268516,0.09704878180282296,0.051445584591651945,0.07637452167234628,0.02626138743019939,0.053625924003788454,0.10614205322663386,0.026812962001894227,0.0,0.08299822738370255,0.027666075794567518,0.11222275694894947,0.030217627554829783,0.0,0.0,0.029369781104741706,0.0,0.032013782966525454,0.030653626205898146,0.031897298047935306,0.034090497203846874,0.03396298023279841,0.03460779011508851,0.0,0.07814113177366874,0.0,0.0,0.0,0.0,0.03971537576912448,0.0,0.0,0.0,0.0,0.0,0.0,0.0,0.0,0.0,0.0,0.0,0.0,0.0,0.0,0.0,0.0,0.0,0.0,0.0,0.0,0.0,0.0,0.0,0.0,0.0,0.0,0.0,0.0,0.0,0.0,0.0,0.0,0.0,0.0,0.0,0.0,0.0,0.0,0.0,0.0,0.0,0.0,0.0,0.0,0.0,0.0,0.0,0.0,0.0,0.0,0.0,0.0,0.0,0.0,0.0,0.0
J07A3151,0.6745862249515241,0.4750418521172799,0.33189394267980077,0.16425019572746746,0.24637529359120122,0.10950013048497832,0.17611871974958854,0.08268969455344731,0.11025292607126308,0.11215835682127206,0.09680239994827523,0.05588727671967999,0.028721032869199428,0.07254616371450409,0.04308154930379914,0.07180258217299858,0.05685372566674938,0.04520726224696799,0.04474220100887938,0.0,0.015707737466152588,0.031090401464869386,0.015707737466152588,0.0,0.016207513935575065,0.0,0.0,0.017702279981141676,0.0,0.05291753442204919,0.017205589259368673,0.017893387011868177,0.01875451500289465,0.0,0.018686275077747592,0.019971108754445174,0.0,0.0,0.0,0.0,0.0,0.0,0.022163570145037555,0.023362433482315304,0.0,0.0,0.0,0.0,0.025222055161792,0.026500080452280052,0.0,0.026870863053190756,0.0,0.0,0.0,0.0,0.0,0.0,0.0,0.0,0.0,0.03256080156574275,0.0,0.0,0.03275374182039057,0.0,0.0,0.0,0.0,0.0,0.0,0.0,0.0,0.0,0.0,0.0,0.0,0.0,0.0,0.04691447500281731,0.0,0.0,0.0,0.0,0.0,0.0,0.0,0.0,0.0,0.0,0.0,0.0,0.0,0.0,0.0,0.0,0.0,0.0,0.0,0.0,0.0
J07A3152,0.7622666368862696,0.46310963554184154,0.27502374754084724,0.2903591285725343,0.09073722767891698,0.09073722767891698,0.10777158493990498,0.10049713449632953,0.054816618816179746,0.009293996558644366,0.02750237475408472,0.018524385421673662,0.009519867737449747,0.009618454692304464,0.019039735474899493,0.019039735474899493,0.009422362196958703,0.0,0.0,0.010198759822240222,0.010412966957934117,0.0,0.0,0.0,0.010744278572586658,0.010744278572586658,0.010895587178648214,0.0,0.0,0.0,0.0,0.0,0.0,0.011904510840702003,0.0,0.0,0.0,0.013440132982326864,0.0,0.0,0.0,0.0,0.0,0.0,0.0,0.0,0.0,0.0,0.01672019459052375,0.0,0.0,0.0,0.0,0.0,0.0,0.0,0.0,0.0,0.0,0.0,0.0,0.0,0.0,0.0,0.0,0.0,0.0,0.0,0.0,0.0,0.0,0.0,0.0,0.0,0.0,0.0,0.0,0.0,0.0,0.0,0.0,0.0,0.0,0.0,0.0,0.0,0.0,0.0,0.0,0.0,0.0,0.0,0.0,0.0,0.0,0.0,0.0,0.0,0.0,0.0,0.0
J07A3153,0.9703819421728592,0.20073587254741426,0.10202626662114012,0.04251918645185658,0.04251918645185658,0.04251918645185658,0.031563396245192984,0.021405749471366586,0.005351437367841647,0.005443922834493496,0.010739607012751591,0.010850587705265636,0.0,0.005633972941734659,0.0,0.0,0.01655733754426105,0.0,0.0,0.005973884445671322,0.0,0.0,0.0,0.0,0.0,0.006293419961196464,0.0,0.0,0.006657361591627563,0.0,0.0,0.0,0.0,0.0,0.0,0.0,0.0077258263631586254,0.0,0.0,0.0,0.0,0.0,0.0,0.0,0.0,0.0,0.0,0.0,0.0,0.0,0.0,0.0,0.0,0.0,0.0,0.0,0.0,0.0,0.0,0.0,0.0,0.0,0.0,0.0,0.0,0.0,0.0,0.0,0.0,0.0,0.0,0.0,0.0,0.0,0.0,0.0,0.0,0.0,0.0,0.0,0.0,0.0,0.0,0.0,0.0,0.0,0.0,0.0,0.0,0.0,0.0,0.0,0.0,0.0,0.0,0.0,0.0,0.0,0.0,0.0,0.0
J07A3154,0.47879552793982144,0.47723942708156797,0.44536628725481914,0.17365341039239207,0.2671590929113724,0.2003693196835293,0.2644280230091993,0.20174682616517986,0.06724894205505996,0.164186789941287,0.0809756885917853,0.06817706101165256,0.08408850350948932,0.05663954468386873,0.0981032540944042,0.11211800467931908,0.04161362103539538,0.014706260922752474,0.05821989207841931,0.015014187079708058,0.03065906770748912,0.030341821208128596,0.0,0.016209613838822384,0.015817276937293394,0.015817276937293394,0.016040027130235876,0.0,0.03346394571337467,0.0,0.0,0.0,0.0,0.0350506445822845,0.01823635561913155,0.019490253666880817,0.03883469906949927,0.019786000895203465,0.019490253666880817,0.0,0.0,0.0,0.0,0.0,0.02270611495007413,0.0,0.0,0.0,0.0,0.025862023814412743,0.026722463296608778,0.0,0.0,0.0,0.0,0.0,0.0,0.0,0.0,0.0,0.0,0.0,0.0,0.0,0.0,0.0,0.0,0.0,0.0,0.0,0.0,0.0,0.0,0.0,0.0,0.0,0.0,0.0,0.03877696031185016,0.0,0.0,0.0,0.0,0.0,0.0,0.0,0.0,0.0,0.0,0.0,0.0,0.0,0.0,0.0,0.0,0.0,0.0,0.0,0.0,0.0,0.0
J07A3155,0.6198707535549193,0.4519176438331186,0.4313205579790463,0.2846069259246752,0.22136094238585846,0.1423034629623376,0.15649860732973164,0.12736157877667684,0.11144138142959224,0.03239067185509897,0.04792450644211625,0.03227983170236562,0.06635571899386528,0.050282169956551014,0.03317785949693264,0.03317785949693264,0.016419020606249026,0.017407454227030605,0.05168513491198464,0.01777193915699787,0.0,0.03591489819333289,0.0,0.038373875238483256,0.01872253768163582,0.0,0.018986201831760446,0.0,0.0,0.0,0.0,0.0,0.02166477321804263,0.02074431068505207,0.0,0.0,0.0,0.0,0.0,0.0,0.0,0.0,0.025602833281495558,0.0,0.0,0.0,0.0,0.0,0.0,0.0,0.0,0.0,0.0,0.0,0.0,0.0,0.0,0.0,0.0,0.0,0.0,0.0,0.0,0.0,0.0,0.0,0.0,0.0,0.0,0.0,0.0,0.0,0.0,0.0,0.0,0.0,0.0,0.0,0.0,0.0,0.0,0.0,0.0,0.0,0.0,0.0,0.0,0.0,0.0,0.0,0.0,0.0,0.0,0.0,0.0,0.0,0.0,0.0,0.0,0.0,0.0
J07A3156,0.7196016556728039,0.46981486401473804,0.3875079661828706,0.20136153048306643,0.1630069532481966,0.09588644308717449,0.10439685407253071,0.02896369403608218,0.08689108210824655,0.02946425502087211,0.03875079661828706,0.01957561933394742,0.020120214808293096,0.04065715614339901,0.0,0.010060107404146548,0.04978534277807509,0.02111297857209661,0.010447891380906014,0.0,0.022007777604000422,0.010890025417924304,0.011003888802000211,0.0,0.0113540019043634,0.0454160076174536,0.0,0.012401144396136238,0.0,0.0,0.03615957894463504,0.03760506719583842,0.013138276475017108,0.012580075790356667,0.013090471719571384,0.013990548317993696,0.0,0.01420284241936764,0.0,0.01603434049619641,0.0,0.0,0.0,0.0,0.016298966845297636,0.0,0.0,0.0,0.0,0.0,0.0,0.0,0.0,0.0,0.0,0.0,0.0,0.0,0.0,0.0,0.0,0.0,0.02294528627166327,0.0,0.0,0.0,0.0,0.0,0.0,0.0,0.0,0.0,0.0,0.0,0.0,0.0,0.0,0.0,0.0,0.0,0.0,0.0,0.0,0.0,0.0,0.0,0.0,0.0,0.0,0.0,0.0,0.0,0.0,0.0,0.0,0.0,0.0,0.0,0.0,0.0,0.0
J07A3157,0.384423619685155,0.36876918430087025,0.41974699059523957,0.36126535564010503,0.3070755522940893,0.25288574894807353,0.17878613587993997,0.20006194790908174,0.12731214866941565,0.18501771863461483,0.05474960746894429,0.1475076737203481,0.13265993155480527,0.05744303430924071,0.07580567517417443,0.018951418793543607,0.07502924912141852,0.09943256140933307,0.0984096675684558,0.06090871445798627,0.020729331871579788,0.0,0.062187995614739366,0.0,0.06416664447844536,0.021388881492815124,0.0,0.023361508135938458,0.045251554485828425,0.04655646663410856,0.02270603074262492,0.0,0.0,0.07109574734539145,0.0,0.026355657019757128,0.0,0.0,0.026355657019757128,0.03020579101336873,0.0289031661314368,0.0,0.029249024691527032,0.0,0.0,0.06485771138302174,0.0,0.0,0.0332852744106972,0.0,0.0,0.0,0.035133477823519964,0.0,0.07665475199788994,0.0,0.0,0.040387358027644246,0.0,0.0,0.0,0.0,0.043224760134549255,0.0,0.043224760134549255,0.0,0.0,0.0,0.0,0.0,0.0,0.0,0.0,0.0,0.0,0.0,0.0,0.0,0.0,0.0,0.05796380866074237,0.0,0.06191252712301266,0.0,0.0,0.0,0.0,0.0,0.0,0.0,0.0,0.0,0.0,0.0,0.0,0.0,0.0,0.0,0.0,0.0,0.0
J07A3158,0.04685228933737133,0.10674289803612506,0.19017202140645134,0.12548503290214377,0.2718842379546449,0.1882275493532157,0.22770411621626613,0.21057953682085687,0.06317386104625707,0.19279696335017335,0.16904179680573453,0.021348579607225013,0.13165499396622046,0.06650920104163861,0.08776999597748031,0.13165499396622046,0.0,0.1151258859561074,0.09115323998402848,0.047014576949002344,0.09600407203307924,0.023752666068254605,0.09600407203307924,0.10151573749455994,0.12382331786332718,0.1485879814359926,0.10045366902318141,0.10819451026103322,0.1309838856414864,0.080856628738138,0.052579393887482444,0.10936253673100892,0.0,0.08231670576356584,0.08565644013625506,0.1525766972784651,0.18240717309583016,0.12391353013814456,0.24412271564554414,0.0349731355818487,0.16732459471298947,0.07110064520082628,0.13546145581433416,0.07139439246859237,0.07110064520082628,0.11264119185239599,0.03738636678044954,0.07845482743155181,0.07707730046395007,0.12147431981078805,0.0,0.0,0.08135710684352,0.0,0.04437654080021735,0.13660322184091225,0.044831865853785284,0.09352329475287197,0.14028494212930795,0.0,0.04779927588864695,0.04975206559360127,0.05004687332999875,0.0,0.1000937466599975,0.0,0.05360502718098423,0.11760936300469592,0.0,0.0,0.062268849939959806,0.0,0.05584238790756487,0.0,0.0612179127009488,0.06515937889328813,0.0,0.0657898527668258,0.12142398218108111,0.0,0.0,0.0,0.0,0.07168410866411944,0.0,0.0,0.0775783645614131,0.07647059293314794,0.0,0.0,0.0,0.16262782318286115,0.0,0.08766860898237074,0.0,0.16545498329170905,0.08766860898237074,0.0,0.0,0.0,0.0
J07A3159,0.20385744657020005,0.44300954744760596,0.4243339449752258,0.5039942551761265,0.3499960105389767,0.25199712758806325,0.20785087743645853,0.19734521866228563,0.14096087047306116,0.10037790487932319,0.05657785933003011,0.10003441393978199,0.04406459153576681,0.044520920763886106,0.029376394357177878,0.014688197178588939,0.05815102379734819,0.0,0.03050875751882617,0.0,0.0,0.0,0.0,0.0,0.049732019362524464,0.0,0.0,0.03621242732568124,0.0,0.0,0.0,0.0,0.0,0.01836746133089894,0.0,0.0,0.040700811180895795,0.0,0.0,0.0,0.0,0.0,0.0,0.0,0.0,0.0,0.0,0.0,0.0,0.0,0.0,0.0,0.02723001667913384,0.0,0.0,0.0,0.0,0.03130200882027912,0.0,0.0,0.0,0.0,0.0,0.0,0.0,0.0,0.0,0.0,0.0,0.0,0.0,0.0,0.0,0.0,0.0,0.0,0.0,0.0,0.0,0.0,0.0,0.0,0.0,0.0,0.0,0.0,0.0,0.0,0.0,0.0,0.0,0.0,0.0,0.0,0.0,0.0,0.0,0.0,0.0,0.0,0.0
J07A3160,0.17970595081918206,0.5542937059079378,0.5735618150756702,0.35789609661766913,0.2098011600862198,0.2098011600862198,0.1587961007157186,0.16153915389261617,0.09940871008776381,0.15169009079123033,0.1122186159930659,0.037792752675541205,0.06474025070477371,0.026164278132675477,0.01294805014095474,0.0,0.025630864112223546,0.01358692776300441,0.04034146436989152,0.055485667320540596,0.0,0.0,0.014162761711178406,0.014975856436324925,0.02922676270784104,0.01461338135392052,0.0,0.0,0.015458457301314652,0.0,0.0,0.0,0.0,0.016191422771829497,0.016848337436625963,0.0,0.01793944272194191,0.018280035033647068,0.0,0.0,0.0,0.0,0.0,0.0,0.0,0.0,0.0,0.0,0.0,0.0,0.0,0.0,0.0,0.053459254612169285,0.0,0.0,0.0,0.0,0.02759358243831241,0.0,0.0,0.0,0.0,0.0,0.0,0.0,0.0,0.0,0.0,0.0,0.0,0.0,0.0,0.0,0.0,0.0,0.0,0.0,0.0,0.0,0.0,0.0,0.0,0.0,0.0,0.0,0.0,0.0,0.0,0.0,0.0,0.0,0.0,0.0,0.0,0.0,0.0,0.0,0.0,0.0,0.0
J07A3161,0.9401605791548248,0.17782262507865645,0.15200331707497117,0.1425307382757106,0.0712653691378553,0.06334699478920472,0.11756141546462602,0.06378249507464281,0.03189124753732141,0.008110600888847302,0.0400008729144661,0.05657992616139068,0.03323084842817325,0.016787492158942856,0.016615424214086624,0.03323084842817325,0.04111310926762454,0.02615288395830499,0.008627947021962228,0.026700484541001504,0.0,0.01798612924812492,0.0,0.0,0.018752439769260058,0.0,0.0,0.020481916007876556,0.0,0.0,0.0,0.010351515461961336,0.0,0.0,0.0,0.0,0.0,0.011728813737433338,0.0,0.0,0.0,0.0,0.0,0.0,0.026919618002719324,0.0,0.014154958923320167,0.0,0.0,0.0,0.0,0.0,0.0,0.0,0.0,0.0,0.0,0.0,0.0,0.0,0.0,0.0,0.0,0.0,0.0,0.0,0.0,0.0,0.0,0.0,0.0,0.0,0.0,0.0,0.0,0.0,0.0,0.0,0.0,0.0,0.0,0.0,0.0,0.0,0.0,0.0,0.0,0.0,0.0,0.0,0.0,0.0,0.0,0.0,0.0,0.0,0.0,0.0,0.0,0.0,0.0
J07A3162,0.8760048976085845,0.35335287374675695,0.22020588079375042,0.08974589579136977,0.14102926481500966,0.0769250535354598,0.06344889732365838,0.06454491730519361,0.06454491730519361,0.06566040579672454,0.05181314842205892,0.03926143041630632,0.0,0.02718105754608712,0.04035368690925819,0.02690245793950546,0.013313457165864634,0.014114934244623374,0.0,0.0,0.0,0.0,0.0,0.0,0.0,0.0,0.015395070807901853,0.016581396804037987,0.016059193964767647,0.01652229048231988,0.0,0.0,0.0,0.0,0.0,0.0,0.0,0.0,0.0,0.0,0.0,0.0,0.0,0.0,0.0,0.0,0.0,0.0,0.0,0.0,0.0,0.0,0.0,0.0,0.0,0.0,0.0,0.0,0.0,0.0,0.0,0.0,0.0,0.0,0.0,0.0,0.0,0.0,0.0,0.0,0.0,0.0,0.0,0.0,0.0,0.0,0.0,0.0,0.0,0.0,0.0,0.0,0.0,0.0,0.0,0.0,0.0,0.0,0.0,0.0,0.0,0.0,0.0,0.0,0.0,0.0,0.0,0.0,0.0,0.0,0.0
J07A3163,0.8011980367142574,0.32692978790801325,0.32358592347863374,0.18149048141241472,0.10675910671318514,0.18149048141241472,0.10566774732896986,0.03224791746206443,0.10749305820688143,0.032805237578142375,0.08628957959430232,0.0871812767754702,0.05600416729031018,0.03395048506039803,0.04480333383224814,0.033602500374186106,0.03325833278161057,0.011753500598423712,0.03489776599121048,0.011999600561497832,0.09801304969085013,0.012124856739596662,0.0,0.038865019522411254,0.025282888005922342,0.0,0.012819469847858152,0.01380732307224161,0.026744969916809615,0.013758105259700329,0.026839834168872107,0.027912763281646186,0.0,0.0,0.0,0.031153902319616733,0.015518684904018922,0.01581331751039409,0.0,0.0,0.0,0.0,0.0,0.01822209722068119,0.0,0.0,0.0,0.0,0.0,0.0,0.0,0.0,0.020764895662473,0.0,0.0,0.0,0.0,0.0,0.0,0.0,0.02439976088330064,0.02539658773831946,0.0,0.0,0.0,0.0,0.0,0.0,0.0,0.0,0.0,0.0,0.0,0.0,0.0,0.0,0.0,0.0,0.0,0.0,0.03425827767708526,0.0,0.0,0.0,0.0,0.0,0.0,0.0,0.0,0.0,0.0,0.0,0.0,0.0,0.0,0.0,0.0,0.0,0.0,0.0,0.0
J07A3164,0.9739196497466632,0.17883406907311974,0.11144755461759752,0.06488707351541721,0.01946612205462516,0.025954829406166884,0.019267126993382566,0.006533316159159573,0.03266658079579786,0.0066462272804584934,0.006555738506917501,0.006623484039745176,0.0,0.0,0.006807749955980617,0.006807749955980617,0.0,0.0,0.007070166274679771,0.0,0.0,0.0,0.0,0.0,0.0,0.0,0.007791540300926045,0.0,0.0,0.0,0.0,0.0,0.0,0.0,0.0,0.0,0.0,0.0,0.0,0.0,0.0,0.0,0.0,0.0,0.0,0.0,0.0,0.0,0.0,0.0,0.0,0.0,0.0,0.0,0.0,0.0,0.0,0.0,0.0,0.0,0.0,0.0,0.0,0.0,0.0,0.0,0.0,0.0,0.0,0.0,0.0,0.0,0.0,0.0,0.0,0.0,0.0,0.0,0.0,0.0,0.0,0.0,0.0,0.0,0.0,0.0,0.0,0.0,0.0,0.0,0.0,0.0,0.0,0.0,0.0,0.0,0.0,0.0,0.0,0.0,0.0
J07A3165,0.41985628095912353,0.4942188103237684,0.5522818227874086,0.24989021632528405,0.26550835484561425,0.2342720778049538,0.20096023987475647,0.09435306409368752,0.07862755341140625,0.06398913847093765,0.06311792260427526,0.04782762680552597,0.0,0.016555757937360496,0.11470245650593303,0.04915819564539987,0.01621823387656985,0.017194580031297205,0.0,0.0,0.0,0.017737849063024513,0.01792331157968855,0.0,0.0,0.01849358144834137,0.037508042546466565,0.0,0.0,0.0,0.0,0.0,0.0,0.0,0.0,0.022788030775856963,0.0,0.0,0.0,0.0,0.0,0.0,0.0,0.0,0.026548020109234592,0.0,0.027919128280626627,0.0,0.0,0.0,0.0,0.0,0.0,0.0,0.0,0.0,0.0,0.0,0.0,0.0,0.0,0.0,0.0,0.0,0.0,0.0,0.0,0.0,0.0,0.0,0.0,0.0,0.0,0.0,0.0,0.0,0.0,0.0,0.0,0.0,0.0,0.0,0.0,0.0,0.0,0.0,0.0,0.0,0.0,0.0,0.0,0.0,0.0,0.0,0.0,0.0,0.0,0.0,0.0,0.0,0.0
J07A3166,0.34847970913677845,0.5791064903664382,0.48073441598699673,0.21960876912734578,0.16470657684550935,0.10980438456367289,0.1811364906923711,0.0921327265393834,0.12898581715513677,0.05623499848761409,0.11093871138161462,0.07472341811179849,0.076802230262623,0.05819819080649861,0.153604460525246,0.076802230262623,0.07601559717283589,0.0604438318852702,0.07976270305667692,0.06170943141202042,0.06300553022976511,0.04156905120955784,0.06300553022976511,0.08883029968849053,0.02167006358952376,0.06501019076857129,0.0439504738101116,0.04733724547709699,0.022923219794408187,0.04716850634772901,0.023004528321111516,0.047848280238468786,0.0,0.024010128290826823,0.049968523339943775,0.0,0.026602252766147496,0.0,0.0,0.0,0.0,0.03110794334510397,0.02963353764944907,0.0,0.0,0.06571034256340991,0.06542910975845748,0.034325544022802475,0.03372284863595373,0.0,0.0,0.0,0.03559534886443448,0.0,0.0,0.0398444137300776,0.0,0.040918297526025695,0.08183659505205139,0.04328072294218537,0.041826263659946177,0.0,0.0,0.0,0.0,0.0,0.0,0.0,0.0,0.0,0.0,0.0,0.048864305925135514,0.0,0.053568103485634885,0.0,0.05496583693581457,0.0,0.10625080399079384,0.0,0.0,0.0,0.0,0.0,0.0,0.06599519230278923,0.0,0.0,0.0,0.0,0.0,0.0,0.0,0.0,0.0,0.0,0.0,0.0,0.0,0.0,0.0
J07A3167,0.46120446623517336,0.5403885494905261,0.3862887971995157,0.2646962786297471,0.3676337203190932,0.1764641857531647,0.17466025678608355,0.07403222846972739,0.10364511985761836,0.0903740161049115,0.08914356858450363,0.06004317216561401,0.07714197320748763,0.062352679229129994,0.015428394641497523,0.09257036784898513,0.07635186036142859,0.04856896935317882,0.016023108394417132,0.03305728519155319,0.03375159572519839,0.0,0.0,0.01784465001901782,0.03482547752295969,0.03482547752295969,0.017657957387552683,0.0,0.0368393970052753,0.037901729056267125,0.0,0.057671930716990984,0.040298280370668314,0.019293071745294873,0.0,0.0,0.0,0.0,0.021456202407140995,0.02459060555253091,0.0,0.0,0.0,0.0,0.0,0.0,0.026287416991498773,0.0,0.0,0.0,0.0,0.0,0.0,0.0,0.0,0.0,0.03152255898857948,0.0,0.0,0.0,0.0,0.0,0.0,0.0,0.0,0.0,0.0,0.0,0.0,0.0,0.0,0.0,0.0,0.0,0.0,0.0,0.0,0.0,0.0,0.0,0.0,0.0,0.0,0.0,0.0,0.0,0.0,0.0,0.0,0.0,0.0,0.0,0.0,0.0,0.0,0.0,0.0,0.0,0.0,0.0,0.0
J07A3168,0.42759013813181457,0.6078836224375762,0.38568342266980826,0.24431352604119125,0.18323514453089343,0.167965549153319,0.07556749938475599,0.24599314179378348,0.10762199953478027,0.07820140118962622,0.15427336906792333,0.09352055729808864,0.096122307536177,0.08093145176792035,0.01602038458936283,0.08010192294681417,0.015856298669123074,0.06724342454088515,0.016637917603246816,0.03432569846408384,0.1051399494088692,0.06936800508160564,0.0350466498029564,0.0185293520687061,0.0,0.054242604923269454,0.01833549601138001,0.039496815410228425,0.0,0.0,0.0,0.019961603946622157,0.06276679766392866,0.0,0.0,0.04455896058881824,0.044392285880221934,0.022617551550851368,0.02227948029440912,0.0,0.0,0.0,0.0,0.026062793147768222,0.0,0.0,0.0,0.0,0.0,0.0,0.0,0.0,0.0,0.0,0.0,0.0,0.0,0.0,0.0,0.0,0.0,0.0,0.0,0.0,0.0,0.0,0.0,0.0,0.0,0.0,0.0,0.0,0.0,0.0,0.0,0.0,0.0,0.0,0.0,0.0,0.0,0.0,0.0,0.0,0.0,0.0,0.0,0.0,0.0,0.0,0.0,0.0,0.0,0.0,0.0,0.0,0.0,0.0,0.0,0.0,0.0
J07A3169,0.25330660797780624,0.38473653845106065,0.5788181612592787,0.30152624092986047,0.3166025529763534,0.09045787227895813,0.32828823303806376,0.07589979619783724,0.19733947011437683,0.09265382855181398,0.1218564550019534,0.1692840769184667,0.06327039091783147,0.11186982414931278,0.07908798864728935,0.03163519545891574,0.03131117763463158,0.01659806344544784,0.04928194193517003,0.0,0.06920605498028136,0.01712248531792998,0.03460302749014068,0.0,0.0,0.0,0.05431021305268612,0.0389968626701048,0.03776872292713664,0.03885785380744887,0.05685403255009622,0.0,0.0,0.0,0.020582266911353196,0.0,0.043830366020718006,0.0,0.0,0.0,0.0,0.0,0.0,0.025732888958932595,0.0,0.0,0.0,0.0,0.0,0.0,0.0,0.0,0.0,0.0,0.0,0.0,0.0,0.0,0.0,0.0,0.0,0.0,0.0,0.0,0.0,0.0,0.03864203236117341,0.0,0.0,0.0,0.0,0.0,0.0,0.0,0.0,0.0,0.0,0.0,0.0,0.0,0.0,0.0,0.0,0.0,0.0,0.0,0.0,0.0,0.0,0.0,0.0,0.0,0.0,0.0,0.0,0.0,0.0,0.0,0.0,0.0,0.0
J07A3170,0.1460403325526085,0.15527007656199268,0.395182186985076,0.1738406781026137,0.21730084762826712,0.1738406781026137,0.2580953524451196,0.1969152800494783,0.17503580448842515,0.1780608362595478,0.17563652754892267,0.15527007656199268,0.2735823495922151,0.16124240156813144,0.22798529132684595,0.04559705826536918,0.24821521208862615,0.11961722616780679,0.21309603546784972,0.04884872969608822,0.04987471193832774,0.07403794565172007,0.2244362037224748,0.07910708458809235,0.10292317280131279,0.07719237960098459,0.10437261044412793,0.08431158051376457,0.0,0.16802208411449188,0.05463064364866704,0.08522177602671595,0.059548743753069934,0.028509360076972058,0.02966603524891,0.1585290845297243,0.06317443986823511,0.03218692441905909,0.06341163381188972,0.0,0.0,0.07387445392521683,0.0,0.037089830493398826,0.0,0.0,0.0388448996820282,0.0,0.0,0.0,0.0,0.04265975788047093,0.0,0.04706470705701466,0.0,0.0,0.0,0.0,0.0,0.0,0.0,0.0,0.0,0.0,0.0,0.0,0.0,0.0,0.0,0.0,0.0,0.0,0.0,0.0,0.0,0.0,0.0,0.0,0.0,0.0,0.0,0.0,0.0,0.0,0.0,0.0,0.0,0.0,0.0,0.0,0.0,0.0,0.0,0.0,0.0,0.0,0.0,0.0,0.0,0.0,0.0
J07A3171,0.5503917473239831,0.5015798458980902,0.2695012366647056,0.19654941803645176,0.15443168560006926,0.15443168560006926,0.11116580861155208,0.12722185498860433,0.09895033165780336,0.11504048788935932,0.08510565368359124,0.12897767465950893,0.08837723004156135,0.029764152417165308,0.014729538340260225,0.0589181533610409,0.014578673681563256,0.046368952367239466,0.030594626973166995,0.0631197945046391,0.0322227577678178,0.031889330893944356,0.0,0.0,0.016623998099341973,0.0,0.06743243646388686,0.018157175118299666,0.05275603747797975,0.0,0.05294316283473642,0.0,0.057709348207536613,0.018419158089809463,0.019166455917363694,0.0409686118790764,0.0,0.020795137025129765,0.0204843059395382,0.0,0.04492859329697758,0.09545673715391459,0.04546621393389705,0.02396277747159825,0.0,0.025204554785186097,0.025096682152609653,0.0,0.02587018581244561,0.027181052493445355,0.028085376567262406,0.027561363087488962,0.0,0.060814572995901185,0.029789039037560566,0.0,0.03009468917501896,0.031390110946873766,0.031390110946873766,0.0332024247624669,0.06417329831202423,0.033397515837011865,0.03359541407355211,0.03646656310036075,0.06719082814710423,0.0348466117232262,0.0,0.0789486932183853,0.0,0.0,0.0835995401280299,0.0,0.0,0.0400996220156468,0.08218859597265439,0.08748024278205357,0.0,0.04416334524967608,0.040754683443809205,0.0,0.045050988072026524,0.10916863924111947,0.0,0.0,0.04650008395824086,0.050627629534860406,0.10415345084214948,0.0,0.20251051813944163,0.052862864534393074,0.0,0.054584319620559735,0.05369667679820929,0.058850094402393874,0.0,0.11106645239485434,0.0,0.06506655774596039,0.0,0.0,0.0
J07A3172,0.052112512146329316,0.0791514587528023,0.15668378240537037,0.062032688441633975,0.09304903266245096,0.062032688441633975,0.13814673954226628,0.09368872962706754,0.062459153084711685,0.11119254063450243,0.07834189120268518,0.0791514587528023,0.0650827675110904,0.0821959490167907,0.09762415126663561,0.0325413837555452,0.04831212668986836,0.017073513987882823,0.16897873412473707,0.0871550336515132,0.017797114579593962,0.052838873681346134,0.10678268747756378,0.05645658065004219,0.03672673842217542,0.09181684605543855,0.01862197529423718,0.04011392548714379,0.05827590863117759,0.059956402085799186,0.09747102156444996,0.06082047008108741,0.08499664655344774,0.02034635702791332,0.042343689451278026,0.09051032627716829,0.04508588425440626,0.022970934952328555,0.09051032627716829,0.077799312630411,0.07444421690109469,0.02636109703526243,0.0,0.026470006036123858,0.02636109703526243,0.11136684269466572,0.11089020525331478,0.0581754304188472,0.057153973526042005,0.06005001919518393,0.06204790643683788,0.1522255606960271,0.06032751410208919,0.0,0.1316234804699316,0.06752889093306325,0.0,0.03467446239164728,0.06934892478329456,0.03667639884058186,0.0,0.11067570695989319,0.14844202670028683,0.0,0.07422101335014342,0.07698523459941316,0.03974893108506934,0.04360455269660707,0.1308136580898212,0.13618199939939626,0.13851985654181373,0.13618199939939626,0.16563187038926902,0.08859050150246718,0.13618199939939626,0.04831665605598294,0.1863137970922747,0.09756832376546526,0.045018851342944734,0.10630968194697554,0.1492940366716617,0.12059096835051174,0.0,0.10630968194697554,0.051365393870296074,0.055924805084500734,0.11505104012848583,0.056704090798639875,0.16777441525350217,0.11678782603316096,0.29657483583717303,0.3014774208762793,0.0,0.13001517506926347,0.0,0.0,0.06500758753463173,0.07187448025700417,0.19936683110760808,0.23095924696171402,0.0
J07A3173,0.8655798217157586,0.394407615756931,0.27025863412336965,0.11888679643565771,0.0,0.029721699108914427,0.05883573005281731,0.029926030955890113,0.0,0.03044322339368734,0.0,0.03033904736591777,0.0,0.0,0.0,0.0,0.030863695230385183,0.0,0.0,0.0,0.0,0.0,0.0,0.0,0.0,0.0,0.0,0.0,0.0,0.0,0.0,0.0,0.0,0.0,0.0,0.0,0.0,0.0,0.0,0.0,0.0,0.0,0.0,0.0,0.0,0.0,0.0,0.0,0.0,0.0,0.0,0.0,0.0,0.0,0.0,0.0,0.0,0.0,0.0,0.0,0.0,0.0,0.0,0.0,0.0,0.0,0.0,0.0,0.0,0.0,0.0,0.0,0.0,0.0,0.0,0.0,0.0,0.0,0.0,0.0,0.0,0.0,0.0,0.0,0.0,0.0,0.0,0.0,0.0,0.0,0.0,0.0,0.0,0.0,0.0,0.0,0.0,0.0,0.0,0.0,0.0
J07A3174,0.9494882090006782,0.2831832461688747,0.11419092867201648,0.04623682441202852,0.04109939947735868,0.02054969973867934,0.005084906914561102,0.010345487790930445,0.015518231686395668,0.010524282234426122,0.005190496757818931,0.005244134188312494,0.010780052937521486,0.0,0.0,0.010780052937521486,0.005334820087895797,0.0,0.0,0.0,0.0,0.0,0.0,0.0,0.0,0.0,0.0,0.0,0.0,0.0,0.006457886242529668,0.0,0.0,0.0,0.0,0.0,0.0,0.0,0.007495886745242904,0.0,0.0,0.0,0.0,0.0,0.0,0.0,0.0,0.009635948862675577,0.0,0.0,0.0,0.0,0.0,0.0,0.0,0.0,0.0,0.0,0.0,0.0,0.0,0.0,0.0,0.0,0.0,0.0,0.0,0.0,0.0,0.0,0.0,0.0,0.0,0.0,0.0,0.0,0.0,0.0,0.0,0.0,0.0,0.0,0.0,0.0,0.0,0.0,0.0,0.0,0.0,0.0,0.0,0.0,0.0,0.0,0.0,0.0,0.0,0.0,0.0,0.0,0.0
J07A3175,0.6791109705145607,0.5288640895554952,0.3229827641669789,0.19842227256099557,0.22046919173443955,0.12125805545394175,0.13092924939099232,0.08879395262683407,0.04439697631341703,0.07903745646507997,0.033412010086239195,0.04500970974940385,0.04626188388565862,0.02337048404487911,0.02313094194282931,0.02313094194282931,0.045788054824498416,0.024272259826474307,0.024022563502365098,0.03717072461139496,0.02530095383668616,0.02503915073452561,0.0,0.026753500488625372,0.0,0.0,0.03971040377025158,0.0,0.0,0.02841198694695388,0.013856795751848517,0.0,0.0,0.0,0.0,0.0,0.0,0.03265622425563127,0.016084050989280386,0.0,0.01763871784570504,0.0,0.0,0.0,0.0,0.0,0.0,0.0,0.0,0.0,0.0,0.0,0.0,0.023875465828437047,0.0,0.0,0.023630017859831952,0.0,0.0,0.0,0.0,0.0,0.0,0.0,0.0,0.0,0.0,0.0,0.0,0.0,0.0,0.0,0.0,0.0,0.0,0.0,0.0,0.0,0.0,0.0,0.0,0.0,0.0,0.0,0.0,0.0,0.0,0.0,0.0,0.0,0.0,0.0,0.0,0.0,0.0,0.0,0.0,0.0,0.0,0.0,0.0
J07A3176,0.9226466263983246,0.31300636666696335,0.19438739584070794,0.06613743895036096,0.06613743895036096,0.042087461150229696,0.017853092740924066,0.024215317485645777,0.024215317485645777,0.012316907658940345,0.006074606120022123,0.006137379738567908,0.01892436656947669,0.012746897152294157,0.0063081221898255635,0.0,0.006243512377949409,0.0,0.0,0.0,0.0,0.0,0.006899913921163479,0.0,0.0,0.0,0.0,0.0,0.0,0.0,0.0,0.0,0.0,0.0,0.0,0.0,0.0,0.008905796113795017,0.0,0.0,0.0,0.0,0.0,0.0,0.0,0.0,0.0,0.0,0.0,0.0,0.0,0.0,0.0,0.0,0.0,0.0,0.0,0.0,0.0,0.0,0.0,0.0,0.0,0.0,0.0,0.0,0.0,0.0,0.0,0.0,0.0,0.0,0.0,0.0,0.0,0.0,0.0,0.0,0.0,0.0,0.0,0.0,0.0,0.0,0.0,0.0,0.0,0.0,0.0,0.0,0.0,0.0,0.0,0.0,0.0,0.0,0.0,0.0,0.0,0.0,0.0
J07A3177,0.9338268371740364,0.23453023494357195,0.21886678689681388,0.08533866404780369,0.07877415142874186,0.045951588333432755,0.06497406002397635,0.02643857030225492,0.03304821287781865,0.02017161839238583,0.02652930750264411,0.006700863855530627,0.0068872824851368974,0.006958606607084811,0.0068872824851368974,0.0,0.013633481455303097,0.007227112081762491,0.014305529041303767,0.007378436532002686,0.0,0.014910910651441213,0.007533407703298719,0.007965906264726586,0.0,0.007773099760336704,0.007882566103895108,0.0,0.0,0.016919447599785763,0.008251775212415085,0.0,0.0,0.017224972293418277,0.0,0.0,0.009542286931770925,0.0,0.0,0.0,0.0,0.0,0.0,0.0,0.0,0.0,0.0,0.0,0.0,0.012709399469364868,0.0,0.0,0.0,0.0,0.0,0.0,0.0,0.0,0.0,0.0,0.0,0.0,0.0,0.0,0.0,0.0,0.016825474842842927,0.0,0.0,0.0,0.0,0.0,0.0,0.0,0.0,0.0,0.0,0.0,0.0,0.0,0.0,0.0,0.0,0.0,0.0,0.0,0.0,0.0,0.0,0.0,0.0,0.0,0.0,0.0,0.0,0.0,0.0,0.0,0.0,0.0,0.0
J07A3178,0.3582878483946037,0.30932793862937724,0.4762552780911855,0.20202242579862412,0.3367040429977069,0.16835202149885345,0.2666096323620152,0.18646035568960173,0.11865658998429202,0.1896828306664467,0.13607293659748157,0.17184885479409848,0.12364079367410945,0.07138354708718235,0.22961861682334614,0.10597782314923668,0.034964121424682894,0.05560346970910639,0.0550314594351006,0.15138058561199558,0.09660004399585038,0.05736028162859274,0.038640017598340154,0.04085836986108997,0.0,0.05980415305311548,0.06064635785765644,0.0435464631030404,0.04217504144650957,0.043391236659317205,0.042324636072152165,0.044016574030623104,0.06920233973750808,0.0,0.0,0.0,0.0,0.02493655156398259,0.0,0.0,0.0,0.0,0.0,0.05747007440389986,0.028616808887717227,0.0,0.03009476243542699,0.0,0.0,0.032594241444383464,0.0,0.0,0.0,0.0,0.03572161640983387,0.03665365981631905,0.0,0.0,0.0,0.0,0.0,0.04004873229602461,0.0,0.0,0.0,0.0,0.0,0.0,0.0,0.0,0.0,0.0,0.0,0.0,0.0,0.0,0.0,0.0,0.0,0.0,0.0,0.0,0.0,0.0,0.0,0.0,0.0,0.0,0.0,0.0,0.0,0.0,0.0,0.0,0.0,0.0,0.0,0.0,0.0,0.0,0.0
J07A3179,0.296322241774678,0.36648649889244606,0.45819542552799913,0.22675523306254178,0.3590291190156911,0.26454777190629875,0.24314029682958838,0.20928796020628732,0.2283141384068589,0.23225994552041382,0.13364033244566642,0.11573257859761454,0.07930151283178206,0.10015344084076926,0.03965075641589103,0.05947613462383655,0.09811160160981215,0.06241078277885064,0.10294790591232665,0.02123918906273344,0.04337056226018256,0.04292178282619541,0.04337056226018256,0.045860498624257624,0.022375246394979644,0.04475049278995929,0.022690350598527222,0.024438842249676997,0.023669182554412155,0.04870345429552995,0.04750627401333526,0.07410802387511384,0.051783005817692775,0.0,0.025797294435837524,0.0,0.02746793786945045,0.02798943503085821,0.02757106863754121,0.0,0.030236058112864454,0.0,0.0,0.032252954255107956,0.0,0.0,0.0,0.0,0.0,0.0,0.0,0.0,0.0,0.0,0.0,0.0,0.0,0.042249852448542444,0.0,0.0,0.0,0.0,0.0,0.0,0.0,0.0,0.0,0.0,0.0,0.0,0.0,0.0,0.0,0.0,0.0,0.0,0.0,0.0,0.0,0.0,0.0,0.0,0.0,0.0,0.0,0.0,0.0,0.0,0.0,0.0,0.0,0.0,0.0,0.0,0.0,0.0,0.0,0.0,0.0,0.0,0.0
J07A3180,0.5177763313141673,0.5147530388863485,0.488259432030018,0.23112773103805156,0.12606967147530085,0.12606967147530085,0.14557772510781591,0.14809244328756144,0.06346818998038348,0.06456507008275707,0.16982936766261497,0.12868825972158712,0.13226837857505613,0.08909209256791369,0.04408945952501871,0.022044729762509353,0.02181894056566823,0.04626490437981614,0.04578896284649818,0.02361680964427479,0.0,0.02386333045967768,0.0,0.025497175598408375,0.024880042891146616,0.0,0.050460842856521776,0.0,0.026318828707257654,0.0,0.0,0.05493603005282502,0.028789926667930732,0.027566740597221872,0.028685172029354066,0.03065751134748104,0.0,0.0,0.0,0.0,0.0,0.0,0.0,0.0,0.0,0.0,0.0,0.0,0.0,0.0,0.0,0.0,0.0,0.0,0.0,0.0,0.045040738876157324,0.0,0.0,0.0,0.0,0.0,0.0,0.0,0.0,0.0,0.0,0.0,0.0,0.0,0.0,0.0,0.0,0.0,0.0,0.0,0.0,0.0,0.0,0.0,0.0,0.0,0.0,0.0,0.0,0.0,0.0,0.0,0.0,0.0,0.0,0.0,0.0,0.0,0.0,0.0,0.0,0.0,0.0,0.0,0.0
J07A3181,0.9854675455830436,0.15895055281983428,0.04719743809589833,0.031143235627192956,0.007785808906798239,0.007785808906798239,0.0077062174239192266,0.007839335076627764,0.007839335076627764,0.0,0.0,0.0,0.0,0.0,0.0,0.0,0.0,0.0,0.0,0.0,0.0,0.0,0.0,0.0,0.0,0.0,0.009349079960928389,0.0,0.0,0.0,0.0,0.0,0.0,0.0,0.0,0.0,0.0,0.0,0.0,0.0,0.0,0.0,0.0,0.0,0.0,0.0,0.0,0.0,0.0,0.0,0.0,0.0,0.0,0.0,0.0,0.0,0.0,0.0,0.0,0.0,0.0,0.0,0.0,0.0,0.0,0.0,0.0,0.0,0.0,0.0,0.0,0.0,0.0,0.0,0.0,0.0,0.0,0.0,0.0,0.0,0.0,0.0,0.0,0.0,0.0,0.0,0.0,0.0,0.0,0.0,0.0,0.0,0.0,0.0,0.0,0.0,0.0,0.0,0.0,0.0,0.0
J07A3182,0.0,0.12356934936088003,0.15288184002158273,0.15131865284414903,0.15131865284414903,0.24210984455063841,0.2396348439722699,0.21330252155749604,0.12188715517571201,0.340982545366193,0.09172910401294963,0.24713869872176006,0.15875882458993007,0.19248350125471242,0.19051058950791605,0.19051058950791605,0.18855931891135488,0.16659224037294432,0.06595138156844026,0.2721286751133136,0.17365266412601,0.06874231320399288,0.034730532825202,0.1101733159437629,0.07167112335145016,0.07167112335145016,0.21804134192679694,0.0,0.11372367967750434,0.15600414935496926,0.0,0.158252419562993,0.16586839456219077,0.03970530264728704,0.16526486806057558,0.1324711308003216,0.043991872279293916,0.08965417476180887,0.0441570436001072,0.0,0.04842521535662166,0.0,0.09800935393841098,0.10331083832825093,0.0,0.0,0.0,0.0,0.0,0.0,0.0,0.0,0.0,0.0,0.0,0.0,0.0,0.0,0.0,0.0,0.0,0.0,0.0,0.0,0.0,0.0,0.0,0.0,0.0,0.0,0.0,0.0,0.0,0.0,0.0,0.0,0.0,0.0,0.0,0.0,0.0,0.0,0.0,0.0,0.0,0.0,0.0,0.0,0.0,0.0,0.0,0.0,0.0,0.0,0.0,0.0,0.0,0.0,0.0,0.0,0.0
J07A3183,0.19471664979283596,0.4534783727428798,0.3122366324225639,0.23178305503831956,0.32835932797095274,0.15452203669221307,0.19117801788348532,0.23337652584091723,0.33061674494129933,0.1780573672171013,0.11708873715846145,0.17744805889938775,0.20264964412355285,0.06142448007170034,0.16211971529884228,0.06079489323706585,0.10028702071697126,0.12758922212679535,0.10523055992968085,0.13026074135556634,0.04433221356625602,0.0,0.15516274748189607,0.04687735904987599,0.06861411174444357,0.022871370581481188,0.06958038468069193,0.0,0.04838799412587943,0.02489167565192103,0.04855962605838239,0.05050080930771433,0.05293118542574714,0.05068231937389292,0.07910788609335796,0.02818239929094789,0.05615396362850856,0.0,0.0,0.03229939070005122,0.0,0.0,0.0,0.0,0.06566490193573359,0.0,0.0,0.0,0.0,0.0,0.0,0.0,0.0,0.0,0.0,0.0,0.0,0.0,0.0,0.0,0.0,0.0,0.0,0.0,0.0,0.0,0.0,0.0,0.0,0.0,0.0,0.0,0.0,0.0,0.0,0.0,0.0,0.0,0.0,0.0,0.0,0.0,0.0,0.0,0.0,0.0,0.0,0.0,0.0,0.0,0.0,0.0,0.0,0.0,0.0,0.0,0.0,0.0,0.0,0.0,0.0
J07A3184,0.28814047184420905,0.554349319609137,0.5053625958083081,0.27153462466925077,0.22866073656357963,0.21436944052835588,0.198032818644204,0.15828501007998644,0.14389546370907857,0.11710585352238968,0.04331679392642641,0.14588139989714133,0.11995186675396448,0.1363433380464016,0.01499398334424556,0.04498195003273668,0.02968082030990371,0.03146762120322373,0.062287807894862705,0.01606325204551592,0.0,0.016230926090059983,0.03280126519347405,0.06936882064174994,0.01692245505991193,0.01692245505991193,0.017160769160663895,0.0,0.0,0.018417272418584464,0.035929114382173,0.0,0.0,0.0,0.07804223436050768,0.041704136949948685,0.04154814083196165,0.0,0.0,0.0,0.0,0.0,0.0,0.0,0.0,0.0,0.0,0.0,0.0,0.0,0.0,0.0,0.0,0.0,0.0,0.0,0.0,0.03195366954746868,0.0,0.0,0.0,0.0,0.0,0.0,0.0,0.0,0.0,0.0,0.0,0.0,0.0,0.0,0.0,0.0,0.0,0.0,0.0,0.0,0.0,0.0,0.0,0.0,0.0,0.0,0.0,0.0,0.0,0.0,0.0,0.0,0.0,0.0,0.0,0.0,0.0,0.0,0.0,0.0,0.0,0.0,0.0
J07A3185,0.892023212284211,0.2709711567747907,0.14248105969059371,0.17420638752894102,0.18250192979222396,0.03318216905313163,0.11495035947272056,0.10858344597135525,0.05846800936919128,0.10196309922960668,0.025143716415987127,0.03387139459684884,0.06092397467270104,0.008793556894842507,0.008703424953243007,0.026110274859729016,0.008614281681761322,0.0,0.0,0.0,0.0,0.009421422173360356,0.0,0.020132953021524885,0.0,0.0,0.00996115996001063,0.0,0.0,0.0,0.0,0.0,0.0,0.0,0.0,0.0,0.0,0.0,0.0,0.0,0.0,0.0,0.0,0.0,0.0,0.0,0.0,0.0,0.0,0.0,0.0,0.0,0.0,0.0,0.0,0.0,0.0,0.0,0.0,0.0,0.0,0.0,0.0,0.0,0.0,0.0,0.0,0.0,0.0,0.0,0.0,0.0,0.0,0.0,0.0,0.0,0.0,0.0,0.0,0.0,0.0,0.0,0.0,0.0,0.0,0.0,0.0,0.0,0.0,0.0,0.0,0.0,0.0,0.0,0.0,0.0,0.0,0.0,0.0,0.0,0.0
J07A3186,0.9918770795879974,0.1179015291061508,0.0,0.0,0.025667207237440676,0.0,0.038107231118362596,0.0,0.0,0.0,0.012966180298726291,0.0,0.0,0.0,0.0,0.0,0.0,0.0,0.0,0.0,0.0,0.0,0.0,0.0,0.0,0.0,0.0,0.0,0.0,0.0,0.0,0.0,0.0,0.0,0.0,0.0,0.0,0.0,0.0,0.0,0.0,0.0,0.0,0.0,0.0,0.0,0.0,0.0,0.0,0.0,0.0,0.0,0.0,0.0,0.0,0.0,0.0,0.0,0.0,0.0,0.0,0.0,0.0,0.0,0.0,0.0,0.0,0.0,0.0,0.0,0.0,0.0,0.0,0.0,0.0,0.0,0.0,0.0,0.0,0.0,0.0,0.0,0.0,0.0,0.0,0.0,0.0,0.0,0.0,0.0,0.0,0.0,0.0,0.0,0.0,0.0,0.0,0.0,0.0,0.0,0.0
J07A3187,0.43751448670172266,0.5759190508911637,0.46771569563319587,0.20253335957487456,0.2314666966569995,0.18806669103381207,0.17182537282135024,0.1602273698761883,0.08739674720519362,0.04445358462288257,0.11692892390829897,0.08860293090633288,0.030355957446656607,0.0920109636167296,0.04553393616998491,0.07588989361664153,0.01502252099431408,0.031853769217343106,0.031526079536223335,0.03252073744204469,0.08300944681852464,0.01643010034084043,0.06640755745481972,0.0526650486860252,0.0,0.03426023051364758,0.017371353776811253,0.018709969807270254,0.0,0.0,0.0,0.03782391094237614,0.01982210256689915,0.018979928843025056,0.0,0.02110795006131642,0.0,0.0,0.0,0.0,0.0,0.0,0.0,0.0,0.0,0.025971906751135736,0.0,0.0,0.0,0.0,0.0,0.0,0.0,0.0,0.0,0.0,0.0,0.0,0.0,0.0,0.0,0.0,0.0,0.0,0.0,0.0,0.0,0.0,0.0,0.0,0.04307236289528039,0.0,0.0,0.0,0.0,0.0,0.0,0.0,0.0,0.0,0.0,0.0,0.0,0.0,0.0,0.0,0.0,0.0,0.0,0.0,0.0,0.0,0.0,0.0,0.0,0.0,0.0,0.0,0.0,0.0,0.0
J07A3188,0.24315601727702899,0.553978862637332,0.4856484107609967,0.20157663705733395,0.3566355886398985,0.2170825322155904,0.21486337671704184,0.1717374523188522,0.10928746965745141,0.14294084791144498,0.10966254436538635,0.09496780502354263,0.13014642376309885,0.06574710462659047,0.08134151485193679,0.06507321188154942,0.03220335558105393,0.03414201441592884,0.06758156968233568,0.05228534238697253,0.07117800623464773,0.0528311157337116,0.0,0.03763219436053171,0.01836067305110534,0.0,0.0,0.0,0.0,0.0,0.019491342120611856,0.02027051341789573,0.0,0.020343369720247986,0.0,0.022624259326013963,0.0,0.022967562296969717,0.0,0.0,0.0,0.0,0.025107987979887256,0.0,0.0,0.0,0.0,0.0,0.0,0.0,0.0,0.0,0.0,0.0,0.0,0.0,0.0,0.0,0.0,0.0,0.0,0.0,0.0,0.0,0.0,0.0,0.0,0.0,0.0,0.0,0.0,0.0,0.0,0.0,0.0,0.0,0.0,0.0,0.0,0.0,0.0,0.0,0.0,0.0,0.0,0.0,0.0,0.0,0.0,0.0,0.0,0.0,0.0,0.0,0.0,0.0,0.0,0.0,0.0,0.0,0.0
J07A3189,0.0,0.1722535080098041,0.2557375277048921,0.2531226610599037,0.29530977123655433,0.3796839915898556,0.5010701609553847,0.12743141909144765,0.3822942572743429,0.17284497965416412,0.12786876385244605,0.12919013100735308,0.22130701994119364,0.04471977138967111,0.13278421196471618,0.044261403988238725,0.08761612896836724,0.09289066571887891,0.09193507040390282,0.04741782565900644,0.09682750852266997,0.04791279010264475,0.0,0.0,0.09990829023656807,0.0,0.0,0.05456125267684796,0.0,0.05436676273175025,0.053030372586725515,0.0,0.0,0.0,0.0,0.0,0.0,0.0,0.0,0.0,0.0,0.0,0.0,0.0,0.07171048251763958,0.0,0.0,0.0,0.0,0.0,0.0,0.0,0.0,0.0,0.0,0.0,0.0,0.0,0.0,0.0,0.0,0.0,0.0,0.0,0.0,0.0,0.0,0.0,0.0,0.0,0.0,0.0,0.0,0.0,0.0,0.0,0.0,0.0,0.0,0.0,0.0,0.0,0.0,0.0,0.0,0.0,0.0,0.0,0.0,0.0,0.0,0.0,0.0,0.0,0.0,0.0,0.0,0.0,0.0,0.0,0.0
J07A3190,0.13706056357332538,0.5464604493418069,0.4636038921200258,0.22943181609733035,0.39768181456870594,0.21413636169084166,0.2573646074936598,0.12320486534114701,0.24640973068229402,0.06266706808360555,0.09272077842400515,0.046839467086440593,0.12838012062631995,0.0,0.09628509046973997,0.03209503015657999,0.031766302557751806,0.08419662643056966,0.016666093883085046,0.05157574344759811,0.0702120024671468,0.052114109743521334,0.0175530006167867,0.018560731488989263,0.0,0.018111488221696802,0.01836654713682185,0.0,0.01915885588404566,0.0,0.0384536244678974,0.03999081776513239,0.0,0.020067276403885073,0.0,0.0,0.022233732063324792,0.0,0.0,0.0,0.0,0.0,0.0,0.0,0.0,0.0,0.0,0.0,0.0,0.0,0.030598413441831843,0.0,0.0,0.0,0.0,0.0,0.0,0.0,0.0,0.0,0.0,0.0,0.0,0.0,0.0,0.0,0.0,0.0,0.0,0.0,0.0,0.0,0.0,0.0,0.0,0.0,0.04593955639059529,0.0,0.0,0.0,0.0,0.0,0.0,0.0,0.0,0.0,0.0,0.0,0.0,0.0,0.0,0.0,0.0,0.0,0.0,0.0,0.0,0.0,0.0,0.0,0.0
J07A3191,0.9707453639685145,0.18863947495466948,0.07725933313672062,0.05097958095496264,0.0637244761937033,0.02548979047748132,0.044151130891702174,0.025665028640959157,0.025665028640959157,0.01958143567736438,0.02575311104557354,0.013009618962390997,0.020057321581909322,0.013510022352212237,0.006685773860636441,0.0,0.01323459203830309,0.007015660697584564,0.0,0.014325115371552245,0.0,0.01447464611576907,0.007312994698986948,0.0,0.02263702148384242,0.007545673827947474,0.007651937397063686,0.0,0.023946095811907306,0.024636625710468558,0.0,0.0,0.017462943863656682,0.0,0.0,0.0,0.0,0.009438964096447667,0.0,0.0,0.0,0.010832012235252625,0.01031861344325008,0.0,0.0,0.0,0.0,0.011952404204671358,0.0,0.0,0.0,0.0,0.0,0.0,0.0,0.0,0.013660053803611983,0.0,0.0,0.0,0.0,0.015159214989309751,0.0,0.0,0.0,0.0,0.0,0.0,0.0,0.0,0.0,0.0,0.0,0.0,0.0,0.0,0.0,0.0,0.0,0.0,0.0,0.0,0.0,0.0,0.0,0.0,0.0,0.0,0.0,0.0,0.0,0.0,0.0,0.0,0.0,0.0,0.0,0.0,0.0,0.0,0.0
J07A3192,0.8688004773460603,0.4426990706132454,0.1853800843889317,0.08340209498307412,0.06672167598645928,0.02502062849492223,0.024764851741560498,0.016795094164054506,0.0,0.0,0.025279102416672503,0.017026887331278672,0.00875028842709032,0.008840905682909296,0.00875028842709032,0.0,0.0,0.0,0.0,0.009374299360500271,0.009571190144296452,0.0,0.0,0.0,0.0,0.00987571876458917,0.0,0.0,0.0,0.0,0.0,0.0,0.0,0.0,0.011386101419325362,0.0,0.012123470046022171,0.0,0.0,0.013946680531667338,0.0,0.0,0.0,0.0,0.0,0.0,0.0,0.0,0.0,0.0,0.0,0.0,0.0,0.0,0.0,0.0,0.0,0.0,0.0,0.0,0.0,0.0,0.0,0.0,0.0,0.0,0.0,0.0,0.0,0.0,0.0,0.0,0.0,0.0,0.0,0.0,0.0,0.0,0.0,0.0,0.0,0.0,0.0,0.0,0.0,0.0,0.0,0.0,0.0,0.0,0.0,0.0,0.0,0.0,0.0,0.0,0.0,0.0,0.0,0.0,0.0
J07A3193,0.6988188546903654,0.5143736646991774,0.26667803332273676,0.19196458336630465,0.13197565106433445,0.05998893230197021,0.0950010997457908,0.060401346454015924,0.060401346454015924,0.036867134557658915,0.02424345757479425,0.024493984033294166,0.037763113277811323,0.012718061641204136,0.025175408851874217,0.025175408851874217,0.037376331352649415,0.02641760402151909,0.026145837871061558,0.013485373714643003,0.02753722086870874,0.013626138931207824,0.0,0.0,0.014206689280945928,0.028413378561891856,0.0,0.015516925807132794,0.030056493336311742,0.015461613916363191,0.030163103542598733,0.015684440591678266,0.016439261957142928,0.04722244087760737,0.03275889256095518,0.01750566668016965,0.01744018598102081,0.0,0.0350113333603393,0.0,0.0,0.020394074223520735,0.019427467757153354,0.040956661786543724,0.0,0.021539540377587707,0.042894707181048035,0.0,0.0,0.023228633978173024,0.02400145956737389,0.04710728661100932,0.07000792486022497,0.025985738723718083,0.050914782238978135,0.0,0.0,0.02682564988589039,0.0,0.028374433704550495,0.0,0.028541156430394392,0.057420556253139236,0.09349179325243187,0.0,0.0,0.030751476305031736,0.0,0.0,0.035118743350521765,0.035721632170900665,0.035118743350521765,0.032034978039616434,0.0,0.035118743350521765,0.03737983546435625,0.03603508421598591,0.1509660720170853,0.06965702485883066,0.0,0.07700017595216353,0.0,0.0,0.0,0.03973846967407769,0.0,0.044504207255391344,0.04386871437777432,0.0,0.045176033253431724,0.0,0.0,0.045888600211144985,0.0,0.0,0.0,0.0,0.0,0.0,0.0,0.0
