ID,prob-0.0,prob-0.01,prob-0.02,prob-0.03,prob-0.04,prob-0.05,prob-0.06,prob-0.07,prob-0.08,prob-0.09,prob-0.1,prob-0.11,prob-0.12,prob-0.13,prob-0.14,prob-0.15,prob-0.16,prob-0.17,prob-0.18,prob-0.19,prob-0.2,prob-0.21,prob-0.22,prob-0.23,prob-0.24,prob-0.25,prob-0.26,prob-0.27,prob-0.28,prob-0.29,prob-0.3,prob-0.31,prob-0.32,prob-0.33,prob-0.34,prob-0.35,prob-0.36,prob-0.37,prob-0.38,prob-0.39,prob-0.4,prob-0.41,prob-0.42,prob-0.43,prob-0.44,prob-0.45,prob-0.46,prob-0.47,prob-0.48,prob-0.49,prob-0.5,prob-0.51,prob-0.52,prob-0.53,prob-0.54,prob-0.55,prob-0.56,prob-0.57,prob-0.58,prob-0.59,prob-0.6,prob-0.61,prob-0.62,prob-0.63,prob-0.64,prob-0.65,prob-0.66,prob-0.67,prob-0.68,prob-0.69,prob-0.7,prob-0.71,prob-0.72,prob-0.73,prob-0.74,prob-0.75,prob-0.76,prob-0.77,prob-0.78,prob-0.79,prob-0.8,prob-0.81,prob-0.82,prob-0.83,prob-0.84,prob-0.85,prob-0.86,prob-0.87,prob-0.88,prob-0.89,prob-0.9,prob-0.91,prob-0.92,prob-0.93,prob-0.94,prob-0.95,prob-0.96,prob-0.97,prob-0.98,prob-0.99,prob-1.0
J07A0929,0.025,0.04,0.05,0.045,0.06,0.07,0.07,0.05,0.02,0.06,0.045,0.03,0.03,0.03,0.03,0.045,0.03,0.015,0.03,0.025,0.015,0.01,0.02,0.02,0.02,0.005,0.01,0.005,0.015,0.01,0.01,0.0,0.005,0.005,0.005,0.005,0.005,0.0,0.005,0.005,0.0,0.005,0.0,0.005,0.0,0.0,0.0,0.0,0.0,0.0,0.005,0.0,0.0,0.0,0.0,0.0,0.0,0.0,0.0,0.0,0.0,0.0,0.005,0.0,0.0,0.0,0.0,0.0,0.0,0.0,0.0,0.0,0.0,0.005,0.0,0.0,0.0,0.0,0.0,0.0,0.0,0.0,0.0,0.0,0.0,0.0,0.0,0.0,0.0,0.0,0.0,0.0,0.0,0.0,0.0,0.0,0.0,0.0,0.0,0.0,0.0
J07A0930,0.0033003300330033004,0.013201320132013201,0.026402640264026403,0.0165016501650165,0.036303630363036306,0.0231023102310231,0.0297029702970297,0.0429042904290429,0.04950495049504951,0.0429042904290429,0.033003300330033,0.0231023102310231,0.039603960396039604,0.009900990099009901,0.019801980198019802,0.019801980198019802,0.0594059405940594,0.033003300330033,0.019801980198019802,0.026402640264026403,0.039603960396039604,0.0297029702970297,0.019801980198019802,0.0231023102310231,0.013201320132013201,0.0165016501650165,0.0033003300330033004,0.026402640264026403,0.033003300330033,0.0165016501650165,0.013201320132013201,0.006600660066006601,0.0033003300330033004,0.009900990099009901,0.026402640264026403,0.013201320132013201,0.0165016501650165,0.0165016501650165,0.013201320132013201,0.006600660066006601,0.009900990099009901,0.009900990099009901,0.0033003300330033004,0.006600660066006601,0.0033003300330033004,0.006600660066006601,0.0,0.0033003300330033004,0.0033003300330033004,0.009900990099009901,0.0,0.009900990099009901,0.0,0.0033003300330033004,0.0,0.0,0.0,0.0,0.0,0.0,0.006600660066006601,0.0,0.0033003300330033004,0.0,0.0033003300330033004,0.0,0.0,0.0,0.0,0.0,0.0,0.0,0.0,0.0033003300330033004,0.0,0.0,0.0,0.0,0.0,0.0,0.0,0.0,0.0,0.0,0.0,0.0,0.0,0.0,0.0,0.0,0.0,0.0,0.0,0.0,0.0,0.0,0.0,0.0,0.0,0.0,0.0
J07A0933,0.0,0.0,0.0041753653444676405,0.008350730688935281,0.0,0.0041753653444676405,0.022964509394572025,0.008350730688935281,0.016701461377870562,0.012526096033402923,0.006263048016701462,0.020876826722338204,0.016701461377870562,0.022964509394572025,0.014613778705636743,0.010438413361169102,0.014613778705636743,0.014613778705636743,0.012526096033402923,0.018789144050104383,0.027139874739039668,0.008350730688935281,0.008350730688935281,0.010438413361169102,0.014613778705636743,0.008350730688935281,0.008350730688935281,0.014613778705636743,0.016701461377870562,0.008350730688935281,0.008350730688935281,0.006263048016701462,0.020876826722338204,0.010438413361169102,0.018789144050104383,0.006263048016701462,0.018789144050104383,0.014613778705636743,0.014613778705636743,0.008350730688935281,0.014613778705636743,0.018789144050104383,0.014613778705636743,0.006263048016701462,0.0,0.018789144050104383,0.014613778705636743,0.006263048016701462,0.016701461377870562,0.0041753653444676405,0.0041753653444676405,0.012526096033402923,0.016701461377870562,0.006263048016701462,0.008350730688935281,0.012526096033402923,0.0041753653444676405,0.0041753653444676405,0.006263048016701462,0.010438413361169102,0.014613778705636743,0.010438413361169102,0.014613778705636743,0.012526096033402923,0.010438413361169102,0.014613778705636743,0.006263048016701462,0.008350730688935281,0.016701461377870562,0.006263048016701462,0.010438413361169102,0.0041753653444676405,0.016701461377870562,0.006263048016701462,0.008350730688935281,0.0041753653444676405,0.010438413361169102,0.0020876826722338203,0.0041753653444676405,0.0041753653444676405,0.0041753653444676405,0.008350730688935281,0.008350730688935281,0.0041753653444676405,0.008350730688935281,0.006263048016701462,0.0,0.006263048016701462,0.008350730688935281,0.008350730688935281,0.012526096033402923,0.008350730688935281,0.008350730688935281,0.0041753653444676405,0.0020876826722338203,0.0041753653444676405,0.010438413361169102,0.0020876826722338203,0.014613778705636743,0.0020876826722338203,0.0
J07A0934,0.0,0.0,0.010309278350515464,0.020618556701030927,0.08247422680412371,0.020618556701030927,0.030927835051546393,0.0,0.010309278350515464,0.030927835051546393,0.020618556701030927,0.030927835051546393,0.020618556701030927,0.020618556701030927,0.020618556701030927,0.020618556701030927,0.030927835051546393,0.061855670103092786,0.030927835051546393,0.010309278350515464,0.07216494845360824,0.05154639175257732,0.020618556701030927,0.041237113402061855,0.030927835051546393,0.010309278350515464,0.030927835051546393,0.030927835051546393,0.010309278350515464,0.010309278350515464,0.05154639175257732,0.0,0.0,0.030927835051546393,0.030927835051546393,0.010309278350515464,0.0,0.010309278350515464,0.0,0.010309278350515464,0.010309278350515464,0.010309278350515464,0.010309278350515464,0.0,0.0,0.0,0.0,0.0,0.0,0.0,0.0,0.0,0.0,0.0,0.0,0.020618556701030927,0.0,0.0,0.0,0.010309278350515464,0.0,0.0,0.0,0.0,0.0,0.0,0.0,0.0,0.0,0.0,0.0,0.0,0.0,0.0,0.0,0.0,0.0,0.010309278350515464,0.0,0.0,0.0,0.0,0.0,0.0,0.0,0.0,0.0,0.0,0.0,0.0,0.0,0.0,0.0,0.0,0.0,0.0,0.0,0.0,0.0,0.0,0.0
J07A0935,0.006928406466512702,0.02771362586605081,0.02771362586605081,0.025404157043879907,0.050808314087759814,0.04387990762124711,0.04849884526558892,0.046189376443418015,0.04157043879907621,0.050808314087759814,0.03233256351039261,0.04387990762124711,0.04157043879907621,0.03695150115473441,0.04387990762124711,0.018475750577367205,0.03464203233256351,0.025404157043879907,0.025404157043879907,0.025404157043879907,0.020785219399538105,0.03002309468822171,0.013856812933025405,0.016166281755196306,0.023094688221709007,0.013856812933025405,0.023094688221709007,0.011547344110854504,0.013856812933025405,0.011547344110854504,0.006928406466512702,0.011547344110854504,0.006928406466512702,0.0,0.006928406466512702,0.0023094688221709007,0.013856812933025405,0.004618937644341801,0.004618937644341801,0.0023094688221709007,0.006928406466512702,0.0023094688221709007,0.004618937644341801,0.004618937644341801,0.011547344110854504,0.0023094688221709007,0.006928406466512702,0.0,0.0023094688221709007,0.0023094688221709007,0.0023094688221709007,0.0023094688221709007,0.0023094688221709007,0.0,0.0023094688221709007,0.0,0.0,0.0,0.0023094688221709007,0.0,0.0,0.0,0.0,0.0,0.0,0.0,0.0,0.0,0.004618937644341801,0.0,0.0,0.0,0.0,0.0,0.0,0.0,0.0023094688221709007,0.0,0.0023094688221709007,0.0,0.0,0.0,0.0,0.0,0.0,0.0,0.0,0.0,0.0,0.0,0.0,0.0,0.0,0.0,0.0,0.0,0.0,0.0,0.0,0.0,0.0
J07A0936,0.0,0.004347826086956522,0.017391304347826087,0.015217391304347827,0.034782608695652174,0.017391304347826087,0.03260869565217391,0.04782608695652174,0.02826086956521739,0.02826086956521739,0.043478260869565216,0.01956521739130435,0.03260869565217391,0.006521739130434782,0.05434782608695652,0.01956521739130435,0.02608695652173913,0.030434782608695653,0.021739130434782608,0.02608695652173913,0.043478260869565216,0.01956521739130435,0.03260869565217391,0.03260869565217391,0.010869565217391304,0.017391304347826087,0.010869565217391304,0.017391304347826087,0.02826086956521739,0.010869565217391304,0.021739130434782608,0.017391304347826087,0.017391304347826087,0.004347826086956522,0.021739130434782608,0.017391304347826087,0.015217391304347827,0.006521739130434782,0.02826086956521739,0.006521739130434782,0.008695652173913044,0.008695652173913044,0.010869565217391304,0.008695652173913044,0.004347826086956522,0.002173913043478261,0.002173913043478261,0.008695652173913044,0.0,0.013043478260869565,0.006521739130434782,0.002173913043478261,0.006521739130434782,0.0,0.0,0.002173913043478261,0.006521739130434782,0.002173913043478261,0.002173913043478261,0.002173913043478261,0.0,0.002173913043478261,0.002173913043478261,0.006521739130434782,0.002173913043478261,0.002173913043478261,0.0,0.0,0.0,0.0,0.0,0.0,0.0,0.0,0.0,0.0,0.0,0.0,0.0,0.0,0.0,0.0,0.0,0.0,0.0,0.0,0.0,0.0,0.0,0.0,0.0,0.0,0.0,0.0,0.0,0.0,0.0,0.0,0.0,0.0,0.0
J07A0937,0.00641025641025641,0.00641025641025641,0.02564102564102564,0.022435897435897436,0.04487179487179487,0.035256410256410256,0.05128205128205128,0.057692307692307696,0.03205128205128205,0.028846153846153848,0.038461538461538464,0.03205128205128205,0.057692307692307696,0.03205128205128205,0.04807692307692308,0.035256410256410256,0.02564102564102564,0.028846153846153848,0.022435897435897436,0.035256410256410256,0.028846153846153848,0.028846153846153848,0.016025641025641024,0.022435897435897436,0.03205128205128205,0.016025641025641024,0.01282051282051282,0.003205128205128205,0.016025641025641024,0.016025641025641024,0.009615384615384616,0.01282051282051282,0.003205128205128205,0.00641025641025641,0.019230769230769232,0.01282051282051282,0.00641025641025641,0.003205128205128205,0.01282051282051282,0.0,0.00641025641025641,0.00641025641025641,0.01282051282051282,0.0,0.003205128205128205,0.0,0.003205128205128205,0.003205128205128205,0.0,0.003205128205128205,0.0,0.003205128205128205,0.003205128205128205,0.0,0.0,0.0,0.0,0.0,0.003205128205128205,0.0,0.0,0.0,0.0,0.0,0.0,0.003205128205128205,0.003205128205128205,0.0,0.0,0.0,0.0,0.0,0.0,0.0,0.0,0.0,0.0,0.0,0.0,0.0,0.0,0.0,0.0,0.0,0.0,0.0,0.0,0.0,0.0,0.0,0.0,0.0,0.0,0.0,0.0,0.0,0.0,0.0,0.0,0.0,0.0
J07A0939,0.0,0.01293103448275862,0.01293103448275862,0.008620689655172414,0.017241379310344827,0.03017241379310345,0.034482758620689655,0.03879310344827586,0.034482758620689655,0.04741379310344827,0.03017241379310345,0.034482758620689655,0.02586206896551724,0.03017241379310345,0.03879310344827586,0.01293103448275862,0.05603448275862069,0.01293103448275862,0.03017241379310345,0.03017241379310345,0.02586206896551724,0.017241379310344827,0.0603448275862069,0.03017241379310345,0.008620689655172414,0.021551724137931036,0.021551724137931036,0.01293103448275862,0.017241379310344827,0.008620689655172414,0.021551724137931036,0.021551724137931036,0.01293103448275862,0.017241379310344827,0.004310344827586207,0.01293103448275862,0.004310344827586207,0.004310344827586207,0.021551724137931036,0.008620689655172414,0.017241379310344827,0.0,0.01293103448275862,0.0,0.004310344827586207,0.004310344827586207,0.004310344827586207,0.01293103448275862,0.0,0.0,0.008620689655172414,0.008620689655172414,0.0,0.004310344827586207,0.0,0.0,0.0,0.0,0.0,0.008620689655172414,0.004310344827586207,0.004310344827586207,0.0,0.0,0.0,0.0,0.0,0.0,0.0,0.004310344827586207,0.0,0.0,0.0,0.0,0.004310344827586207,0.0,0.0,0.0,0.004310344827586207,0.0,0.0,0.0,0.0,0.0,0.0,0.0,0.0,0.0,0.0,0.0,0.0,0.0,0.0,0.0,0.0,0.0,0.0,0.0,0.0,0.0,0.0
J07A0940,0.0024096385542168677,0.00963855421686747,0.02650602409638554,0.02650602409638554,0.05060240963855422,0.02891566265060241,0.02891566265060241,0.04819277108433735,0.02891566265060241,0.04819277108433735,0.02891566265060241,0.04819277108433735,0.04578313253012048,0.016867469879518072,0.02891566265060241,0.03614457831325301,0.02650602409638554,0.03132530120481928,0.016867469879518072,0.03132530120481928,0.02650602409638554,0.021686746987951807,0.016867469879518072,0.021686746987951807,0.033734939759036145,0.016867469879518072,0.014457831325301205,0.00963855421686747,0.012048192771084338,0.012048192771084338,0.016867469879518072,0.007228915662650603,0.007228915662650603,0.007228915662650603,0.014457831325301205,0.012048192771084338,0.00963855421686747,0.00963855421686747,0.004819277108433735,0.0,0.004819277108433735,0.014457831325301205,0.0024096385542168677,0.014457831325301205,0.0024096385542168677,0.007228915662650603,0.00963855421686747,0.0,0.0024096385542168677,0.0024096385542168677,0.0,0.004819277108433735,0.0024096385542168677,0.0024096385542168677,0.004819277108433735,0.004819277108433735,0.0024096385542168677,0.0,0.004819277108433735,0.0024096385542168677,0.0,0.0,0.0024096385542168677,0.0,0.0,0.0024096385542168677,0.0024096385542168677,0.00963855421686747,0.0,0.0,0.004819277108433735,0.0,0.0,0.0,0.0,0.0,0.0,0.0,0.0024096385542168677,0.0,0.0,0.0,0.0024096385542168677,0.0,0.0,0.0,0.0,0.0,0.0,0.0,0.0,0.0,0.0,0.0,0.0,0.0,0.0,0.0,0.0,0.0,0.0
J07A0941,0.04395604395604396,0.04945054945054945,0.07692307692307693,0.08791208791208792,0.04945054945054945,0.06043956043956044,0.08791208791208792,0.09340659340659341,0.04945054945054945,0.06043956043956044,0.027472527472527472,0.038461538461538464,0.03296703296703297,0.016483516483516484,0.016483516483516484,0.005494505494505495,0.01098901098901099,0.01098901098901099,0.01098901098901099,0.016483516483516484,0.016483516483516484,0.02197802197802198,0.01098901098901099,0.005494505494505495,0.0,0.0,0.0,0.0,0.0,0.01098901098901099,0.005494505494505495,0.005494505494505495,0.005494505494505495,0.01098901098901099,0.0,0.0,0.005494505494505495,0.005494505494505495,0.005494505494505495,0.0,0.005494505494505495,0.0,0.0,0.005494505494505495,0.0,0.0,0.0,0.0,0.0,0.005494505494505495,0.0,0.0,0.0,0.0,0.0,0.005494505494505495,0.0,0.0,0.0,0.0,0.0,0.0,0.0,0.0,0.0,0.01098901098901099,0.0,0.0,0.0,0.0,0.0,0.0,0.0,0.0,0.0,0.005494505494505495,0.0,0.0,0.0,0.0,0.0,0.0,0.0,0.0,0.005494505494505495,0.0,0.0,0.0,0.0,0.0,0.0,0.0,0.0,0.0,0.0,0.0,0.0,0.0,0.0,0.0,0.0
J07A0942,0.0,0.003676470588235294,0.011029411764705883,0.011029411764705883,0.025735294117647058,0.011029411764705883,0.014705882352941176,0.003676470588235294,0.014705882352941176,0.03308823529411765,0.014705882352941176,0.04044117647058824,0.029411764705882353,0.029411764705882353,0.04411764705882353,0.025735294117647058,0.03308823529411765,0.022058823529411766,0.01838235294117647,0.01838235294117647,0.01838235294117647,0.025735294117647058,0.01838235294117647,0.029411764705882353,0.022058823529411766,0.029411764705882353,0.022058823529411766,0.011029411764705883,0.014705882352941176,0.011029411764705883,0.022058823529411766,0.03308823529411765,0.01838235294117647,0.04044117647058824,0.025735294117647058,0.01838235294117647,0.011029411764705883,0.007352941176470588,0.014705882352941176,0.014705882352941176,0.03308823529411765,0.011029411764705883,0.011029411764705883,0.007352941176470588,0.0,0.007352941176470588,0.003676470588235294,0.003676470588235294,0.007352941176470588,0.003676470588235294,0.003676470588235294,0.007352941176470588,0.003676470588235294,0.011029411764705883,0.007352941176470588,0.0,0.014705882352941176,0.0,0.0,0.0,0.0,0.0,0.007352941176470588,0.003676470588235294,0.0,0.007352941176470588,0.0,0.0,0.0,0.007352941176470588,0.0,0.0,0.003676470588235294,0.0,0.0,0.0,0.003676470588235294,0.003676470588235294,0.0,0.003676470588235294,0.0,0.0,0.003676470588235294,0.0,0.0,0.0,0.007352941176470588,0.0,0.0,0.0,0.0,0.0,0.0,0.0,0.0,0.0,0.0,0.0,0.0,0.0,0.0
J07A0943,0.006153846153846154,0.009230769230769232,0.027692307692307693,0.043076923076923075,0.024615384615384615,0.027692307692307693,0.03076923076923077,0.033846153846153845,0.04923076923076923,0.033846153846153845,0.024615384615384615,0.024615384615384615,0.046153846153846156,0.04,0.043076923076923075,0.024615384615384615,0.018461538461538463,0.012307692307692308,0.027692307692307693,0.043076923076923075,0.018461538461538463,0.036923076923076927,0.018461538461538463,0.018461538461538463,0.043076923076923075,0.006153846153846154,0.024615384615384615,0.012307692307692308,0.012307692307692308,0.027692307692307693,0.009230769230769232,0.012307692307692308,0.018461538461538463,0.015384615384615385,0.009230769230769232,0.012307692307692308,0.006153846153846154,0.012307692307692308,0.009230769230769232,0.003076923076923077,0.0,0.003076923076923077,0.003076923076923077,0.012307692307692308,0.006153846153846154,0.003076923076923077,0.006153846153846154,0.003076923076923077,0.009230769230769232,0.006153846153846154,0.003076923076923077,0.0,0.0,0.0,0.0,0.009230769230769232,0.0,0.003076923076923077,0.003076923076923077,0.0,0.0,0.003076923076923077,0.003076923076923077,0.0,0.0,0.003076923076923077,0.0,0.0,0.003076923076923077,0.0,0.0,0.0,0.0,0.0,0.0,0.0,0.0,0.0,0.0,0.0,0.0,0.0,0.0,0.0,0.0,0.0,0.0,0.0,0.0,0.0,0.0,0.0,0.0,0.0,0.0,0.0,0.0,0.0,0.0,0.0,0.0
J07A0945,0.0020242914979757085,0.0020242914979757085,0.0020242914979757085,0.006072874493927126,0.010121457489878543,0.016194331983805668,0.024291497975708502,0.018218623481781375,0.02631578947368421,0.01417004048582996,0.008097165991902834,0.016194331983805668,0.030364372469635626,0.020242914979757085,0.020242914979757085,0.02834008097165992,0.02834008097165992,0.030364372469635626,0.022267206477732792,0.018218623481781375,0.012145748987854251,0.024291497975708502,0.032388663967611336,0.022267206477732792,0.030364372469635626,0.020242914979757085,0.01417004048582996,0.01417004048582996,0.016194331983805668,0.008097165991902834,0.020242914979757085,0.012145748987854251,0.018218623481781375,0.020242914979757085,0.01417004048582996,0.01417004048582996,0.016194331983805668,0.008097165991902834,0.01417004048582996,0.012145748987854251,0.01417004048582996,0.022267206477732792,0.012145748987854251,0.016194331983805668,0.010121457489878543,0.006072874493927126,0.012145748987854251,0.008097165991902834,0.008097165991902834,0.006072874493927126,0.01417004048582996,0.010121457489878543,0.004048582995951417,0.010121457489878543,0.010121457489878543,0.004048582995951417,0.012145748987854251,0.016194331983805668,0.006072874493927126,0.012145748987854251,0.008097165991902834,0.0020242914979757085,0.004048582995951417,0.004048582995951417,0.008097165991902834,0.0020242914979757085,0.012145748987854251,0.0020242914979757085,0.008097165991902834,0.004048582995951417,0.004048582995951417,0.008097165991902834,0.0020242914979757085,0.0020242914979757085,0.004048582995951417,0.0020242914979757085,0.0,0.0020242914979757085,0.0020242914979757085,0.0,0.0020242914979757085,0.0,0.0020242914979757085,0.0,0.004048582995951417,0.0,0.0,0.0020242914979757085,0.0020242914979757085,0.0,0.0,0.0,0.0,0.0,0.0020242914979757085,0.0,0.0020242914979757085,0.0,0.0,0.0,0.0
J07A0946,0.0,0.012165450121654502,0.024330900243309004,0.05596107055961071,0.05596107055961071,0.043795620437956206,0.04866180048661801,0.038929440389294405,0.0705596107055961,0.029197080291970802,0.0364963503649635,0.0340632603406326,0.0340632603406326,0.021897810218978103,0.019464720194647202,0.019464720194647202,0.0267639902676399,0.014598540145985401,0.0072992700729927005,0.019464720194647202,0.019464720194647202,0.014598540145985401,0.021897810218978103,0.0024330900243309003,0.014598540145985401,0.009732360097323601,0.004866180048661801,0.014598540145985401,0.009732360097323601,0.009732360097323601,0.0072992700729927005,0.0024330900243309003,0.009732360097323601,0.0,0.0072992700729927005,0.0,0.009732360097323601,0.0072992700729927005,0.0072992700729927005,0.004866180048661801,0.0072992700729927005,0.004866180048661801,0.0072992700729927005,0.0024330900243309003,0.0072992700729927005,0.0,0.0024330900243309003,0.004866180048661801,0.004866180048661801,0.004866180048661801,0.0072992700729927005,0.004866180048661801,0.009732360097323601,0.0,0.004866180048661801,0.0072992700729927005,0.0072992700729927005,0.004866180048661801,0.0024330900243309003,0.004866180048661801,0.0072992700729927005,0.004866180048661801,0.012165450121654502,0.004866180048661801,0.009732360097323601,0.0,0.0024330900243309003,0.0024330900243309003,0.004866180048661801,0.012165450121654502,0.0,0.004866180048661801,0.0024330900243309003,0.0024330900243309003,0.0024330900243309003,0.0,0.0,0.0,0.0024330900243309003,0.0,0.0,0.0,0.004866180048661801,0.0072992700729927005,0.0024330900243309003,0.0,0.004866180048661801,0.0024330900243309003,0.0024330900243309003,0.0,0.004866180048661801,0.0,0.0024330900243309003,0.0024330900243309003,0.0,0.0,0.0,0.0,0.0,0.0,0.0
J07A0947,0.062,0.104,0.066,0.052,0.056,0.04,0.04,0.038,0.04,0.024,0.052,0.03,0.04,0.028,0.024,0.01,0.022,0.026,0.026,0.02,0.016,0.014,0.006,0.016,0.008,0.008,0.0,0.004,0.01,0.0,0.016,0.01,0.01,0.002,0.002,0.006,0.002,0.01,0.004,0.002,0.006,0.002,0.0,0.002,0.002,0.002,0.0,0.0,0.0,0.004,0.002,0.0,0.0,0.006,0.006,0.002,0.0,0.0,0.002,0.0,0.0,0.0,0.0,0.002,0.002,0.0,0.0,0.0,0.002,0.0,0.0,0.0,0.006,0.0,0.0,0.0,0.0,0.0,0.002,0.0,0.0,0.0,0.0,0.0,0.002,0.0,0.0,0.0,0.0,0.0,0.0,0.0,0.002,0.0,0.0,0.0,0.0,0.0,0.0,0.0,0.0
J07A0951,0.07724425887265135,0.11482254697286012,0.10647181628392484,0.10020876826722339,0.06471816283924843,0.05010438413361169,0.06680584551148225,0.04175365344467641,0.04801670146137787,0.022964509394572025,0.031315240083507306,0.022964509394572025,0.029227557411273485,0.018789144050104383,0.018789144050104383,0.020876826722338204,0.025052192066805846,0.006263048016701462,0.012526096033402923,0.010438413361169102,0.008350730688935281,0.020876826722338204,0.012526096033402923,0.0020876826722338203,0.006263048016701462,0.010438413361169102,0.0041753653444676405,0.0041753653444676405,0.010438413361169102,0.0041753653444676405,0.0,0.0,0.0,0.0,0.0041753653444676405,0.0,0.0041753653444676405,0.0,0.0,0.0020876826722338203,0.0020876826722338203,0.0020876826722338203,0.0020876826722338203,0.0020876826722338203,0.0,0.0,0.0020876826722338203,0.0020876826722338203,0.0,0.0,0.0,0.0020876826722338203,0.0,0.0,0.0020876826722338203,0.0,0.0,0.0,0.0,0.0,0.0,0.0,0.0,0.0,0.0,0.0,0.0,0.0,0.0,0.0,0.0,0.0,0.0,0.0,0.0,0.0,0.0,0.0,0.0,0.0,0.0,0.0,0.0,0.0,0.0,0.0,0.0,0.0,0.0,0.0,0.0,0.0,0.0,0.0,0.0,0.0,0.0,0.0,0.0,0.0,0.0
J07A0952,0.005420054200542005,0.03523035230352303,0.04607046070460705,0.04065040650406504,0.05420054200542006,0.02981029810298103,0.056910569105691054,0.037940379403794036,0.04336043360433604,0.04065040650406504,0.032520325203252036,0.02981029810298103,0.024390243902439025,0.02168021680216802,0.024390243902439025,0.051490514905149054,0.02981029810298103,0.016260162601626018,0.032520325203252036,0.008130081300813009,0.013550135501355014,0.016260162601626018,0.008130081300813009,0.01084010840108401,0.016260162601626018,0.016260162601626018,0.016260162601626018,0.005420054200542005,0.013550135501355014,0.016260162601626018,0.02168021680216802,0.013550135501355014,0.013550135501355014,0.01084010840108401,0.01084010840108401,0.005420054200542005,0.0027100271002710027,0.008130081300813009,0.008130081300813009,0.01084010840108401,0.01084010840108401,0.01084010840108401,0.008130081300813009,0.008130081300813009,0.008130081300813009,0.0027100271002710027,0.0,0.0,0.0,0.005420054200542005,0.005420054200542005,0.005420054200542005,0.008130081300813009,0.0027100271002710027,0.0027100271002710027,0.0,0.0,0.0027100271002710027,0.0027100271002710027,0.0,0.0,0.0,0.0027100271002710027,0.0,0.0027100271002710027,0.0027100271002710027,0.0027100271002710027,0.0,0.0,0.0027100271002710027,0.0,0.0,0.0,0.0,0.0,0.0,0.0027100271002710027,0.0,0.0,0.0,0.0,0.0,0.0,0.0,0.0,0.0,0.0,0.0,0.0,0.0,0.0,0.0,0.0,0.0,0.0,0.0,0.0,0.0,0.0,0.0,0.0
J07A0954,0.0,0.0,0.0,0.0,0.0,0.0,0.0,0.0,0.5,0.0,0.0,0.0,0.5,0.0,0.0,0.0,0.0,0.0,0.0,0.0,0.0,0.0,0.0,0.0,0.0,0.0,0.0,0.0,0.0,0.0,0.0,0.0,0.0,0.0,0.0,0.0,0.0,0.0,0.0,0.0,0.0,0.0,0.0,0.0,0.0,0.0,0.0,0.0,0.0,0.0,0.0,0.0,0.0,0.0,0.0,0.0,0.0,0.0,0.0,0.0,0.0,0.0,0.0,0.0,0.0,0.0,0.0,0.0,0.0,0.0,0.0,0.0,0.0,0.0,0.0,0.0,0.0,0.0,0.0,0.0,0.0,0.0,0.0,0.0,0.0,0.0,0.0,0.0,0.0,0.0,0.0,0.0,0.0,0.0,0.0,0.0,0.0,0.0,0.0,0.0,0.0
J07A0956,0.024175824175824177,0.05054945054945055,0.054945054945054944,0.041758241758241756,0.05714285714285714,0.046153846153846156,0.03736263736263736,0.04835164835164835,0.05054945054945055,0.03956043956043956,0.03736263736263736,0.024175824175824177,0.03296703296703297,0.017582417582417582,0.03296703296703297,0.03736263736263736,0.03296703296703297,0.024175824175824177,0.02197802197802198,0.015384615384615385,0.017582417582417582,0.013186813186813187,0.017582417582417582,0.004395604395604396,0.024175824175824177,0.013186813186813187,0.015384615384615385,0.002197802197802198,0.006593406593406593,0.0,0.006593406593406593,0.026373626373626374,0.008791208791208791,0.004395604395604396,0.004395604395604396,0.002197802197802198,0.01098901098901099,0.008791208791208791,0.01098901098901099,0.008791208791208791,0.006593406593406593,0.008791208791208791,0.0,0.004395604395604396,0.006593406593406593,0.002197802197802198,0.0,0.0,0.004395604395604396,0.002197802197802198,0.0,0.002197802197802198,0.0,0.002197802197802198,0.002197802197802198,0.0,0.002197802197802198,0.002197802197802198,0.0,0.004395604395604396,0.0,0.002197802197802198,0.004395604395604396,0.0,0.004395604395604396,0.0,0.0,0.0,0.0,0.0,0.0,0.002197802197802198,0.002197802197802198,0.0,0.0,0.0,0.0,0.0,0.0,0.0,0.0,0.0,0.0,0.0,0.0,0.0,0.0,0.0,0.0,0.0,0.0,0.0,0.0,0.0,0.0,0.0,0.0,0.0,0.0,0.0,0.0
J07A0957,0.021052631578947368,0.0456140350877193,0.056140350877192984,0.02456140350877193,0.042105263157894736,0.05263157894736842,0.08070175438596491,0.031578947368421054,0.03859649122807018,0.031578947368421054,0.028070175438596492,0.03508771929824561,0.028070175438596492,0.056140350877192984,0.0456140350877193,0.031578947368421054,0.017543859649122806,0.02456140350877193,0.028070175438596492,0.021052631578947368,0.031578947368421054,0.014035087719298246,0.014035087719298246,0.021052631578947368,0.02456140350877193,0.014035087719298246,0.014035087719298246,0.014035087719298246,0.0,0.021052631578947368,0.010526315789473684,0.0035087719298245615,0.007017543859649123,0.010526315789473684,0.0035087719298245615,0.0,0.0,0.0035087719298245615,0.0,0.0,0.0035087719298245615,0.0035087719298245615,0.0,0.0,0.007017543859649123,0.0,0.007017543859649123,0.0035087719298245615,0.0,0.0,0.0,0.0035087719298245615,0.0,0.0,0.0,0.0,0.007017543859649123,0.007017543859649123,0.0,0.0,0.0035087719298245615,0.0,0.0,0.0,0.0,0.0,0.0,0.0035087719298245615,0.0,0.0,0.0,0.0,0.0,0.0,0.0,0.0,0.0,0.0035087719298245615,0.0,0.0,0.0,0.0,0.0,0.0,0.0,0.0,0.0,0.0,0.0,0.0,0.0,0.0,0.0,0.0,0.0,0.0,0.0,0.0,0.0,0.0,0.0
J07A0958,0.006369426751592357,0.025477707006369428,0.050955414012738856,0.04777070063694268,0.044585987261146494,0.03821656050955414,0.03184713375796178,0.06050955414012739,0.03503184713375796,0.025477707006369428,0.01592356687898089,0.01910828025477707,0.025477707006369428,0.025477707006369428,0.022292993630573247,0.022292993630573247,0.022292993630573247,0.01592356687898089,0.022292993630573247,0.03821656050955414,0.022292993630573247,0.01592356687898089,0.01910828025477707,0.01592356687898089,0.01910828025477707,0.012738853503184714,0.01592356687898089,0.006369426751592357,0.01910828025477707,0.012738853503184714,0.03184713375796178,0.006369426751592357,0.01592356687898089,0.0,0.009554140127388535,0.006369426751592357,0.01592356687898089,0.006369426751592357,0.012738853503184714,0.0031847133757961785,0.009554140127388535,0.0,0.009554140127388535,0.009554140127388535,0.0031847133757961785,0.006369426751592357,0.009554140127388535,0.006369426751592357,0.0031847133757961785,0.009554140127388535,0.0031847133757961785,0.0031847133757961785,0.0,0.006369426751592357,0.0031847133757961785,0.006369426751592357,0.012738853503184714,0.0031847133757961785,0.0,0.0031847133757961785,0.006369426751592357,0.0031847133757961785,0.006369426751592357,0.0,0.006369426751592357,0.0031847133757961785,0.0,0.0,0.0,0.0,0.0,0.0,0.0,0.0,0.0,0.0,0.0,0.0,0.0031847133757961785,0.0,0.0,0.0,0.0,0.0,0.0,0.0,0.0,0.0,0.0,0.0,0.0,0.0,0.0,0.0,0.0,0.0,0.0,0.0,0.0,0.0,0.0
J07A0960,0.05251141552511415,0.0867579908675799,0.1187214611872146,0.09817351598173515,0.0867579908675799,0.07077625570776255,0.0410958904109589,0.04337899543378995,0.03424657534246575,0.03881278538812785,0.0273972602739726,0.0182648401826484,0.0228310502283105,0.02054794520547945,0.0182648401826484,0.0228310502283105,0.01598173515981735,0.0091324200913242,0.00684931506849315,0.00684931506849315,0.01141552511415525,0.00684931506849315,0.0045662100456621,0.00684931506849315,0.0136986301369863,0.0045662100456621,0.00684931506849315,0.0,0.0045662100456621,0.00684931506849315,0.0045662100456621,0.00684931506849315,0.00684931506849315,0.0045662100456621,0.00228310502283105,0.0045662100456621,0.0,0.0045662100456621,0.0,0.0,0.00684931506849315,0.0,0.0,0.0,0.0045662100456621,0.0,0.0,0.0,0.0045662100456621,0.00228310502283105,0.0,0.00228310502283105,0.00228310502283105,0.0,0.0,0.0,0.0,0.00228310502283105,0.00684931506849315,0.00228310502283105,0.0,0.00228310502283105,0.00228310502283105,0.0,0.0,0.00228310502283105,0.00228310502283105,0.0,0.0,0.0,0.0,0.00228310502283105,0.0,0.00228310502283105,0.0,0.0,0.00228310502283105,0.00228310502283105,0.0,0.00228310502283105,0.00228310502283105,0.0,0.0,0.0,0.0,0.00228310502283105,0.0,0.0,0.0,0.0,0.0,0.0,0.0,0.0,0.0,0.0,0.0,0.0,0.0,0.0,0.0
J07A0961,0.0,0.0,0.0,0.0,0.0,0.00980392156862745,0.00980392156862745,0.0196078431372549,0.0392156862745098,0.00980392156862745,0.029411764705882353,0.0196078431372549,0.029411764705882353,0.00980392156862745,0.029411764705882353,0.0196078431372549,0.00980392156862745,0.0392156862745098,0.0,0.0196078431372549,0.0392156862745098,0.029411764705882353,0.0392156862745098,0.00980392156862745,0.00980392156862745,0.00980392156862745,0.0196078431372549,0.0196078431372549,0.00980392156862745,0.029411764705882353,0.029411764705882353,0.029411764705882353,0.049019607843137254,0.00980392156862745,0.00980392156862745,0.00980392156862745,0.029411764705882353,0.029411764705882353,0.0,0.00980392156862745,0.0,0.00980392156862745,0.00980392156862745,0.00980392156862745,0.00980392156862745,0.00980392156862745,0.00980392156862745,0.0,0.0,0.00980392156862745,0.0196078431372549,0.00980392156862745,0.00980392156862745,0.029411764705882353,0.0,0.00980392156862745,0.0,0.0,0.029411764705882353,0.0196078431372549,0.00980392156862745,0.00980392156862745,0.0,0.0,0.00980392156862745,0.00980392156862745,0.0,0.0,0.00980392156862745,0.0,0.0,0.0,0.0,0.0,0.0,0.0,0.0,0.00980392156862745,0.0,0.0196078431372549,0.0,0.0,0.0,0.0,0.0,0.0,0.00980392156862745,0.0,0.0,0.0,0.0,0.0,0.0,0.0,0.0,0.0,0.0,0.0,0.0,0.0,0.0
J07A0962,0.0022727272727272726,0.0022727272727272726,0.022727272727272728,0.01818181818181818,0.022727272727272728,0.02727272727272727,0.045454545454545456,0.04772727272727273,0.029545454545454545,0.031818181818181815,0.0659090909090909,0.045454545454545456,0.031818181818181815,0.04318181818181818,0.02727272727272727,0.03409090909090909,0.03636363636363636,0.04318181818181818,0.045454545454545456,0.031818181818181815,0.020454545454545454,0.020454545454545454,0.031818181818181815,0.020454545454545454,0.025,0.020454545454545454,0.015909090909090907,0.00909090909090909,0.006818181818181818,0.013636363636363636,0.00909090909090909,0.011363636363636364,0.006818181818181818,0.004545454545454545,0.006818181818181818,0.013636363636363636,0.013636363636363636,0.013636363636363636,0.00909090909090909,0.011363636363636364,0.004545454545454545,0.0022727272727272726,0.004545454545454545,0.0022727272727272726,0.011363636363636364,0.004545454545454545,0.0,0.004545454545454545,0.0,0.0022727272727272726,0.0,0.006818181818181818,0.004545454545454545,0.0022727272727272726,0.0,0.0022727272727272726,0.0,0.0,0.0,0.0022727272727272726,0.0,0.0,0.0,0.0,0.0,0.0,0.0,0.0022727272727272726,0.0,0.0,0.0,0.0,0.0,0.0,0.0,0.0,0.0022727272727272726,0.0,0.0,0.0,0.0,0.0,0.0,0.0,0.0,0.0,0.0,0.0,0.0,0.0,0.0,0.0,0.0022727272727272726,0.0,0.0,0.0,0.0,0.0,0.0,0.0,0.0
J07A0963,0.0,0.013186813186813187,0.004395604395604396,0.01098901098901099,0.015384615384615385,0.01098901098901099,0.024175824175824177,0.015384615384615385,0.01978021978021978,0.02857142857142857,0.024175824175824177,0.024175824175824177,0.024175824175824177,0.026373626373626374,0.026373626373626374,0.01978021978021978,0.02857142857142857,0.02857142857142857,0.01978021978021978,0.03076923076923077,0.01978021978021978,0.03296703296703297,0.035164835164835165,0.015384615384615385,0.035164835164835165,0.013186813186813187,0.017582417582417582,0.01978021978021978,0.017582417582417582,0.01098901098901099,0.01978021978021978,0.01098901098901099,0.013186813186813187,0.013186813186813187,0.02857142857142857,0.01978021978021978,0.008791208791208791,0.015384615384615385,0.02857142857142857,0.01978021978021978,0.01098901098901099,0.01098901098901099,0.004395604395604396,0.017582417582417582,0.01098901098901099,0.013186813186813187,0.008791208791208791,0.015384615384615385,0.006593406593406593,0.01098901098901099,0.008791208791208791,0.006593406593406593,0.01098901098901099,0.013186813186813187,0.002197802197802198,0.004395604395604396,0.006593406593406593,0.004395604395604396,0.006593406593406593,0.006593406593406593,0.002197802197802198,0.004395604395604396,0.004395604395604396,0.0,0.006593406593406593,0.002197802197802198,0.0,0.002197802197802198,0.0,0.0,0.0,0.002197802197802198,0.0,0.0,0.0,0.0,0.0,0.002197802197802198,0.0,0.0,0.0,0.0,0.0,0.0,0.0,0.002197802197802198,0.0,0.0,0.0,0.0,0.0,0.0,0.0,0.0,0.0,0.0,0.0,0.0,0.0,0.0,0.0
J07A0964,0.0,0.0,0.0,0.006741573033707865,0.008988764044943821,0.0044943820224719105,0.017977528089887642,0.011235955056179775,0.011235955056179775,0.015730337078651686,0.015730337078651686,0.01348314606741573,0.0044943820224719105,0.015730337078651686,0.02247191011235955,0.008988764044943821,0.02247191011235955,0.02696629213483146,0.020224719101123594,0.017977528089887642,0.029213483146067417,0.017977528089887642,0.011235955056179775,0.02696629213483146,0.017977528089887642,0.035955056179775284,0.015730337078651686,0.01348314606741573,0.03146067415730337,0.020224719101123594,0.024719101123595506,0.017977528089887642,0.024719101123595506,0.011235955056179775,0.02247191011235955,0.015730337078651686,0.017977528089887642,0.015730337078651686,0.015730337078651686,0.017977528089887642,0.01348314606741573,0.017977528089887642,0.020224719101123594,0.024719101123595506,0.015730337078651686,0.01348314606741573,0.017977528089887642,0.01348314606741573,0.01348314606741573,0.01348314606741573,0.008988764044943821,0.0044943820224719105,0.008988764044943821,0.01348314606741573,0.01348314606741573,0.0022471910112359553,0.011235955056179775,0.008988764044943821,0.008988764044943821,0.011235955056179775,0.008988764044943821,0.006741573033707865,0.008988764044943821,0.0044943820224719105,0.0022471910112359553,0.006741573033707865,0.0022471910112359553,0.0022471910112359553,0.006741573033707865,0.0022471910112359553,0.0044943820224719105,0.0022471910112359553,0.0022471910112359553,0.0022471910112359553,0.008988764044943821,0.0022471910112359553,0.0,0.0044943820224719105,0.0,0.0022471910112359553,0.0022471910112359553,0.0044943820224719105,0.0,0.0044943820224719105,0.0,0.0,0.0,0.0,0.0,0.0,0.0,0.0022471910112359553,0.0,0.0,0.0,0.0,0.0,0.0,0.0,0.0,0.0
J07A0965,0.022222222222222223,0.042222222222222223,0.04888888888888889,0.05333333333333334,0.06222222222222222,0.051111111111111114,0.035555555555555556,0.06444444444444444,0.042222222222222223,0.06,0.06222222222222222,0.03111111111111111,0.035555555555555556,0.028888888888888888,0.028888888888888888,0.015555555555555555,0.03333333333333333,0.011111111111111112,0.022222222222222223,0.015555555555555555,0.022222222222222223,0.008888888888888889,0.022222222222222223,0.02,0.017777777777777778,0.011111111111111112,0.011111111111111112,0.006666666666666667,0.008888888888888889,0.006666666666666667,0.006666666666666667,0.008888888888888889,0.008888888888888889,0.006666666666666667,0.006666666666666667,0.0022222222222222222,0.006666666666666667,0.0044444444444444444,0.008888888888888889,0.0022222222222222222,0.0,0.0022222222222222222,0.008888888888888889,0.0022222222222222222,0.0022222222222222222,0.0,0.0044444444444444444,0.0022222222222222222,0.0,0.0044444444444444444,0.0,0.0022222222222222222,0.0022222222222222222,0.0,0.0,0.0,0.0,0.0022222222222222222,0.0,0.0,0.0,0.0,0.0,0.0,0.0,0.0022222222222222222,0.0,0.0,0.0,0.0,0.0,0.0,0.0,0.0,0.0,0.0,0.0,0.0,0.0,0.0,0.0,0.0,0.0,0.0,0.0,0.0,0.0,0.0,0.0,0.0,0.0,0.0,0.0,0.0,0.0,0.0,0.0,0.0,0.0,0.0,0.0
J07A0966,0.08908685968819599,0.14253897550111358,0.11581291759465479,0.05790645879732739,0.0779510022271715,0.051224944320712694,0.060133630289532294,0.042316258351893093,0.042316258351893093,0.031180400890868598,0.028953229398663696,0.0334075723830735,0.015590200445434299,0.0066815144766146995,0.0200445434298441,0.011135857461024499,0.013363028953229399,0.015590200445434299,0.013363028953229399,0.013363028953229399,0.0022271714922048997,0.0022271714922048997,0.011135857461024499,0.0066815144766146995,0.011135857461024499,0.0066815144766146995,0.013363028953229399,0.0066815144766146995,0.0022271714922048997,0.004454342984409799,0.0066815144766146995,0.004454342984409799,0.008908685968819599,0.0,0.0022271714922048997,0.0,0.004454342984409799,0.0022271714922048997,0.0,0.0022271714922048997,0.0022271714922048997,0.0,0.0,0.0022271714922048997,0.0,0.0,0.0,0.0,0.004454342984409799,0.0,0.0,0.0,0.0022271714922048997,0.0,0.0022271714922048997,0.0,0.0,0.0,0.0022271714922048997,0.0,0.0022271714922048997,0.0,0.0,0.0,0.0,0.0,0.0,0.0,0.0,0.0,0.0,0.0,0.0022271714922048997,0.0,0.0,0.0,0.0,0.0,0.0,0.0,0.0,0.0,0.0,0.0,0.0,0.0,0.0,0.0,0.0,0.0,0.0,0.0,0.0,0.0,0.0,0.0,0.0,0.0,0.0,0.0,0.0
J07A0968,0.015527950310559006,0.021739130434782608,0.049689440993788817,0.037267080745341616,0.046583850931677016,0.012422360248447204,0.043478260869565216,0.018633540372670808,0.040372670807453416,0.037267080745341616,0.027950310559006212,0.031055900621118012,0.015527950310559006,0.024844720496894408,0.049689440993788817,0.021739130434782608,0.027950310559006212,0.034161490683229816,0.021739130434782608,0.021739130434782608,0.037267080745341616,0.024844720496894408,0.015527950310559006,0.027950310559006212,0.021739130434782608,0.021739130434782608,0.021739130434782608,0.018633540372670808,0.018633540372670808,0.009316770186335404,0.015527950310559006,0.006211180124223602,0.021739130434782608,0.006211180124223602,0.009316770186335404,0.012422360248447204,0.015527950310559006,0.009316770186335404,0.006211180124223602,0.006211180124223602,0.009316770186335404,0.0,0.003105590062111801,0.003105590062111801,0.0,0.012422360248447204,0.003105590062111801,0.003105590062111801,0.0,0.0,0.0,0.0,0.006211180124223602,0.003105590062111801,0.003105590062111801,0.003105590062111801,0.0,0.0,0.0,0.003105590062111801,0.003105590062111801,0.0,0.003105590062111801,0.0,0.003105590062111801,0.0,0.0,0.0,0.0,0.0,0.003105590062111801,0.0,0.003105590062111801,0.003105590062111801,0.0,0.0,0.0,0.0,0.0,0.0,0.0,0.003105590062111801,0.0,0.0,0.0,0.0,0.0,0.0,0.0,0.0,0.0,0.0,0.0,0.0,0.0,0.0,0.0,0.0,0.0,0.0,0.0
J07A0969,0.0,0.02824858757062147,0.022598870056497175,0.04519774011299435,0.03389830508474576,0.03954802259887006,0.03954802259887006,0.04519774011299435,0.05649717514124294,0.03954802259887006,0.02824858757062147,0.04519774011299435,0.062146892655367235,0.04519774011299435,0.05084745762711865,0.03954802259887006,0.05084745762711865,0.03954802259887006,0.02824858757062147,0.03954802259887006,0.011299435028248588,0.011299435028248588,0.011299435028248588,0.03389830508474576,0.011299435028248588,0.02824858757062147,0.0,0.005649717514124294,0.005649717514124294,0.02824858757062147,0.005649717514124294,0.011299435028248588,0.011299435028248588,0.011299435028248588,0.011299435028248588,0.0,0.0,0.005649717514124294,0.0,0.005649717514124294,0.0,0.0,0.0,0.0,0.0,0.0,0.0,0.0,0.0,0.005649717514124294,0.005649717514124294,0.0,0.0,0.0,0.0,0.0,0.0,0.0,0.0,0.0,0.0,0.0,0.0,0.0,0.0,0.0,0.0,0.0,0.0,0.0,0.0,0.0,0.0,0.0,0.0,0.0,0.0,0.0,0.0,0.0,0.0,0.0,0.0,0.0,0.0,0.0,0.0,0.0,0.0,0.0,0.0,0.0,0.0,0.0,0.0,0.0,0.0,0.0,0.0,0.0,0.0
J07A0970,0.0,0.00964630225080386,0.022508038585209004,0.00964630225080386,0.02572347266881029,0.03215434083601286,0.028938906752411574,0.03858520900321544,0.04823151125401929,0.04823151125401929,0.028938906752411574,0.02572347266881029,0.03215434083601286,0.04823151125401929,0.02572347266881029,0.028938906752411574,0.03536977491961415,0.028938906752411574,0.03858520900321544,0.03215434083601286,0.01929260450160772,0.028938906752411574,0.022508038585209004,0.022508038585209004,0.02572347266881029,0.006430868167202572,0.003215434083601286,0.01607717041800643,0.00964630225080386,0.03215434083601286,0.01607717041800643,0.01607717041800643,0.028938906752411574,0.022508038585209004,0.00964630225080386,0.00964630225080386,0.00964630225080386,0.003215434083601286,0.006430868167202572,0.00964630225080386,0.006430868167202572,0.006430868167202572,0.0,0.006430868167202572,0.00964630225080386,0.0,0.012861736334405145,0.003215434083601286,0.003215434083601286,0.006430868167202572,0.003215434083601286,0.003215434083601286,0.006430868167202572,0.0,0.003215434083601286,0.006430868167202572,0.006430868167202572,0.003215434083601286,0.0,0.0,0.0,0.003215434083601286,0.0,0.0,0.003215434083601286,0.0,0.0,0.0,0.0,0.0,0.0,0.0,0.0,0.0,0.0,0.0,0.0,0.0,0.0,0.0,0.0,0.0,0.0,0.0,0.0,0.0,0.0,0.0,0.0,0.0,0.0,0.0,0.0,0.0,0.0,0.0,0.0,0.0,0.0,0.0,0.0
J07A0972,0.32432432432432434,0.2972972972972973,0.15315315315315314,0.02702702702702703,0.05405405405405406,0.02702702702702703,0.018018018018018018,0.04504504504504504,0.018018018018018018,0.018018018018018018,0.0,0.0,0.0,0.0,0.0,0.009009009009009009,0.0,0.0,0.0,0.0,0.0,0.0,0.0,0.0,0.0,0.0,0.0,0.009009009009009009,0.0,0.0,0.0,0.0,0.0,0.0,0.0,0.0,0.0,0.0,0.0,0.0,0.0,0.0,0.0,0.0,0.0,0.0,0.0,0.0,0.0,0.0,0.0,0.0,0.0,0.0,0.0,0.0,0.0,0.0,0.0,0.0,0.0,0.0,0.0,0.0,0.0,0.0,0.0,0.0,0.0,0.0,0.0,0.0,0.0,0.0,0.0,0.0,0.0,0.0,0.0,0.0,0.0,0.0,0.0,0.0,0.0,0.0,0.0,0.0,0.0,0.0,0.0,0.0,0.0,0.0,0.0,0.0,0.0,0.0,0.0,0.0,0.0
J07A0973,0.0,0.0064794816414686825,0.019438444924406047,0.008639308855291577,0.02159827213822894,0.017278617710583154,0.019438444924406047,0.023758099352051837,0.032397408207343416,0.04319654427645788,0.032397408207343416,0.023758099352051837,0.02591792656587473,0.028077753779697623,0.04319654427645788,0.02591792656587473,0.04103671706263499,0.03455723542116631,0.02159827213822894,0.028077753779697623,0.019438444924406047,0.03023758099352052,0.017278617710583154,0.028077753779697623,0.03023758099352052,0.017278617710583154,0.02159827213822894,0.017278617710583154,0.02591792656587473,0.01079913606911447,0.023758099352051837,0.02159827213822894,0.02591792656587473,0.017278617710583154,0.01511879049676026,0.008639308855291577,0.004319654427645789,0.004319654427645789,0.01511879049676026,0.017278617710583154,0.01079913606911447,0.01079913606911447,0.012958963282937365,0.0064794816414686825,0.01079913606911447,0.012958963282937365,0.012958963282937365,0.01079913606911447,0.0,0.0,0.004319654427645789,0.0021598272138228943,0.0,0.004319654427645789,0.0021598272138228943,0.0021598272138228943,0.0,0.004319654427645789,0.0,0.0021598272138228943,0.0021598272138228943,0.004319654427645789,0.004319654427645789,0.0,0.0,0.0021598272138228943,0.0021598272138228943,0.0021598272138228943,0.0021598272138228943,0.0,0.0,0.0,0.0021598272138228943,0.0,0.0,0.0,0.0,0.0,0.0,0.0,0.0,0.0,0.0,0.0,0.0,0.0,0.0,0.0,0.0,0.0,0.0,0.0,0.0,0.0,0.0,0.0,0.0,0.0,0.0,0.0,0.0
J07A0974,0.0,0.007905138339920948,0.039525691699604744,0.023715415019762844,0.05138339920948617,0.019762845849802372,0.039525691699604744,0.04743083003952569,0.03557312252964427,0.043478260869565216,0.039525691699604744,0.043478260869565216,0.04743083003952569,0.015810276679841896,0.039525691699604744,0.02766798418972332,0.02766798418972332,0.02766798418972332,0.03162055335968379,0.023715415019762844,0.05138339920948617,0.015810276679841896,0.011857707509881422,0.023715415019762844,0.015810276679841896,0.019762845849802372,0.019762845849802372,0.015810276679841896,0.019762845849802372,0.015810276679841896,0.019762845849802372,0.015810276679841896,0.007905138339920948,0.015810276679841896,0.015810276679841896,0.003952569169960474,0.003952569169960474,0.007905138339920948,0.003952569169960474,0.0,0.003952569169960474,0.0,0.003952569169960474,0.011857707509881422,0.007905138339920948,0.003952569169960474,0.003952569169960474,0.003952569169960474,0.0,0.0,0.0,0.003952569169960474,0.003952569169960474,0.0,0.0,0.0,0.003952569169960474,0.0,0.0,0.0,0.0,0.0,0.003952569169960474,0.0,0.003952569169960474,0.003952569169960474,0.0,0.0,0.0,0.0,0.0,0.0,0.0,0.0,0.0,0.0,0.0,0.0,0.0,0.0,0.0,0.0,0.0,0.0,0.0,0.0,0.0,0.0,0.0,0.0,0.0,0.0,0.0,0.0,0.0,0.0,0.0,0.0,0.0,0.0,0.0
J07A0976,0.10421836228287841,0.12158808933002481,0.0967741935483871,0.06947890818858561,0.07444168734491315,0.04714640198511166,0.08188585607940446,0.04218362282878412,0.04466501240694789,0.02481389578163772,0.03722084367245657,0.02729528535980149,0.01488833746898263,0.009925558312655087,0.022332506203473945,0.01240694789081886,0.019851116625310174,0.01240694789081886,0.01240694789081886,0.007444168734491315,0.01240694789081886,0.007444168734491315,0.004962779156327543,0.004962779156327543,0.004962779156327543,0.0024813895781637717,0.009925558312655087,0.0024813895781637717,0.004962779156327543,0.009925558312655087,0.004962779156327543,0.0,0.0024813895781637717,0.0024813895781637717,0.004962779156327543,0.0,0.0,0.0,0.004962779156327543,0.0024813895781637717,0.0,0.0024813895781637717,0.0024813895781637717,0.0,0.0024813895781637717,0.0,0.004962779156327543,0.0,0.0,0.0,0.0,0.0,0.0,0.0,0.0,0.0,0.0024813895781637717,0.0,0.0,0.0,0.0024813895781637717,0.0,0.0,0.0,0.0024813895781637717,0.0024813895781637717,0.0,0.0,0.0,0.0,0.0,0.0,0.0,0.0024813895781637717,0.0,0.0,0.0024813895781637717,0.0,0.0,0.0,0.0,0.0,0.0,0.0,0.0,0.0024813895781637717,0.0,0.0,0.0,0.0,0.0,0.0,0.0,0.0,0.0,0.0,0.0,0.0,0.0,0.0,0.0
J07A0977,0.010126582278481013,0.030379746835443037,0.02531645569620253,0.02531645569620253,0.07341772151898734,0.02531645569620253,0.030379746835443037,0.027848101265822784,0.02531645569620253,0.012658227848101266,0.043037974683544304,0.027848101265822784,0.020253164556962026,0.007594936708860759,0.02531645569620253,0.030379746835443037,0.043037974683544304,0.027848101265822784,0.012658227848101266,0.0379746835443038,0.015189873417721518,0.010126582278481013,0.020253164556962026,0.027848101265822784,0.015189873417721518,0.010126582278481013,0.02531645569620253,0.027848101265822784,0.015189873417721518,0.015189873417721518,0.005063291139240506,0.017721518987341773,0.012658227848101266,0.017721518987341773,0.007594936708860759,0.012658227848101266,0.015189873417721518,0.005063291139240506,0.015189873417721518,0.020253164556962026,0.015189873417721518,0.002531645569620253,0.012658227848101266,0.002531645569620253,0.005063291139240506,0.007594936708860759,0.010126582278481013,0.0,0.010126582278481013,0.0,0.005063291139240506,0.005063291139240506,0.007594936708860759,0.002531645569620253,0.002531645569620253,0.0,0.0,0.007594936708860759,0.002531645569620253,0.0,0.005063291139240506,0.002531645569620253,0.0,0.002531645569620253,0.0,0.0,0.005063291139240506,0.0,0.0,0.002531645569620253,0.0,0.002531645569620253,0.0,0.0,0.0,0.0,0.0,0.0,0.005063291139240506,0.0,0.0,0.0,0.0,0.002531645569620253,0.0,0.0,0.0,0.0,0.0,0.0,0.0,0.0,0.0,0.0,0.0,0.0,0.0,0.0,0.0,0.0,0.0
J07A0978,0.01284796573875803,0.017130620985010708,0.023554603854389723,0.04068522483940043,0.027837259100642397,0.042826552462526764,0.04068522483940043,0.021413276231263382,0.03854389721627409,0.05139186295503212,0.059957173447537475,0.03854389721627409,0.055674518201284794,0.029978586723768737,0.034261241970021415,0.034261241970021415,0.029978586723768737,0.034261241970021415,0.044967880085653104,0.02569593147751606,0.017130620985010708,0.021413276231263382,0.027837259100642397,0.008565310492505354,0.021413276231263382,0.014989293361884369,0.014989293361884369,0.004282655246252677,0.014989293361884369,0.0021413276231263384,0.017130620985010708,0.01284796573875803,0.014989293361884369,0.008565310492505354,0.004282655246252677,0.010706638115631691,0.017130620985010708,0.006423982869379015,0.0,0.006423982869379015,0.004282655246252677,0.0021413276231263384,0.004282655246252677,0.006423982869379015,0.006423982869379015,0.0,0.0021413276231263384,0.0021413276231263384,0.0,0.0,0.0021413276231263384,0.0021413276231263384,0.006423982869379015,0.004282655246252677,0.0,0.0,0.004282655246252677,0.0,0.0021413276231263384,0.0,0.0,0.0,0.0,0.0,0.0,0.0,0.0,0.0,0.0,0.0,0.0,0.0,0.0,0.0,0.0,0.0,0.0,0.0,0.0,0.0,0.0,0.0,0.0,0.0,0.0,0.0,0.0,0.0,0.0,0.0,0.0,0.0,0.0,0.0,0.0,0.0,0.0,0.0,0.0,0.0,0.0
J07A0980,0.01834862385321101,0.03669724770642202,0.05045871559633028,0.04128440366972477,0.04357798165137615,0.0481651376146789,0.045871559633027525,0.04357798165137615,0.03669724770642202,0.03211009174311927,0.02522935779816514,0.03211009174311927,0.045871559633027525,0.03211009174311927,0.034403669724770644,0.02981651376146789,0.02522935779816514,0.016055045871559634,0.03669724770642202,0.011467889908256881,0.022935779816513763,0.009174311926605505,0.020642201834862386,0.009174311926605505,0.011467889908256881,0.013761467889908258,0.009174311926605505,0.0,0.02522935779816514,0.011467889908256881,0.0045871559633027525,0.006880733944954129,0.0045871559633027525,0.01834862385321101,0.006880733944954129,0.0045871559633027525,0.0045871559633027525,0.011467889908256881,0.006880733944954129,0.0045871559633027525,0.013761467889908258,0.0045871559633027525,0.0,0.0,0.011467889908256881,0.0022935779816513763,0.0045871559633027525,0.0045871559633027525,0.0045871559633027525,0.0,0.0,0.0022935779816513763,0.006880733944954129,0.0045871559633027525,0.0045871559633027525,0.0045871559633027525,0.0,0.0045871559633027525,0.006880733944954129,0.0022935779816513763,0.0,0.0022935779816513763,0.0,0.0045871559633027525,0.0022935779816513763,0.0045871559633027525,0.0022935779816513763,0.0,0.0,0.0,0.0,0.0,0.0,0.0022935779816513763,0.0,0.0,0.0,0.0,0.0045871559633027525,0.0,0.0,0.0,0.0,0.0,0.0,0.0,0.0,0.0,0.0,0.0022935779816513763,0.0,0.0,0.0,0.0,0.0,0.0,0.0,0.0,0.0,0.0,0.0
J07A0981,0.002512562814070352,0.01507537688442211,0.0678391959798995,0.06030150753768844,0.05527638190954774,0.05025125628140704,0.07035175879396985,0.06281407035175879,0.04020100502512563,0.035175879396984924,0.04271356783919598,0.0829145728643216,0.03015075376884422,0.035175879396984924,0.04271356783919598,0.02512562814070352,0.020100502512562814,0.035175879396984924,0.03768844221105527,0.010050251256281407,0.017587939698492462,0.017587939698492462,0.01507537688442211,0.007537688442211055,0.020100502512562814,0.007537688442211055,0.002512562814070352,0.010050251256281407,0.01256281407035176,0.01256281407035176,0.005025125628140704,0.002512562814070352,0.002512562814070352,0.002512562814070352,0.005025125628140704,0.0,0.0,0.002512562814070352,0.007537688442211055,0.005025125628140704,0.010050251256281407,0.0,0.0,0.002512562814070352,0.0,0.0,0.0,0.002512562814070352,0.0,0.0,0.002512562814070352,0.0,0.0,0.0,0.0,0.0,0.0,0.002512562814070352,0.0,0.0,0.0,0.0,0.0,0.002512562814070352,0.0,0.0,0.0,0.0,0.0,0.0,0.0,0.0,0.0,0.0,0.0,0.0,0.0,0.0,0.0,0.0,0.0,0.0,0.0,0.0,0.0,0.0,0.0,0.0,0.0,0.0,0.0,0.0,0.0,0.0,0.0,0.0,0.0,0.0,0.0,0.0,0.0
J07A0983,0.05040322580645161,0.05846774193548387,0.11290322580645161,0.06653225806451613,0.06653225806451613,0.056451612903225805,0.05846774193548387,0.03024193548387097,0.05846774193548387,0.038306451612903226,0.04032258064516129,0.03024193548387097,0.018145161290322582,0.036290322580645164,0.046370967741935484,0.02217741935483871,0.020161290322580645,0.014112903225806451,0.016129032258064516,0.012096774193548387,0.004032258064516129,0.010080645161290322,0.010080645161290322,0.006048387096774193,0.008064516129032258,0.008064516129032258,0.010080645161290322,0.008064516129032258,0.008064516129032258,0.012096774193548387,0.004032258064516129,0.0020161290322580645,0.0,0.0,0.008064516129032258,0.004032258064516129,0.006048387096774193,0.0020161290322580645,0.0020161290322580645,0.006048387096774193,0.0020161290322580645,0.0,0.006048387096774193,0.0020161290322580645,0.0020161290322580645,0.0,0.004032258064516129,0.0,0.0020161290322580645,0.0,0.0020161290322580645,0.0020161290322580645,0.0,0.0,0.0020161290322580645,0.0,0.0,0.0,0.0,0.0,0.0,0.0020161290322580645,0.0,0.0020161290322580645,0.0,0.0,0.0,0.0,0.0,0.0,0.0,0.0,0.0,0.0,0.0,0.0,0.0,0.0,0.0,0.0,0.0,0.0,0.0,0.0,0.0,0.0,0.0,0.0,0.0,0.0,0.0,0.0,0.0,0.0,0.0,0.0,0.0,0.0,0.0,0.0,0.0
J07A0985,0.012422360248447204,0.062111801242236024,0.062111801242236024,0.035196687370600416,0.07039337474120083,0.062111801242236024,0.062111801242236024,0.043478260869565216,0.047619047619047616,0.055900621118012424,0.035196687370600416,0.035196687370600416,0.035196687370600416,0.026915113871635612,0.022774327122153208,0.018633540372670808,0.037267080745341616,0.014492753623188406,0.022774327122153208,0.020703933747412008,0.008281573498964804,0.022774327122153208,0.020703933747412008,0.016563146997929608,0.012422360248447204,0.016563146997929608,0.012422360248447204,0.014492753623188406,0.006211180124223602,0.008281573498964804,0.012422360248447204,0.004140786749482402,0.006211180124223602,0.004140786749482402,0.006211180124223602,0.002070393374741201,0.002070393374741201,0.004140786749482402,0.0,0.004140786749482402,0.0,0.002070393374741201,0.0,0.0,0.002070393374741201,0.0,0.006211180124223602,0.002070393374741201,0.0,0.0,0.0,0.0,0.0,0.002070393374741201,0.002070393374741201,0.002070393374741201,0.0,0.0,0.0,0.004140786749482402,0.0,0.0,0.002070393374741201,0.0,0.002070393374741201,0.0,0.0,0.0,0.0,0.0,0.0,0.0,0.0,0.0,0.0,0.0,0.0,0.002070393374741201,0.0,0.002070393374741201,0.0,0.0,0.0,0.0,0.0,0.0,0.0,0.0,0.0,0.002070393374741201,0.0,0.0,0.0,0.0,0.0,0.0,0.0,0.0,0.0,0.0,0.0
J07A0986,0.019801980198019802,0.06930693069306931,0.07920792079207921,0.05742574257425743,0.07524752475247524,0.06732673267326733,0.07326732673267326,0.04554455445544554,0.05148514851485148,0.0297029702970297,0.02574257425742574,0.03762376237623762,0.05148514851485148,0.015841584158415842,0.0297029702970297,0.02574257425742574,0.015841584158415842,0.005940594059405941,0.02178217821782178,0.011881188118811881,0.02574257425742574,0.02178217821782178,0.0039603960396039604,0.009900990099009901,0.011881188118811881,0.007920792079207921,0.011881188118811881,0.011881188118811881,0.005940594059405941,0.005940594059405941,0.007920792079207921,0.009900990099009901,0.0019801980198019802,0.0019801980198019802,0.005940594059405941,0.0,0.0,0.0019801980198019802,0.0039603960396039604,0.0019801980198019802,0.009900990099009901,0.0019801980198019802,0.0019801980198019802,0.0,0.0019801980198019802,0.0039603960396039604,0.0039603960396039604,0.0,0.0019801980198019802,0.0019801980198019802,0.0,0.0,0.0,0.0,0.0039603960396039604,0.0,0.0,0.0,0.0,0.0,0.0,0.0,0.0,0.0019801980198019802,0.0,0.0019801980198019802,0.0,0.0,0.0,0.0,0.0,0.0,0.0,0.0,0.0,0.0,0.0,0.0,0.0,0.0,0.0,0.0,0.0,0.0,0.0,0.0019801980198019802,0.0,0.0,0.0,0.0,0.0,0.0,0.0,0.0,0.0,0.0,0.0,0.0,0.0,0.0,0.0
J07A0987,0.0,0.021021021021021023,0.02702702702702703,0.03303303303303303,0.057057057057057055,0.04504504504504504,0.04804804804804805,0.05105105105105105,0.04804804804804805,0.06006006006006006,0.04804804804804805,0.06606606606606606,0.05105105105105105,0.03303303303303303,0.03903903903903904,0.03903903903903904,0.03003003003003003,0.03003003003003003,0.03303303303303303,0.021021021021021023,0.02702702702702703,0.015015015015015015,0.02702702702702703,0.009009009009009009,0.024024024024024024,0.012012012012012012,0.015015015015015015,0.009009009009009009,0.018018018018018018,0.009009009009009009,0.009009009009009009,0.009009009009009009,0.003003003003003003,0.006006006006006006,0.003003003003003003,0.0,0.003003003003003003,0.003003003003003003,0.0,0.0,0.003003003003003003,0.0,0.0,0.0,0.0,0.0,0.0,0.0,0.0,0.0,0.0,0.0,0.0,0.0,0.0,0.003003003003003003,0.0,0.006006006006006006,0.0,0.0,0.0,0.003003003003003003,0.0,0.0,0.0,0.0,0.0,0.003003003003003003,0.0,0.0,0.0,0.0,0.0,0.0,0.0,0.0,0.0,0.0,0.0,0.0,0.0,0.0,0.0,0.0,0.0,0.0,0.0,0.0,0.0,0.0,0.0,0.0,0.0,0.0,0.0,0.0,0.0,0.0,0.0,0.0,0.0
J07A0988,0.00477326968973747,0.007159904534606206,0.03579952267303103,0.045346062052505964,0.07398568019093078,0.04295942720763723,0.059665871121718374,0.045346062052505964,0.05489260143198091,0.0405727923627685,0.03579952267303103,0.045346062052505964,0.031026252983293555,0.021479713603818614,0.03341288782816229,0.021479713603818614,0.02386634844868735,0.031026252983293555,0.026252983293556086,0.028639618138424822,0.016706443914081145,0.03579952267303103,0.01909307875894988,0.00477326968973747,0.014319809069212411,0.016706443914081145,0.007159904534606206,0.011933174224343675,0.021479713603818614,0.016706443914081145,0.00477326968973747,0.00954653937947494,0.00954653937947494,0.00477326968973747,0.011933174224343675,0.00954653937947494,0.011933174224343675,0.007159904534606206,0.0,0.002386634844868735,0.011933174224343675,0.002386634844868735,0.007159904534606206,0.002386634844868735,0.0,0.0,0.0,0.00477326968973747,0.0,0.00477326968973747,0.0,0.002386634844868735,0.002386634844868735,0.007159904534606206,0.0,0.002386634844868735,0.0,0.002386634844868735,0.0,0.002386634844868735,0.0,0.002386634844868735,0.0,0.0,0.0,0.0,0.0,0.0,0.0,0.0,0.0,0.0,0.0,0.0,0.0,0.0,0.0,0.0,0.0,0.0,0.0,0.0,0.0,0.0,0.0,0.0,0.0,0.0,0.0,0.0,0.0,0.0,0.0,0.0,0.0,0.0,0.0,0.0,0.0,0.0,0.0
J07A0989,0.044854881266490766,0.08179419525065963,0.12928759894459102,0.05804749340369393,0.08443271767810026,0.06068601583113457,0.052770448548812667,0.036939313984168866,0.05013192612137203,0.029023746701846966,0.055408970976253295,0.026385224274406333,0.018469656992084433,0.029023746701846966,0.044854881266490766,0.018469656992084433,0.018469656992084433,0.023746701846965697,0.018469656992084433,0.021108179419525065,0.005277044854881266,0.0079155672823219,0.005277044854881266,0.005277044854881266,0.005277044854881266,0.0158311345646438,0.002638522427440633,0.0079155672823219,0.013192612137203167,0.0079155672823219,0.002638522427440633,0.002638522427440633,0.0,0.0,0.0,0.0,0.0,0.002638522427440633,0.002638522427440633,0.0,0.002638522427440633,0.002638522427440633,0.0,0.0,0.0,0.002638522427440633,0.0,0.0,0.0,0.0,0.0,0.0,0.0,0.0,0.0,0.0,0.0,0.0,0.0,0.0,0.0,0.002638522427440633,0.0,0.0,0.0,0.0,0.0,0.0,0.0,0.0,0.0,0.0,0.0,0.0,0.0,0.0,0.0,0.0,0.0,0.0,0.0,0.0,0.0,0.0,0.0,0.0,0.0,0.0,0.0,0.0,0.0,0.0,0.0,0.0,0.0,0.0,0.0,0.0,0.0,0.0,0.0
J07A0990,0.004761904761904762,0.0,0.0,0.014285714285714285,0.004761904761904762,0.01904761904761905,0.04285714285714286,0.023809523809523808,0.023809523809523808,0.0380952380952381,0.01904761904761905,0.01904761904761905,0.0380952380952381,0.0380952380952381,0.05238095238095238,0.01904761904761905,0.0380952380952381,0.0380952380952381,0.023809523809523808,0.023809523809523808,0.01904761904761905,0.05714285714285714,0.023809523809523808,0.03333333333333333,0.01904761904761905,0.004761904761904762,0.023809523809523808,0.01904761904761905,0.04285714285714286,0.014285714285714285,0.023809523809523808,0.02857142857142857,0.009523809523809525,0.0380952380952381,0.023809523809523808,0.01904761904761905,0.0,0.004761904761904762,0.009523809523809525,0.004761904761904762,0.004761904761904762,0.014285714285714285,0.009523809523809525,0.004761904761904762,0.0,0.009523809523809525,0.014285714285714285,0.004761904761904762,0.009523809523809525,0.0,0.0,0.0,0.0,0.0,0.0,0.0,0.004761904761904762,0.004761904761904762,0.0,0.0,0.004761904761904762,0.0,0.0,0.0,0.0,0.0,0.004761904761904762,0.0,0.004761904761904762,0.004761904761904762,0.0,0.0,0.0,0.0,0.0,0.0,0.0,0.0,0.0,0.0,0.0,0.0,0.0,0.0,0.0,0.0,0.0,0.0,0.0,0.0,0.0,0.0,0.0,0.0,0.0,0.0,0.0,0.0,0.0,0.0,0.0
J07A0991,0.0,0.0024875621890547263,0.004975124378109453,0.0024875621890547263,0.012437810945273632,0.017412935323383085,0.024875621890547265,0.022388059701492536,0.017412935323383085,0.009950248756218905,0.022388059701492536,0.022388059701492536,0.014925373134328358,0.03731343283582089,0.022388059701492536,0.017412935323383085,0.022388059701492536,0.024875621890547265,0.03482587064676617,0.029850746268656716,0.04477611940298507,0.03233830845771144,0.022388059701492536,0.017412935323383085,0.04477611940298507,0.01990049751243781,0.02736318407960199,0.012437810945273632,0.01990049751243781,0.014925373134328358,0.014925373134328358,0.01990049751243781,0.007462686567164179,0.009950248756218905,0.014925373134328358,0.022388059701492536,0.017412935323383085,0.01990049751243781,0.022388059701492536,0.004975124378109453,0.009950248756218905,0.009950248756218905,0.014925373134328358,0.017412935323383085,0.009950248756218905,0.007462686567164179,0.012437810945273632,0.014925373134328358,0.004975124378109453,0.004975124378109453,0.007462686567164179,0.0024875621890547263,0.007462686567164179,0.0024875621890547263,0.004975124378109453,0.012437810945273632,0.004975124378109453,0.004975124378109453,0.007462686567164179,0.004975124378109453,0.0,0.004975124378109453,0.007462686567164179,0.0,0.004975124378109453,0.0024875621890547263,0.0,0.0,0.007462686567164179,0.004975124378109453,0.0,0.0024875621890547263,0.0,0.0024875621890547263,0.0024875621890547263,0.0,0.0024875621890547263,0.0,0.0024875621890547263,0.0,0.004975124378109453,0.0,0.0024875621890547263,0.0024875621890547263,0.0,0.0,0.0024875621890547263,0.0024875621890547263,0.0,0.0,0.0,0.0,0.0,0.0,0.0,0.0,0.0,0.0,0.0,0.0,0.0
J07A0992,0.002583979328165375,0.01808785529715762,0.03875968992248062,0.04392764857881137,0.028423772609819122,0.04392764857881137,0.056847545219638244,0.059431524547803614,0.059431524547803614,0.06718346253229975,0.03359173126614987,0.03359173126614987,0.028423772609819122,0.023255813953488372,0.041343669250646,0.015503875968992248,0.03617571059431524,0.028423772609819122,0.03359173126614987,0.020671834625323,0.020671834625323,0.020671834625323,0.025839793281653745,0.01808785529715762,0.01808785529715762,0.020671834625323,0.0103359173126615,0.012919896640826873,0.012919896640826873,0.007751937984496124,0.012919896640826873,0.002583979328165375,0.012919896640826873,0.0103359173126615,0.01808785529715762,0.00516795865633075,0.007751937984496124,0.0,0.002583979328165375,0.00516795865633075,0.00516795865633075,0.00516795865633075,0.0,0.002583979328165375,0.002583979328165375,0.00516795865633075,0.0,0.0,0.002583979328165375,0.0,0.0,0.0,0.002583979328165375,0.0,0.0,0.0,0.002583979328165375,0.0,0.0,0.002583979328165375,0.0,0.0,0.002583979328165375,0.002583979328165375,0.0,0.0,0.0,0.0,0.0,0.0,0.002583979328165375,0.0,0.002583979328165375,0.0,0.0,0.0,0.0,0.0,0.0,0.0,0.0,0.0,0.0,0.0,0.0,0.0,0.0,0.0,0.0,0.0,0.0,0.0,0.0,0.0,0.0,0.0,0.0,0.0,0.0,0.0,0.0
J07A0993,0.10224948875255624,0.1329243353783231,0.12065439672801637,0.065439672801636,0.07157464212678936,0.05112474437627812,0.05521472392638037,0.065439672801636,0.0408997955010225,0.044989775051124746,0.032719836400818,0.02044989775051125,0.022494887525562373,0.014314928425357873,0.012269938650306749,0.012269938650306749,0.018404907975460124,0.006134969325153374,0.016359918200409,0.006134969325153374,0.00408997955010225,0.014314928425357873,0.00408997955010225,0.006134969325153374,0.006134969325153374,0.00408997955010225,0.002044989775051125,0.00408997955010225,0.002044989775051125,0.0,0.00408997955010225,0.002044989775051125,0.002044989775051125,0.0,0.00408997955010225,0.002044989775051125,0.0,0.0,0.002044989775051125,0.0,0.0,0.00408997955010225,0.0,0.002044989775051125,0.002044989775051125,0.002044989775051125,0.0,0.0,0.0,0.002044989775051125,0.0,0.0,0.0,0.0,0.002044989775051125,0.0,0.002044989775051125,0.0,0.0,0.0,0.00408997955010225,0.0,0.002044989775051125,0.0,0.0,0.0,0.0,0.0,0.0,0.0,0.0,0.0,0.0,0.0,0.0,0.0,0.0,0.0,0.0,0.0,0.002044989775051125,0.0,0.0,0.0,0.0,0.0,0.0,0.0,0.0,0.0,0.0,0.0,0.0,0.0,0.0,0.0,0.0,0.0,0.0,0.0,0.0
J07A0994,0.031446540880503145,0.050314465408805034,0.07966457023060797,0.06079664570230608,0.06079664570230608,0.039832285115303984,0.05870020964360587,0.05241090146750524,0.04821802935010482,0.0440251572327044,0.031446540880503145,0.04821802935010482,0.023060796645702306,0.025157232704402517,0.03773584905660377,0.023060796645702306,0.020964360587002098,0.027253668763102725,0.020964360587002098,0.012578616352201259,0.016771488469601678,0.012578616352201259,0.027253668763102725,0.016771488469601678,0.012578616352201259,0.0041928721174004195,0.008385744234800839,0.012578616352201259,0.010482180293501049,0.008385744234800839,0.010482180293501049,0.006289308176100629,0.0020964360587002098,0.006289308176100629,0.0020964360587002098,0.006289308176100629,0.006289308176100629,0.0,0.0041928721174004195,0.0020964360587002098,0.006289308176100629,0.0,0.0,0.006289308176100629,0.0,0.0,0.0020964360587002098,0.0020964360587002098,0.0020964360587002098,0.0020964360587002098,0.0,0.0,0.0020964360587002098,0.0,0.0020964360587002098,0.0020964360587002098,0.0,0.0,0.0,0.0,0.0,0.0,0.0,0.0,0.0,0.0,0.0,0.0,0.0,0.0,0.0,0.0,0.0,0.0,0.0,0.0,0.0,0.0,0.0,0.0,0.0,0.0,0.0,0.0,0.0,0.0,0.0,0.0,0.0,0.0,0.0,0.0,0.0,0.0,0.0,0.0,0.0,0.0,0.0,0.0,0.0
J07A0997,0.08163265306122448,0.08163265306122448,0.04308390022675737,0.04308390022675737,0.06349206349206349,0.036281179138321996,0.049886621315192746,0.031746031746031744,0.024943310657596373,0.036281179138321996,0.03854875283446712,0.04081632653061224,0.024943310657596373,0.024943310657596373,0.02947845804988662,0.013605442176870748,0.022675736961451247,0.013605442176870748,0.015873015873015872,0.011337868480725623,0.006802721088435374,0.015873015873015872,0.015873015873015872,0.013605442176870748,0.015873015873015872,0.011337868480725623,0.011337868480725623,0.013605442176870748,0.015873015873015872,0.013605442176870748,0.009070294784580499,0.0045351473922902496,0.011337868480725623,0.006802721088435374,0.0045351473922902496,0.006802721088435374,0.0022675736961451248,0.006802721088435374,0.006802721088435374,0.009070294784580499,0.011337868480725623,0.0022675736961451248,0.009070294784580499,0.0022675736961451248,0.0,0.0,0.0,0.0045351473922902496,0.006802721088435374,0.0,0.0022675736961451248,0.0,0.0022675736961451248,0.0022675736961451248,0.0045351473922902496,0.0,0.0022675736961451248,0.0,0.0045351473922902496,0.006802721088435374,0.0022675736961451248,0.0,0.0022675736961451248,0.0,0.0,0.0022675736961451248,0.0022675736961451248,0.0,0.0,0.0,0.0,0.0,0.0,0.0,0.0,0.0,0.0,0.0,0.0,0.0,0.0,0.0,0.0,0.0,0.0,0.0,0.0,0.0,0.0,0.0,0.0,0.0,0.0,0.0,0.0,0.0,0.0,0.0,0.0,0.0,0.0
J07A0998,0.006309148264984227,0.025236593059936908,0.0473186119873817,0.04416403785488959,0.04416403785488959,0.06309148264984227,0.03785488958990536,0.06309148264984227,0.0473186119873817,0.028391167192429023,0.05362776025236593,0.022082018927444796,0.04416403785488959,0.04100946372239748,0.01892744479495268,0.025236593059936908,0.031545741324921134,0.03785488958990536,0.015772870662460567,0.015772870662460567,0.015772870662460567,0.025236593059936908,0.012618296529968454,0.015772870662460567,0.022082018927444796,0.006309148264984227,0.022082018927444796,0.006309148264984227,0.0031545741324921135,0.00946372239747634,0.01892744479495268,0.012618296529968454,0.0031545741324921135,0.006309148264984227,0.006309148264984227,0.00946372239747634,0.0031545741324921135,0.0031545741324921135,0.006309148264984227,0.01892744479495268,0.006309148264984227,0.0,0.012618296529968454,0.0031545741324921135,0.00946372239747634,0.0031545741324921135,0.0,0.0,0.00946372239747634,0.0,0.006309148264984227,0.0,0.0,0.0,0.0,0.0,0.0,0.0031545741324921135,0.0031545741324921135,0.0,0.0,0.0,0.0,0.0,0.0,0.0031545741324921135,0.0,0.0,0.0,0.0,0.0,0.0,0.0,0.0,0.0,0.0,0.0,0.0,0.0,0.0,0.0,0.0,0.0,0.0,0.0,0.0,0.0,0.0,0.0,0.0,0.0,0.0,0.0,0.0,0.0,0.0,0.0,0.0,0.0,0.0,0.0
J07A0999,0.11518324607329843,0.11518324607329843,0.12041884816753927,0.05759162303664921,0.05759162303664921,0.05759162303664921,0.041884816753926704,0.04450261780104712,0.041884816753926704,0.015706806282722512,0.020942408376963352,0.01832460732984293,0.034031413612565446,0.013089005235602094,0.01832460732984293,0.020942408376963352,0.01832460732984293,0.020942408376963352,0.010471204188481676,0.013089005235602094,0.015706806282722512,0.015706806282722512,0.015706806282722512,0.007853403141361256,0.005235602094240838,0.010471204188481676,0.007853403141361256,0.002617801047120419,0.005235602094240838,0.002617801047120419,0.0,0.007853403141361256,0.007853403141361256,0.005235602094240838,0.002617801047120419,0.0,0.0,0.0,0.005235602094240838,0.0,0.0,0.0,0.002617801047120419,0.0,0.002617801047120419,0.002617801047120419,0.002617801047120419,0.0,0.0,0.005235602094240838,0.0,0.002617801047120419,0.002617801047120419,0.0,0.0,0.0,0.002617801047120419,0.0,0.0,0.0,0.0,0.0,0.0,0.0,0.0,0.0,0.0,0.0,0.0,0.0,0.0,0.0,0.0,0.002617801047120419,0.0,0.0,0.0,0.0,0.0,0.0,0.0,0.0,0.0,0.0,0.0,0.0,0.0,0.0,0.0,0.0,0.0,0.0,0.0,0.0,0.0,0.0,0.0,0.0,0.0,0.0,0.0
J07A1000,0.0021691973969631237,0.01735357917570499,0.021691973969631236,0.015184381778741865,0.01735357917570499,0.02386117136659436,0.03036876355748373,0.021691973969631236,0.03253796095444685,0.019522776572668113,0.0368763557483731,0.02386117136659436,0.026030368763557483,0.019522776572668113,0.021691973969631236,0.015184381778741865,0.026030368763557483,0.03036876355748373,0.028199566160520606,0.026030368763557483,0.02386117136659436,0.03036876355748373,0.015184381778741865,0.015184381778741865,0.021691973969631236,0.015184381778741865,0.026030368763557483,0.021691973969631236,0.02386117136659436,0.013015184381778741,0.010845986984815618,0.01735357917570499,0.01735357917570499,0.015184381778741865,0.019522776572668113,0.01735357917570499,0.010845986984815618,0.015184381778741865,0.01735357917570499,0.013015184381778741,0.013015184381778741,0.010845986984815618,0.015184381778741865,0.006507592190889371,0.008676789587852495,0.006507592190889371,0.006507592190889371,0.013015184381778741,0.006507592190889371,0.006507592190889371,0.010845986984815618,0.006507592190889371,0.010845986984815618,0.008676789587852495,0.004338394793926247,0.004338394793926247,0.0,0.006507592190889371,0.006507592190889371,0.0021691973969631237,0.004338394793926247,0.0,0.0021691973969631237,0.0021691973969631237,0.0,0.0,0.0,0.0,0.0021691973969631237,0.0,0.0,0.0021691973969631237,0.004338394793926247,0.0,0.0,0.004338394793926247,0.0,0.0,0.004338394793926247,0.0,0.0,0.0,0.004338394793926247,0.0,0.0,0.0,0.0,0.0,0.0,0.0,0.0,0.0,0.0,0.0,0.0,0.0,0.0,0.0,0.0,0.0,0.0
J07A1001,0.0,0.0111731843575419,0.01675977653631285,0.0111731843575419,0.008379888268156424,0.030726256983240222,0.019553072625698324,0.0111731843575419,0.027932960893854747,0.0223463687150838,0.025139664804469275,0.027932960893854747,0.03910614525139665,0.027932960893854747,0.036312849162011177,0.025139664804469275,0.019553072625698324,0.0223463687150838,0.0335195530726257,0.04189944134078212,0.04189944134078212,0.030726256983240222,0.0335195530726257,0.025139664804469275,0.0446927374301676,0.019553072625698324,0.030726256983240222,0.0335195530726257,0.030726256983240222,0.013966480446927373,0.01675977653631285,0.0111731843575419,0.0223463687150838,0.0111731843575419,0.002793296089385475,0.002793296089385475,0.008379888268156424,0.0111731843575419,0.0223463687150838,0.00558659217877095,0.013966480446927373,0.0111731843575419,0.01675977653631285,0.0,0.008379888268156424,0.002793296089385475,0.0111731843575419,0.00558659217877095,0.013966480446927373,0.008379888268156424,0.0,0.002793296089385475,0.0,0.0,0.0,0.0,0.0,0.0,0.00558659217877095,0.0,0.00558659217877095,0.0,0.002793296089385475,0.0,0.002793296089385475,0.002793296089385475,0.00558659217877095,0.0,0.0,0.0,0.0,0.0,0.0,0.0,0.0,0.0,0.0,0.0,0.0,0.0,0.0,0.0,0.0,0.0,0.0,0.0,0.0,0.0,0.0,0.0,0.0,0.0,0.002793296089385475,0.0,0.0,0.0,0.0,0.0,0.0,0.0,0.0
J07A1003,0.023952095808383235,0.04790419161676647,0.05089820359281437,0.041916167664670656,0.05688622754491018,0.05089820359281437,0.08083832335329341,0.041916167664670656,0.023952095808383235,0.03293413173652695,0.03592814371257485,0.03592814371257485,0.029940119760479042,0.03293413173652695,0.04491017964071856,0.023952095808383235,0.029940119760479042,0.02694610778443114,0.029940119760479042,0.020958083832335328,0.017964071856287425,0.023952095808383235,0.014970059880239521,0.0029940119760479044,0.014970059880239521,0.0029940119760479044,0.008982035928143712,0.017964071856287425,0.017964071856287425,0.008982035928143712,0.017964071856287425,0.005988023952095809,0.008982035928143712,0.0029940119760479044,0.011976047904191617,0.008982035928143712,0.0029940119760479044,0.005988023952095809,0.0029940119760479044,0.0,0.005988023952095809,0.0,0.0,0.0,0.0029940119760479044,0.005988023952095809,0.0,0.0029940119760479044,0.0,0.0029940119760479044,0.0,0.0,0.0,0.0029940119760479044,0.0029940119760479044,0.0029940119760479044,0.0,0.0029940119760479044,0.0,0.0,0.0,0.0,0.0,0.0,0.0,0.0,0.0,0.0,0.0029940119760479044,0.0,0.0,0.0,0.0,0.0,0.0,0.0,0.0,0.0,0.0,0.0,0.0,0.0,0.0,0.0,0.0,0.0,0.0,0.0,0.0,0.0,0.0,0.0,0.0,0.0,0.0,0.0,0.0,0.0,0.0,0.0,0.0
J07A1004,0.06091370558375635,0.11421319796954314,0.09390862944162437,0.06852791878172589,0.05583756345177665,0.050761421319796954,0.07360406091370558,0.0583756345177665,0.030456852791878174,0.04060913705583756,0.030456852791878174,0.02284263959390863,0.02030456852791878,0.025380710659898477,0.027918781725888325,0.02284263959390863,0.017766497461928935,0.017766497461928935,0.015228426395939087,0.012690355329949238,0.015228426395939087,0.012690355329949238,0.012690355329949238,0.005076142131979695,0.007614213197969543,0.005076142131979695,0.007614213197969543,0.0,0.01015228426395939,0.0,0.005076142131979695,0.0025380710659898475,0.005076142131979695,0.005076142131979695,0.0,0.0025380710659898475,0.0,0.005076142131979695,0.0025380710659898475,0.005076142131979695,0.0,0.0025380710659898475,0.0025380710659898475,0.0,0.0,0.0,0.0025380710659898475,0.0,0.0025380710659898475,0.0,0.0025380710659898475,0.0,0.005076142131979695,0.0,0.0,0.0,0.0,0.0,0.0,0.0,0.0025380710659898475,0.0,0.0025380710659898475,0.0,0.0,0.0,0.0,0.0025380710659898475,0.0025380710659898475,0.0,0.0,0.0025380710659898475,0.0,0.0,0.0,0.0,0.0,0.0,0.0,0.0,0.0,0.0,0.0,0.0,0.0,0.0,0.0,0.0,0.0,0.0,0.0,0.0,0.0,0.0,0.0,0.0,0.0,0.0,0.0,0.0,0.0
J07A1006,0.02127659574468085,0.07446808510638298,0.0574468085106383,0.06170212765957447,0.07659574468085106,0.0574468085106383,0.059574468085106386,0.04042553191489362,0.0425531914893617,0.04680851063829787,0.03829787234042553,0.03404255319148936,0.03404255319148936,0.02553191489361702,0.023404255319148935,0.014893617021276596,0.023404255319148935,0.01702127659574468,0.019148936170212766,0.010638297872340425,0.014893617021276596,0.023404255319148935,0.02127659574468085,0.01276595744680851,0.010638297872340425,0.00851063829787234,0.014893617021276596,0.010638297872340425,0.010638297872340425,0.010638297872340425,0.010638297872340425,0.00425531914893617,0.00425531914893617,0.00425531914893617,0.00425531914893617,0.00425531914893617,0.006382978723404255,0.0,0.006382978723404255,0.00425531914893617,0.00851063829787234,0.0,0.002127659574468085,0.002127659574468085,0.0,0.002127659574468085,0.00425531914893617,0.00425531914893617,0.0,0.0,0.0,0.002127659574468085,0.0,0.00425531914893617,0.0,0.0,0.0,0.0,0.0,0.0,0.0,0.0,0.0,0.0,0.002127659574468085,0.0,0.0,0.0,0.002127659574468085,0.0,0.0,0.0,0.0,0.0,0.0,0.0,0.0,0.0,0.0,0.0,0.0,0.0,0.0,0.0,0.0,0.0,0.0,0.0,0.0,0.0,0.0,0.0,0.0,0.0,0.0,0.0,0.0,0.0,0.0,0.0,0.0
J07A1007,0.0,0.0,0.00392156862745098,0.00784313725490196,0.00392156862745098,0.011764705882352941,0.011764705882352941,0.01568627450980392,0.011764705882352941,0.01568627450980392,0.00784313725490196,0.0196078431372549,0.0,0.00784313725490196,0.03137254901960784,0.01568627450980392,0.0196078431372549,0.03529411764705882,0.03529411764705882,0.0196078431372549,0.03137254901960784,0.03529411764705882,0.023529411764705882,0.023529411764705882,0.01568627450980392,0.00392156862745098,0.00784313725490196,0.00784313725490196,0.027450980392156862,0.0196078431372549,0.03529411764705882,0.011764705882352941,0.011764705882352941,0.023529411764705882,0.00392156862745098,0.011764705882352941,0.027450980392156862,0.0196078431372549,0.011764705882352941,0.00784313725490196,0.00392156862745098,0.01568627450980392,0.03137254901960784,0.01568627450980392,0.01568627450980392,0.023529411764705882,0.011764705882352941,0.01568627450980392,0.00784313725490196,0.01568627450980392,0.0196078431372549,0.00392156862745098,0.011764705882352941,0.0196078431372549,0.011764705882352941,0.00784313725490196,0.0,0.011764705882352941,0.00392156862745098,0.00392156862745098,0.00392156862745098,0.00392156862745098,0.00784313725490196,0.00784313725490196,0.01568627450980392,0.0,0.00392156862745098,0.0,0.0,0.00392156862745098,0.00392156862745098,0.00392156862745098,0.0,0.00392156862745098,0.0,0.00784313725490196,0.00784313725490196,0.00392156862745098,0.0,0.00784313725490196,0.011764705882352941,0.0,0.00392156862745098,0.0,0.0,0.0,0.0,0.0,0.00392156862745098,0.0,0.0,0.00392156862745098,0.00392156862745098,0.0,0.0,0.0,0.0,0.0,0.0,0.0,0.0
J07A1010,0.0024509803921568627,0.03431372549019608,0.04656862745098039,0.01715686274509804,0.061274509803921566,0.051470588235294115,0.0661764705882353,0.02696078431372549,0.041666666666666664,0.04656862745098039,0.04656862745098039,0.041666666666666664,0.051470588235294115,0.031862745098039214,0.03431372549019608,0.029411764705882353,0.03431372549019608,0.02696078431372549,0.014705882352941176,0.014705882352941176,0.041666666666666664,0.041666666666666664,0.00980392156862745,0.007352941176470588,0.014705882352941176,0.012254901960784314,0.012254901960784314,0.00980392156862745,0.01715686274509804,0.014705882352941176,0.014705882352941176,0.004901960784313725,0.014705882352941176,0.004901960784313725,0.0024509803921568627,0.004901960784313725,0.0024509803921568627,0.0,0.004901960784313725,0.0,0.0,0.0024509803921568627,0.0,0.0,0.004901960784313725,0.0024509803921568627,0.004901960784313725,0.004901960784313725,0.004901960784313725,0.0024509803921568627,0.007352941176470588,0.0,0.0,0.0,0.0,0.0024509803921568627,0.0,0.0,0.0,0.0,0.0024509803921568627,0.0,0.0,0.0,0.0024509803921568627,0.0,0.0,0.0,0.0,0.0024509803921568627,0.0,0.0,0.0,0.0,0.0,0.0,0.0,0.0,0.0,0.0,0.0,0.0,0.0,0.0,0.0,0.0,0.0,0.0,0.0,0.0,0.0,0.0,0.0,0.0,0.0,0.0,0.0,0.0,0.0,0.0,0.0
J07A1011,0.12142857142857143,0.12857142857142856,0.12857142857142856,0.07857142857142857,0.08333333333333333,0.0761904761904762,0.07380952380952381,0.02857142857142857,0.03571428571428571,0.02619047619047619,0.02619047619047619,0.030952380952380953,0.01904761904761905,0.014285714285714285,0.004761904761904762,0.016666666666666666,0.009523809523809525,0.011904761904761904,0.007142857142857143,0.011904761904761904,0.004761904761904762,0.002380952380952381,0.009523809523809525,0.004761904761904762,0.007142857142857143,0.0,0.002380952380952381,0.002380952380952381,0.002380952380952381,0.004761904761904762,0.002380952380952381,0.0,0.0,0.0,0.004761904761904762,0.0,0.0,0.002380952380952381,0.0,0.0,0.0,0.0,0.004761904761904762,0.0,0.002380952380952381,0.004761904761904762,0.0,0.0,0.0,0.0,0.0,0.0,0.0,0.0,0.0,0.0,0.0,0.0,0.0,0.0,0.0,0.0,0.0,0.0,0.0,0.0,0.0,0.0,0.0,0.0,0.0,0.0,0.0,0.0,0.0,0.0,0.0,0.0,0.002380952380952381,0.0,0.0,0.0,0.0,0.0,0.0,0.0,0.0,0.0,0.0,0.0,0.0,0.0,0.0,0.0,0.002380952380952381,0.0,0.0,0.0,0.0,0.0,0.0
J07A1012,0.05793991416309013,0.09656652360515021,0.11802575107296137,0.07725321888412018,0.07939914163090128,0.05793991416309013,0.06223175965665236,0.05793991416309013,0.0407725321888412,0.0407725321888412,0.032188841201716736,0.02575107296137339,0.015021459227467811,0.01072961373390558,0.032188841201716736,0.019313304721030045,0.012875536480686695,0.02145922746781116,0.019313304721030045,0.008583690987124463,0.006437768240343348,0.017167381974248927,0.01072961373390558,0.004291845493562232,0.004291845493562232,0.006437768240343348,0.002145922746781116,0.008583690987124463,0.002145922746781116,0.002145922746781116,0.01072961373390558,0.004291845493562232,0.0,0.002145922746781116,0.002145922746781116,0.002145922746781116,0.004291845493562232,0.002145922746781116,0.0,0.002145922746781116,0.002145922746781116,0.004291845493562232,0.0,0.0,0.0,0.004291845493562232,0.002145922746781116,0.0,0.0,0.0,0.0,0.0,0.0,0.0,0.002145922746781116,0.0,0.002145922746781116,0.0,0.0,0.0,0.0,0.0,0.0,0.0,0.002145922746781116,0.0,0.0,0.0,0.0,0.0,0.0,0.0,0.0,0.0,0.0,0.0,0.0,0.0,0.0,0.0,0.0,0.0,0.0,0.0,0.0,0.0,0.0,0.0,0.0,0.0,0.0,0.0,0.0,0.0,0.0,0.0,0.0,0.0,0.0,0.0,0.0
J07A1013,0.040697674418604654,0.046511627906976744,0.06395348837209303,0.060077519379844964,0.07170542635658915,0.05813953488372093,0.040697674418604654,0.046511627906976744,0.03682170542635659,0.03875968992248062,0.03875968992248062,0.03294573643410853,0.05232558139534884,0.03682170542635659,0.03682170542635659,0.025193798449612403,0.01937984496124031,0.023255813953488372,0.01744186046511628,0.029069767441860465,0.01937984496124031,0.015503875968992248,0.01744186046511628,0.005813953488372093,0.015503875968992248,0.001937984496124031,0.009689922480620155,0.005813953488372093,0.003875968992248062,0.005813953488372093,0.005813953488372093,0.007751937984496124,0.005813953488372093,0.003875968992248062,0.003875968992248062,0.005813953488372093,0.009689922480620155,0.0,0.003875968992248062,0.001937984496124031,0.003875968992248062,0.0,0.001937984496124031,0.005813953488372093,0.001937984496124031,0.005813953488372093,0.001937984496124031,0.0,0.001937984496124031,0.0,0.0,0.001937984496124031,0.001937984496124031,0.0,0.0,0.0,0.0,0.0,0.0,0.0,0.0,0.0,0.0,0.0,0.001937984496124031,0.0,0.0,0.001937984496124031,0.0,0.0,0.0,0.0,0.0,0.0,0.0,0.0,0.0,0.001937984496124031,0.0,0.0,0.0,0.0,0.0,0.0,0.0,0.0,0.0,0.0,0.0,0.0,0.001937984496124031,0.0,0.0,0.0,0.0,0.0,0.0,0.0,0.0,0.0,0.0
J07A1014,0.0024691358024691358,0.014814814814814815,0.012345679012345678,0.014814814814814815,0.03209876543209877,0.022222222222222223,0.027160493827160494,0.0345679012345679,0.03950617283950617,0.04691358024691358,0.014814814814814815,0.03950617283950617,0.037037037037037035,0.03209876543209877,0.02962962962962963,0.03950617283950617,0.037037037037037035,0.03209876543209877,0.024691358024691357,0.01728395061728395,0.01728395061728395,0.009876543209876543,0.024691358024691357,0.01728395061728395,0.022222222222222223,0.012345679012345678,0.027160493827160494,0.01728395061728395,0.012345679012345678,0.012345679012345678,0.012345679012345678,0.01728395061728395,0.019753086419753086,0.01728395061728395,0.01728395061728395,0.012345679012345678,0.009876543209876543,0.007407407407407408,0.009876543209876543,0.014814814814814815,0.0024691358024691358,0.012345679012345678,0.01728395061728395,0.012345679012345678,0.007407407407407408,0.007407407407407408,0.0,0.0049382716049382715,0.012345679012345678,0.0049382716049382715,0.0024691358024691358,0.0,0.0049382716049382715,0.0,0.007407407407407408,0.0,0.0,0.0,0.0049382716049382715,0.0,0.007407407407407408,0.0024691358024691358,0.0,0.0,0.007407407407407408,0.0024691358024691358,0.0049382716049382715,0.0,0.0,0.0,0.0,0.0,0.0,0.0024691358024691358,0.0024691358024691358,0.0,0.0,0.0024691358024691358,0.0,0.0,0.0024691358024691358,0.0,0.0024691358024691358,0.0,0.0,0.0,0.0,0.0,0.0,0.0,0.0,0.0,0.0,0.0,0.0,0.0,0.0,0.0,0.0,0.0,0.0
J07A1015,0.006666666666666667,0.03,0.07,0.03333333333333333,0.056666666666666664,0.04,0.07,0.05333333333333334,0.043333333333333335,0.05333333333333334,0.03333333333333333,0.02666666666666667,0.013333333333333334,0.023333333333333334,0.02,0.02,0.01,0.023333333333333334,0.03333333333333333,0.02666666666666667,0.02666666666666667,0.023333333333333334,0.016666666666666666,0.023333333333333334,0.016666666666666666,0.01,0.013333333333333334,0.006666666666666667,0.006666666666666667,0.006666666666666667,0.013333333333333334,0.0033333333333333335,0.006666666666666667,0.0033333333333333335,0.013333333333333334,0.006666666666666667,0.013333333333333334,0.0,0.01,0.01,0.006666666666666667,0.0,0.006666666666666667,0.0033333333333333335,0.0,0.0,0.0033333333333333335,0.0,0.01,0.0033333333333333335,0.0,0.0033333333333333335,0.0033333333333333335,0.006666666666666667,0.0033333333333333335,0.0033333333333333335,0.0033333333333333335,0.006666666666666667,0.0,0.006666666666666667,0.0033333333333333335,0.0,0.0,0.0033333333333333335,0.0,0.0,0.0,0.0,0.0033333333333333335,0.0,0.0,0.0,0.0,0.0,0.0,0.0,0.0033333333333333335,0.0,0.0,0.0,0.0,0.0,0.0,0.0,0.0,0.0,0.0,0.0,0.0,0.0,0.0,0.0,0.0,0.0,0.0,0.0,0.0,0.0,0.0,0.0,0.0
J07A1017,0.04672897196261682,0.09345794392523364,0.0911214953271028,0.04672897196261682,0.0911214953271028,0.053738317757009345,0.056074766355140186,0.06074766355140187,0.0514018691588785,0.04439252336448598,0.028037383177570093,0.02336448598130841,0.028037383177570093,0.035046728971962614,0.018691588785046728,0.018691588785046728,0.02336448598130841,0.016355140186915886,0.02570093457943925,0.011682242990654205,0.016355140186915886,0.009345794392523364,0.011682242990654205,0.011682242990654205,0.009345794392523364,0.004672897196261682,0.002336448598130841,0.004672897196261682,0.007009345794392523,0.004672897196261682,0.0,0.0,0.004672897196261682,0.002336448598130841,0.002336448598130841,0.002336448598130841,0.002336448598130841,0.002336448598130841,0.004672897196261682,0.0,0.002336448598130841,0.002336448598130841,0.002336448598130841,0.0,0.004672897196261682,0.0,0.0,0.0,0.002336448598130841,0.002336448598130841,0.002336448598130841,0.0,0.0,0.002336448598130841,0.0,0.0,0.0,0.0,0.0,0.0,0.0,0.0,0.0,0.0,0.002336448598130841,0.0,0.002336448598130841,0.002336448598130841,0.0,0.0,0.0,0.0,0.002336448598130841,0.0,0.0,0.0,0.0,0.0,0.0,0.0,0.0,0.0,0.0,0.0,0.002336448598130841,0.0,0.0,0.0,0.0,0.0,0.0,0.0,0.0,0.0,0.0,0.0,0.0,0.0,0.0,0.0,0.0
J07A1019,0.0,0.009009009009009009,0.02027027027027027,0.02702702702702703,0.03153153153153153,0.04054054054054054,0.03153153153153153,0.02702702702702703,0.038288288288288286,0.03153153153153153,0.02927927927927928,0.03153153153153153,0.015765765765765764,0.024774774774774775,0.015765765765765764,0.033783783783783786,0.03153153153153153,0.02252252252252252,0.02927927927927928,0.02252252252252252,0.033783783783783786,0.024774774774774775,0.02252252252252252,0.015765765765765764,0.02927927927927928,0.01126126126126126,0.024774774774774775,0.02027027027027027,0.02927927927927928,0.01126126126126126,0.018018018018018018,0.015765765765765764,0.0045045045045045045,0.01126126126126126,0.015765765765765764,0.009009009009009009,0.013513513513513514,0.006756756756756757,0.006756756756756757,0.006756756756756757,0.009009009009009009,0.009009009009009009,0.006756756756756757,0.009009009009009009,0.018018018018018018,0.009009009009009009,0.01126126126126126,0.0022522522522522522,0.01126126126126126,0.0045045045045045045,0.0045045045045045045,0.0,0.009009009009009009,0.0,0.006756756756756757,0.0045045045045045045,0.0022522522522522522,0.0045045045045045045,0.0045045045045045045,0.0045045045045045045,0.0022522522522522522,0.0045045045045045045,0.0022522522522522522,0.0022522522522522522,0.0,0.0,0.0022522522522522522,0.0022522522522522522,0.0,0.0022522522522522522,0.0,0.0022522522522522522,0.0022522522522522522,0.0,0.0,0.0,0.0,0.0,0.0,0.0,0.0,0.0,0.0,0.0,0.0022522522522522522,0.0,0.0,0.0,0.0,0.0,0.0,0.0,0.0,0.0,0.0,0.0,0.0,0.0,0.0,0.0,0.0
J07A1020,0.02178217821782178,0.09306930693069307,0.11089108910891089,0.06930693069306931,0.055445544554455446,0.0297029702970297,0.047524752475247525,0.03564356435643564,0.031683168316831684,0.041584158415841586,0.03564356435643564,0.011881188118811881,0.019801980198019802,0.011881188118811881,0.027722772277227723,0.019801980198019802,0.027722772277227723,0.015841584158415842,0.027722772277227723,0.02178217821782178,0.02574257425742574,0.011881188118811881,0.019801980198019802,0.007920792079207921,0.01782178217821782,0.01782178217821782,0.015841584158415842,0.0039603960396039604,0.009900990099009901,0.009900990099009901,0.013861386138613862,0.0019801980198019802,0.007920792079207921,0.0019801980198019802,0.0019801980198019802,0.0039603960396039604,0.005940594059405941,0.0019801980198019802,0.0039603960396039604,0.0039603960396039604,0.0039603960396039604,0.009900990099009901,0.009900990099009901,0.0039603960396039604,0.0019801980198019802,0.009900990099009901,0.0039603960396039604,0.0,0.0019801980198019802,0.0039603960396039604,0.0,0.0,0.0,0.0,0.0019801980198019802,0.0,0.0,0.0,0.0,0.0,0.0019801980198019802,0.0,0.0,0.0,0.0,0.0019801980198019802,0.0,0.0,0.0,0.0,0.0,0.0,0.0,0.0,0.0,0.0,0.0,0.0,0.0,0.0,0.0,0.0,0.0,0.0,0.0,0.0,0.0,0.0,0.0,0.0,0.0,0.0,0.0,0.0,0.0,0.0,0.0,0.0,0.0,0.0,0.0
J07A1021,0.00468384074941452,0.01873536299765808,0.06323185011709602,0.03747072599531616,0.0585480093676815,0.0468384074941452,0.06088992974238876,0.03981264637002342,0.0468384074941452,0.05620608899297424,0.0468384074941452,0.03747072599531616,0.03278688524590164,0.0234192037470726,0.053864168618266976,0.02810304449648712,0.01405152224824356,0.01873536299765808,0.02810304449648712,0.02576112412177986,0.01405152224824356,0.03044496487119438,0.0117096018735363,0.01405152224824356,0.01873536299765808,0.00936768149882904,0.0117096018735363,0.01639344262295082,0.0117096018735363,0.00936768149882904,0.00936768149882904,0.00234192037470726,0.00468384074941452,0.00702576112412178,0.0117096018735363,0.00468384074941452,0.00936768149882904,0.0,0.0,0.0,0.00234192037470726,0.00936768149882904,0.0,0.0,0.00468384074941452,0.00468384074941452,0.00234192037470726,0.00468384074941452,0.00234192037470726,0.00234192037470726,0.0,0.00468384074941452,0.0,0.0,0.0,0.00234192037470726,0.00234192037470726,0.0,0.0,0.0,0.0,0.0,0.0,0.00234192037470726,0.00234192037470726,0.00702576112412178,0.0,0.0,0.00234192037470726,0.00234192037470726,0.0,0.0,0.0,0.00234192037470726,0.0,0.0,0.0,0.0,0.0,0.0,0.0,0.0,0.0,0.0,0.0,0.0,0.0,0.0,0.0,0.0,0.0,0.0,0.0,0.0,0.0,0.0,0.0,0.0,0.0,0.0,0.0
J07A1022,0.055401662049861494,0.10803324099722991,0.10249307479224377,0.055401662049861494,0.09695290858725762,0.05817174515235457,0.06371191135734072,0.0443213296398892,0.027700831024930747,0.036011080332409975,0.01662049861495845,0.0221606648199446,0.024930747922437674,0.01662049861495845,0.019390581717451522,0.0221606648199446,0.01662049861495845,0.00554016620498615,0.01662049861495845,0.013850415512465374,0.013850415512465374,0.008310249307479225,0.0110803324099723,0.0221606648199446,0.013850415512465374,0.013850415512465374,0.013850415512465374,0.008310249307479225,0.002770083102493075,0.00554016620498615,0.00554016620498615,0.002770083102493075,0.00554016620498615,0.002770083102493075,0.008310249307479225,0.0,0.002770083102493075,0.0,0.00554016620498615,0.00554016620498615,0.0,0.0,0.002770083102493075,0.002770083102493075,0.002770083102493075,0.0,0.0,0.0,0.0,0.002770083102493075,0.002770083102493075,0.0,0.002770083102493075,0.0,0.002770083102493075,0.002770083102493075,0.0,0.0,0.0,0.0,0.0,0.0,0.0,0.0,0.0,0.0,0.0,0.0,0.0,0.0,0.0,0.0,0.0,0.0,0.002770083102493075,0.0,0.0,0.0,0.0,0.0,0.0,0.0,0.0,0.0,0.0,0.0,0.0,0.0,0.0,0.0,0.0,0.0,0.0,0.0,0.0,0.0,0.0,0.0,0.0,0.0,0.0
J07A1023,0.0020964360587002098,0.027253668763102725,0.05241090146750524,0.06289308176100629,0.05870020964360587,0.04612159329140461,0.03773584905660377,0.05450733752620545,0.05241090146750524,0.039832285115303984,0.016771488469601678,0.033542976939203356,0.04612159329140461,0.016771488469601678,0.031446540880503145,0.012578616352201259,0.027253668763102725,0.016771488469601678,0.033542976939203356,0.012578616352201259,0.018867924528301886,0.023060796645702306,0.0020964360587002098,0.016771488469601678,0.012578616352201259,0.008385744234800839,0.014675052410901468,0.008385744234800839,0.014675052410901468,0.0020964360587002098,0.012578616352201259,0.0041928721174004195,0.010482180293501049,0.0020964360587002098,0.006289308176100629,0.008385744234800839,0.008385744234800839,0.008385744234800839,0.014675052410901468,0.008385744234800839,0.008385744234800839,0.0041928721174004195,0.0041928721174004195,0.0020964360587002098,0.0020964360587002098,0.0020964360587002098,0.006289308176100629,0.006289308176100629,0.0020964360587002098,0.0041928721174004195,0.0041928721174004195,0.006289308176100629,0.006289308176100629,0.0020964360587002098,0.0020964360587002098,0.0041928721174004195,0.0020964360587002098,0.0,0.0041928721174004195,0.0,0.0020964360587002098,0.0,0.0020964360587002098,0.0020964360587002098,0.0,0.0,0.0020964360587002098,0.0,0.0,0.0,0.0,0.0,0.0020964360587002098,0.0041928721174004195,0.008385744234800839,0.0020964360587002098,0.0020964360587002098,0.0020964360587002098,0.0041928721174004195,0.0,0.0,0.0041928721174004195,0.0,0.0,0.0,0.0,0.0,0.0,0.0,0.0020964360587002098,0.0,0.0,0.0,0.0,0.0,0.0,0.0,0.0,0.0,0.0,0.0
J07A1024,0.011086474501108648,0.050997782705099776,0.050997782705099776,0.06651884700665188,0.0598669623059867,0.03547671840354767,0.057649667405764965,0.031042128603104215,0.050997782705099776,0.026607538802660754,0.024390243902439025,0.04212860310421286,0.031042128603104215,0.037694013303769404,0.024390243902439025,0.026607538802660754,0.024390243902439025,0.017738359201773836,0.017738359201773836,0.008869179600886918,0.008869179600886918,0.022172949002217297,0.017738359201773836,0.011086474501108648,0.013303769401330377,0.004434589800443459,0.013303769401330377,0.017738359201773836,0.017738359201773836,0.013303769401330377,0.004434589800443459,0.004434589800443459,0.008869179600886918,0.0066518847006651885,0.0022172949002217295,0.011086474501108648,0.013303769401330377,0.0022172949002217295,0.0066518847006651885,0.0066518847006651885,0.0066518847006651885,0.0,0.004434589800443459,0.004434589800443459,0.0022172949002217295,0.0022172949002217295,0.0022172949002217295,0.0022172949002217295,0.008869179600886918,0.0022172949002217295,0.0066518847006651885,0.004434589800443459,0.0022172949002217295,0.0,0.0,0.004434589800443459,0.0066518847006651885,0.0,0.0,0.004434589800443459,0.0066518847006651885,0.0,0.0022172949002217295,0.0,0.0022172949002217295,0.0,0.0022172949002217295,0.0,0.0,0.0022172949002217295,0.004434589800443459,0.0,0.0022172949002217295,0.0,0.0,0.0022172949002217295,0.0,0.0,0.0022172949002217295,0.0,0.0,0.0,0.0,0.0,0.0,0.0,0.0,0.0,0.0022172949002217295,0.0,0.0,0.0,0.0,0.0,0.0,0.0,0.0022172949002217295,0.0,0.0022172949002217295,0.0,0.0
J07A1025,0.022727272727272728,0.011363636363636364,0.0,0.045454545454545456,0.022727272727272728,0.045454545454545456,0.06818181818181818,0.03409090909090909,0.03409090909090909,0.045454545454545456,0.06818181818181818,0.022727272727272728,0.03409090909090909,0.022727272727272728,0.022727272727272728,0.011363636363636364,0.011363636363636364,0.0,0.06818181818181818,0.011363636363636364,0.03409090909090909,0.03409090909090909,0.022727272727272728,0.022727272727272728,0.0,0.011363636363636364,0.03409090909090909,0.011363636363636364,0.011363636363636364,0.011363636363636364,0.03409090909090909,0.0,0.0,0.03409090909090909,0.0,0.011363636363636364,0.011363636363636364,0.0,0.011363636363636364,0.011363636363636364,0.011363636363636364,0.0,0.0,0.011363636363636364,0.011363636363636364,0.0,0.0,0.011363636363636364,0.011363636363636364,0.0,0.0,0.0,0.0,0.011363636363636364,0.022727272727272728,0.0,0.0,0.0,0.0,0.0,0.0,0.0,0.0,0.0,0.0,0.0,0.0,0.0,0.0,0.0,0.0,0.0,0.0,0.0,0.0,0.0,0.0,0.0,0.0,0.0,0.0,0.0,0.0,0.0,0.0,0.0,0.0,0.0,0.0,0.0,0.0,0.0,0.0,0.0,0.0,0.0,0.0,0.0,0.0,0.0,0.0
J07A1026,0.006741573033707865,0.024719101123595506,0.04044943820224719,0.017977528089887642,0.024719101123595506,0.03146067415730337,0.05393258426966292,0.033707865168539325,0.02696629213483146,0.020224719101123594,0.015730337078651686,0.024719101123595506,0.02696629213483146,0.035955056179775284,0.04269662921348315,0.029213483146067417,0.02696629213483146,0.015730337078651686,0.04269662921348315,0.035955056179775284,0.038202247191011236,0.02247191011235955,0.02247191011235955,0.017977528089887642,0.011235955056179775,0.017977528089887642,0.015730337078651686,0.011235955056179775,0.017977528089887642,0.01348314606741573,0.011235955056179775,0.011235955056179775,0.011235955056179775,0.0044943820224719105,0.015730337078651686,0.015730337078651686,0.011235955056179775,0.008988764044943821,0.020224719101123594,0.006741573033707865,0.008988764044943821,0.008988764044943821,0.008988764044943821,0.0022471910112359553,0.0022471910112359553,0.011235955056179775,0.0022471910112359553,0.0044943820224719105,0.0,0.008988764044943821,0.0022471910112359553,0.0022471910112359553,0.006741573033707865,0.0,0.0044943820224719105,0.0044943820224719105,0.0044943820224719105,0.0,0.006741573033707865,0.0022471910112359553,0.0,0.0022471910112359553,0.0022471910112359553,0.006741573033707865,0.0,0.0,0.0044943820224719105,0.0022471910112359553,0.0,0.0022471910112359553,0.0,0.0,0.0022471910112359553,0.0,0.0,0.0,0.0,0.0022471910112359553,0.0,0.0,0.0,0.0,0.0,0.0,0.0,0.0,0.0,0.0,0.0,0.0,0.0,0.0,0.0,0.0,0.0,0.0,0.0,0.0,0.0,0.0,0.0
J07A1027,0.0425531914893617,0.0,0.10638297872340426,0.0,0.06382978723404255,0.0425531914893617,0.19148936170212766,0.02127659574468085,0.1276595744680851,0.0,0.02127659574468085,0.0425531914893617,0.0,0.0,0.06382978723404255,0.0,0.02127659574468085,0.06382978723404255,0.0425531914893617,0.0,0.02127659574468085,0.0,0.02127659574468085,0.0,0.02127659574468085,0.0,0.0425531914893617,0.0,0.02127659574468085,0.0,0.0,0.02127659574468085,0.0,0.0,0.0,0.0,0.0,0.0,0.0,0.0,0.0,0.0,0.0,0.0,0.0,0.0,0.0,0.0,0.0,0.0,0.0,0.0,0.0,0.0,0.0,0.0,0.0,0.0,0.0,0.0,0.0,0.0,0.0,0.0,0.0,0.0,0.0,0.0,0.0,0.0,0.0,0.0,0.0,0.0,0.0,0.0,0.0,0.0,0.0,0.0,0.0,0.0,0.0,0.0,0.0,0.0,0.0,0.0,0.0,0.0,0.0,0.0,0.0,0.0,0.0,0.0,0.0,0.0,0.0,0.0,0.0
J07A1028,0.005208333333333333,0.07291666666666667,0.052083333333333336,0.08333333333333333,0.046875,0.07291666666666667,0.052083333333333336,0.052083333333333336,0.052083333333333336,0.026041666666666668,0.046875,0.041666666666666664,0.03125,0.010416666666666666,0.026041666666666668,0.020833333333333332,0.03125,0.020833333333333332,0.0,0.020833333333333332,0.020833333333333332,0.036458333333333336,0.005208333333333333,0.010416666666666666,0.015625,0.010416666666666666,0.010416666666666666,0.015625,0.005208333333333333,0.005208333333333333,0.005208333333333333,0.020833333333333332,0.005208333333333333,0.0,0.005208333333333333,0.005208333333333333,0.005208333333333333,0.0,0.0,0.0,0.0,0.0,0.005208333333333333,0.005208333333333333,0.005208333333333333,0.0,0.0,0.005208333333333333,0.0,0.0,0.0,0.0,0.0,0.005208333333333333,0.005208333333333333,0.0,0.0,0.005208333333333333,0.005208333333333333,0.0,0.0,0.005208333333333333,0.0,0.0,0.0,0.0,0.0,0.0,0.0,0.0,0.0,0.0,0.0,0.0,0.0,0.0,0.0,0.0,0.005208333333333333,0.0,0.0,0.0,0.0,0.0,0.0,0.0,0.0,0.0,0.0,0.0,0.0,0.0,0.0,0.0,0.0,0.0,0.0,0.0,0.0,0.0,0.0
J07A1030,0.016,0.036,0.052,0.028,0.032,0.032,0.028,0.056,0.068,0.048,0.064,0.028,0.028,0.036,0.044,0.024,0.036,0.016,0.024,0.036,0.032,0.008,0.02,0.004,0.012,0.012,0.016,0.004,0.024,0.024,0.012,0.0,0.008,0.012,0.004,0.008,0.0,0.004,0.0,0.004,0.004,0.008,0.0,0.004,0.004,0.004,0.0,0.004,0.0,0.004,0.0,0.004,0.0,0.0,0.0,0.004,0.004,0.0,0.0,0.0,0.0,0.0,0.0,0.0,0.012,0.004,0.0,0.0,0.0,0.0,0.0,0.0,0.0,0.0,0.0,0.0,0.0,0.0,0.0,0.0,0.0,0.0,0.0,0.0,0.0,0.0,0.0,0.0,0.0,0.0,0.0,0.0,0.0,0.0,0.0,0.0,0.0,0.0,0.0,0.0,0.0
J07A1031,0.126232741617357,0.15187376725838264,0.07495069033530571,0.0611439842209073,0.08481262327416174,0.05719921104536489,0.047337278106508875,0.04339250493096647,0.029585798816568046,0.027613412228796843,0.03155818540433925,0.015779092702169626,0.01972386587771203,0.013806706114398421,0.01972386587771203,0.011834319526627219,0.02564102564102564,0.011834319526627219,0.01972386587771203,0.0039447731755424065,0.007889546351084813,0.0039447731755424065,0.009861932938856016,0.007889546351084813,0.009861932938856016,0.007889546351084813,0.0019723865877712033,0.0039447731755424065,0.011834319526627219,0.005917159763313609,0.0039447731755424065,0.005917159763313609,0.0019723865877712033,0.0039447731755424065,0.0019723865877712033,0.0019723865877712033,0.0,0.0019723865877712033,0.0019723865877712033,0.0,0.0,0.0039447731755424065,0.0,0.0,0.0019723865877712033,0.0019723865877712033,0.0019723865877712033,0.0,0.0019723865877712033,0.0019723865877712033,0.0,0.0019723865877712033,0.0039447731755424065,0.0,0.0,0.0019723865877712033,0.0019723865877712033,0.0,0.0,0.0,0.0,0.0,0.0,0.0,0.0,0.0,0.0,0.0,0.0,0.0,0.0,0.0,0.0,0.0,0.0,0.0,0.0019723865877712033,0.0,0.0,0.0,0.0,0.0,0.0,0.0,0.0,0.0,0.0,0.0019723865877712033,0.0,0.0,0.0,0.0,0.0,0.0,0.0,0.0,0.0,0.0,0.0,0.0,0.0
J07A1032,0.009615384615384616,0.00641025641025641,0.0,0.02564102564102564,0.04487179487179487,0.009615384615384616,0.022435897435897436,0.02564102564102564,0.019230769230769232,0.022435897435897436,0.028846153846153848,0.028846153846153848,0.028846153846153848,0.04807692307692308,0.03205128205128205,0.022435897435897436,0.022435897435897436,0.022435897435897436,0.009615384615384616,0.01282051282051282,0.019230769230769232,0.041666666666666664,0.03205128205128205,0.022435897435897436,0.022435897435897436,0.03205128205128205,0.03205128205128205,0.00641025641025641,0.009615384615384616,0.019230769230769232,0.003205128205128205,0.009615384615384616,0.00641025641025641,0.02564102564102564,0.019230769230769232,0.01282051282051282,0.016025641025641024,0.01282051282051282,0.009615384615384616,0.00641025641025641,0.016025641025641024,0.00641025641025641,0.009615384615384616,0.019230769230769232,0.009615384615384616,0.01282051282051282,0.01282051282051282,0.00641025641025641,0.003205128205128205,0.003205128205128205,0.01282051282051282,0.003205128205128205,0.003205128205128205,0.003205128205128205,0.00641025641025641,0.009615384615384616,0.009615384615384616,0.003205128205128205,0.009615384615384616,0.0,0.0,0.0,0.003205128205128205,0.00641025641025641,0.0,0.0,0.003205128205128205,0.00641025641025641,0.0,0.0,0.003205128205128205,0.003205128205128205,0.00641025641025641,0.003205128205128205,0.0,0.0,0.0,0.0,0.0,0.003205128205128205,0.0,0.0,0.0,0.0,0.0,0.0,0.0,0.0,0.0,0.0,0.0,0.0,0.0,0.0,0.0,0.0,0.0,0.0,0.0,0.0,0.0
J07A1033,0.008287292817679558,0.03591160220994475,0.058011049723756904,0.03867403314917127,0.06077348066298342,0.03038674033149171,0.04696132596685083,0.04143646408839779,0.03314917127071823,0.04143646408839779,0.049723756906077346,0.024861878453038673,0.019337016574585635,0.022099447513812154,0.03591160220994475,0.027624309392265192,0.03314917127071823,0.016574585635359115,0.024861878453038673,0.022099447513812154,0.013812154696132596,0.022099447513812154,0.011049723756906077,0.011049723756906077,0.013812154696132596,0.008287292817679558,0.013812154696132596,0.011049723756906077,0.011049723756906077,0.03038674033149171,0.013812154696132596,0.008287292817679558,0.011049723756906077,0.016574585635359115,0.008287292817679558,0.0055248618784530384,0.013812154696132596,0.0055248618784530384,0.0,0.013812154696132596,0.0027624309392265192,0.0,0.0,0.016574585635359115,0.008287292817679558,0.0027624309392265192,0.0,0.0055248618784530384,0.0,0.0055248618784530384,0.0,0.0055248618784530384,0.008287292817679558,0.0027624309392265192,0.0,0.0027624309392265192,0.0,0.0,0.0027624309392265192,0.0055248618784530384,0.0,0.0027624309392265192,0.0,0.0,0.0,0.0055248618784530384,0.0,0.0,0.0,0.0,0.0,0.0,0.0027624309392265192,0.0027624309392265192,0.0027624309392265192,0.0,0.0,0.0,0.0,0.0,0.0,0.0,0.0,0.0,0.0,0.0,0.0,0.0,0.0,0.0,0.0,0.0,0.0,0.0,0.0,0.0,0.0,0.0,0.0,0.0,0.0
J07A1034,0.0,0.01694915254237288,0.030508474576271188,0.013559322033898305,0.0576271186440678,0.03389830508474576,0.05084745762711865,0.02711864406779661,0.02711864406779661,0.07457627118644068,0.04067796610169491,0.020338983050847456,0.023728813559322035,0.023728813559322035,0.030508474576271188,0.023728813559322035,0.04067796610169491,0.020338983050847456,0.010169491525423728,0.020338983050847456,0.04406779661016949,0.023728813559322035,0.01694915254237288,0.006779661016949152,0.020338983050847456,0.01694915254237288,0.020338983050847456,0.013559322033898305,0.020338983050847456,0.013559322033898305,0.020338983050847456,0.006779661016949152,0.010169491525423728,0.010169491525423728,0.010169491525423728,0.006779661016949152,0.013559322033898305,0.006779661016949152,0.006779661016949152,0.003389830508474576,0.013559322033898305,0.010169491525423728,0.013559322033898305,0.006779661016949152,0.003389830508474576,0.006779661016949152,0.006779661016949152,0.003389830508474576,0.0,0.006779661016949152,0.003389830508474576,0.006779661016949152,0.006779661016949152,0.0,0.003389830508474576,0.003389830508474576,0.006779661016949152,0.0,0.0,0.0,0.0,0.0,0.0,0.0,0.003389830508474576,0.003389830508474576,0.003389830508474576,0.0,0.0,0.003389830508474576,0.003389830508474576,0.0,0.003389830508474576,0.0,0.0,0.0,0.0,0.0,0.0,0.0,0.0,0.0,0.0,0.0,0.0,0.0,0.0,0.0,0.0,0.0,0.0,0.0,0.0,0.0,0.0,0.0,0.0,0.0,0.0,0.0,0.0
J07A1036,0.06937799043062201,0.07416267942583732,0.06220095693779904,0.05502392344497608,0.05980861244019139,0.05741626794258373,0.050239234449760764,0.05263157894736842,0.03588516746411483,0.02631578947368421,0.03588516746411483,0.045454545454545456,0.03827751196172249,0.028708133971291867,0.028708133971291867,0.03110047846889952,0.0215311004784689,0.01674641148325359,0.03110047846889952,0.014354066985645933,0.007177033492822967,0.03110047846889952,0.011961722488038277,0.009569377990430622,0.014354066985645933,0.007177033492822967,0.011961722488038277,0.007177033492822967,0.0023923444976076554,0.009569377990430622,0.0023923444976076554,0.0023923444976076554,0.004784688995215311,0.007177033492822967,0.004784688995215311,0.0023923444976076554,0.0,0.0,0.0023923444976076554,0.0,0.0,0.0023923444976076554,0.004784688995215311,0.0,0.0023923444976076554,0.0023923444976076554,0.0023923444976076554,0.0,0.0023923444976076554,0.0,0.0023923444976076554,0.0,0.0023923444976076554,0.0,0.0,0.0,0.0,0.0,0.0023923444976076554,0.0,0.0,0.0023923444976076554,0.0,0.0,0.0,0.0,0.0,0.0,0.0,0.0,0.0,0.0,0.0,0.0,0.0,0.0,0.0,0.0,0.0,0.0,0.0,0.0,0.0,0.0,0.0,0.0,0.0,0.0,0.0,0.0,0.0,0.0,0.0,0.0,0.0,0.0,0.0,0.0,0.0,0.0,0.0
J07A1038,0.0465587044534413,0.06680161943319839,0.10323886639676114,0.07894736842105263,0.0728744939271255,0.05060728744939271,0.06072874493927125,0.04251012145748988,0.05060728744939271,0.048582995951417005,0.030364372469635626,0.0465587044534413,0.022267206477732792,0.022267206477732792,0.01417004048582996,0.01417004048582996,0.020242914979757085,0.020242914979757085,0.01417004048582996,0.010121457489878543,0.012145748987854251,0.004048582995951417,0.010121457489878543,0.012145748987854251,0.008097165991902834,0.006072874493927126,0.004048582995951417,0.004048582995951417,0.006072874493927126,0.008097165991902834,0.006072874493927126,0.008097165991902834,0.006072874493927126,0.0020242914979757085,0.004048582995951417,0.0020242914979757085,0.004048582995951417,0.004048582995951417,0.004048582995951417,0.006072874493927126,0.0020242914979757085,0.0020242914979757085,0.0020242914979757085,0.0,0.0020242914979757085,0.008097165991902834,0.006072874493927126,0.006072874493927126,0.0,0.0,0.0,0.0,0.0,0.0,0.0020242914979757085,0.0020242914979757085,0.0,0.004048582995951417,0.0020242914979757085,0.0,0.0,0.0,0.0,0.0020242914979757085,0.0,0.0,0.0,0.0,0.0,0.0,0.0,0.0,0.0,0.0020242914979757085,0.0,0.0,0.0,0.0,0.0,0.0,0.0,0.0,0.0,0.0,0.0,0.0,0.0,0.0,0.0,0.0,0.0,0.0,0.0,0.0,0.0,0.0,0.0,0.0,0.0,0.0,0.0
J07A1039,0.0234375,0.03125,0.03125,0.0546875,0.0390625,0.0546875,0.0625,0.03125,0.0546875,0.0546875,0.046875,0.0625,0.03125,0.0546875,0.0078125,0.015625,0.0234375,0.0390625,0.0546875,0.03125,0.0,0.0,0.03125,0.0078125,0.015625,0.015625,0.0,0.0078125,0.015625,0.0,0.0078125,0.0078125,0.0,0.0078125,0.0078125,0.0,0.03125,0.0,0.0078125,0.0,0.0,0.0,0.0,0.0,0.0,0.0078125,0.0,0.0,0.0,0.0,0.0,0.0,0.0,0.0,0.0,0.0,0.0,0.0,0.0,0.0,0.0,0.0,0.0078125,0.0,0.0,0.0,0.0,0.0078125,0.0,0.0,0.0,0.0,0.0078125,0.0,0.0,0.0,0.0,0.0,0.0,0.0,0.0,0.0,0.0,0.0,0.0,0.0,0.0,0.0,0.0,0.0,0.0,0.0,0.0,0.0,0.0,0.0,0.0,0.0,0.0,0.0,0.0
J07A1040,0.0893719806763285,0.12318840579710146,0.08454106280193237,0.057971014492753624,0.06521739130434782,0.05555555555555555,0.04106280193236715,0.028985507246376812,0.033816425120772944,0.028985507246376812,0.033816425120772944,0.033816425120772944,0.016908212560386472,0.016908212560386472,0.026570048309178744,0.012077294685990338,0.033816425120772944,0.00966183574879227,0.012077294685990338,0.012077294685990338,0.014492753623188406,0.004830917874396135,0.014492753623188406,0.014492753623188406,0.00966183574879227,0.004830917874396135,0.00966183574879227,0.012077294685990338,0.014492753623188406,0.016908212560386472,0.004830917874396135,0.0024154589371980675,0.0024154589371980675,0.0,0.00966183574879227,0.007246376811594203,0.0024154589371980675,0.0024154589371980675,0.0024154589371980675,0.0,0.004830917874396135,0.0,0.0,0.0,0.004830917874396135,0.0024154589371980675,0.0,0.0024154589371980675,0.004830917874396135,0.0024154589371980675,0.0024154589371980675,0.0024154589371980675,0.0024154589371980675,0.0,0.0,0.0,0.0024154589371980675,0.0,0.0,0.0,0.0,0.0,0.0,0.0,0.0,0.0024154589371980675,0.0,0.0,0.0,0.0,0.0,0.0,0.0,0.0,0.0,0.0,0.0,0.0,0.0,0.0,0.0,0.0,0.0,0.0,0.0,0.0,0.0,0.0,0.0,0.0,0.0,0.0,0.0,0.0,0.0,0.0,0.0,0.0,0.0,0.0,0.0
J07A1041,0.0024449877750611247,0.0,0.0024449877750611247,0.009779951100244499,0.0024449877750611247,0.012224938875305624,0.017114914425427872,0.007334963325183374,0.009779951100244499,0.012224938875305624,0.019559902200488997,0.014669926650366748,0.012224938875305624,0.034229828850855744,0.02444987775061125,0.019559902200488997,0.02444987775061125,0.022004889975550123,0.019559902200488997,0.017114914425427872,0.029339853300733496,0.02444987775061125,0.03178484107579462,0.014669926650366748,0.04645476772616137,0.02689486552567237,0.022004889975550123,0.014669926650366748,0.014669926650366748,0.014669926650366748,0.019559902200488997,0.02689486552567237,0.012224938875305624,0.019559902200488997,0.022004889975550123,0.012224938875305624,0.012224938875305624,0.017114914425427872,0.014669926650366748,0.022004889975550123,0.02689486552567237,0.014669926650366748,0.012224938875305624,0.004889975550122249,0.012224938875305624,0.012224938875305624,0.0,0.017114914425427872,0.007334963325183374,0.012224938875305624,0.017114914425427872,0.014669926650366748,0.009779951100244499,0.012224938875305624,0.012224938875305624,0.012224938875305624,0.004889975550122249,0.009779951100244499,0.004889975550122249,0.0,0.007334963325183374,0.0,0.009779951100244499,0.004889975550122249,0.004889975550122249,0.014669926650366748,0.004889975550122249,0.007334963325183374,0.004889975550122249,0.0024449877750611247,0.0,0.0024449877750611247,0.0024449877750611247,0.0,0.0,0.0,0.004889975550122249,0.0,0.007334963325183374,0.0,0.0,0.0,0.0,0.0,0.0,0.0,0.0,0.0,0.0,0.0024449877750611247,0.0,0.0,0.0,0.0,0.0,0.0,0.0,0.0,0.0,0.0,0.0
J07A1043,0.0,0.011267605633802818,0.03380281690140845,0.01971830985915493,0.02535211267605634,0.01971830985915493,0.01971830985915493,0.036619718309859155,0.036619718309859155,0.04225352112676056,0.022535211267605635,0.036619718309859155,0.04225352112676056,0.03943661971830986,0.02535211267605634,0.022535211267605635,0.03380281690140845,0.01971830985915493,0.02535211267605634,0.01971830985915493,0.030985915492957747,0.036619718309859155,0.022535211267605635,0.02535211267605634,0.022535211267605635,0.016901408450704224,0.028169014084507043,0.014084507042253521,0.014084507042253521,0.022535211267605635,0.016901408450704224,0.011267605633802818,0.016901408450704224,0.016901408450704224,0.014084507042253521,0.005633802816901409,0.014084507042253521,0.011267605633802818,0.005633802816901409,0.0028169014084507044,0.011267605633802818,0.008450704225352112,0.014084507042253521,0.008450704225352112,0.005633802816901409,0.008450704225352112,0.008450704225352112,0.0028169014084507044,0.005633802816901409,0.0,0.0,0.005633802816901409,0.0028169014084507044,0.0,0.0028169014084507044,0.005633802816901409,0.008450704225352112,0.0,0.008450704225352112,0.0,0.0,0.0,0.0,0.0028169014084507044,0.0,0.0,0.0028169014084507044,0.0,0.0,0.0,0.0028169014084507044,0.0,0.0,0.0,0.0,0.0028169014084507044,0.0,0.0,0.0,0.0,0.0,0.0,0.0,0.0,0.0,0.0,0.0,0.0,0.0,0.0,0.0,0.0,0.0,0.0,0.0,0.0,0.0,0.0,0.0,0.0,0.0
J07A1045,0.021176470588235293,0.06588235294117648,0.0988235294117647,0.07294117647058823,0.08,0.04470588235294118,0.05647058823529412,0.058823529411764705,0.05176470588235294,0.04,0.03058823529411765,0.018823529411764704,0.018823529411764704,0.018823529411764704,0.018823529411764704,0.03294117647058824,0.02823529411764706,0.011764705882352941,0.01647058823529412,0.011764705882352941,0.01647058823529412,0.007058823529411765,0.01411764705882353,0.01411764705882353,0.01647058823529412,0.009411764705882352,0.011764705882352941,0.007058823529411765,0.011764705882352941,0.009411764705882352,0.011764705882352941,0.002352941176470588,0.007058823529411765,0.002352941176470588,0.002352941176470588,0.002352941176470588,0.004705882352941176,0.004705882352941176,0.002352941176470588,0.0,0.0,0.009411764705882352,0.002352941176470588,0.0,0.002352941176470588,0.0,0.0,0.002352941176470588,0.002352941176470588,0.002352941176470588,0.002352941176470588,0.002352941176470588,0.0,0.0,0.0,0.002352941176470588,0.0,0.002352941176470588,0.0,0.002352941176470588,0.002352941176470588,0.0,0.0,0.002352941176470588,0.002352941176470588,0.0,0.0,0.0,0.0,0.002352941176470588,0.0,0.0,0.002352941176470588,0.0,0.0,0.0,0.0,0.0,0.0,0.0,0.0,0.0,0.0,0.0,0.0,0.0,0.0,0.0,0.0,0.0,0.0,0.0,0.0,0.0,0.0,0.0,0.0,0.0,0.0,0.0,0.0
J07A1046,0.002257336343115124,0.004514672686230248,0.013544018058690745,0.01805869074492099,0.013544018058690745,0.01580135440180587,0.02708803611738149,0.029345372460496615,0.029345372460496615,0.01805869074492099,0.022573363431151242,0.01805869074492099,0.022573363431151242,0.01580135440180587,0.02708803611738149,0.024830699774266364,0.03837471783295711,0.01805869074492099,0.022573363431151242,0.024830699774266364,0.022573363431151242,0.029345372460496615,0.03837471783295711,0.022573363431151242,0.020316027088036117,0.024830699774266364,0.024830699774266364,0.029345372460496615,0.020316027088036117,0.01805869074492099,0.011286681715575621,0.013544018058690745,0.01580135440180587,0.02708803611738149,0.006772009029345372,0.013544018058690745,0.022573363431151242,0.011286681715575621,0.01580135440180587,0.009029345372460496,0.01805869074492099,0.011286681715575621,0.006772009029345372,0.01580135440180587,0.013544018058690745,0.004514672686230248,0.013544018058690745,0.002257336343115124,0.006772009029345372,0.006772009029345372,0.009029345372460496,0.002257336343115124,0.006772009029345372,0.006772009029345372,0.006772009029345372,0.004514672686230248,0.004514672686230248,0.0,0.004514672686230248,0.002257336343115124,0.0,0.0,0.002257336343115124,0.0,0.006772009029345372,0.002257336343115124,0.002257336343115124,0.004514672686230248,0.002257336343115124,0.002257336343115124,0.0,0.006772009029345372,0.002257336343115124,0.002257336343115124,0.0,0.004514672686230248,0.002257336343115124,0.002257336343115124,0.0,0.0,0.002257336343115124,0.0,0.0,0.004514672686230248,0.0,0.0,0.0,0.0,0.0,0.0,0.0,0.0,0.0,0.0,0.0,0.0,0.0,0.0,0.0,0.0,0.0
J07A1047,0.01059322033898305,0.03177966101694915,0.036016949152542374,0.029661016949152543,0.025423728813559324,0.046610169491525424,0.057203389830508475,0.0635593220338983,0.036016949152542374,0.04449152542372881,0.0423728813559322,0.023305084745762712,0.03389830508474576,0.023305084745762712,0.04025423728813559,0.0211864406779661,0.036016949152542374,0.019067796610169493,0.029661016949152543,0.023305084745762712,0.023305084745762712,0.03389830508474576,0.023305084745762712,0.0211864406779661,0.01694915254237288,0.025423728813559324,0.023305084745762712,0.014830508474576272,0.012711864406779662,0.006355932203389831,0.014830508474576272,0.00423728813559322,0.01059322033898305,0.006355932203389831,0.00423728813559322,0.00211864406779661,0.01059322033898305,0.00847457627118644,0.01059322033898305,0.00423728813559322,0.006355932203389831,0.00423728813559322,0.006355932203389831,0.00211864406779661,0.00847457627118644,0.0,0.00211864406779661,0.00211864406779661,0.0,0.0,0.00211864406779661,0.00211864406779661,0.0,0.00423728813559322,0.0,0.0,0.00211864406779661,0.00211864406779661,0.0,0.0,0.0,0.0,0.00211864406779661,0.00211864406779661,0.0,0.0,0.0,0.0,0.0,0.0,0.0,0.0,0.0,0.0,0.0,0.0,0.0,0.0,0.0,0.0,0.0,0.0,0.0,0.0,0.0,0.0,0.0,0.0,0.0,0.0,0.0,0.0,0.0,0.0,0.0,0.0,0.0,0.0,0.0,0.0,0.0
J07A1049,0.04610951008645533,0.09798270893371758,0.09221902017291066,0.040345821325648415,0.04899135446685879,0.03170028818443804,0.08357348703170028,0.05187319884726225,0.06628242074927954,0.040345821325648415,0.06051873198847262,0.0345821325648415,0.0345821325648415,0.023054755043227664,0.02881844380403458,0.023054755043227664,0.023054755043227664,0.011527377521613832,0.01729106628242075,0.0,0.01440922190201729,0.01440922190201729,0.01440922190201729,0.01729106628242075,0.002881844380403458,0.005763688760806916,0.008645533141210375,0.002881844380403458,0.002881844380403458,0.002881844380403458,0.005763688760806916,0.0,0.005763688760806916,0.005763688760806916,0.005763688760806916,0.005763688760806916,0.002881844380403458,0.002881844380403458,0.002881844380403458,0.0,0.0,0.0,0.002881844380403458,0.002881844380403458,0.002881844380403458,0.002881844380403458,0.0,0.0,0.002881844380403458,0.0,0.0,0.0,0.002881844380403458,0.002881844380403458,0.0,0.0,0.0,0.0,0.0,0.0,0.0,0.0,0.0,0.0,0.0,0.0,0.0,0.0,0.0,0.0,0.0,0.0,0.0,0.0,0.0,0.0,0.0,0.0,0.0,0.0,0.0,0.0,0.0,0.0,0.0,0.0,0.0,0.0,0.0,0.0,0.0,0.0,0.0,0.0,0.0,0.0,0.0,0.0,0.0,0.0,0.0
J07A1052,0.0066518847006651885,0.04656319290465632,0.04434589800443459,0.04878048780487805,0.09534368070953436,0.057649667405764965,0.050997782705099776,0.06430155210643015,0.050997782705099776,0.031042128603104215,0.037694013303769404,0.03325942350332594,0.04212860310421286,0.024390243902439025,0.037694013303769404,0.013303769401330377,0.03547671840354767,0.015521064301552107,0.017738359201773836,0.028824833702882482,0.011086474501108648,0.019955654101995565,0.017738359201773836,0.013303769401330377,0.013303769401330377,0.015521064301552107,0.011086474501108648,0.0066518847006651885,0.008869179600886918,0.004434589800443459,0.0022172949002217295,0.004434589800443459,0.008869179600886918,0.0066518847006651885,0.0022172949002217295,0.0066518847006651885,0.004434589800443459,0.004434589800443459,0.0066518847006651885,0.0022172949002217295,0.0022172949002217295,0.0,0.0022172949002217295,0.0022172949002217295,0.0,0.0022172949002217295,0.0,0.004434589800443459,0.0022172949002217295,0.0,0.0022172949002217295,0.0,0.0022172949002217295,0.0022172949002217295,0.0022172949002217295,0.0022172949002217295,0.0022172949002217295,0.0,0.0,0.0,0.0066518847006651885,0.0022172949002217295,0.0022172949002217295,0.0,0.0,0.0,0.0022172949002217295,0.0,0.0,0.0,0.0,0.0,0.0,0.0,0.0,0.0,0.0022172949002217295,0.0,0.0,0.0,0.0,0.0022172949002217295,0.0,0.0,0.0,0.0,0.0,0.0,0.0,0.0,0.0,0.0,0.0,0.0,0.0,0.0,0.0,0.0,0.0,0.0,0.0
J07A1053,0.007371007371007371,0.04668304668304668,0.09336609336609336,0.0687960687960688,0.07371007371007371,0.05896805896805897,0.0687960687960688,0.05896805896805897,0.0687960687960688,0.04914004914004914,0.03931203931203931,0.0343980343980344,0.03194103194103194,0.04176904176904177,0.022113022113022112,0.02702702702702703,0.012285012285012284,0.012285012285012284,0.019656019656019656,0.007371007371007371,0.009828009828009828,0.009828009828009828,0.019656019656019656,0.004914004914004914,0.009828009828009828,0.004914004914004914,0.004914004914004914,0.004914004914004914,0.007371007371007371,0.007371007371007371,0.002457002457002457,0.009828009828009828,0.004914004914004914,0.007371007371007371,0.0,0.004914004914004914,0.0,0.0,0.007371007371007371,0.004914004914004914,0.009828009828009828,0.002457002457002457,0.002457002457002457,0.004914004914004914,0.0,0.0,0.0,0.0,0.002457002457002457,0.0,0.004914004914004914,0.0,0.0,0.0,0.0,0.0,0.002457002457002457,0.0,0.0,0.0,0.002457002457002457,0.0,0.0,0.0,0.0,0.0,0.0,0.0,0.0,0.0,0.0,0.0,0.0,0.0,0.0,0.0,0.0,0.0,0.0,0.0,0.0,0.0,0.0,0.0,0.0,0.0,0.0,0.0,0.0,0.0,0.0,0.0,0.0,0.0,0.0,0.0,0.0,0.0,0.0,0.0,0.0
J07A1055,0.0,0.003401360544217687,0.003401360544217687,0.0,0.013605442176870748,0.0,0.013605442176870748,0.013605442176870748,0.013605442176870748,0.006802721088435374,0.003401360544217687,0.034013605442176874,0.017006802721088437,0.03741496598639456,0.017006802721088437,0.017006802721088437,0.04421768707482993,0.02040816326530612,0.023809523809523808,0.034013605442176874,0.034013605442176874,0.027210884353741496,0.02040816326530612,0.030612244897959183,0.02040816326530612,0.017006802721088437,0.02040816326530612,0.03741496598639456,0.023809523809523808,0.01020408163265306,0.027210884353741496,0.023809523809523808,0.013605442176870748,0.023809523809523808,0.017006802721088437,0.013605442176870748,0.003401360544217687,0.02040816326530612,0.013605442176870748,0.006802721088435374,0.02040816326530612,0.003401360544217687,0.034013605442176874,0.01020408163265306,0.013605442176870748,0.01020408163265306,0.013605442176870748,0.017006802721088437,0.030612244897959183,0.003401360544217687,0.006802721088435374,0.01020408163265306,0.01020408163265306,0.003401360544217687,0.003401360544217687,0.003401360544217687,0.01020408163265306,0.006802721088435374,0.006802721088435374,0.02040816326530612,0.0,0.01020408163265306,0.006802721088435374,0.006802721088435374,0.0,0.003401360544217687,0.0,0.0,0.003401360544217687,0.0,0.0,0.0,0.0,0.0,0.003401360544217687,0.0,0.0,0.003401360544217687,0.0,0.0,0.0,0.0,0.0,0.0,0.003401360544217687,0.0,0.0,0.0,0.0,0.0,0.0,0.0,0.0,0.0,0.0,0.0,0.0,0.0,0.0,0.0,0.0
J07A1057,0.014124293785310734,0.08757062146892655,0.06779661016949153,0.03954802259887006,0.05367231638418079,0.05367231638418079,0.062146892655367235,0.025423728813559324,0.05084745762711865,0.031073446327683617,0.0423728813559322,0.0423728813559322,0.0423728813559322,0.031073446327683617,0.02824858757062147,0.01694915254237288,0.02824858757062147,0.014124293785310734,0.01977401129943503,0.02824858757062147,0.01694915254237288,0.01977401129943503,0.00847457627118644,0.00847457627118644,0.01977401129943503,0.011299435028248588,0.025423728813559324,0.011299435028248588,0.011299435028248588,0.002824858757062147,0.002824858757062147,0.00847457627118644,0.014124293785310734,0.005649717514124294,0.002824858757062147,0.005649717514124294,0.002824858757062147,0.0,0.00847457627118644,0.002824858757062147,0.0,0.0,0.002824858757062147,0.002824858757062147,0.005649717514124294,0.002824858757062147,0.002824858757062147,0.0,0.0,0.0,0.0,0.005649717514124294,0.002824858757062147,0.002824858757062147,0.0,0.0,0.0,0.0,0.0,0.0,0.0,0.0,0.0,0.0,0.0,0.0,0.0,0.0,0.0,0.0,0.0,0.002824858757062147,0.0,0.0,0.0,0.0,0.0,0.0,0.0,0.0,0.0,0.0,0.0,0.0,0.0,0.0,0.0,0.0,0.0,0.0,0.0,0.0,0.0,0.0,0.0,0.0,0.0,0.0,0.0,0.0,0.0
J07A1059,0.029069767441860465,0.0377906976744186,0.0436046511627907,0.0377906976744186,0.05813953488372093,0.02616279069767442,0.03488372093023256,0.04941860465116279,0.03197674418604651,0.0436046511627907,0.0436046511627907,0.03488372093023256,0.040697674418604654,0.03197674418604651,0.03488372093023256,0.02616279069767442,0.03488372093023256,0.02616279069767442,0.020348837209302327,0.014534883720930232,0.020348837209302327,0.0029069767441860465,0.01744186046511628,0.020348837209302327,0.0029069767441860465,0.01744186046511628,0.01744186046511628,0.0029069767441860465,0.01744186046511628,0.00872093023255814,0.014534883720930232,0.00872093023255814,0.0,0.00872093023255814,0.0029069767441860465,0.005813953488372093,0.005813953488372093,0.0029069767441860465,0.005813953488372093,0.0,0.011627906976744186,0.011627906976744186,0.011627906976744186,0.00872093023255814,0.005813953488372093,0.0,0.00872093023255814,0.005813953488372093,0.0,0.0,0.00872093023255814,0.0029069767441860465,0.0029069767441860465,0.0,0.005813953488372093,0.0029069767441860465,0.0,0.0029069767441860465,0.0,0.0029069767441860465,0.0,0.0029069767441860465,0.0,0.0,0.0,0.0,0.0,0.0,0.005813953488372093,0.0,0.0,0.0,0.0,0.0,0.0029069767441860465,0.0,0.0,0.0,0.0,0.0,0.00872093023255814,0.0,0.0,0.0,0.0,0.0,0.0,0.0,0.0,0.0,0.0029069767441860465,0.0,0.0,0.0,0.0,0.0,0.0,0.0,0.0,0.0,0.0
J07A1060,0.00684931506849315,0.02511415525114155,0.0273972602739726,0.0410958904109589,0.0547945205479452,0.03881278538812785,0.02968036529680365,0.0410958904109589,0.0365296803652968,0.045662100456621,0.04337899543378995,0.0365296803652968,0.03424657534246575,0.0319634703196347,0.0365296803652968,0.0182648401826484,0.0319634703196347,0.0182648401826484,0.03424657534246575,0.01141552511415525,0.03424657534246575,0.01598173515981735,0.01141552511415525,0.01141552511415525,0.02054794520547945,0.0228310502283105,0.0182648401826484,0.0091324200913242,0.0136986301369863,0.0136986301369863,0.02054794520547945,0.0091324200913242,0.0091324200913242,0.00684931506849315,0.00684931506849315,0.0091324200913242,0.0045662100456621,0.0136986301369863,0.0045662100456621,0.00684931506849315,0.0,0.0091324200913242,0.0045662100456621,0.00684931506849315,0.0,0.0091324200913242,0.0091324200913242,0.0045662100456621,0.0,0.0045662100456621,0.00228310502283105,0.0045662100456621,0.00228310502283105,0.00228310502283105,0.0045662100456621,0.00228310502283105,0.00228310502283105,0.00228310502283105,0.0,0.0045662100456621,0.0045662100456621,0.00228310502283105,0.00228310502283105,0.0,0.0,0.00228310502283105,0.0,0.0,0.00228310502283105,0.0,0.00228310502283105,0.0,0.0,0.0,0.0,0.0,0.0,0.0,0.0,0.00228310502283105,0.0,0.0,0.0,0.0,0.0,0.0,0.0,0.0,0.0,0.0,0.0,0.0,0.0,0.0,0.0,0.0,0.0,0.0,0.0,0.0,0.0
J07A1061,0.009280742459396751,0.009280742459396751,0.03480278422273782,0.04640371229698376,0.04640371229698376,0.05568445475638051,0.048723897911832945,0.03248259860788863,0.037122969837587005,0.037122969837587005,0.05104408352668213,0.03480278422273782,0.07192575406032482,0.03480278422273782,0.02320185614849188,0.02320185614849188,0.037122969837587005,0.02320185614849188,0.018561484918793503,0.018561484918793503,0.027842227378190254,0.025522041763341066,0.016241299303944315,0.025522041763341066,0.013921113689095127,0.018561484918793503,0.01160092807424594,0.004640371229698376,0.016241299303944315,0.0069605568445475635,0.013921113689095127,0.0069605568445475635,0.009280742459396751,0.016241299303944315,0.0069605568445475635,0.01160092807424594,0.0069605568445475635,0.004640371229698376,0.013921113689095127,0.004640371229698376,0.009280742459396751,0.004640371229698376,0.002320185614849188,0.002320185614849188,0.0,0.0,0.002320185614849188,0.004640371229698376,0.002320185614849188,0.0,0.002320185614849188,0.0,0.0,0.0,0.0,0.002320185614849188,0.0,0.0,0.0,0.004640371229698376,0.0,0.0,0.0,0.002320185614849188,0.0,0.0,0.0,0.0,0.0,0.0,0.0,0.0,0.002320185614849188,0.0,0.0,0.0,0.0,0.0,0.0,0.0,0.0,0.0,0.002320185614849188,0.0,0.0,0.0,0.0,0.0,0.0,0.0,0.0,0.0,0.0,0.0,0.0,0.0,0.0,0.0,0.0,0.0,0.0
J07A1062,0.027777777777777776,0.06481481481481481,0.09567901234567901,0.07098765432098765,0.06172839506172839,0.07407407407407407,0.033950617283950615,0.030864197530864196,0.04938271604938271,0.046296296296296294,0.033950617283950615,0.030864197530864196,0.033950617283950615,0.037037037037037035,0.018518518518518517,0.018518518518518517,0.027777777777777776,0.018518518518518517,0.018518518518518517,0.024691358024691357,0.015432098765432098,0.009259259259259259,0.030864197530864196,0.006172839506172839,0.012345679012345678,0.012345679012345678,0.0030864197530864196,0.009259259259259259,0.018518518518518517,0.015432098765432098,0.0030864197530864196,0.015432098765432098,0.0,0.0030864197530864196,0.0,0.0,0.0030864197530864196,0.0030864197530864196,0.0,0.0030864197530864196,0.0,0.0030864197530864196,0.0,0.0030864197530864196,0.0,0.0,0.0,0.0,0.0030864197530864196,0.0,0.0,0.0030864197530864196,0.0,0.0,0.0,0.0,0.0030864197530864196,0.0,0.0,0.0,0.0,0.0,0.0,0.0,0.0,0.0,0.0,0.0,0.0,0.0,0.0030864197530864196,0.0,0.0,0.0,0.0,0.0,0.0,0.0,0.0,0.0,0.0,0.0,0.0,0.0,0.0,0.0,0.0,0.0,0.0,0.0,0.0,0.0,0.0,0.0,0.0,0.0,0.0,0.0,0.0,0.0,0.0
J07A1064,0.0,0.020833333333333332,0.020833333333333332,0.020833333333333332,0.0,0.020833333333333332,0.041666666666666664,0.0,0.0,0.0,0.041666666666666664,0.0,0.0,0.020833333333333332,0.0625,0.0,0.0625,0.041666666666666664,0.08333333333333333,0.041666666666666664,0.020833333333333332,0.020833333333333332,0.020833333333333332,0.0,0.041666666666666664,0.020833333333333332,0.041666666666666664,0.041666666666666664,0.0,0.041666666666666664,0.020833333333333332,0.041666666666666664,0.020833333333333332,0.020833333333333332,0.0,0.0,0.0,0.0,0.0,0.020833333333333332,0.020833333333333332,0.0,0.0,0.0,0.0,0.0,0.020833333333333332,0.020833333333333332,0.0,0.0,0.020833333333333332,0.0,0.020833333333333332,0.0,0.0,0.020833333333333332,0.0,0.0,0.0,0.0,0.0,0.0,0.0,0.020833333333333332,0.0,0.0,0.0,0.0,0.0,0.0,0.0,0.0,0.0,0.0,0.0,0.0,0.0,0.0,0.0,0.0,0.0,0.0,0.0,0.0,0.0,0.0,0.0,0.0,0.0,0.0,0.0,0.0,0.0,0.0,0.0,0.0,0.0,0.0,0.0,0.0,0.0
J07A1065,0.0,0.0,0.0,0.0,0.007352941176470588,0.0,0.014705882352941176,0.022058823529411766,0.014705882352941176,0.022058823529411766,0.022058823529411766,0.029411764705882353,0.03676470588235294,0.022058823529411766,0.0661764705882353,0.022058823529411766,0.022058823529411766,0.022058823529411766,0.03676470588235294,0.03676470588235294,0.029411764705882353,0.03676470588235294,0.022058823529411766,0.022058823529411766,0.029411764705882353,0.014705882352941176,0.022058823529411766,0.022058823529411766,0.0,0.007352941176470588,0.014705882352941176,0.022058823529411766,0.051470588235294115,0.007352941176470588,0.014705882352941176,0.0,0.029411764705882353,0.029411764705882353,0.022058823529411766,0.0,0.014705882352941176,0.0,0.0,0.022058823529411766,0.014705882352941176,0.014705882352941176,0.0,0.007352941176470588,0.007352941176470588,0.0,0.014705882352941176,0.014705882352941176,0.0,0.007352941176470588,0.0,0.0,0.0,0.03676470588235294,0.014705882352941176,0.0,0.0,0.007352941176470588,0.0,0.0,0.0,0.0,0.007352941176470588,0.0,0.007352941176470588,0.0,0.0,0.007352941176470588,0.0,0.007352941176470588,0.0,0.0,0.0,0.0,0.0,0.0,0.0,0.0,0.0,0.0,0.0,0.0,0.0,0.0,0.0,0.0,0.0,0.0,0.0,0.0,0.0,0.0,0.0,0.0,0.0,0.0,0.0
J07A1067,0.002352941176470588,0.004705882352941176,0.009411764705882352,0.002352941176470588,0.011764705882352941,0.007058823529411765,0.011764705882352941,0.009411764705882352,0.011764705882352941,0.01411764705882353,0.021176470588235293,0.021176470588235293,0.021176470588235293,0.011764705882352941,0.018823529411764704,0.01647058823529412,0.01647058823529412,0.023529411764705882,0.03294117647058824,0.01411764705882353,0.02823529411764706,0.023529411764705882,0.011764705882352941,0.007058823529411765,0.01411764705882353,0.009411764705882352,0.004705882352941176,0.007058823529411765,0.01647058823529412,0.004705882352941176,0.01411764705882353,0.009411764705882352,0.023529411764705882,0.01647058823529412,0.007058823529411765,0.009411764705882352,0.01647058823529412,0.007058823529411765,0.007058823529411765,0.002352941176470588,0.009411764705882352,0.007058823529411765,0.0,0.0,0.01647058823529412,0.021176470588235293,0.01411764705882353,0.007058823529411765,0.009411764705882352,0.007058823529411765,0.007058823529411765,0.004705882352941176,0.01411764705882353,0.009411764705882352,0.009411764705882352,0.01647058823529412,0.002352941176470588,0.004705882352941176,0.007058823529411765,0.002352941176470588,0.009411764705882352,0.002352941176470588,0.004705882352941176,0.011764705882352941,0.004705882352941176,0.004705882352941176,0.021176470588235293,0.002352941176470588,0.011764705882352941,0.004705882352941176,0.009411764705882352,0.011764705882352941,0.01411764705882353,0.007058823529411765,0.01411764705882353,0.007058823529411765,0.009411764705882352,0.004705882352941176,0.007058823529411765,0.004705882352941176,0.011764705882352941,0.009411764705882352,0.01411764705882353,0.007058823529411765,0.002352941176470588,0.004705882352941176,0.004705882352941176,0.01647058823529412,0.002352941176470588,0.007058823529411765,0.007058823529411765,0.007058823529411765,0.011764705882352941,0.004705882352941176,0.004705882352941176,0.007058823529411765,0.004705882352941176,0.004705882352941176,0.009411764705882352,0.0,0.0
J07A1068,0.008908685968819599,0.06904231625835189,0.07126948775055679,0.0467706013363029,0.0467706013363029,0.031180400890868598,0.022271714922048998,0.031180400890868598,0.042316258351893093,0.0334075723830735,0.035634743875278395,0.017817371937639197,0.026726057906458798,0.0200445434298441,0.011135857461024499,0.022271714922048998,0.0200445434298441,0.008908685968819599,0.011135857461024499,0.015590200445434299,0.022271714922048998,0.017817371937639197,0.013363028953229399,0.013363028953229399,0.011135857461024499,0.008908685968819599,0.011135857461024499,0.0066815144766146995,0.008908685968819599,0.011135857461024499,0.011135857461024499,0.004454342984409799,0.013363028953229399,0.004454342984409799,0.011135857461024499,0.0066815144766146995,0.0066815144766146995,0.004454342984409799,0.011135857461024499,0.004454342984409799,0.011135857461024499,0.004454342984409799,0.0022271714922048997,0.0,0.0066815144766146995,0.013363028953229399,0.004454342984409799,0.008908685968819599,0.0066815144766146995,0.0022271714922048997,0.013363028953229399,0.0022271714922048997,0.0022271714922048997,0.0022271714922048997,0.011135857461024499,0.008908685968819599,0.0022271714922048997,0.004454342984409799,0.0022271714922048997,0.004454342984409799,0.004454342984409799,0.004454342984409799,0.004454342984409799,0.0022271714922048997,0.0066815144766146995,0.004454342984409799,0.004454342984409799,0.0022271714922048997,0.004454342984409799,0.0022271714922048997,0.0,0.0022271714922048997,0.004454342984409799,0.0022271714922048997,0.0022271714922048997,0.004454342984409799,0.004454342984409799,0.0,0.0022271714922048997,0.0066815144766146995,0.0,0.0,0.0,0.004454342984409799,0.0,0.0,0.0022271714922048997,0.004454342984409799,0.004454342984409799,0.004454342984409799,0.0022271714922048997,0.0,0.0,0.0,0.0,0.0,0.0,0.0,0.0,0.0,0.0
J07A1070,0.019955654101995565,0.08425720620842572,0.082039911308204,0.07982261640798226,0.07095343680709534,0.03325942350332594,0.06873614190687362,0.06430155210643015,0.050997782705099776,0.03991130820399113,0.028824833702882482,0.024390243902439025,0.031042128603104215,0.031042128603104215,0.026607538802660754,0.028824833702882482,0.015521064301552107,0.011086474501108648,0.022172949002217297,0.008869179600886918,0.008869179600886918,0.024390243902439025,0.008869179600886918,0.013303769401330377,0.013303769401330377,0.011086474501108648,0.013303769401330377,0.0066518847006651885,0.017738359201773836,0.004434589800443459,0.0022172949002217295,0.008869179600886918,0.0,0.004434589800443459,0.0,0.0,0.0022172949002217295,0.0022172949002217295,0.004434589800443459,0.0022172949002217295,0.0,0.0022172949002217295,0.0022172949002217295,0.0,0.0,0.0,0.0,0.0066518847006651885,0.0,0.0,0.0,0.0022172949002217295,0.0022172949002217295,0.0,0.0,0.0022172949002217295,0.0,0.0,0.004434589800443459,0.0022172949002217295,0.0022172949002217295,0.0,0.0022172949002217295,0.0,0.0,0.0,0.0,0.0,0.0,0.0,0.0,0.0,0.0,0.0,0.0,0.0,0.0,0.0,0.0,0.0,0.0,0.0,0.0,0.0,0.0,0.0,0.0,0.0,0.0,0.0,0.0,0.0,0.0,0.0,0.0,0.0,0.0,0.0,0.0,0.0,0.0
J07A1073,0.015555555555555555,0.03111111111111111,0.044444444444444446,0.05555555555555555,0.06,0.04666666666666667,0.06222222222222222,0.05555555555555555,0.028888888888888888,0.042222222222222223,0.02,0.04666666666666667,0.03777777777777778,0.028888888888888888,0.02666666666666667,0.017777777777777778,0.024444444444444446,0.017777777777777778,0.028888888888888888,0.017777777777777778,0.022222222222222223,0.024444444444444446,0.02,0.015555555555555555,0.008888888888888889,0.006666666666666667,0.015555555555555555,0.0044444444444444444,0.017777777777777778,0.011111111111111112,0.013333333333333334,0.006666666666666667,0.02,0.008888888888888889,0.008888888888888889,0.0044444444444444444,0.0044444444444444444,0.008888888888888889,0.0,0.0044444444444444444,0.0022222222222222222,0.0044444444444444444,0.0022222222222222222,0.006666666666666667,0.0,0.0044444444444444444,0.0022222222222222222,0.0022222222222222222,0.0044444444444444444,0.0022222222222222222,0.0044444444444444444,0.0022222222222222222,0.0022222222222222222,0.0044444444444444444,0.0,0.0,0.0,0.0022222222222222222,0.0022222222222222222,0.0,0.0,0.0,0.0022222222222222222,0.0022222222222222222,0.0022222222222222222,0.0022222222222222222,0.0,0.0,0.0,0.0,0.0022222222222222222,0.0,0.0,0.0,0.0,0.0,0.0,0.0,0.0022222222222222222,0.0,0.0,0.0,0.0,0.0,0.0,0.0,0.0,0.0,0.0,0.0022222222222222222,0.0,0.0,0.0,0.0,0.0,0.0,0.0,0.0,0.0,0.0,0.0
J07A1074,0.002178649237472767,0.013071895424836602,0.02178649237472767,0.008714596949891068,0.026143790849673203,0.02178649237472767,0.034858387799564274,0.034858387799564274,0.0392156862745098,0.034858387799564274,0.04139433551198257,0.037037037037037035,0.030501089324618737,0.030501089324618737,0.0392156862745098,0.032679738562091505,0.04139433551198257,0.023965141612200435,0.02832244008714597,0.02832244008714597,0.026143790849673203,0.023965141612200435,0.023965141612200435,0.010893246187363835,0.026143790849673203,0.02832244008714597,0.023965141612200435,0.023965141612200435,0.015250544662309368,0.02178649237472767,0.017429193899782137,0.004357298474945534,0.006535947712418301,0.010893246187363835,0.010893246187363835,0.015250544662309368,0.02178649237472767,0.010893246187363835,0.004357298474945534,0.004357298474945534,0.013071895424836602,0.004357298474945534,0.004357298474945534,0.002178649237472767,0.004357298474945534,0.010893246187363835,0.004357298474945534,0.008714596949891068,0.006535947712418301,0.002178649237472767,0.0,0.004357298474945534,0.004357298474945534,0.004357298474945534,0.002178649237472767,0.0,0.0,0.004357298474945534,0.002178649237472767,0.004357298474945534,0.0,0.0,0.002178649237472767,0.002178649237472767,0.0,0.0,0.0,0.0,0.0,0.002178649237472767,0.0,0.0,0.0,0.002178649237472767,0.0,0.0,0.0,0.0,0.002178649237472767,0.0,0.0,0.0,0.0,0.0,0.0,0.0,0.0,0.0,0.0,0.0,0.0,0.0,0.0,0.0,0.0,0.0,0.0,0.0,0.0,0.0,0.0
J07A1075,0.018691588785046728,0.03426791277258567,0.04672897196261682,0.037383177570093455,0.040498442367601244,0.040498442367601244,0.04672897196261682,0.024922118380062305,0.04672897196261682,0.03426791277258567,0.040498442367601244,0.03115264797507788,0.03115264797507788,0.018691588785046728,0.03115264797507788,0.018691588785046728,0.028037383177570093,0.04984423676012461,0.03115264797507788,0.040498442367601244,0.028037383177570093,0.003115264797507788,0.012461059190031152,0.021806853582554516,0.018691588785046728,0.006230529595015576,0.012461059190031152,0.012461059190031152,0.03115264797507788,0.009345794392523364,0.021806853582554516,0.006230529595015576,0.006230529595015576,0.009345794392523364,0.006230529595015576,0.006230529595015576,0.003115264797507788,0.012461059190031152,0.012461059190031152,0.012461059190031152,0.006230529595015576,0.01557632398753894,0.0,0.009345794392523364,0.0,0.003115264797507788,0.003115264797507788,0.003115264797507788,0.0,0.003115264797507788,0.0,0.0,0.003115264797507788,0.0,0.0,0.0,0.003115264797507788,0.0,0.003115264797507788,0.0,0.0,0.0,0.0,0.0,0.0,0.0,0.0,0.0,0.0,0.0,0.0,0.0,0.0,0.0,0.0,0.0,0.003115264797507788,0.0,0.0,0.0,0.0,0.0,0.0,0.0,0.0,0.0,0.0,0.0,0.0,0.0,0.0,0.0,0.0,0.0,0.0,0.0,0.0,0.0,0.0,0.0,0.0
J07A1076,0.0,0.03125,0.078125,0.03125,0.041666666666666664,0.07291666666666667,0.057291666666666664,0.036458333333333336,0.020833333333333332,0.036458333333333336,0.015625,0.041666666666666664,0.052083333333333336,0.052083333333333336,0.041666666666666664,0.03125,0.036458333333333336,0.020833333333333332,0.020833333333333332,0.020833333333333332,0.010416666666666666,0.005208333333333333,0.010416666666666666,0.005208333333333333,0.020833333333333332,0.020833333333333332,0.020833333333333332,0.015625,0.020833333333333332,0.005208333333333333,0.020833333333333332,0.005208333333333333,0.005208333333333333,0.005208333333333333,0.015625,0.0,0.005208333333333333,0.0,0.010416666666666666,0.005208333333333333,0.010416666666666666,0.0,0.010416666666666666,0.0,0.0,0.0,0.010416666666666666,0.0,0.005208333333333333,0.0,0.0,0.0,0.0,0.0,0.0,0.0,0.005208333333333333,0.0,0.0,0.0,0.0,0.0,0.0,0.0,0.0,0.0,0.0,0.0,0.005208333333333333,0.0,0.0,0.0,0.005208333333333333,0.0,0.0,0.0,0.0,0.0,0.0,0.0,0.0,0.0,0.0,0.0,0.0,0.0,0.0,0.0,0.0,0.0,0.0,0.0,0.0,0.0,0.0,0.0,0.0,0.0,0.0,0.0,0.0
J07A1077,0.015503875968992248,0.031007751937984496,0.03875968992248062,0.05426356589147287,0.06976744186046512,0.05426356589147287,0.046511627906976744,0.06201550387596899,0.046511627906976744,0.046511627906976744,0.03875968992248062,0.03875968992248062,0.023255813953488372,0.03875968992248062,0.031007751937984496,0.0,0.015503875968992248,0.031007751937984496,0.015503875968992248,0.031007751937984496,0.007751937984496124,0.015503875968992248,0.031007751937984496,0.031007751937984496,0.0,0.007751937984496124,0.015503875968992248,0.015503875968992248,0.023255813953488372,0.0,0.023255813953488372,0.007751937984496124,0.007751937984496124,0.007751937984496124,0.007751937984496124,0.015503875968992248,0.015503875968992248,0.015503875968992248,0.0,0.007751937984496124,0.007751937984496124,0.007751937984496124,0.0,0.0,0.0,0.0,0.0,0.0,0.0,0.0,0.0,0.0,0.0,0.0,0.0,0.0,0.0,0.0,0.0,0.0,0.0,0.0,0.0,0.0,0.0,0.0,0.0,0.0,0.0,0.0,0.0,0.0,0.0,0.0,0.0,0.0,0.0,0.0,0.0,0.0,0.0,0.0,0.0,0.0,0.0,0.0,0.0,0.0,0.0,0.0,0.0,0.0,0.0,0.0,0.0,0.0,0.0,0.0,0.0,0.0,0.0
J07A1080,0.07352941176470588,0.1323529411764706,0.07352941176470588,0.08823529411764706,0.10294117647058823,0.08823529411764706,0.029411764705882353,0.08823529411764706,0.014705882352941176,0.0,0.0,0.014705882352941176,0.029411764705882353,0.0,0.029411764705882353,0.029411764705882353,0.058823529411764705,0.0,0.014705882352941176,0.014705882352941176,0.014705882352941176,0.014705882352941176,0.0,0.014705882352941176,0.014705882352941176,0.014705882352941176,0.0,0.0,0.0,0.0,0.0,0.0,0.0,0.014705882352941176,0.0,0.014705882352941176,0.0,0.0,0.0,0.0,0.0,0.0,0.0,0.0,0.0,0.0,0.0,0.0,0.0,0.0,0.0,0.0,0.0,0.0,0.0,0.0,0.0,0.0,0.0,0.0,0.0,0.0,0.0,0.0,0.0,0.014705882352941176,0.0,0.0,0.0,0.0,0.0,0.0,0.0,0.0,0.0,0.0,0.0,0.0,0.0,0.0,0.0,0.0,0.0,0.0,0.0,0.0,0.0,0.0,0.0,0.0,0.0,0.0,0.0,0.0,0.0,0.0,0.0,0.0,0.0,0.0,0.0
J07A1081,0.06153846153846154,0.08,0.08923076923076922,0.08,0.05846153846153846,0.046153846153846156,0.06769230769230769,0.036923076923076927,0.036923076923076927,0.04,0.036923076923076927,0.024615384615384615,0.021538461538461538,0.03076923076923077,0.027692307692307693,0.024615384615384615,0.021538461538461538,0.009230769230769232,0.018461538461538463,0.012307692307692308,0.021538461538461538,0.015384615384615385,0.018461538461538463,0.015384615384615385,0.006153846153846154,0.003076923076923077,0.006153846153846154,0.012307692307692308,0.006153846153846154,0.009230769230769232,0.009230769230769232,0.0,0.003076923076923077,0.009230769230769232,0.006153846153846154,0.003076923076923077,0.006153846153846154,0.0,0.009230769230769232,0.0,0.006153846153846154,0.0,0.0,0.0,0.0,0.0,0.0,0.003076923076923077,0.003076923076923077,0.0,0.0,0.0,0.0,0.0,0.0,0.0,0.0,0.0,0.0,0.0,0.0,0.0,0.0,0.0,0.0,0.0,0.0,0.0,0.003076923076923077,0.0,0.0,0.0,0.0,0.0,0.0,0.0,0.0,0.0,0.0,0.0,0.0,0.0,0.0,0.0,0.0,0.0,0.0,0.0,0.0,0.0,0.0,0.0,0.0,0.0,0.0,0.0,0.0,0.0,0.0,0.0,0.0
J07A1083,0.1,0.13157894736842105,0.11578947368421053,0.07368421052631578,0.05263157894736842,0.05263157894736842,0.04736842105263158,0.042105263157894736,0.05263157894736842,0.021052631578947368,0.031578947368421054,0.021052631578947368,0.031578947368421054,0.010526315789473684,0.010526315789473684,0.0,0.005263157894736842,0.010526315789473684,0.015789473684210527,0.005263157894736842,0.021052631578947368,0.010526315789473684,0.010526315789473684,0.0,0.015789473684210527,0.010526315789473684,0.010526315789473684,0.005263157894736842,0.010526315789473684,0.0,0.010526315789473684,0.015789473684210527,0.005263157894736842,0.0,0.0,0.0,0.005263157894736842,0.0,0.005263157894736842,0.0,0.0,0.0,0.0,0.005263157894736842,0.0,0.0,0.0,0.0,0.005263157894736842,0.0,0.0,0.005263157894736842,0.005263157894736842,0.005263157894736842,0.0,0.0,0.0,0.0,0.0,0.0,0.0,0.0,0.0,0.0,0.0,0.0,0.0,0.0,0.0,0.0,0.0,0.0,0.005263157894736842,0.0,0.0,0.0,0.0,0.0,0.0,0.0,0.0,0.0,0.0,0.0,0.0,0.0,0.0,0.0,0.0,0.0,0.0,0.0,0.0,0.0,0.0,0.0,0.0,0.0,0.0,0.0,0.0
J07A1084,0.01652892561983471,0.03305785123966942,0.03305785123966942,0.046831955922865015,0.049586776859504134,0.03305785123966942,0.03856749311294766,0.03305785123966942,0.03305785123966942,0.05234159779614325,0.0440771349862259,0.013774104683195593,0.01928374655647383,0.01928374655647383,0.049586776859504134,0.030303030303030304,0.008264462809917356,0.030303030303030304,0.03305785123966942,0.02203856749311295,0.005509641873278237,0.024793388429752067,0.02203856749311295,0.011019283746556474,0.01928374655647383,0.024793388429752067,0.024793388429752067,0.011019283746556474,0.0,0.02203856749311295,0.024793388429752067,0.02203856749311295,0.0,0.013774104683195593,0.011019283746556474,0.01652892561983471,0.0,0.013774104683195593,0.008264462809917356,0.01928374655647383,0.005509641873278237,0.0027548209366391185,0.008264462809917356,0.005509641873278237,0.008264462809917356,0.008264462809917356,0.0027548209366391185,0.005509641873278237,0.0,0.0027548209366391185,0.0,0.0027548209366391185,0.0,0.0027548209366391185,0.0,0.005509641873278237,0.0027548209366391185,0.0,0.0027548209366391185,0.0,0.0,0.0,0.0,0.0,0.0,0.0,0.0,0.0,0.0,0.0,0.0,0.0,0.0,0.0,0.0,0.0,0.0,0.0,0.0,0.0,0.0,0.0,0.0,0.0,0.0,0.0,0.0,0.0,0.0,0.0,0.0,0.0,0.0,0.0,0.0,0.0,0.0,0.0,0.0,0.0,0.0
J07A1085,0.006772009029345372,0.022573363431151242,0.029345372460496615,0.02708803611738149,0.024830699774266364,0.03160270880361174,0.04740406320541761,0.06320541760722348,0.03611738148984198,0.04288939051918736,0.05417607223476298,0.033860045146726865,0.029345372460496615,0.040632054176072234,0.045146726862302484,0.01580135440180587,0.04740406320541761,0.020316027088036117,0.02708803611738149,0.024830699774266364,0.01580135440180587,0.02708803611738149,0.011286681715575621,0.01805869074492099,0.022573363431151242,0.011286681715575621,0.020316027088036117,0.009029345372460496,0.013544018058690745,0.009029345372460496,0.013544018058690745,0.01580135440180587,0.01580135440180587,0.009029345372460496,0.013544018058690745,0.004514672686230248,0.011286681715575621,0.002257336343115124,0.013544018058690745,0.002257336343115124,0.009029345372460496,0.002257336343115124,0.006772009029345372,0.002257336343115124,0.002257336343115124,0.006772009029345372,0.004514672686230248,0.0,0.002257336343115124,0.002257336343115124,0.004514672686230248,0.004514672686230248,0.009029345372460496,0.002257336343115124,0.002257336343115124,0.0,0.0,0.004514672686230248,0.004514672686230248,0.0,0.0,0.0,0.0,0.0,0.0,0.0,0.0,0.0,0.0,0.0,0.0,0.0,0.0,0.0,0.0,0.0,0.0,0.0,0.0,0.0,0.0,0.0,0.0,0.0,0.0,0.0,0.0,0.0,0.0,0.0,0.0,0.0,0.0,0.0,0.0,0.0,0.0,0.0,0.0,0.0,0.0
J07A1086,0.010752688172043012,0.08602150537634409,0.1935483870967742,0.053763440860215055,0.053763440860215055,0.053763440860215055,0.053763440860215055,0.06451612903225806,0.043010752688172046,0.053763440860215055,0.010752688172043012,0.06451612903225806,0.021505376344086023,0.03225806451612903,0.021505376344086023,0.03225806451612903,0.010752688172043012,0.0,0.010752688172043012,0.0,0.021505376344086023,0.0,0.010752688172043012,0.0,0.021505376344086023,0.010752688172043012,0.0,0.0,0.021505376344086023,0.010752688172043012,0.010752688172043012,0.0,0.0,0.0,0.0,0.0,0.0,0.0,0.0,0.0,0.0,0.0,0.010752688172043012,0.0,0.0,0.0,0.0,0.0,0.0,0.0,0.0,0.0,0.0,0.0,0.0,0.010752688172043012,0.0,0.0,0.0,0.0,0.0,0.0,0.0,0.0,0.0,0.0,0.0,0.0,0.0,0.0,0.0,0.0,0.0,0.0,0.0,0.0,0.0,0.0,0.0,0.0,0.0,0.0,0.0,0.0,0.0,0.0,0.0,0.0,0.0,0.0,0.0,0.0,0.0,0.0,0.0,0.0,0.0,0.0,0.0,0.0,0.0
J07A1087,0.010940919037199124,0.0437636761487965,0.05032822757111598,0.03282275711159737,0.04814004376367615,0.045951859956236324,0.05470459518599562,0.04814004376367615,0.028446389496717725,0.030634573304157548,0.0525164113785558,0.03938730853391685,0.019693654266958426,0.0350109409190372,0.0175054704595186,0.024070021881838075,0.024070021881838075,0.024070021881838075,0.019693654266958426,0.024070021881838075,0.028446389496717725,0.019693654266958426,0.0175054704595186,0.019693654266958426,0.01312910284463895,0.01312910284463895,0.015317286652078774,0.01312910284463895,0.006564551422319475,0.015317286652078774,0.006564551422319475,0.01312910284463895,0.015317286652078774,0.0175054704595186,0.0087527352297593,0.002188183807439825,0.0087527352297593,0.002188183807439825,0.006564551422319475,0.0087527352297593,0.0087527352297593,0.010940919037199124,0.006564551422319475,0.002188183807439825,0.002188183807439825,0.00437636761487965,0.0,0.002188183807439825,0.002188183807439825,0.0,0.00437636761487965,0.002188183807439825,0.002188183807439825,0.0,0.00437636761487965,0.0,0.002188183807439825,0.0,0.006564551422319475,0.002188183807439825,0.0,0.002188183807439825,0.002188183807439825,0.0,0.0,0.0,0.002188183807439825,0.0,0.0,0.0,0.0,0.0,0.0,0.0,0.0,0.002188183807439825,0.0,0.0,0.002188183807439825,0.0,0.0,0.0,0.0,0.0,0.0,0.0,0.0,0.0,0.0,0.0,0.0,0.0,0.0,0.0,0.0,0.0,0.0,0.0,0.0,0.0,0.0
J07A1088,0.19915254237288135,0.125,0.12076271186440678,0.0635593220338983,0.05084745762711865,0.038135593220338986,0.038135593220338986,0.025423728813559324,0.038135593220338986,0.029661016949152543,0.014830508474576272,0.03177966101694915,0.0211864406779661,0.025423728813559324,0.006355932203389831,0.00847457627118644,0.012711864406779662,0.00847457627118644,0.014830508474576272,0.012711864406779662,0.014830508474576272,0.00423728813559322,0.01059322033898305,0.00211864406779661,0.00847457627118644,0.00211864406779661,0.00847457627118644,0.00211864406779661,0.006355932203389831,0.00211864406779661,0.00423728813559322,0.00211864406779661,0.0,0.00211864406779661,0.00211864406779661,0.00211864406779661,0.00211864406779661,0.00211864406779661,0.0,0.00847457627118644,0.00423728813559322,0.00211864406779661,0.00211864406779661,0.0,0.00211864406779661,0.0,0.0,0.0,0.0,0.00423728813559322,0.00211864406779661,0.0,0.0,0.0,0.00211864406779661,0.00211864406779661,0.00211864406779661,0.00211864406779661,0.0,0.0,0.0,0.0,0.0,0.0,0.0,0.0,0.0,0.0,0.0,0.0,0.0,0.00211864406779661,0.0,0.0,0.0,0.0,0.0,0.0,0.0,0.0,0.0,0.0,0.0,0.0,0.0,0.0,0.0,0.0,0.0,0.0,0.0,0.0,0.0,0.0,0.0,0.0,0.0,0.0,0.0,0.0,0.0
J07A1089,0.003875968992248062,0.01937984496124031,0.03488372093023256,0.03875968992248062,0.04263565891472868,0.01937984496124031,0.046511627906976744,0.03488372093023256,0.05813953488372093,0.031007751937984496,0.023255813953488372,0.046511627906976744,0.04263565891472868,0.05426356589147287,0.03875968992248062,0.046511627906976744,0.03875968992248062,0.023255813953488372,0.01937984496124031,0.015503875968992248,0.023255813953488372,0.031007751937984496,0.031007751937984496,0.03488372093023256,0.01937984496124031,0.01937984496124031,0.011627906976744186,0.015503875968992248,0.011627906976744186,0.003875968992248062,0.011627906976744186,0.007751937984496124,0.007751937984496124,0.015503875968992248,0.003875968992248062,0.015503875968992248,0.011627906976744186,0.003875968992248062,0.007751937984496124,0.003875968992248062,0.007751937984496124,0.0,0.003875968992248062,0.003875968992248062,0.0,0.0,0.0,0.003875968992248062,0.003875968992248062,0.0,0.0,0.0,0.0,0.0,0.0,0.0,0.0,0.0,0.0,0.0,0.003875968992248062,0.0,0.0,0.0,0.0,0.0,0.0,0.0,0.0,0.0,0.0,0.0,0.0,0.0,0.0,0.0,0.0,0.0,0.0,0.0,0.0,0.0,0.0,0.0,0.003875968992248062,0.0,0.0,0.0,0.0,0.0,0.0,0.0,0.0,0.0,0.0,0.0,0.0,0.0,0.0,0.0,0.0
J07A1090,0.019943019943019943,0.03133903133903134,0.05413105413105413,0.05128205128205128,0.05128205128205128,0.042735042735042736,0.039886039886039885,0.04843304843304843,0.03133903133903134,0.039886039886039885,0.037037037037037035,0.039886039886039885,0.03418803418803419,0.02849002849002849,0.02564102564102564,0.05128205128205128,0.045584045584045586,0.022792022792022793,0.02849002849002849,0.02564102564102564,0.017094017094017096,0.014245014245014245,0.02849002849002849,0.022792022792022793,0.014245014245014245,0.017094017094017096,0.005698005698005698,0.0,0.03133903133903134,0.011396011396011397,0.005698005698005698,0.005698005698005698,0.002849002849002849,0.005698005698005698,0.005698005698005698,0.005698005698005698,0.0,0.005698005698005698,0.022792022792022793,0.0,0.0,0.0,0.002849002849002849,0.002849002849002849,0.002849002849002849,0.002849002849002849,0.002849002849002849,0.002849002849002849,0.0,0.002849002849002849,0.0,0.002849002849002849,0.0,0.0,0.0,0.0,0.0,0.0,0.0,0.0,0.002849002849002849,0.0,0.0,0.0,0.0,0.0,0.0,0.0,0.0,0.0,0.0,0.0,0.0,0.0,0.0,0.0,0.0,0.0,0.0,0.0,0.002849002849002849,0.0,0.0,0.0,0.0,0.0,0.0,0.0,0.0,0.0,0.0,0.0,0.0,0.0,0.0,0.0,0.0,0.0,0.0,0.0,0.0
J07A1093,0.0,0.03255813953488372,0.03488372093023256,0.04186046511627907,0.04883720930232558,0.05581395348837209,0.07209302325581396,0.06046511627906977,0.05116279069767442,0.05813953488372093,0.044186046511627906,0.023255813953488372,0.03953488372093023,0.03255813953488372,0.037209302325581395,0.030232558139534883,0.020930232558139535,0.027906976744186046,0.027906976744186046,0.027906976744186046,0.01627906976744186,0.030232558139534883,0.02558139534883721,0.009302325581395349,0.0069767441860465115,0.0069767441860465115,0.004651162790697674,0.011627906976744186,0.02558139534883721,0.0069767441860465115,0.011627906976744186,0.0069767441860465115,0.002325581395348837,0.002325581395348837,0.004651162790697674,0.009302325581395349,0.0069767441860465115,0.004651162790697674,0.009302325581395349,0.002325581395348837,0.0,0.0,0.002325581395348837,0.004651162790697674,0.0,0.002325581395348837,0.0,0.002325581395348837,0.0,0.0,0.0,0.002325581395348837,0.002325581395348837,0.0,0.002325581395348837,0.0,0.0,0.0,0.0,0.002325581395348837,0.0,0.002325581395348837,0.0,0.0,0.0,0.0,0.0,0.004651162790697674,0.0,0.0,0.0,0.0,0.0,0.0,0.0,0.0,0.0,0.0,0.0,0.0,0.0,0.0,0.0,0.0,0.0,0.0,0.0,0.0,0.0,0.0,0.0,0.0,0.0,0.0,0.0,0.0,0.0,0.0,0.0,0.0,0.0
J07A1095,0.013774104683195593,0.01652892561983471,0.03581267217630854,0.01928374655647383,0.03856749311294766,0.030303030303030304,0.030303030303030304,0.04132231404958678,0.01928374655647383,0.03305785123966942,0.04132231404958678,0.03581267217630854,0.04132231404958678,0.02203856749311295,0.04132231404958678,0.027548209366391185,0.04132231404958678,0.01928374655647383,0.03581267217630854,0.030303030303030304,0.02203856749311295,0.0440771349862259,0.02203856749311295,0.02203856749311295,0.030303030303030304,0.013774104683195593,0.008264462809917356,0.01652892561983471,0.02203856749311295,0.01928374655647383,0.01928374655647383,0.01652892561983471,0.005509641873278237,0.008264462809917356,0.008264462809917356,0.005509641873278237,0.005509641873278237,0.0027548209366391185,0.005509641873278237,0.011019283746556474,0.0027548209366391185,0.008264462809917356,0.0027548209366391185,0.005509641873278237,0.0,0.005509641873278237,0.005509641873278237,0.008264462809917356,0.0027548209366391185,0.0027548209366391185,0.0027548209366391185,0.0,0.0027548209366391185,0.0,0.0027548209366391185,0.0,0.005509641873278237,0.0,0.0027548209366391185,0.005509641873278237,0.0027548209366391185,0.0,0.0,0.0,0.0027548209366391185,0.0027548209366391185,0.0027548209366391185,0.0,0.0,0.0,0.0,0.0,0.0,0.0,0.0,0.0,0.0,0.0,0.0,0.0,0.0,0.0,0.0,0.0,0.0,0.0,0.0,0.0,0.0,0.0,0.0,0.0,0.0,0.0,0.0,0.0,0.0,0.0,0.0,0.0,0.0
J07A1096,0.003215434083601286,0.006430868167202572,0.028938906752411574,0.03536977491961415,0.05466237942122187,0.04823151125401929,0.04180064308681672,0.02572347266881029,0.03858520900321544,0.028938906752411574,0.03215434083601286,0.05144694533762058,0.022508038585209004,0.03215434083601286,0.03215434083601286,0.022508038585209004,0.03536977491961415,0.02572347266881029,0.028938906752411574,0.028938906752411574,0.022508038585209004,0.03215434083601286,0.022508038585209004,0.022508038585209004,0.012861736334405145,0.01929260450160772,0.01929260450160772,0.01607717041800643,0.01929260450160772,0.01929260450160772,0.012861736334405145,0.006430868167202572,0.00964630225080386,0.01929260450160772,0.012861736334405145,0.003215434083601286,0.012861736334405145,0.012861736334405145,0.006430868167202572,0.003215434083601286,0.012861736334405145,0.0,0.00964630225080386,0.003215434083601286,0.006430868167202572,0.00964630225080386,0.006430868167202572,0.0,0.0,0.003215434083601286,0.003215434083601286,0.003215434083601286,0.003215434083601286,0.0,0.0,0.0,0.0,0.0,0.0,0.0,0.0,0.0,0.003215434083601286,0.0,0.0,0.0,0.0,0.0,0.0,0.0,0.003215434083601286,0.0,0.0,0.0,0.0,0.0,0.0,0.0,0.0,0.0,0.003215434083601286,0.0,0.0,0.0,0.0,0.0,0.0,0.0,0.0,0.0,0.0,0.0,0.0,0.0,0.0,0.0,0.0,0.0,0.0,0.0,0.0
J07A1097,0.025936599423631124,0.07204610951008646,0.07780979827089338,0.06628242074927954,0.07204610951008646,0.05475504322766571,0.040345821325648415,0.05187319884726225,0.0345821325648415,0.040345821325648415,0.025936599423631124,0.02881844380403458,0.01729106628242075,0.04610951008645533,0.023054755043227664,0.0345821325648415,0.020172910662824207,0.020172910662824207,0.01729106628242075,0.023054755043227664,0.020172910662824207,0.020172910662824207,0.01729106628242075,0.008645533141210375,0.005763688760806916,0.01729106628242075,0.01729106628242075,0.01440922190201729,0.005763688760806916,0.005763688760806916,0.005763688760806916,0.002881844380403458,0.002881844380403458,0.005763688760806916,0.002881844380403458,0.005763688760806916,0.005763688760806916,0.0,0.002881844380403458,0.002881844380403458,0.002881844380403458,0.0,0.002881844380403458,0.005763688760806916,0.002881844380403458,0.008645533141210375,0.002881844380403458,0.002881844380403458,0.002881844380403458,0.002881844380403458,0.0,0.0,0.0,0.0,0.0,0.0,0.0,0.0,0.0,0.002881844380403458,0.0,0.0,0.0,0.0,0.0,0.0,0.0,0.0,0.0,0.0,0.0,0.0,0.0,0.0,0.0,0.0,0.0,0.0,0.0,0.0,0.0,0.0,0.0,0.0,0.0,0.0,0.0,0.0,0.0,0.0,0.0,0.0,0.0,0.0,0.0,0.0,0.0,0.0,0.0,0.0,0.0
J07A1098,0.036931818181818184,0.10511363636363637,0.06818181818181818,0.05113636363636364,0.05965909090909091,0.02556818181818182,0.03125,0.03977272727272727,0.028409090909090908,0.019886363636363636,0.022727272727272728,0.028409090909090908,0.014204545454545454,0.011363636363636364,0.019886363636363636,0.008522727272727272,0.011363636363636364,0.011363636363636364,0.022727272727272728,0.022727272727272728,0.008522727272727272,0.014204545454545454,0.022727272727272728,0.005681818181818182,0.008522727272727272,0.002840909090909091,0.011363636363636364,0.017045454545454544,0.017045454545454544,0.014204545454545454,0.005681818181818182,0.011363636363636364,0.005681818181818182,0.008522727272727272,0.008522727272727272,0.002840909090909091,0.002840909090909091,0.019886363636363636,0.002840909090909091,0.011363636363636364,0.008522727272727272,0.0,0.011363636363636364,0.005681818181818182,0.005681818181818182,0.002840909090909091,0.0,0.011363636363636364,0.005681818181818182,0.0,0.005681818181818182,0.008522727272727272,0.005681818181818182,0.008522727272727272,0.002840909090909091,0.005681818181818182,0.005681818181818182,0.002840909090909091,0.002840909090909091,0.002840909090909091,0.011363636363636364,0.002840909090909091,0.0,0.0,0.002840909090909091,0.008522727272727272,0.0,0.005681818181818182,0.0,0.002840909090909091,0.0,0.002840909090909091,0.002840909090909091,0.005681818181818182,0.0,0.0,0.0,0.002840909090909091,0.0,0.0,0.005681818181818182,0.0,0.002840909090909091,0.0,0.0,0.0,0.0,0.0,0.0,0.0,0.0,0.0,0.0,0.0,0.0,0.0,0.0,0.0,0.0,0.0,0.0
J07A1099,0.12035010940919037,0.08971553610503283,0.09190371991247265,0.030634573304157548,0.061269146608315096,0.03282275711159737,0.037199124726477024,0.028446389496717725,0.03282275711159737,0.030634573304157548,0.03282275711159737,0.0262582056892779,0.0262582056892779,0.0262582056892779,0.010940919037199124,0.015317286652078774,0.0262582056892779,0.019693654266958426,0.0350109409190372,0.0087527352297593,0.01312910284463895,0.01312910284463895,0.0087527352297593,0.006564551422319475,0.0175054704595186,0.0087527352297593,0.0087527352297593,0.002188183807439825,0.006564551422319475,0.006564551422319475,0.006564551422319475,0.01312910284463895,0.002188183807439825,0.00437636761487965,0.00437636761487965,0.002188183807439825,0.002188183807439825,0.002188183807439825,0.006564551422319475,0.002188183807439825,0.00437636761487965,0.002188183807439825,0.002188183807439825,0.002188183807439825,0.00437636761487965,0.002188183807439825,0.00437636761487965,0.006564551422319475,0.006564551422319475,0.0,0.0,0.002188183807439825,0.0,0.006564551422319475,0.006564551422319475,0.0,0.00437636761487965,0.002188183807439825,0.00437636761487965,0.0,0.002188183807439825,0.002188183807439825,0.002188183807439825,0.002188183807439825,0.002188183807439825,0.0,0.0,0.0,0.0,0.0,0.002188183807439825,0.002188183807439825,0.0,0.0,0.0,0.002188183807439825,0.0,0.0,0.0,0.0,0.0,0.0,0.0,0.0,0.0,0.0,0.0,0.0,0.0,0.0,0.0,0.0,0.0,0.0,0.0,0.0,0.0,0.0,0.0,0.0,0.0
J07A1100,0.02252252252252252,0.018018018018018018,0.05405405405405406,0.06306306306306306,0.036036036036036036,0.04954954954954955,0.05855855855855856,0.04504504504504504,0.06306306306306306,0.04054054054054054,0.04054054054054054,0.013513513513513514,0.02702702702702703,0.018018018018018018,0.05405405405405406,0.02252252252252252,0.04504504504504504,0.0045045045045045045,0.02252252252252252,0.013513513513513514,0.02252252252252252,0.02252252252252252,0.009009009009009009,0.018018018018018018,0.02252252252252252,0.0045045045045045045,0.009009009009009009,0.009009009009009009,0.02252252252252252,0.018018018018018018,0.0045045045045045045,0.0045045045045045045,0.02252252252252252,0.009009009009009009,0.0,0.0045045045045045045,0.013513513513513514,0.0,0.018018018018018018,0.0045045045045045045,0.0045045045045045045,0.0,0.0,0.0,0.009009009009009009,0.0045045045045045045,0.0,0.0,0.0045045045045045045,0.0045045045045045045,0.0,0.0,0.0,0.0,0.0045045045045045045,0.009009009009009009,0.0,0.0,0.0,0.009009009009009009,0.0,0.0,0.0,0.0,0.0,0.0,0.0,0.0,0.0,0.0,0.0,0.0,0.0,0.0,0.0,0.0,0.0,0.0,0.0,0.0,0.0,0.0,0.0,0.0,0.0,0.0,0.0,0.0,0.0,0.0,0.0,0.0,0.0,0.0,0.0,0.0,0.0,0.0,0.0,0.0,0.0
J07A1101,0.006097560975609756,0.042682926829268296,0.036585365853658534,0.024390243902439025,0.027439024390243903,0.018292682926829267,0.021341463414634148,0.018292682926829267,0.051829268292682924,0.024390243902439025,0.036585365853658534,0.036585365853658534,0.04573170731707317,0.018292682926829267,0.024390243902439025,0.039634146341463415,0.036585365853658534,0.021341463414634148,0.036585365853658534,0.03048780487804878,0.03048780487804878,0.018292682926829267,0.021341463414634148,0.021341463414634148,0.024390243902439025,0.021341463414634148,0.012195121951219513,0.024390243902439025,0.03048780487804878,0.003048780487804878,0.018292682926829267,0.03353658536585366,0.009146341463414634,0.012195121951219513,0.012195121951219513,0.009146341463414634,0.0,0.012195121951219513,0.012195121951219513,0.0,0.009146341463414634,0.006097560975609756,0.009146341463414634,0.0,0.0,0.009146341463414634,0.003048780487804878,0.003048780487804878,0.0,0.006097560975609756,0.003048780487804878,0.003048780487804878,0.003048780487804878,0.003048780487804878,0.0,0.006097560975609756,0.0,0.003048780487804878,0.003048780487804878,0.003048780487804878,0.0,0.0,0.0,0.003048780487804878,0.0,0.0,0.0,0.0,0.0,0.0,0.0,0.0,0.0,0.0,0.0,0.0,0.0,0.0,0.0,0.0,0.0,0.0,0.0,0.0,0.0,0.0,0.0,0.0,0.0,0.0,0.0,0.0,0.0,0.0,0.0,0.0,0.0,0.0,0.0,0.0,0.0
J07A1102,0.012307692307692308,0.04,0.05846153846153846,0.018461538461538463,0.06461538461538462,0.04,0.043076923076923075,0.033846153846153845,0.06153846153846154,0.04923076923076923,0.033846153846153845,0.024615384615384615,0.03076923076923077,0.03076923076923077,0.046153846153846156,0.03076923076923077,0.027692307692307693,0.015384615384615385,0.021538461538461538,0.03076923076923077,0.021538461538461538,0.021538461538461538,0.009230769230769232,0.009230769230769232,0.021538461538461538,0.012307692307692308,0.009230769230769232,0.012307692307692308,0.021538461538461538,0.009230769230769232,0.012307692307692308,0.009230769230769232,0.012307692307692308,0.006153846153846154,0.015384615384615385,0.0,0.003076923076923077,0.015384615384615385,0.003076923076923077,0.003076923076923077,0.012307692307692308,0.003076923076923077,0.0,0.006153846153846154,0.003076923076923077,0.003076923076923077,0.003076923076923077,0.0,0.006153846153846154,0.003076923076923077,0.0,0.0,0.003076923076923077,0.0,0.0,0.0,0.003076923076923077,0.0,0.003076923076923077,0.0,0.0,0.0,0.0,0.0,0.006153846153846154,0.0,0.0,0.0,0.0,0.0,0.0,0.003076923076923077,0.0,0.0,0.0,0.0,0.0,0.0,0.0,0.0,0.0,0.0,0.0,0.0,0.0,0.0,0.0,0.0,0.0,0.0,0.0,0.0,0.0,0.0,0.0,0.0,0.0,0.0,0.0,0.0,0.0
J07A1103,0.027253668763102725,0.039832285115303984,0.0649895178197065,0.050314465408805034,0.06708595387840671,0.05660377358490566,0.04612159329140461,0.05450733752620545,0.05241090146750524,0.033542976939203356,0.03563941299790356,0.039832285115303984,0.033542976939203356,0.029350104821802937,0.027253668763102725,0.03563941299790356,0.018867924528301886,0.018867924528301886,0.025157232704402517,0.008385744234800839,0.023060796645702306,0.023060796645702306,0.008385744234800839,0.0041928721174004195,0.014675052410901468,0.006289308176100629,0.010482180293501049,0.0041928721174004195,0.006289308176100629,0.008385744234800839,0.020964360587002098,0.006289308176100629,0.006289308176100629,0.006289308176100629,0.006289308176100629,0.010482180293501049,0.008385744234800839,0.0041928721174004195,0.006289308176100629,0.006289308176100629,0.0041928721174004195,0.006289308176100629,0.0020964360587002098,0.0041928721174004195,0.0020964360587002098,0.0020964360587002098,0.0041928721174004195,0.0,0.0020964360587002098,0.0,0.0,0.0020964360587002098,0.0,0.0020964360587002098,0.0,0.0,0.0,0.0020964360587002098,0.0020964360587002098,0.0,0.0020964360587002098,0.0020964360587002098,0.0,0.0,0.0,0.0,0.0,0.0,0.0,0.0,0.0020964360587002098,0.0,0.0,0.0,0.0020964360587002098,0.0,0.0,0.0,0.0,0.0,0.0,0.0,0.0,0.0,0.0,0.0,0.0,0.0,0.0,0.0,0.0,0.0,0.0,0.0,0.0,0.0,0.0,0.0,0.0,0.0,0.0
J07A1106,0.004524886877828055,0.03619909502262444,0.05203619909502263,0.05203619909502263,0.042986425339366516,0.042986425339366516,0.049773755656108594,0.05203619909502263,0.04072398190045249,0.06108597285067873,0.03167420814479638,0.042986425339366516,0.04072398190045249,0.03619909502262444,0.029411764705882353,0.027149321266968326,0.029411764705882353,0.03167420814479638,0.01809954751131222,0.024886877828054297,0.024886877828054297,0.01809954751131222,0.01583710407239819,0.011312217194570135,0.01583710407239819,0.0022624434389140274,0.01583710407239819,0.006787330316742082,0.011312217194570135,0.0022624434389140274,0.006787330316742082,0.00904977375565611,0.006787330316742082,0.0022624434389140274,0.004524886877828055,0.006787330316742082,0.0022624434389140274,0.006787330316742082,0.00904977375565611,0.004524886877828055,0.013574660633484163,0.004524886877828055,0.00904977375565611,0.0,0.0022624434389140274,0.006787330316742082,0.004524886877828055,0.0022624434389140274,0.0,0.004524886877828055,0.0022624434389140274,0.0,0.0,0.004524886877828055,0.0,0.0022624434389140274,0.0022624434389140274,0.0,0.0,0.0022624434389140274,0.0022624434389140274,0.0,0.0,0.0,0.0022624434389140274,0.0,0.0,0.0,0.0022624434389140274,0.0,0.0,0.0,0.0,0.0,0.0,0.0,0.0,0.0,0.0,0.0,0.0,0.0022624434389140274,0.0,0.0,0.0,0.0,0.0,0.0,0.0,0.0,0.0,0.0,0.0,0.0,0.0,0.0,0.0,0.0,0.0,0.0,0.0
J07A1107,0.004545454545454545,0.011363636363636364,0.025,0.020454545454545454,0.04090909090909091,0.02727272727272727,0.045454545454545456,0.03636363636363636,0.038636363636363635,0.04090909090909091,0.031818181818181815,0.031818181818181815,0.045454545454545456,0.015909090909090907,0.04090909090909091,0.015909090909090907,0.029545454545454545,0.02727272727272727,0.031818181818181815,0.02727272727272727,0.02727272727272727,0.022727272727272728,0.01818181818181818,0.015909090909090907,0.01818181818181818,0.031818181818181815,0.006818181818181818,0.022727272727272728,0.013636363636363636,0.00909090909090909,0.015909090909090907,0.011363636363636364,0.013636363636363636,0.006818181818181818,0.004545454545454545,0.0022727272727272726,0.011363636363636364,0.015909090909090907,0.013636363636363636,0.006818181818181818,0.006818181818181818,0.00909090909090909,0.004545454545454545,0.006818181818181818,0.004545454545454545,0.00909090909090909,0.004545454545454545,0.006818181818181818,0.0022727272727272726,0.0022727272727272726,0.0022727272727272726,0.006818181818181818,0.004545454545454545,0.0022727272727272726,0.00909090909090909,0.004545454545454545,0.0,0.004545454545454545,0.006818181818181818,0.0,0.0022727272727272726,0.0022727272727272726,0.0,0.0,0.004545454545454545,0.0,0.0,0.0022727272727272726,0.0,0.0,0.004545454545454545,0.0,0.0,0.0,0.004545454545454545,0.0,0.0022727272727272726,0.0,0.0,0.0,0.0,0.0,0.0022727272727272726,0.0,0.0,0.0,0.0,0.0,0.0,0.0,0.0,0.0,0.0,0.0,0.0,0.0,0.0,0.0,0.0,0.0,0.0
J07A1108,0.04568527918781726,0.1116751269035533,0.08629441624365482,0.05583756345177665,0.04060913705583756,0.07614213197969544,0.08629441624365482,0.06091370558375635,0.030456852791878174,0.050761421319796954,0.025380710659898477,0.03553299492385787,0.02030456852791878,0.03553299492385787,0.03553299492385787,0.01015228426395939,0.030456852791878174,0.005076142131979695,0.030456852791878174,0.015228426395939087,0.005076142131979695,0.005076142131979695,0.005076142131979695,0.005076142131979695,0.01015228426395939,0.005076142131979695,0.015228426395939087,0.0,0.0,0.005076142131979695,0.005076142131979695,0.0,0.01015228426395939,0.0,0.005076142131979695,0.0,0.005076142131979695,0.0,0.005076142131979695,0.0,0.005076142131979695,0.0,0.0,0.0,0.0,0.0,0.0,0.0,0.01015228426395939,0.005076142131979695,0.0,0.0,0.0,0.0,0.0,0.0,0.0,0.0,0.0,0.0,0.0,0.0,0.0,0.0,0.005076142131979695,0.0,0.0,0.0,0.0,0.0,0.0,0.0,0.0,0.0,0.0,0.0,0.0,0.0,0.0,0.0,0.0,0.0,0.0,0.0,0.0,0.0,0.0,0.0,0.0,0.0,0.0,0.0,0.0,0.0,0.0,0.0,0.0,0.0,0.0,0.0,0.0
J07A1109,0.0,0.022167487684729065,0.04433497536945813,0.04187192118226601,0.04187192118226601,0.06157635467980296,0.06403940886699508,0.046798029556650245,0.05172413793103448,0.05172413793103448,0.046798029556650245,0.05665024630541872,0.03940886699507389,0.029556650246305417,0.03201970443349754,0.034482758620689655,0.017241379310344827,0.017241379310344827,0.012315270935960592,0.029556650246305417,0.014778325123152709,0.029556650246305417,0.009852216748768473,0.009852216748768473,0.024630541871921183,0.014778325123152709,0.012315270935960592,0.009852216748768473,0.007389162561576354,0.007389162561576354,0.017241379310344827,0.017241379310344827,0.014778325123152709,0.0049261083743842365,0.0024630541871921183,0.0,0.009852216748768473,0.0024630541871921183,0.0024630541871921183,0.0024630541871921183,0.0,0.0049261083743842365,0.0024630541871921183,0.007389162561576354,0.014778325123152709,0.0,0.0,0.0,0.0,0.0049261083743842365,0.0024630541871921183,0.0,0.0,0.0024630541871921183,0.0,0.0,0.0,0.0,0.0,0.0,0.0,0.0,0.0,0.0,0.0024630541871921183,0.0,0.0,0.0,0.0,0.0,0.0,0.0,0.0,0.0,0.0,0.0,0.0,0.0,0.0024630541871921183,0.0,0.0,0.0,0.0,0.0,0.0,0.0,0.0,0.0,0.0,0.0,0.0,0.0,0.0,0.0,0.0,0.0,0.0,0.0,0.0,0.0,0.0
J07A1110,0.006097560975609756,0.012195121951219513,0.018292682926829267,0.024390243902439025,0.04878048780487805,0.042682926829268296,0.024390243902439025,0.08536585365853659,0.042682926829268296,0.024390243902439025,0.042682926829268296,0.054878048780487805,0.024390243902439025,0.03048780487804878,0.07317073170731707,0.006097560975609756,0.036585365853658534,0.018292682926829267,0.042682926829268296,0.03048780487804878,0.006097560975609756,0.024390243902439025,0.018292682926829267,0.024390243902439025,0.006097560975609756,0.024390243902439025,0.024390243902439025,0.012195121951219513,0.0,0.03048780487804878,0.012195121951219513,0.006097560975609756,0.012195121951219513,0.03048780487804878,0.0,0.006097560975609756,0.018292682926829267,0.012195121951219513,0.006097560975609756,0.0,0.006097560975609756,0.006097560975609756,0.006097560975609756,0.0,0.0,0.0,0.006097560975609756,0.0,0.0,0.0,0.0,0.0,0.0,0.0,0.0,0.012195121951219513,0.0,0.0,0.0,0.0,0.0,0.0,0.0,0.0,0.0,0.0,0.0,0.0,0.0,0.0,0.0,0.0,0.0,0.0,0.0,0.0,0.0,0.0,0.0,0.0,0.0,0.0,0.0,0.0,0.0,0.0,0.0,0.0,0.0,0.0,0.0,0.0,0.0,0.0,0.0,0.0,0.0,0.0,0.0,0.0,0.0
J07A1111,0.0,0.006349206349206349,0.009523809523809525,0.009523809523809525,0.015873015873015872,0.022222222222222223,0.01904761904761905,0.031746031746031744,0.022222222222222223,0.02857142857142857,0.015873015873015872,0.025396825396825397,0.022222222222222223,0.02857142857142857,0.031746031746031744,0.031746031746031744,0.031746031746031744,0.009523809523809525,0.025396825396825397,0.044444444444444446,0.015873015873015872,0.01904761904761905,0.02857142857142857,0.047619047619047616,0.022222222222222223,0.025396825396825397,0.04126984126984127,0.025396825396825397,0.01904761904761905,0.015873015873015872,0.031746031746031744,0.022222222222222223,0.015873015873015872,0.015873015873015872,0.022222222222222223,0.006349206349206349,0.01904761904761905,0.015873015873015872,0.015873015873015872,0.006349206349206349,0.009523809523809525,0.006349206349206349,0.009523809523809525,0.009523809523809525,0.009523809523809525,0.009523809523809525,0.012698412698412698,0.012698412698412698,0.0031746031746031746,0.0031746031746031746,0.0031746031746031746,0.0,0.009523809523809525,0.006349206349206349,0.0031746031746031746,0.0031746031746031746,0.0,0.0031746031746031746,0.0,0.0031746031746031746,0.0031746031746031746,0.0,0.0,0.0,0.0,0.006349206349206349,0.0031746031746031746,0.0,0.0,0.0031746031746031746,0.0031746031746031746,0.0,0.0,0.0,0.0,0.0,0.0,0.0,0.0,0.0,0.0,0.0,0.0,0.0,0.0,0.0,0.0,0.0,0.0,0.0,0.0,0.0,0.0,0.0,0.0,0.0,0.0,0.0,0.0,0.0,0.0
J07A1113,0.0027100271002710027,0.018970189701897018,0.037940379403794036,0.04336043360433604,0.037940379403794036,0.04065040650406504,0.04065040650406504,0.04878048780487805,0.04336043360433604,0.05962059620596206,0.024390243902439025,0.04336043360433604,0.051490514905149054,0.024390243902439025,0.03523035230352303,0.03523035230352303,0.05420054200542006,0.03523035230352303,0.037940379403794036,0.02981029810298103,0.024390243902439025,0.013550135501355014,0.018970189701897018,0.024390243902439025,0.018970189701897018,0.013550135501355014,0.013550135501355014,0.01084010840108401,0.005420054200542005,0.0027100271002710027,0.018970189701897018,0.005420054200542005,0.005420054200542005,0.005420054200542005,0.0027100271002710027,0.01084010840108401,0.005420054200542005,0.005420054200542005,0.008130081300813009,0.005420054200542005,0.0,0.008130081300813009,0.0,0.005420054200542005,0.0,0.0027100271002710027,0.0,0.0,0.0027100271002710027,0.0027100271002710027,0.0,0.0,0.0,0.0,0.0,0.0,0.0027100271002710027,0.0,0.0,0.0,0.0027100271002710027,0.0,0.0,0.0,0.0,0.0027100271002710027,0.0,0.0027100271002710027,0.0,0.0,0.0027100271002710027,0.0,0.0,0.0,0.0,0.0,0.0,0.0,0.0,0.0,0.0,0.0,0.0,0.0,0.0,0.0,0.0,0.0,0.0,0.0,0.0,0.0,0.0,0.0,0.0,0.0,0.0,0.0,0.0,0.0,0.0
J07A1115,0.004576659038901602,0.02288329519450801,0.06407322654462243,0.06407322654462243,0.04805491990846682,0.036613272311212815,0.06864988558352403,0.036613272311212815,0.057208237986270026,0.034324942791762014,0.016018306636155607,0.032036613272311214,0.02288329519450801,0.02517162471395881,0.038901601830663615,0.013729977116704805,0.02517162471395881,0.016018306636155607,0.018306636155606407,0.02745995423340961,0.032036613272311214,0.02288329519450801,0.013729977116704805,0.02288329519450801,0.013729977116704805,0.011441647597254004,0.011441647597254004,0.020594965675057208,0.009153318077803204,0.004576659038901602,0.004576659038901602,0.011441647597254004,0.006864988558352402,0.009153318077803204,0.006864988558352402,0.006864988558352402,0.009153318077803204,0.011441647597254004,0.004576659038901602,0.013729977116704805,0.004576659038901602,0.004576659038901602,0.006864988558352402,0.004576659038901602,0.0,0.011441647597254004,0.002288329519450801,0.0,0.004576659038901602,0.002288329519450801,0.002288329519450801,0.002288329519450801,0.006864988558352402,0.002288329519450801,0.002288329519450801,0.002288329519450801,0.002288329519450801,0.0,0.002288329519450801,0.0,0.002288329519450801,0.002288329519450801,0.0,0.002288329519450801,0.002288329519450801,0.002288329519450801,0.002288329519450801,0.0,0.0,0.0,0.0,0.002288329519450801,0.0,0.0,0.0,0.0,0.0,0.0,0.0,0.0,0.0,0.0,0.0,0.0,0.0,0.0,0.0,0.0,0.0,0.0,0.0,0.0,0.0,0.0,0.0,0.0,0.0,0.0,0.0,0.0,0.0
J07A1117,0.02857142857142857,0.08571428571428572,0.11428571428571428,0.047619047619047616,0.08571428571428572,0.06666666666666667,0.06666666666666667,0.02857142857142857,0.009523809523809525,0.05714285714285714,0.05714285714285714,0.09523809523809523,0.01904761904761905,0.01904761904761905,0.02857142857142857,0.01904761904761905,0.02857142857142857,0.01904761904761905,0.0380952380952381,0.009523809523809525,0.0,0.0,0.009523809523809525,0.009523809523809525,0.0,0.0,0.0,0.0,0.009523809523809525,0.0,0.009523809523809525,0.0,0.0,0.009523809523809525,0.0,0.0,0.0,0.0,0.009523809523809525,0.0,0.0,0.009523809523809525,0.0,0.0,0.0,0.0,0.0,0.0,0.0,0.0,0.009523809523809525,0.0,0.0,0.0,0.0,0.0,0.0,0.0,0.0,0.0,0.0,0.0,0.0,0.0,0.0,0.0,0.0,0.0,0.0,0.0,0.0,0.0,0.0,0.0,0.0,0.0,0.0,0.0,0.0,0.0,0.0,0.0,0.0,0.0,0.0,0.0,0.0,0.0,0.0,0.0,0.0,0.0,0.0,0.0,0.0,0.0,0.0,0.0,0.0,0.0,0.0
J07A1118,0.053497942386831275,0.047325102880658436,0.05555555555555555,0.0823045267489712,0.047325102880658436,0.047325102880658436,0.026748971193415638,0.0411522633744856,0.059670781893004114,0.03292181069958848,0.03909465020576132,0.0411522633744856,0.03497942386831276,0.0205761316872428,0.02263374485596708,0.030864197530864196,0.03292181069958848,0.01646090534979424,0.026748971193415638,0.0205761316872428,0.018518518518518517,0.01440329218106996,0.01646090534979424,0.0102880658436214,0.01440329218106996,0.0205761316872428,0.00823045267489712,0.01646090534979424,0.006172839506172839,0.006172839506172839,0.006172839506172839,0.012345679012345678,0.00823045267489712,0.00205761316872428,0.006172839506172839,0.006172839506172839,0.00823045267489712,0.00205761316872428,0.00823045267489712,0.0,0.00411522633744856,0.00205761316872428,0.006172839506172839,0.00205761316872428,0.0,0.0,0.0,0.00205761316872428,0.0,0.00205761316872428,0.00205761316872428,0.0,0.00205761316872428,0.0,0.0,0.0,0.0,0.0,0.0,0.00205761316872428,0.0,0.0,0.0,0.0,0.0,0.00205761316872428,0.0,0.0,0.0,0.00205761316872428,0.0,0.0,0.0,0.0,0.0,0.0,0.0,0.0,0.0,0.0,0.0,0.0,0.0,0.0,0.0,0.0,0.0,0.0,0.0,0.0,0.0,0.0,0.0,0.0,0.0,0.0,0.0,0.0,0.0,0.0,0.0
J07A1120,0.0022935779816513763,0.009174311926605505,0.02981651376146789,0.022935779816513763,0.0389908256880734,0.027522935779816515,0.034403669724770644,0.052752293577981654,0.034403669724770644,0.016055045871559634,0.02522935779816514,0.04128440366972477,0.0389908256880734,0.011467889908256881,0.04128440366972477,0.013761467889908258,0.013761467889908258,0.020642201834862386,0.022935779816513763,0.027522935779816515,0.02981651376146789,0.013761467889908258,0.013761467889908258,0.01834862385321101,0.022935779816513763,0.01834862385321101,0.020642201834862386,0.013761467889908258,0.01834862385321101,0.013761467889908258,0.022935779816513763,0.006880733944954129,0.006880733944954129,0.006880733944954129,0.011467889908256881,0.009174311926605505,0.013761467889908258,0.0045871559633027525,0.006880733944954129,0.011467889908256881,0.016055045871559634,0.0022935779816513763,0.013761467889908258,0.0045871559633027525,0.009174311926605505,0.0045871559633027525,0.006880733944954129,0.006880733944954129,0.009174311926605505,0.0022935779816513763,0.009174311926605505,0.0045871559633027525,0.0045871559633027525,0.0022935779816513763,0.011467889908256881,0.0,0.011467889908256881,0.0022935779816513763,0.011467889908256881,0.0045871559633027525,0.0022935779816513763,0.006880733944954129,0.0022935779816513763,0.0,0.0022935779816513763,0.0022935779816513763,0.0045871559633027525,0.0022935779816513763,0.0,0.0022935779816513763,0.0,0.0045871559633027525,0.0022935779816513763,0.0045871559633027525,0.0,0.0,0.0,0.0,0.006880733944954129,0.0,0.0,0.0022935779816513763,0.0,0.0,0.0022935779816513763,0.0,0.0,0.0,0.0022935779816513763,0.0,0.0022935779816513763,0.0,0.0,0.0,0.0,0.0,0.0,0.0,0.0,0.0,0.0
J07A1121,0.0,0.012269938650306749,0.012269938650306749,0.02147239263803681,0.046012269938650305,0.03067484662576687,0.05521472392638037,0.049079754601226995,0.02147239263803681,0.024539877300613498,0.03987730061349693,0.02147239263803681,0.03987730061349693,0.027607361963190184,0.03680981595092025,0.02147239263803681,0.03987730061349693,0.015337423312883436,0.024539877300613498,0.05521472392638037,0.02147239263803681,0.02147239263803681,0.024539877300613498,0.03067484662576687,0.018404907975460124,0.018404907975460124,0.015337423312883436,0.006134969325153374,0.015337423312883436,0.015337423312883436,0.006134969325153374,0.012269938650306749,0.006134969325153374,0.015337423312883436,0.012269938650306749,0.015337423312883436,0.003067484662576687,0.006134969325153374,0.009202453987730062,0.003067484662576687,0.012269938650306749,0.003067484662576687,0.012269938650306749,0.006134969325153374,0.012269938650306749,0.0,0.006134969325153374,0.003067484662576687,0.012269938650306749,0.0,0.006134969325153374,0.006134969325153374,0.009202453987730062,0.0,0.003067484662576687,0.0,0.003067484662576687,0.003067484662576687,0.0,0.0,0.003067484662576687,0.003067484662576687,0.0,0.009202453987730062,0.0,0.0,0.0,0.0,0.003067484662576687,0.003067484662576687,0.0,0.0,0.0,0.003067484662576687,0.0,0.0,0.003067484662576687,0.0,0.0,0.003067484662576687,0.0,0.0,0.0,0.0,0.0,0.0,0.0,0.0,0.0,0.0,0.0,0.0,0.0,0.0,0.0,0.0,0.0,0.0,0.0,0.0,0.0
J07A1122,0.010752688172043012,0.053763440860215055,0.06236559139784946,0.05161290322580645,0.053763440860215055,0.07526881720430108,0.09462365591397849,0.05591397849462366,0.04946236559139785,0.053763440860215055,0.047311827956989246,0.03870967741935484,0.03870967741935484,0.023655913978494623,0.030107526881720432,0.021505376344086023,0.023655913978494623,0.015053763440860216,0.01935483870967742,0.008602150537634409,0.017204301075268817,0.010752688172043012,0.015053763440860216,0.010752688172043012,0.010752688172043012,0.010752688172043012,0.010752688172043012,0.008602150537634409,0.0064516129032258064,0.004301075268817204,0.0,0.004301075268817204,0.010752688172043012,0.0064516129032258064,0.0064516129032258064,0.004301075268817204,0.004301075268817204,0.002150537634408602,0.004301075268817204,0.004301075268817204,0.0,0.0,0.002150537634408602,0.0,0.0,0.002150537634408602,0.0,0.0,0.0,0.0,0.0,0.004301075268817204,0.002150537634408602,0.002150537634408602,0.0,0.0,0.004301075268817204,0.0,0.0,0.0,0.0,0.0,0.0,0.0,0.002150537634408602,0.0,0.0,0.0,0.0,0.0,0.0,0.0,0.0,0.0,0.0,0.0,0.0,0.0,0.0,0.0,0.0,0.0,0.0,0.0,0.0,0.0,0.0,0.0,0.0,0.0,0.0,0.0,0.0,0.0,0.0,0.0,0.0,0.0,0.0,0.0,0.0
J07A1123,0.0,0.0,0.0,0.05555555555555555,0.0,0.16666666666666666,0.0,0.0,0.0,0.0,0.05555555555555555,0.0,0.05555555555555555,0.0,0.0,0.0,0.1111111111111111,0.05555555555555555,0.0,0.0,0.0,0.0,0.0,0.1111111111111111,0.05555555555555555,0.0,0.0,0.0,0.05555555555555555,0.05555555555555555,0.0,0.0,0.0,0.0,0.05555555555555555,0.0,0.0,0.0,0.0,0.0,0.0,0.0,0.0,0.0,0.0,0.0,0.0,0.0,0.05555555555555555,0.0,0.0,0.0,0.0,0.0,0.0,0.0,0.05555555555555555,0.0,0.0,0.0,0.0,0.0,0.0,0.0,0.0,0.0,0.0,0.0,0.0,0.0,0.0,0.0,0.0,0.05555555555555555,0.0,0.0,0.0,0.0,0.0,0.0,0.0,0.0,0.0,0.0,0.0,0.0,0.0,0.0,0.0,0.0,0.0,0.0,0.0,0.0,0.0,0.0,0.0,0.0,0.0,0.0,0.0
J07A1124,0.010471204188481676,0.028795811518324606,0.05235602094240838,0.05235602094240838,0.07329842931937172,0.05235602094240838,0.07068062827225131,0.08115183246073299,0.04712041884816754,0.049738219895287955,0.060209424083769635,0.02617801047120419,0.034031413612565446,0.04450261780104712,0.04450261780104712,0.015706806282722512,0.034031413612565446,0.020942408376963352,0.013089005235602094,0.013089005235602094,0.020942408376963352,0.005235602094240838,0.02617801047120419,0.01832460732984293,0.007853403141361256,0.005235602094240838,0.015706806282722512,0.010471204188481676,0.015706806282722512,0.002617801047120419,0.002617801047120419,0.005235602094240838,0.0,0.0,0.002617801047120419,0.002617801047120419,0.0,0.0,0.002617801047120419,0.002617801047120419,0.002617801047120419,0.0,0.002617801047120419,0.002617801047120419,0.0,0.0,0.002617801047120419,0.002617801047120419,0.002617801047120419,0.0,0.0,0.0,0.0,0.0,0.0,0.0,0.002617801047120419,0.0,0.002617801047120419,0.0,0.0,0.0,0.0,0.0,0.002617801047120419,0.0,0.0,0.002617801047120419,0.0,0.0,0.0,0.0,0.0,0.0,0.0,0.0,0.0,0.0,0.002617801047120419,0.0,0.0,0.0,0.0,0.0,0.0,0.0,0.0,0.0,0.0,0.0,0.0,0.0,0.0,0.0,0.0,0.0,0.0,0.0,0.0,0.0,0.0
J07A1125,0.012903225806451613,0.04086021505376344,0.047311827956989246,0.025806451612903226,0.034408602150537634,0.034408602150537634,0.05591397849462366,0.03225806451612903,0.03655913978494624,0.02795698924731183,0.047311827956989246,0.023655913978494623,0.03870967741935484,0.017204301075268817,0.025806451612903226,0.023655913978494623,0.01935483870967742,0.025806451612903226,0.03870967741935484,0.034408602150537634,0.023655913978494623,0.010752688172043012,0.0064516129032258064,0.01935483870967742,0.008602150537634409,0.008602150537634409,0.021505376344086023,0.012903225806451613,0.012903225806451613,0.0064516129032258064,0.012903225806451613,0.012903225806451613,0.0064516129032258064,0.0064516129032258064,0.010752688172043012,0.015053763440860216,0.004301075268817204,0.0064516129032258064,0.0064516129032258064,0.004301075268817204,0.0064516129032258064,0.010752688172043012,0.002150537634408602,0.008602150537634409,0.004301075268817204,0.004301075268817204,0.008602150537634409,0.0064516129032258064,0.008602150537634409,0.004301075268817204,0.002150537634408602,0.002150537634408602,0.002150537634408602,0.0,0.002150537634408602,0.0,0.0,0.004301075268817204,0.0,0.002150537634408602,0.004301075268817204,0.0,0.004301075268817204,0.002150537634408602,0.0,0.002150537634408602,0.002150537634408602,0.004301075268817204,0.0,0.002150537634408602,0.004301075268817204,0.0,0.004301075268817204,0.002150537634408602,0.008602150537634409,0.002150537634408602,0.0,0.0,0.004301075268817204,0.0,0.002150537634408602,0.002150537634408602,0.0,0.0,0.004301075268817204,0.0,0.0,0.0,0.0,0.0,0.0,0.0,0.002150537634408602,0.0,0.0,0.002150537634408602,0.0,0.0,0.0,0.0,0.0
J07A1126,0.03,0.09666666666666666,0.10666666666666667,0.07333333333333333,0.08666666666666667,0.05333333333333334,0.056666666666666664,0.043333333333333335,0.04666666666666667,0.04,0.02666666666666667,0.03666666666666667,0.03,0.02666666666666667,0.013333333333333334,0.02,0.03333333333333333,0.02,0.013333333333333334,0.013333333333333334,0.016666666666666666,0.0033333333333333335,0.013333333333333334,0.0033333333333333335,0.006666666666666667,0.006666666666666667,0.01,0.01,0.006666666666666667,0.0033333333333333335,0.016666666666666666,0.0033333333333333335,0.0,0.0033333333333333335,0.0,0.0,0.0,0.006666666666666667,0.0,0.0,0.0,0.0033333333333333335,0.0033333333333333335,0.0,0.0033333333333333335,0.0,0.0,0.0033333333333333335,0.0033333333333333335,0.0,0.0033333333333333335,0.0,0.0,0.0,0.0,0.0,0.0033333333333333335,0.0,0.0,0.0,0.0,0.0,0.0,0.0,0.0,0.0,0.0,0.0,0.0,0.0,0.0,0.0,0.0,0.0,0.0,0.0,0.0,0.0,0.0,0.0,0.0,0.0,0.0,0.0,0.0,0.0,0.0,0.0,0.0,0.0,0.0,0.0,0.0,0.0,0.0,0.0,0.0,0.0,0.0,0.0,0.0
J07A1127,0.0,0.012626262626262626,0.03282828282828283,0.03282828282828283,0.025252525252525252,0.045454545454545456,0.04292929292929293,0.027777777777777776,0.03282828282828283,0.03535353535353535,0.027777777777777776,0.03535353535353535,0.020202020202020204,0.05555555555555555,0.05303030303030303,0.03282828282828283,0.047979797979797977,0.022727272727272728,0.030303030303030304,0.012626262626262626,0.017676767676767676,0.025252525252525252,0.020202020202020204,0.022727272727272728,0.027777777777777776,0.012626262626262626,0.005050505050505051,0.012626262626262626,0.010101010101010102,0.015151515151515152,0.0025252525252525255,0.015151515151515152,0.010101010101010102,0.015151515151515152,0.007575757575757576,0.0025252525252525255,0.007575757575757576,0.007575757575757576,0.012626262626262626,0.007575757575757576,0.010101010101010102,0.0025252525252525255,0.0025252525252525255,0.0025252525252525255,0.005050505050505051,0.0025252525252525255,0.0025252525252525255,0.0,0.005050505050505051,0.005050505050505051,0.0025252525252525255,0.0,0.0025252525252525255,0.007575757575757576,0.005050505050505051,0.0,0.0025252525252525255,0.0,0.0025252525252525255,0.0025252525252525255,0.0,0.0025252525252525255,0.0025252525252525255,0.0,0.0,0.0,0.0,0.0,0.0,0.0,0.0,0.0025252525252525255,0.0025252525252525255,0.005050505050505051,0.0025252525252525255,0.0,0.0025252525252525255,0.0,0.0,0.0,0.0,0.0,0.005050505050505051,0.0025252525252525255,0.0,0.0,0.0,0.005050505050505051,0.0025252525252525255,0.0025252525252525255,0.007575757575757576,0.0025252525252525255,0.0,0.0025252525252525255,0.0025252525252525255,0.0,0.0,0.0,0.0,0.0,0.0
J07A1128,0.0,0.01327433628318584,0.02654867256637168,0.017699115044247787,0.017699115044247787,0.017699115044247787,0.028761061946902654,0.01991150442477876,0.035398230088495575,0.028761061946902654,0.028761061946902654,0.035398230088495575,0.01991150442477876,0.024336283185840708,0.02654867256637168,0.015486725663716814,0.033185840707964605,0.02654867256637168,0.033185840707964605,0.024336283185840708,0.028761061946902654,0.022123893805309734,0.01991150442477876,0.022123893805309734,0.024336283185840708,0.017699115044247787,0.015486725663716814,0.015486725663716814,0.022123893805309734,0.017699115044247787,0.03982300884955752,0.015486725663716814,0.022123893805309734,0.015486725663716814,0.015486725663716814,0.015486725663716814,0.0022123893805309734,0.017699115044247787,0.017699115044247787,0.008849557522123894,0.008849557522123894,0.008849557522123894,0.008849557522123894,0.004424778761061947,0.00663716814159292,0.008849557522123894,0.004424778761061947,0.011061946902654867,0.0022123893805309734,0.004424778761061947,0.004424778761061947,0.0022123893805309734,0.004424778761061947,0.0,0.0022123893805309734,0.0,0.008849557522123894,0.004424778761061947,0.0,0.0,0.0022123893805309734,0.004424778761061947,0.004424778761061947,0.0,0.004424778761061947,0.00663716814159292,0.0,0.0,0.00663716814159292,0.004424778761061947,0.0,0.0022123893805309734,0.0,0.0022123893805309734,0.0022123893805309734,0.0,0.0022123893805309734,0.0,0.0022123893805309734,0.0,0.0022123893805309734,0.0,0.0022123893805309734,0.0022123893805309734,0.0,0.0022123893805309734,0.0,0.0,0.0,0.0022123893805309734,0.0,0.0,0.0,0.0,0.0,0.0,0.0,0.0,0.0,0.0,0.0
J07A1130,0.0,0.0,0.0029585798816568047,0.0029585798816568047,0.014792899408284023,0.008875739644970414,0.008875739644970414,0.005917159763313609,0.01775147928994083,0.023668639053254437,0.026627218934911243,0.011834319526627219,0.014792899408284023,0.020710059171597635,0.029585798816568046,0.029585798816568046,0.01775147928994083,0.029585798816568046,0.029585798816568046,0.020710059171597635,0.03254437869822485,0.03550295857988166,0.03254437869822485,0.01775147928994083,0.011834319526627219,0.01775147928994083,0.03550295857988166,0.029585798816568046,0.03254437869822485,0.008875739644970414,0.023668639053254437,0.020710059171597635,0.023668639053254437,0.020710059171597635,0.020710059171597635,0.020710059171597635,0.03550295857988166,0.011834319526627219,0.03550295857988166,0.011834319526627219,0.005917159763313609,0.011834319526627219,0.020710059171597635,0.01775147928994083,0.011834319526627219,0.011834319526627219,0.005917159763313609,0.014792899408284023,0.011834319526627219,0.008875739644970414,0.005917159763313609,0.005917159763313609,0.008875739644970414,0.0029585798816568047,0.005917159763313609,0.0,0.0029585798816568047,0.0,0.008875739644970414,0.0029585798816568047,0.0029585798816568047,0.0,0.0,0.0029585798816568047,0.0029585798816568047,0.0029585798816568047,0.008875739644970414,0.0,0.005917159763313609,0.0029585798816568047,0.0029585798816568047,0.0,0.0,0.0,0.0,0.0,0.0,0.0,0.0,0.0,0.0029585798816568047,0.0,0.0,0.0,0.0,0.0029585798816568047,0.0,0.0,0.0,0.0,0.0,0.0,0.0,0.0,0.0,0.0,0.0,0.0,0.0,0.0,0.0
J07A1132,0.0,0.003484320557491289,0.03484320557491289,0.024390243902439025,0.03484320557491289,0.04878048780487805,0.0627177700348432,0.027874564459930314,0.04878048780487805,0.024390243902439025,0.0627177700348432,0.04878048780487805,0.06968641114982578,0.024390243902439025,0.05226480836236934,0.03832752613240418,0.0313588850174216,0.020905923344947737,0.0313588850174216,0.027874564459930314,0.024390243902439025,0.017421602787456445,0.017421602787456445,0.020905923344947737,0.024390243902439025,0.010452961672473868,0.013937282229965157,0.006968641114982578,0.010452961672473868,0.013937282229965157,0.020905923344947737,0.017421602787456445,0.003484320557491289,0.010452961672473868,0.003484320557491289,0.003484320557491289,0.0,0.003484320557491289,0.017421602787456445,0.006968641114982578,0.0,0.006968641114982578,0.0,0.0,0.0,0.0,0.003484320557491289,0.0,0.010452961672473868,0.0,0.0,0.0,0.0,0.003484320557491289,0.0,0.0,0.0,0.0,0.0,0.0,0.0,0.003484320557491289,0.0,0.0,0.0,0.0,0.0,0.0,0.0,0.0,0.0,0.0,0.0,0.0,0.0,0.003484320557491289,0.0,0.003484320557491289,0.0,0.0,0.0,0.0,0.0,0.0,0.0,0.0,0.0,0.0,0.0,0.0,0.0,0.0,0.0,0.0,0.0,0.0,0.0,0.0,0.0,0.0,0.0
J07A1133,0.03125,0.04326923076923077,0.07451923076923077,0.08413461538461539,0.0889423076923077,0.0673076923076923,0.0673076923076923,0.055288461538461536,0.04567307692307692,0.021634615384615384,0.021634615384615384,0.026442307692307692,0.028846153846153848,0.019230769230769232,0.04567307692307692,0.01201923076923077,0.021634615384615384,0.021634615384615384,0.026442307692307692,0.016826923076923076,0.007211538461538462,0.019230769230769232,0.004807692307692308,0.01201923076923077,0.014423076923076924,0.004807692307692308,0.009615384615384616,0.009615384615384616,0.002403846153846154,0.002403846153846154,0.014423076923076924,0.007211538461538462,0.009615384615384616,0.002403846153846154,0.009615384615384616,0.002403846153846154,0.004807692307692308,0.004807692307692308,0.002403846153846154,0.002403846153846154,0.007211538461538462,0.002403846153846154,0.002403846153846154,0.0,0.002403846153846154,0.0,0.002403846153846154,0.0,0.002403846153846154,0.0,0.002403846153846154,0.0,0.004807692307692308,0.0,0.0,0.0,0.0,0.0,0.0,0.0,0.0,0.0,0.002403846153846154,0.0,0.0,0.002403846153846154,0.0,0.0,0.0,0.0,0.0,0.002403846153846154,0.0,0.0,0.0,0.0,0.0,0.0,0.0,0.0,0.0,0.0,0.0,0.0,0.0,0.0,0.0,0.0,0.0,0.0,0.0,0.0,0.0,0.0,0.0,0.0,0.0,0.0,0.0,0.0,0.0
J07A3054,0.04065040650406504,0.08536585365853659,0.08943089430894309,0.08536585365853659,0.08130081300813008,0.04878048780487805,0.09349593495934959,0.052845528455284556,0.044715447154471545,0.036585365853658534,0.056910569105691054,0.028455284552845527,0.02032520325203252,0.028455284552845527,0.036585365853658534,0.016260162601626018,0.0040650406504065045,0.0040650406504065045,0.024390243902439025,0.024390243902439025,0.02032520325203252,0.016260162601626018,0.012195121951219513,0.0040650406504065045,0.0,0.0040650406504065045,0.008130081300813009,0.0,0.0040650406504065045,0.0,0.0,0.0,0.0,0.008130081300813009,0.0,0.0,0.0,0.008130081300813009,0.0,0.0,0.0,0.0,0.0,0.0,0.0,0.0,0.0,0.0,0.0040650406504065045,0.0,0.0040650406504065045,0.0,0.0,0.0,0.0,0.0,0.0,0.0,0.0,0.0,0.0,0.0,0.0,0.0,0.0,0.0,0.0,0.0040650406504065045,0.0,0.0,0.0,0.0,0.0,0.0,0.0,0.0,0.0,0.0,0.0,0.0,0.0,0.0,0.0,0.0,0.0,0.0,0.0,0.0,0.0,0.0,0.0,0.0,0.0,0.0,0.0,0.0,0.0,0.0,0.0,0.0,0.0
J07A3055,0.2605633802816901,0.18661971830985916,0.10211267605633803,0.05985915492957746,0.07042253521126761,0.02112676056338028,0.04929577464788732,0.04225352112676056,0.03169014084507042,0.04225352112676056,0.02112676056338028,0.0035211267605633804,0.0035211267605633804,0.0035211267605633804,0.02464788732394366,0.0035211267605633804,0.007042253521126761,0.0035211267605633804,0.0035211267605633804,0.007042253521126761,0.007042253521126761,0.0035211267605633804,0.0035211267605633804,0.0035211267605633804,0.0035211267605633804,0.0,0.0035211267605633804,0.0035211267605633804,0.0035211267605633804,0.0035211267605633804,0.0,0.0,0.0,0.007042253521126761,0.0,0.0,0.0,0.0,0.0,0.0,0.0,0.0,0.0,0.007042253521126761,0.0,0.0,0.0,0.0035211267605633804,0.0,0.0,0.0,0.0,0.0,0.0,0.0,0.0,0.0,0.0,0.0,0.0,0.0,0.0,0.0,0.0,0.0,0.0,0.0,0.0,0.0,0.0,0.0,0.0,0.0,0.0,0.0,0.0,0.0,0.0,0.0,0.0,0.0,0.0,0.0,0.0,0.0,0.0,0.0,0.0,0.0,0.0,0.0,0.0,0.0,0.0,0.0,0.0,0.0,0.0,0.0,0.0,0.0
J07A3056,0.2261904761904762,0.18253968253968253,0.0873015873015873,0.09126984126984126,0.06349206349206349,0.03571428571428571,0.031746031746031744,0.01984126984126984,0.047619047619047616,0.007936507936507936,0.023809523809523808,0.031746031746031744,0.01984126984126984,0.003968253968253968,0.031746031746031744,0.015873015873015872,0.007936507936507936,0.0,0.007936507936507936,0.011904761904761904,0.011904761904761904,0.003968253968253968,0.003968253968253968,0.0,0.0,0.0,0.003968253968253968,0.0,0.0,0.007936507936507936,0.0,0.0,0.003968253968253968,0.003968253968253968,0.0,0.0,0.0,0.0,0.0,0.0,0.0,0.003968253968253968,0.0,0.0,0.0,0.0,0.0,0.0,0.0,0.003968253968253968,0.0,0.0,0.0,0.0,0.0,0.0,0.0,0.0,0.0,0.003968253968253968,0.0,0.0,0.0,0.0,0.0,0.0,0.0,0.0,0.0,0.0,0.0,0.0,0.0,0.0,0.0,0.0,0.0,0.0,0.0,0.0,0.0,0.0,0.0,0.0,0.0,0.0,0.0,0.0,0.0,0.0,0.0,0.0,0.0,0.0,0.0,0.0,0.0,0.0,0.0,0.0,0.0
J07A3057,0.1469387755102041,0.1306122448979592,0.09387755102040816,0.08163265306122448,0.07346938775510205,0.044897959183673466,0.04897959183673469,0.053061224489795916,0.04897959183673469,0.0326530612244898,0.0163265306122449,0.012244897959183673,0.036734693877551024,0.024489795918367346,0.02040816326530612,0.012244897959183673,0.024489795918367346,0.012244897959183673,0.00816326530612245,0.004081632653061225,0.00816326530612245,0.004081632653061225,0.00816326530612245,0.0,0.012244897959183673,0.00816326530612245,0.00816326530612245,0.0,0.004081632653061225,0.0,0.0,0.0,0.00816326530612245,0.0,0.0,0.0,0.0,0.0,0.0,0.00816326530612245,0.0,0.0,0.0,0.0,0.0,0.0,0.0,0.0,0.004081632653061225,0.0,0.0,0.0,0.0,0.0,0.0,0.0,0.0,0.0,0.0,0.0,0.0,0.0,0.0,0.0,0.0,0.0,0.0,0.0,0.0,0.0,0.0,0.0,0.0,0.0,0.0,0.0,0.0,0.0,0.0,0.0,0.0,0.0,0.0,0.0,0.0,0.0,0.0,0.0,0.0,0.0,0.0,0.0,0.0,0.0,0.0,0.0,0.0,0.0,0.0,0.0,0.0
J07A3058,0.6356589147286822,0.20155038759689922,0.09302325581395349,0.015503875968992248,0.015503875968992248,0.007751937984496124,0.007751937984496124,0.0,0.0,0.007751937984496124,0.0,0.0,0.0,0.0,0.0,0.0,0.0,0.0,0.0,0.007751937984496124,0.0,0.007751937984496124,0.0,0.0,0.0,0.0,0.0,0.0,0.0,0.0,0.0,0.0,0.0,0.0,0.0,0.0,0.0,0.0,0.0,0.0,0.0,0.0,0.0,0.0,0.0,0.0,0.0,0.0,0.0,0.0,0.0,0.0,0.0,0.0,0.0,0.0,0.0,0.0,0.0,0.0,0.0,0.0,0.0,0.0,0.0,0.0,0.0,0.0,0.0,0.0,0.0,0.0,0.0,0.0,0.0,0.0,0.0,0.0,0.0,0.0,0.0,0.0,0.0,0.0,0.0,0.0,0.0,0.0,0.0,0.0,0.0,0.0,0.0,0.0,0.0,0.0,0.0,0.0,0.0,0.0,0.0
J07A3059,0.05405405405405406,0.0888030888030888,0.10038610038610038,0.03088803088803089,0.08494208494208494,0.04247104247104247,0.06177606177606178,0.03861003861003861,0.03088803088803089,0.023166023166023165,0.019305019305019305,0.011583011583011582,0.019305019305019305,0.011583011583011582,0.023166023166023165,0.007722007722007722,0.011583011583011582,0.003861003861003861,0.007722007722007722,0.015444015444015444,0.007722007722007722,0.007722007722007722,0.011583011583011582,0.007722007722007722,0.007722007722007722,0.015444015444015444,0.023166023166023165,0.003861003861003861,0.007722007722007722,0.003861003861003861,0.003861003861003861,0.003861003861003861,0.007722007722007722,0.007722007722007722,0.0,0.0,0.007722007722007722,0.0,0.003861003861003861,0.003861003861003861,0.003861003861003861,0.003861003861003861,0.003861003861003861,0.011583011583011582,0.0,0.003861003861003861,0.007722007722007722,0.0,0.0,0.0,0.0,0.007722007722007722,0.007722007722007722,0.003861003861003861,0.003861003861003861,0.0,0.007722007722007722,0.007722007722007722,0.003861003861003861,0.0,0.0,0.003861003861003861,0.0,0.0,0.0,0.011583011583011582,0.003861003861003861,0.0,0.007722007722007722,0.0,0.0,0.0,0.003861003861003861,0.003861003861003861,0.0,0.007722007722007722,0.003861003861003861,0.0,0.0,0.0,0.007722007722007722,0.0,0.003861003861003861,0.007722007722007722,0.0,0.0,0.0,0.0,0.0,0.007722007722007722,0.0,0.003861003861003861,0.0,0.0,0.007722007722007722,0.011583011583011582,0.0,0.0,0.003861003861003861,0.0,0.0
J07A3060,0.06437768240343347,0.13304721030042918,0.0815450643776824,0.0815450643776824,0.06866952789699571,0.04291845493562232,0.03862660944206009,0.017167381974248927,0.02575107296137339,0.03862660944206009,0.04721030042918455,0.012875536480686695,0.017167381974248927,0.02575107296137339,0.034334763948497854,0.004291845493562232,0.02145922746781116,0.008583690987124463,0.030042918454935622,0.004291845493562232,0.004291845493562232,0.008583690987124463,0.008583690987124463,0.02575107296137339,0.012875536480686695,0.012875536480686695,0.004291845493562232,0.012875536480686695,0.012875536480686695,0.004291845493562232,0.004291845493562232,0.012875536480686695,0.004291845493562232,0.0,0.004291845493562232,0.0,0.0,0.008583690987124463,0.012875536480686695,0.0,0.004291845493562232,0.008583690987124463,0.004291845493562232,0.0,0.0,0.0,0.0,0.0,0.0,0.004291845493562232,0.0,0.0,0.004291845493562232,0.0,0.0,0.0,0.0,0.0,0.0,0.0,0.008583690987124463,0.004291845493562232,0.0,0.0,0.0,0.0,0.0,0.004291845493562232,0.0,0.0,0.0,0.0,0.0,0.0,0.0,0.0,0.004291845493562232,0.0,0.0,0.0,0.0,0.0,0.0,0.0,0.0,0.0,0.0,0.0,0.0,0.0,0.0,0.0,0.0,0.0,0.0,0.0,0.0,0.0,0.0,0.0,0.0
J07A3061,0.10980392156862745,0.12941176470588237,0.15294117647058825,0.0784313725490196,0.054901960784313725,0.058823529411764705,0.07058823529411765,0.03137254901960784,0.047058823529411764,0.023529411764705882,0.03137254901960784,0.0196078431372549,0.011764705882352941,0.023529411764705882,0.023529411764705882,0.011764705882352941,0.01568627450980392,0.011764705882352941,0.023529411764705882,0.0,0.01568627450980392,0.00392156862745098,0.00392156862745098,0.00784313725490196,0.0,0.00392156862745098,0.0,0.00392156862745098,0.00784313725490196,0.0,0.0,0.00392156862745098,0.0,0.00392156862745098,0.0,0.0,0.0,0.0,0.0,0.0,0.0,0.00392156862745098,0.0,0.0,0.0,0.0,0.00392156862745098,0.0,0.0,0.0,0.0,0.0,0.0,0.0,0.0,0.0,0.0,0.0,0.0,0.0,0.0,0.0,0.0,0.0,0.0,0.0,0.0,0.00392156862745098,0.0,0.0,0.0,0.0,0.0,0.0,0.00392156862745098,0.0,0.0,0.0,0.0,0.0,0.0,0.0,0.0,0.0,0.0,0.0,0.0,0.0,0.0,0.0,0.0,0.0,0.0,0.0,0.0,0.0,0.0,0.0,0.0,0.0,0.0
J07A3062,0.25882352941176473,0.1803921568627451,0.1411764705882353,0.09411764705882353,0.050980392156862744,0.01568627450980392,0.03137254901960784,0.043137254901960784,0.01568627450980392,0.011764705882352941,0.027450980392156862,0.00392156862745098,0.011764705882352941,0.00392156862745098,0.011764705882352941,0.00784313725490196,0.00784313725490196,0.011764705882352941,0.00392156862745098,0.00784313725490196,0.0,0.00392156862745098,0.01568627450980392,0.00392156862745098,0.0,0.00392156862745098,0.00392156862745098,0.00392156862745098,0.0,0.0,0.0,0.0,0.0,0.0,0.0,0.0,0.00784313725490196,0.0,0.0,0.0,0.0,0.00392156862745098,0.0,0.00392156862745098,0.0,0.0,0.0,0.0,0.0,0.0,0.0,0.0,0.0,0.00392156862745098,0.0,0.0,0.0,0.0,0.0,0.0,0.0,0.0,0.0,0.0,0.0,0.0,0.0,0.0,0.0,0.0,0.0,0.0,0.0,0.0,0.0,0.0,0.0,0.0,0.0,0.0,0.0,0.0,0.0,0.0,0.0,0.0,0.0,0.0,0.00392156862745098,0.0,0.0,0.0,0.0,0.0,0.0,0.0,0.0,0.0,0.0,0.0,0.0
J07A3063,0.05982905982905983,0.07692307692307693,0.10256410256410256,0.0641025641025641,0.09829059829059829,0.05128205128205128,0.07264957264957266,0.05128205128205128,0.038461538461538464,0.02564102564102564,0.05128205128205128,0.029914529914529916,0.021367521367521368,0.029914529914529916,0.02564102564102564,0.008547008547008548,0.029914529914529916,0.008547008547008548,0.008547008547008548,0.017094017094017096,0.017094017094017096,0.01282051282051282,0.008547008547008548,0.008547008547008548,0.017094017094017096,0.004273504273504274,0.0,0.01282051282051282,0.004273504273504274,0.008547008547008548,0.004273504273504274,0.004273504273504274,0.004273504273504274,0.004273504273504274,0.0,0.004273504273504274,0.0,0.0,0.0,0.0,0.0,0.0,0.0,0.004273504273504274,0.008547008547008548,0.0,0.0,0.0,0.0,0.0,0.0,0.0,0.0,0.0,0.0,0.0,0.0,0.0,0.0,0.0,0.0,0.0,0.0,0.0,0.0,0.0,0.0,0.0,0.0,0.0,0.0,0.0,0.0,0.0,0.0,0.0,0.0,0.0,0.0,0.0,0.0,0.0,0.0,0.0,0.0,0.0,0.0,0.0,0.0,0.0,0.0,0.0,0.0,0.0,0.0,0.0,0.0,0.0,0.0,0.0,0.0
J07A3064,0.008333333333333333,0.0375,0.029166666666666667,0.025,0.025,0.03333333333333333,0.020833333333333332,0.029166666666666667,0.025,0.025,0.020833333333333332,0.020833333333333332,0.008333333333333333,0.004166666666666667,0.008333333333333333,0.008333333333333333,0.0125,0.0,0.008333333333333333,0.0125,0.025,0.008333333333333333,0.004166666666666667,0.016666666666666666,0.0,0.004166666666666667,0.0125,0.004166666666666667,0.004166666666666667,0.004166666666666667,0.004166666666666667,0.016666666666666666,0.0,0.008333333333333333,0.008333333333333333,0.0,0.0,0.0,0.004166666666666667,0.0,0.0125,0.0,0.0125,0.020833333333333332,0.008333333333333333,0.0,0.008333333333333333,0.004166666666666667,0.004166666666666667,0.004166666666666667,0.0,0.008333333333333333,0.004166666666666667,0.004166666666666667,0.0,0.0,0.004166666666666667,0.004166666666666667,0.004166666666666667,0.008333333333333333,0.004166666666666667,0.008333333333333333,0.0,0.004166666666666667,0.0,0.008333333333333333,0.0125,0.004166666666666667,0.0,0.004166666666666667,0.008333333333333333,0.0,0.004166666666666667,0.008333333333333333,0.0,0.008333333333333333,0.008333333333333333,0.008333333333333333,0.008333333333333333,0.0,0.008333333333333333,0.004166666666666667,0.0,0.0,0.020833333333333332,0.0125,0.004166666666666667,0.016666666666666666,0.0125,0.008333333333333333,0.004166666666666667,0.0,0.0125,0.016666666666666666,0.029166666666666667,0.03333333333333333,0.016666666666666666,0.0125,0.03333333333333333,0.0375,0.016666666666666666
J07A3065,0.5,0.1724137931034483,0.08620689655172414,0.017241379310344827,0.034482758620689655,0.0,0.034482758620689655,0.0,0.0,0.0,0.0,0.0,0.0,0.0,0.0,0.017241379310344827,0.017241379310344827,0.0,0.0,0.0,0.0,0.0,0.017241379310344827,0.0,0.0,0.0,0.0,0.0,0.0,0.017241379310344827,0.0,0.0,0.0,0.0,0.0,0.0,0.0,0.017241379310344827,0.0,0.0,0.0,0.0,0.017241379310344827,0.0,0.0,0.0,0.0,0.0,0.0,0.0,0.0,0.0,0.0,0.0,0.0,0.0,0.0,0.0,0.0,0.0,0.0,0.0,0.0,0.0,0.0,0.0,0.0,0.0,0.0,0.0,0.0,0.0,0.0,0.0,0.0,0.0,0.0,0.0,0.0,0.0,0.0,0.0,0.0,0.017241379310344827,0.017241379310344827,0.0,0.0,0.0,0.0,0.0,0.0,0.0,0.0,0.0,0.0,0.017241379310344827,0.0,0.0,0.0,0.0,0.0
J07A3066,0.03361344537815126,0.07563025210084033,0.08403361344537816,0.046218487394957986,0.07563025210084033,0.03361344537815126,0.037815126050420166,0.03361344537815126,0.037815126050420166,0.05042016806722689,0.04201680672268908,0.01680672268907563,0.025210084033613446,0.037815126050420166,0.02100840336134454,0.012605042016806723,0.012605042016806723,0.008403361344537815,0.012605042016806723,0.012605042016806723,0.012605042016806723,0.008403361344537815,0.01680672268907563,0.01680672268907563,0.02100840336134454,0.008403361344537815,0.008403361344537815,0.008403361344537815,0.012605042016806723,0.012605042016806723,0.004201680672268907,0.0,0.01680672268907563,0.004201680672268907,0.008403361344537815,0.0,0.01680672268907563,0.012605042016806723,0.004201680672268907,0.004201680672268907,0.0,0.004201680672268907,0.004201680672268907,0.0,0.01680672268907563,0.004201680672268907,0.0,0.008403361344537815,0.012605042016806723,0.008403361344537815,0.004201680672268907,0.0,0.0,0.0,0.0,0.0,0.004201680672268907,0.0,0.004201680672268907,0.0,0.004201680672268907,0.0,0.0,0.0,0.0,0.0,0.004201680672268907,0.0,0.0,0.0,0.0,0.0,0.004201680672268907,0.0,0.0,0.0,0.0,0.0,0.0,0.004201680672268907,0.0,0.0,0.0,0.004201680672268907,0.0,0.0,0.0,0.0,0.0,0.0,0.0,0.0,0.0,0.0,0.0,0.0,0.0,0.0,0.0,0.0,0.0
J07A3067,0.0694980694980695,0.10038610038610038,0.08108108108108109,0.05791505791505792,0.04247104247104247,0.06563706563706563,0.04247104247104247,0.04633204633204633,0.05019305019305019,0.02702702702702703,0.03474903474903475,0.04247104247104247,0.023166023166023165,0.011583011583011582,0.023166023166023165,0.007722007722007722,0.019305019305019305,0.015444015444015444,0.019305019305019305,0.019305019305019305,0.011583011583011582,0.007722007722007722,0.023166023166023165,0.011583011583011582,0.011583011583011582,0.007722007722007722,0.011583011583011582,0.003861003861003861,0.007722007722007722,0.015444015444015444,0.007722007722007722,0.007722007722007722,0.003861003861003861,0.015444015444015444,0.007722007722007722,0.0,0.0,0.011583011583011582,0.003861003861003861,0.0,0.003861003861003861,0.0,0.003861003861003861,0.0,0.0,0.0,0.0,0.003861003861003861,0.0,0.003861003861003861,0.003861003861003861,0.0,0.003861003861003861,0.0,0.0,0.0,0.003861003861003861,0.0,0.0,0.0,0.0,0.0,0.0,0.0,0.0,0.0,0.0,0.0,0.0,0.0,0.0,0.0,0.0,0.0,0.0,0.0,0.0,0.0,0.0,0.0,0.0,0.0,0.0,0.003861003861003861,0.0,0.0,0.0,0.0,0.0,0.0,0.0,0.0,0.0,0.0,0.0,0.0,0.0,0.0,0.0,0.0,0.0
J07A3068,0.2366412213740458,0.20229007633587787,0.11068702290076336,0.07251908396946564,0.061068702290076333,0.022900763358778626,0.019083969465648856,0.019083969465648856,0.026717557251908396,0.015267175572519083,0.03435114503816794,0.015267175572519083,0.003816793893129771,0.011450381679389313,0.011450381679389313,0.007633587786259542,0.007633587786259542,0.003816793893129771,0.003816793893129771,0.003816793893129771,0.0,0.011450381679389313,0.003816793893129771,0.003816793893129771,0.0,0.0,0.003816793893129771,0.0,0.0,0.003816793893129771,0.003816793893129771,0.007633587786259542,0.0,0.007633587786259542,0.003816793893129771,0.007633587786259542,0.003816793893129771,0.0,0.003816793893129771,0.0,0.0,0.003816793893129771,0.0,0.003816793893129771,0.0,0.003816793893129771,0.0,0.0,0.0,0.0,0.0,0.0,0.0,0.0,0.0,0.0,0.0,0.003816793893129771,0.0,0.0,0.003816793893129771,0.0,0.0,0.0,0.0,0.0,0.0,0.0,0.003816793893129771,0.0,0.007633587786259542,0.0,0.0,0.0,0.0,0.003816793893129771,0.0,0.0,0.0,0.0,0.0,0.0,0.003816793893129771,0.003816793893129771,0.0,0.0,0.0,0.0,0.0,0.003816793893129771,0.0,0.0,0.0,0.0,0.0,0.0,0.0,0.0,0.0,0.0,0.0
J07A3069,0.18106995884773663,0.15637860082304528,0.0823045267489712,0.06995884773662552,0.06995884773662552,0.06584362139917696,0.037037037037037035,0.03292181069958848,0.053497942386831275,0.024691358024691357,0.01646090534979424,0.01646090534979424,0.01646090534979424,0.012345679012345678,0.0205761316872428,0.012345679012345678,0.0,0.00411522633744856,0.00823045267489712,0.012345679012345678,0.0,0.012345679012345678,0.012345679012345678,0.00823045267489712,0.00411522633744856,0.00411522633744856,0.012345679012345678,0.0,0.00823045267489712,0.0,0.012345679012345678,0.00411522633744856,0.0,0.00411522633744856,0.00411522633744856,0.0,0.0,0.0,0.0,0.0,0.0,0.0,0.00823045267489712,0.0,0.0,0.0,0.0,0.0,0.0,0.0,0.0,0.0,0.0,0.0,0.0,0.0,0.0,0.0,0.0,0.00411522633744856,0.0,0.0,0.0,0.0,0.0,0.0,0.0,0.0,0.0,0.0,0.0,0.0,0.0,0.0,0.0,0.00411522633744856,0.0,0.0,0.0,0.0,0.0,0.0,0.0,0.0,0.0,0.0,0.0,0.0,0.0,0.0,0.00411522633744856,0.0,0.0,0.0,0.0,0.0,0.0,0.0,0.0,0.0,0.0
J07A3070,0.13705583756345177,0.1319796954314721,0.08629441624365482,0.07106598984771574,0.07106598984771574,0.04568527918781726,0.02030456852791878,0.04568527918781726,0.025380710659898477,0.030456852791878174,0.01015228426395939,0.015228426395939087,0.01015228426395939,0.015228426395939087,0.04568527918781726,0.015228426395939087,0.005076142131979695,0.005076142131979695,0.025380710659898477,0.0,0.005076142131979695,0.005076142131979695,0.02030456852791878,0.005076142131979695,0.015228426395939087,0.005076142131979695,0.005076142131979695,0.0,0.030456852791878174,0.005076142131979695,0.0,0.0,0.0,0.0,0.01015228426395939,0.005076142131979695,0.005076142131979695,0.0,0.0,0.005076142131979695,0.0,0.0,0.005076142131979695,0.0,0.0,0.005076142131979695,0.0,0.0,0.0,0.0,0.005076142131979695,0.0,0.0,0.0,0.0,0.01015228426395939,0.0,0.0,0.005076142131979695,0.005076142131979695,0.0,0.005076142131979695,0.0,0.0,0.0,0.0,0.015228426395939087,0.0,0.0,0.0,0.0,0.0,0.0,0.0,0.0,0.0,0.0,0.0,0.0,0.0,0.0,0.0,0.0,0.0,0.0,0.0,0.005076142131979695,0.0,0.0,0.0,0.005076142131979695,0.0,0.0,0.0,0.0,0.0,0.0,0.0,0.0,0.0,0.0
J07A3071,0.27165354330708663,0.14566929133858267,0.06692913385826772,0.05511811023622047,0.03937007874015748,0.05511811023622047,0.031496062992125984,0.027559055118110236,0.007874015748031496,0.023622047244094488,0.023622047244094488,0.011811023622047244,0.01968503937007874,0.015748031496062992,0.01968503937007874,0.011811023622047244,0.015748031496062992,0.011811023622047244,0.003937007874015748,0.007874015748031496,0.011811023622047244,0.011811023622047244,0.011811023622047244,0.007874015748031496,0.003937007874015748,0.003937007874015748,0.003937007874015748,0.0,0.007874015748031496,0.011811023622047244,0.0,0.0,0.007874015748031496,0.007874015748031496,0.0,0.0,0.007874015748031496,0.007874015748031496,0.003937007874015748,0.0,0.003937007874015748,0.003937007874015748,0.0,0.003937007874015748,0.0,0.0,0.003937007874015748,0.0,0.0,0.0,0.003937007874015748,0.0,0.0,0.0,0.0,0.0,0.0,0.0,0.003937007874015748,0.0,0.0,0.0,0.0,0.0,0.0,0.0,0.0,0.0,0.0,0.0,0.0,0.0,0.0,0.0,0.0,0.0,0.0,0.0,0.0,0.0,0.0,0.0,0.0,0.0,0.0,0.0,0.0,0.0,0.0,0.0,0.0,0.0,0.0,0.0,0.0,0.0,0.0,0.0,0.0,0.0,0.0
J07A3072,0.075,0.125,0.12916666666666668,0.09583333333333334,0.041666666666666664,0.0375,0.05,0.0375,0.029166666666666667,0.025,0.025,0.020833333333333332,0.020833333333333332,0.029166666666666667,0.029166666666666667,0.0125,0.004166666666666667,0.004166666666666667,0.008333333333333333,0.0125,0.008333333333333333,0.016666666666666666,0.004166666666666667,0.0,0.004166666666666667,0.004166666666666667,0.0125,0.0,0.008333333333333333,0.0,0.004166666666666667,0.004166666666666667,0.020833333333333332,0.004166666666666667,0.004166666666666667,0.004166666666666667,0.008333333333333333,0.008333333333333333,0.0,0.004166666666666667,0.008333333333333333,0.0,0.004166666666666667,0.0,0.008333333333333333,0.0,0.008333333333333333,0.004166666666666667,0.0,0.0,0.0,0.008333333333333333,0.0,0.0,0.0,0.0,0.004166666666666667,0.0,0.0,0.0,0.0,0.0,0.0,0.0,0.0,0.0,0.004166666666666667,0.0,0.0,0.0,0.0,0.0,0.0,0.0,0.004166666666666667,0.004166666666666667,0.0,0.0,0.0,0.004166666666666667,0.0,0.0,0.0,0.0,0.0,0.0,0.0,0.004166666666666667,0.0,0.0,0.0,0.0,0.0,0.0,0.0,0.0,0.0,0.0,0.0,0.0,0.0
J07A3073,0.3783783783783784,0.13063063063063063,0.0990990990990991,0.07657657657657657,0.05405405405405406,0.06756756756756757,0.04504504504504504,0.03153153153153153,0.0045045045045045045,0.02252252252252252,0.009009009009009009,0.018018018018018018,0.0,0.0045045045045045045,0.0045045045045045045,0.0,0.013513513513513514,0.0045045045045045045,0.009009009009009009,0.0,0.0,0.0045045045045045045,0.0,0.0045045045045045045,0.0045045045045045045,0.0,0.0,0.0,0.0,0.0,0.0,0.0,0.0,0.0045045045045045045,0.0,0.0045045045045045045,0.0,0.0,0.0,0.0,0.0,0.0,0.0,0.0,0.0,0.0,0.0,0.0,0.0045045045045045045,0.0,0.0,0.0,0.0,0.0,0.0,0.0,0.0,0.0,0.0,0.0,0.0,0.0,0.0,0.0,0.0,0.0,0.0,0.0,0.0,0.0,0.0,0.0,0.0,0.0,0.0,0.0,0.0,0.0,0.0,0.0,0.0,0.0,0.0,0.0,0.0,0.0,0.0,0.0,0.0,0.0,0.0,0.0,0.0,0.0,0.0,0.0,0.0,0.0,0.0,0.0,0.0
J07A3074,0.14615384615384616,0.13076923076923078,0.11923076923076924,0.07307692307692308,0.06153846153846154,0.03461538461538462,0.04230769230769231,0.038461538461538464,0.026923076923076925,0.015384615384615385,0.03076923076923077,0.03076923076923077,0.04230769230769231,0.023076923076923078,0.007692307692307693,0.0038461538461538464,0.015384615384615385,0.011538461538461539,0.0,0.011538461538461539,0.011538461538461539,0.011538461538461539,0.007692307692307693,0.0,0.011538461538461539,0.0,0.007692307692307693,0.0038461538461538464,0.0038461538461538464,0.0038461538461538464,0.0,0.0,0.0038461538461538464,0.0038461538461538464,0.0,0.015384615384615385,0.0,0.007692307692307693,0.0,0.0,0.0038461538461538464,0.0038461538461538464,0.0,0.007692307692307693,0.0,0.0,0.0038461538461538464,0.0,0.0,0.0,0.0038461538461538464,0.0,0.0,0.0,0.0038461538461538464,0.0,0.0,0.0,0.0,0.0,0.0038461538461538464,0.0,0.0,0.0,0.0038461538461538464,0.0,0.0,0.0,0.0,0.0,0.0,0.0,0.0,0.0,0.0,0.0,0.0,0.0038461538461538464,0.0038461538461538464,0.0,0.0,0.0,0.0,0.0,0.0,0.0,0.0,0.0,0.0,0.0,0.0,0.0,0.0,0.0,0.0,0.0,0.0,0.0,0.0,0.0,0.0
J07A3075,0.02092050209205021,0.02510460251046025,0.029288702928870293,0.02510460251046025,0.04184100418410042,0.029288702928870293,0.02510460251046025,0.03347280334728033,0.04184100418410042,0.02092050209205021,0.02092050209205021,0.012552301255230125,0.02092050209205021,0.016736401673640166,0.02092050209205021,0.02092050209205021,0.016736401673640166,0.02510460251046025,0.016736401673640166,0.012552301255230125,0.008368200836820083,0.012552301255230125,0.0041841004184100415,0.02092050209205021,0.012552301255230125,0.02092050209205021,0.02092050209205021,0.02510460251046025,0.02510460251046025,0.012552301255230125,0.008368200836820083,0.016736401673640166,0.012552301255230125,0.016736401673640166,0.0041841004184100415,0.008368200836820083,0.016736401673640166,0.012552301255230125,0.008368200836820083,0.02092050209205021,0.0041841004184100415,0.0041841004184100415,0.008368200836820083,0.008368200836820083,0.008368200836820083,0.0,0.0041841004184100415,0.008368200836820083,0.012552301255230125,0.0,0.008368200836820083,0.0041841004184100415,0.008368200836820083,0.0041841004184100415,0.0,0.0041841004184100415,0.0041841004184100415,0.008368200836820083,0.008368200836820083,0.0,0.02092050209205021,0.0041841004184100415,0.0041841004184100415,0.008368200836820083,0.0041841004184100415,0.0041841004184100415,0.008368200836820083,0.0,0.0,0.0,0.008368200836820083,0.0,0.0,0.0,0.0041841004184100415,0.0,0.0,0.0,0.0,0.0041841004184100415,0.0,0.0,0.0041841004184100415,0.0,0.0,0.0041841004184100415,0.0041841004184100415,0.008368200836820083,0.0,0.0,0.012552301255230125,0.0041841004184100415,0.0041841004184100415,0.0,0.0041841004184100415,0.0041841004184100415,0.0,0.0,0.0041841004184100415,0.0,0.0
J07A3076,0.13333333333333333,0.15833333333333333,0.11666666666666667,0.13333333333333333,0.06666666666666667,0.05,0.075,0.03333333333333333,0.025,0.03333333333333333,0.016666666666666666,0.025,0.016666666666666666,0.0,0.0,0.008333333333333333,0.016666666666666666,0.0,0.016666666666666666,0.016666666666666666,0.016666666666666666,0.016666666666666666,0.0,0.0,0.0,0.016666666666666666,0.0,0.0,0.0,0.0,0.0,0.008333333333333333,0.0,0.0,0.0,0.0,0.0,0.0,0.0,0.0,0.0,0.0,0.0,0.0,0.0,0.0,0.0,0.0,0.0,0.0,0.0,0.0,0.0,0.0,0.0,0.0,0.0,0.0,0.0,0.0,0.0,0.0,0.0,0.0,0.0,0.0,0.0,0.0,0.0,0.0,0.0,0.0,0.0,0.0,0.0,0.0,0.0,0.0,0.0,0.0,0.0,0.0,0.0,0.0,0.0,0.0,0.0,0.0,0.0,0.0,0.0,0.0,0.0,0.0,0.0,0.0,0.0,0.0,0.0,0.0,0.0
J07A3077,0.004098360655737705,0.01639344262295082,0.00819672131147541,0.00819672131147541,0.012295081967213115,0.00819672131147541,0.012295081967213115,0.00819672131147541,0.02459016393442623,0.012295081967213115,0.028688524590163935,0.012295081967213115,0.01639344262295082,0.020491803278688523,0.02459016393442623,0.036885245901639344,0.03278688524590164,0.012295081967213115,0.004098360655737705,0.020491803278688523,0.012295081967213115,0.03278688524590164,0.03278688524590164,0.012295081967213115,0.02459016393442623,0.00819672131147541,0.00819672131147541,0.036885245901639344,0.004098360655737705,0.020491803278688523,0.004098360655737705,0.01639344262295082,0.004098360655737705,0.00819672131147541,0.012295081967213115,0.020491803278688523,0.00819672131147541,0.012295081967213115,0.01639344262295082,0.012295081967213115,0.012295081967213115,0.012295081967213115,0.004098360655737705,0.01639344262295082,0.012295081967213115,0.02459016393442623,0.0,0.00819672131147541,0.004098360655737705,0.00819672131147541,0.004098360655737705,0.02459016393442623,0.0,0.0,0.00819672131147541,0.00819672131147541,0.012295081967213115,0.0,0.004098360655737705,0.00819672131147541,0.00819672131147541,0.004098360655737705,0.004098360655737705,0.0,0.004098360655737705,0.0,0.004098360655737705,0.004098360655737705,0.012295081967213115,0.00819672131147541,0.004098360655737705,0.00819672131147541,0.004098360655737705,0.004098360655737705,0.004098360655737705,0.0,0.00819672131147541,0.012295081967213115,0.0,0.012295081967213115,0.012295081967213115,0.0,0.0,0.012295081967213115,0.004098360655737705,0.004098360655737705,0.004098360655737705,0.01639344262295082,0.004098360655737705,0.0,0.0,0.004098360655737705,0.0,0.00819672131147541,0.00819672131147541,0.00819672131147541,0.0,0.004098360655737705,0.0,0.0,0.0
J07A3078,0.07377049180327869,0.09016393442622951,0.06557377049180328,0.05737704918032787,0.045081967213114756,0.040983606557377046,0.06147540983606557,0.02459016393442623,0.03278688524590164,0.028688524590163935,0.020491803278688523,0.01639344262295082,0.020491803278688523,0.02459016393442623,0.045081967213114756,0.028688524590163935,0.012295081967213115,0.028688524590163935,0.00819672131147541,0.020491803278688523,0.01639344262295082,0.0,0.040983606557377046,0.01639344262295082,0.012295081967213115,0.004098360655737705,0.01639344262295082,0.004098360655737705,0.004098360655737705,0.012295081967213115,0.00819672131147541,0.01639344262295082,0.004098360655737705,0.004098360655737705,0.004098360655737705,0.004098360655737705,0.004098360655737705,0.004098360655737705,0.004098360655737705,0.004098360655737705,0.0,0.004098360655737705,0.00819672131147541,0.012295081967213115,0.004098360655737705,0.0,0.004098360655737705,0.004098360655737705,0.004098360655737705,0.0,0.0,0.00819672131147541,0.004098360655737705,0.0,0.0,0.0,0.0,0.0,0.0,0.0,0.0,0.0,0.0,0.004098360655737705,0.0,0.0,0.0,0.0,0.0,0.0,0.0,0.004098360655737705,0.0,0.004098360655737705,0.004098360655737705,0.0,0.0,0.0,0.0,0.0,0.0,0.0,0.0,0.0,0.0,0.0,0.0,0.0,0.0,0.0,0.0,0.0,0.0,0.0,0.0,0.0,0.0,0.0,0.0,0.0,0.0
J07A3079,0.07373271889400922,0.09216589861751152,0.07373271889400922,0.055299539170506916,0.09216589861751152,0.027649769585253458,0.05069124423963134,0.055299539170506916,0.041474654377880185,0.027649769585253458,0.02304147465437788,0.027649769585253458,0.03686635944700461,0.018433179723502304,0.027649769585253458,0.009216589861751152,0.009216589861751152,0.02304147465437788,0.027649769585253458,0.018433179723502304,0.018433179723502304,0.013824884792626729,0.004608294930875576,0.013824884792626729,0.013824884792626729,0.004608294930875576,0.009216589861751152,0.018433179723502304,0.004608294930875576,0.0,0.0,0.0,0.0,0.0,0.004608294930875576,0.009216589861751152,0.004608294930875576,0.004608294930875576,0.004608294930875576,0.013824884792626729,0.0,0.0,0.0,0.0,0.0,0.0,0.004608294930875576,0.0,0.0,0.0,0.0,0.0,0.0,0.004608294930875576,0.009216589861751152,0.0,0.0,0.0,0.0,0.009216589861751152,0.0,0.0,0.0,0.0,0.0,0.0,0.004608294930875576,0.0,0.0,0.0,0.004608294930875576,0.0,0.004608294930875576,0.0,0.0,0.0,0.0,0.0,0.0,0.0,0.0,0.0,0.0,0.004608294930875576,0.0,0.0,0.0,0.0,0.0,0.0,0.0,0.0,0.0,0.0,0.0,0.0,0.0,0.0,0.0,0.0,0.0
J07A3080,0.06837606837606838,0.1111111111111111,0.08547008547008547,0.07692307692307693,0.042735042735042736,0.042735042735042736,0.03418803418803419,0.08547008547008547,0.042735042735042736,0.03418803418803419,0.02564102564102564,0.02564102564102564,0.017094017094017096,0.02564102564102564,0.02564102564102564,0.02564102564102564,0.02564102564102564,0.008547008547008548,0.0,0.0,0.008547008547008548,0.02564102564102564,0.008547008547008548,0.0,0.008547008547008548,0.017094017094017096,0.008547008547008548,0.008547008547008548,0.017094017094017096,0.017094017094017096,0.0,0.008547008547008548,0.017094017094017096,0.0,0.0,0.0,0.0,0.0,0.0,0.008547008547008548,0.008547008547008548,0.0,0.0,0.0,0.0,0.0,0.0,0.0,0.0,0.008547008547008548,0.0,0.0,0.0,0.008547008547008548,0.0,0.0,0.0,0.008547008547008548,0.0,0.0,0.0,0.008547008547008548,0.0,0.0,0.0,0.0,0.0,0.0,0.0,0.0,0.0,0.0,0.0,0.0,0.0,0.0,0.0,0.0,0.0,0.0,0.0,0.0,0.0,0.0,0.0,0.0,0.0,0.0,0.0,0.0,0.0,0.0,0.0,0.0,0.0,0.0,0.0,0.0,0.0,0.0,0.0
J07A3081,0.04365079365079365,0.12301587301587301,0.12698412698412698,0.11507936507936507,0.10317460317460317,0.07142857142857142,0.07142857142857142,0.05555555555555555,0.027777777777777776,0.03968253968253968,0.027777777777777776,0.027777777777777776,0.015873015873015872,0.011904761904761904,0.011904761904761904,0.007936507936507936,0.011904761904761904,0.0,0.007936507936507936,0.007936507936507936,0.003968253968253968,0.0,0.01984126984126984,0.003968253968253968,0.0,0.007936507936507936,0.007936507936507936,0.0,0.003968253968253968,0.007936507936507936,0.007936507936507936,0.0,0.003968253968253968,0.003968253968253968,0.0,0.0,0.0,0.0,0.0,0.0,0.003968253968253968,0.0,0.0,0.0,0.003968253968253968,0.0,0.003968253968253968,0.0,0.003968253968253968,0.0,0.0,0.0,0.0,0.0,0.0,0.0,0.0,0.0,0.0,0.0,0.0,0.0,0.0,0.003968253968253968,0.0,0.0,0.0,0.0,0.0,0.0,0.0,0.0,0.0,0.0,0.0,0.0,0.0,0.0,0.0,0.0,0.0,0.0,0.0,0.0,0.0,0.0,0.0,0.0,0.0,0.0,0.0,0.0,0.0,0.0,0.0,0.0,0.0,0.0,0.0,0.0,0.0
J07A3082,0.112,0.096,0.076,0.048,0.08,0.04,0.064,0.028,0.036,0.02,0.016,0.048,0.012,0.008,0.008,0.016,0.012,0.008,0.024,0.012,0.02,0.004,0.008,0.012,0.024,0.02,0.008,0.0,0.008,0.004,0.008,0.012,0.004,0.0,0.008,0.0,0.0,0.004,0.0,0.008,0.004,0.0,0.012,0.004,0.008,0.0,0.008,0.004,0.004,0.004,0.0,0.0,0.0,0.0,0.0,0.0,0.0,0.0,0.0,0.004,0.0,0.0,0.0,0.004,0.0,0.0,0.0,0.004,0.0,0.0,0.0,0.004,0.004,0.0,0.0,0.004,0.0,0.004,0.0,0.004,0.0,0.0,0.0,0.0,0.004,0.0,0.0,0.0,0.0,0.0,0.0,0.0,0.0,0.0,0.0,0.0,0.0,0.0,0.0,0.0,0.0
J07A3083,0.20306513409961685,0.16475095785440613,0.09195402298850575,0.05747126436781609,0.038314176245210725,0.04980842911877394,0.02681992337164751,0.034482758620689655,0.03065134099616858,0.03065134099616858,0.019157088122605363,0.0038314176245210726,0.019157088122605363,0.011494252873563218,0.03065134099616858,0.01532567049808429,0.019157088122605363,0.011494252873563218,0.01532567049808429,0.007662835249042145,0.007662835249042145,0.007662835249042145,0.0038314176245210726,0.0038314176245210726,0.0038314176245210726,0.0038314176245210726,0.007662835249042145,0.0,0.007662835249042145,0.0,0.0038314176245210726,0.007662835249042145,0.0038314176245210726,0.0038314176245210726,0.0038314176245210726,0.0038314176245210726,0.0,0.007662835249042145,0.0038314176245210726,0.0,0.0,0.0038314176245210726,0.0,0.0,0.0,0.0038314176245210726,0.0,0.0,0.0,0.0,0.0,0.0,0.0,0.0,0.0,0.0,0.0,0.0,0.0,0.0,0.0,0.0038314176245210726,0.0038314176245210726,0.0,0.0,0.0,0.0038314176245210726,0.0,0.007662835249042145,0.0,0.0,0.0,0.0,0.0,0.0,0.0038314176245210726,0.0,0.0,0.0,0.0,0.0,0.0,0.0,0.0,0.0,0.0,0.0038314176245210726,0.0,0.0,0.0,0.0,0.0,0.0,0.0,0.0,0.0,0.0,0.0,0.0,0.0,0.0
J07A3084,0.012711864406779662,0.00423728813559322,0.06779661016949153,0.05084745762711865,0.0635593220338983,0.0423728813559322,0.05084745762711865,0.05084745762711865,0.06779661016949153,0.05508474576271186,0.025423728813559324,0.03389830508474576,0.0211864406779661,0.00847457627118644,0.0211864406779661,0.03389830508474576,0.03389830508474576,0.0211864406779661,0.029661016949152543,0.025423728813559324,0.0211864406779661,0.012711864406779662,0.025423728813559324,0.025423728813559324,0.0211864406779661,0.00847457627118644,0.00423728813559322,0.01694915254237288,0.012711864406779662,0.01694915254237288,0.012711864406779662,0.00847457627118644,0.00423728813559322,0.012711864406779662,0.0,0.00423728813559322,0.0,0.00423728813559322,0.0,0.00847457627118644,0.00423728813559322,0.0,0.00423728813559322,0.00423728813559322,0.0,0.0,0.0,0.0,0.00423728813559322,0.0,0.0,0.00423728813559322,0.0,0.00847457627118644,0.0,0.00847457627118644,0.0,0.0,0.0,0.0,0.00423728813559322,0.0,0.0,0.0,0.0,0.00423728813559322,0.0,0.0,0.0,0.0,0.0,0.0,0.0,0.0,0.0,0.0,0.00423728813559322,0.0,0.0,0.0,0.0,0.0,0.00423728813559322,0.0,0.0,0.0,0.0,0.0,0.0,0.0,0.0,0.0,0.0,0.0,0.00423728813559322,0.0,0.0,0.0,0.0,0.0,0.0
J07A3085,0.018867924528301886,0.0330188679245283,0.07075471698113207,0.04716981132075472,0.04716981132075472,0.04716981132075472,0.04245283018867924,0.02358490566037736,0.05188679245283019,0.02830188679245283,0.04716981132075472,0.05660377358490566,0.018867924528301886,0.05188679245283019,0.04716981132075472,0.02358490566037736,0.018867924528301886,0.02358490566037736,0.02358490566037736,0.014150943396226415,0.02830188679245283,0.009433962264150943,0.014150943396226415,0.0,0.02358490566037736,0.018867924528301886,0.014150943396226415,0.014150943396226415,0.014150943396226415,0.0,0.014150943396226415,0.0047169811320754715,0.0,0.018867924528301886,0.018867924528301886,0.0,0.014150943396226415,0.0047169811320754715,0.0047169811320754715,0.0,0.0047169811320754715,0.0,0.009433962264150943,0.0047169811320754715,0.0047169811320754715,0.009433962264150943,0.0,0.009433962264150943,0.0,0.0,0.0,0.0,0.0,0.0,0.0,0.0,0.0,0.0,0.0,0.0,0.0,0.0,0.0,0.0,0.0,0.0,0.0,0.0,0.0047169811320754715,0.0,0.0,0.0,0.0,0.0,0.0,0.0,0.0,0.0,0.0,0.0,0.0,0.0,0.0,0.0,0.0,0.0,0.0,0.0,0.0,0.0,0.0,0.0,0.0,0.0,0.0,0.0,0.0,0.0,0.0,0.0,0.0
J07A3086,0.10112359550561797,0.12359550561797752,0.0898876404494382,0.06741573033707865,0.052434456928838954,0.04119850187265917,0.052434456928838954,0.02247191011235955,0.018726591760299626,0.056179775280898875,0.04119850187265917,0.0299625468164794,0.0299625468164794,0.018726591760299626,0.02247191011235955,0.00749063670411985,0.018726591760299626,0.00749063670411985,0.0149812734082397,0.0149812734082397,0.011235955056179775,0.011235955056179775,0.011235955056179775,0.003745318352059925,0.011235955056179775,0.00749063670411985,0.011235955056179775,0.003745318352059925,0.0,0.00749063670411985,0.003745318352059925,0.011235955056179775,0.0,0.0,0.00749063670411985,0.0,0.011235955056179775,0.003745318352059925,0.0,0.0,0.003745318352059925,0.003745318352059925,0.003745318352059925,0.0,0.00749063670411985,0.0,0.0,0.003745318352059925,0.003745318352059925,0.0,0.0,0.003745318352059925,0.0,0.011235955056179775,0.003745318352059925,0.0,0.0,0.0,0.0,0.0,0.0,0.0,0.0,0.0,0.0,0.0,0.0,0.0,0.0,0.0,0.0,0.003745318352059925,0.0,0.0,0.003745318352059925,0.0,0.0,0.0,0.0,0.0,0.0,0.0,0.0,0.0,0.0,0.0,0.0,0.0,0.0,0.0,0.0,0.0,0.0,0.0,0.0,0.0,0.0,0.0,0.0,0.0,0.0
J07A3087,0.054901960784313725,0.08627450980392157,0.050980392156862744,0.050980392156862744,0.07058823529411765,0.054901960784313725,0.047058823529411764,0.0392156862745098,0.047058823529411764,0.03529411764705882,0.03137254901960784,0.00784313725490196,0.0392156862745098,0.023529411764705882,0.027450980392156862,0.0196078431372549,0.01568627450980392,0.011764705882352941,0.00784313725490196,0.00784313725490196,0.027450980392156862,0.01568627450980392,0.0196078431372549,0.00784313725490196,0.023529411764705882,0.0196078431372549,0.0196078431372549,0.0196078431372549,0.011764705882352941,0.01568627450980392,0.00392156862745098,0.00784313725490196,0.00392156862745098,0.0,0.011764705882352941,0.00392156862745098,0.00392156862745098,0.00392156862745098,0.011764705882352941,0.0,0.00392156862745098,0.0,0.00392156862745098,0.0,0.00392156862745098,0.0,0.0,0.0,0.00392156862745098,0.0,0.00392156862745098,0.0,0.0,0.0,0.0,0.00392156862745098,0.0,0.00392156862745098,0.0,0.0,0.0,0.0,0.00392156862745098,0.0,0.0,0.0,0.0,0.00392156862745098,0.0,0.0,0.0,0.0,0.0,0.0,0.0,0.0,0.0,0.0,0.00392156862745098,0.0,0.0,0.0,0.0,0.0,0.0,0.0,0.0,0.0,0.0,0.0,0.0,0.0,0.0,0.0,0.0,0.0,0.0,0.0,0.0,0.0,0.0
J07A3088,0.13043478260869565,0.13043478260869565,0.09486166007905138,0.07509881422924901,0.07114624505928854,0.043478260869565216,0.043478260869565216,0.02766798418972332,0.03162055335968379,0.03162055335968379,0.03557312252964427,0.04743083003952569,0.02766798418972332,0.011857707509881422,0.023715415019762844,0.007905138339920948,0.015810276679841896,0.011857707509881422,0.0,0.011857707509881422,0.007905138339920948,0.0,0.003952569169960474,0.003952569169960474,0.015810276679841896,0.003952569169960474,0.007905138339920948,0.003952569169960474,0.0,0.003952569169960474,0.0,0.019762845849802372,0.0,0.007905138339920948,0.003952569169960474,0.0,0.003952569169960474,0.007905138339920948,0.003952569169960474,0.0,0.0,0.0,0.0,0.0,0.003952569169960474,0.0,0.0,0.003952569169960474,0.0,0.0,0.0,0.0,0.003952569169960474,0.0,0.0,0.0,0.003952569169960474,0.0,0.0,0.0,0.0,0.0,0.0,0.003952569169960474,0.0,0.0,0.0,0.0,0.0,0.0,0.0,0.0,0.0,0.0,0.0,0.0,0.0,0.003952569169960474,0.0,0.0,0.003952569169960474,0.0,0.0,0.0,0.0,0.0,0.0,0.0,0.0,0.0,0.0,0.0,0.0,0.0,0.0,0.0,0.0,0.0,0.0,0.0,0.0
J07A3089,0.0,0.012658227848101266,0.012658227848101266,0.008438818565400843,0.012658227848101266,0.02109704641350211,0.02531645569620253,0.03375527426160337,0.016877637130801686,0.016877637130801686,0.004219409282700422,0.016877637130801686,0.012658227848101266,0.012658227848101266,0.029535864978902954,0.012658227848101266,0.03375527426160337,0.012658227848101266,0.02531645569620253,0.004219409282700422,0.02109704641350211,0.02531645569620253,0.02109704641350211,0.012658227848101266,0.02531645569620253,0.029535864978902954,0.016877637130801686,0.004219409282700422,0.029535864978902954,0.008438818565400843,0.02109704641350211,0.02109704641350211,0.012658227848101266,0.004219409282700422,0.004219409282700422,0.012658227848101266,0.016877637130801686,0.008438818565400843,0.016877637130801686,0.008438818565400843,0.004219409282700422,0.008438818565400843,0.004219409282700422,0.004219409282700422,0.004219409282700422,0.008438818565400843,0.004219409282700422,0.008438818565400843,0.008438818565400843,0.004219409282700422,0.008438818565400843,0.008438818565400843,0.004219409282700422,0.004219409282700422,0.008438818565400843,0.016877637130801686,0.0,0.008438818565400843,0.008438818565400843,0.012658227848101266,0.008438818565400843,0.004219409282700422,0.004219409282700422,0.012658227848101266,0.004219409282700422,0.008438818565400843,0.004219409282700422,0.004219409282700422,0.008438818565400843,0.004219409282700422,0.004219409282700422,0.0,0.016877637130801686,0.004219409282700422,0.008438818565400843,0.0,0.008438818565400843,0.0,0.012658227848101266,0.004219409282700422,0.004219409282700422,0.0,0.004219409282700422,0.008438818565400843,0.008438818565400843,0.004219409282700422,0.008438818565400843,0.008438818565400843,0.008438818565400843,0.0,0.008438818565400843,0.0,0.004219409282700422,0.004219409282700422,0.008438818565400843,0.004219409282700422,0.004219409282700422,0.0,0.004219409282700422,0.0,0.0
J07A3090,0.16990291262135923,0.10194174757281553,0.13592233009708737,0.06310679611650485,0.07281553398058252,0.05339805825242718,0.024271844660194174,0.03398058252427184,0.014563106796116505,0.024271844660194174,0.024271844660194174,0.02912621359223301,0.014563106796116505,0.0,0.014563106796116505,0.014563106796116505,0.014563106796116505,0.019417475728155338,0.0048543689320388345,0.009708737864077669,0.014563106796116505,0.019417475728155338,0.009708737864077669,0.0,0.019417475728155338,0.009708737864077669,0.0048543689320388345,0.0,0.0,0.0048543689320388345,0.0048543689320388345,0.0,0.0048543689320388345,0.009708737864077669,0.0,0.0048543689320388345,0.0048543689320388345,0.0048543689320388345,0.0,0.009708737864077669,0.0,0.0,0.0,0.0,0.0048543689320388345,0.0,0.0,0.0,0.0,0.0048543689320388345,0.0048543689320388345,0.0,0.0048543689320388345,0.0,0.0,0.0,0.0048543689320388345,0.0,0.0048543689320388345,0.0,0.0,0.0,0.0,0.0,0.0,0.0,0.0,0.0,0.0,0.0,0.0,0.0,0.0048543689320388345,0.0,0.0,0.0,0.0,0.0,0.0,0.0,0.0,0.0,0.0,0.0,0.0,0.0,0.0,0.0,0.0,0.0,0.0,0.0,0.0,0.0,0.0,0.0,0.0,0.0,0.0,0.0,0.0
J07A3091,0.16412213740458015,0.1183206106870229,0.11068702290076336,0.1183206106870229,0.061068702290076333,0.07251908396946564,0.04198473282442748,0.03816793893129771,0.022900763358778626,0.030534351145038167,0.022900763358778626,0.007633587786259542,0.011450381679389313,0.007633587786259542,0.030534351145038167,0.003816793893129771,0.007633587786259542,0.003816793893129771,0.007633587786259542,0.015267175572519083,0.003816793893129771,0.011450381679389313,0.007633587786259542,0.007633587786259542,0.011450381679389313,0.003816793893129771,0.003816793893129771,0.003816793893129771,0.0,0.0,0.0,0.003816793893129771,0.0,0.007633587786259542,0.0,0.0,0.003816793893129771,0.007633587786259542,0.0,0.0,0.011450381679389313,0.0,0.0,0.0,0.0,0.0,0.007633587786259542,0.0,0.0,0.0,0.0,0.0,0.0,0.003816793893129771,0.0,0.0,0.0,0.0,0.0,0.0,0.003816793893129771,0.0,0.0,0.0,0.0,0.0,0.0,0.0,0.0,0.0,0.0,0.0,0.0,0.0,0.0,0.0,0.0,0.0,0.0,0.0,0.0,0.0,0.0,0.0,0.0,0.0,0.0,0.0,0.0,0.0,0.0,0.0,0.0,0.0,0.0,0.0,0.0,0.0,0.0,0.0,0.0
J07A3092,0.2773109243697479,0.19747899159663865,0.10084033613445378,0.037815126050420166,0.0546218487394958,0.012605042016806723,0.04201680672268908,0.01680672268907563,0.01680672268907563,0.012605042016806723,0.012605042016806723,0.01680672268907563,0.008403361344537815,0.004201680672268907,0.012605042016806723,0.01680672268907563,0.004201680672268907,0.004201680672268907,0.01680672268907563,0.0,0.008403361344537815,0.004201680672268907,0.004201680672268907,0.008403361344537815,0.004201680672268907,0.008403361344537815,0.004201680672268907,0.004201680672268907,0.0,0.0,0.004201680672268907,0.012605042016806723,0.0,0.0,0.0,0.0,0.004201680672268907,0.008403361344537815,0.004201680672268907,0.0,0.0,0.0,0.008403361344537815,0.0,0.0,0.0,0.0,0.0,0.0,0.0,0.0,0.004201680672268907,0.0,0.004201680672268907,0.0,0.0,0.012605042016806723,0.0,0.0,0.0,0.0,0.0,0.004201680672268907,0.0,0.004201680672268907,0.0,0.0,0.0,0.0,0.004201680672268907,0.0,0.0,0.0,0.0,0.0,0.004201680672268907,0.004201680672268907,0.0,0.0,0.0,0.0,0.0,0.0,0.0,0.004201680672268907,0.0,0.0,0.0,0.0,0.0,0.0,0.0,0.0,0.0,0.0,0.0,0.0,0.0,0.0,0.0,0.0
J07A3093,0.17985611510791366,0.14388489208633093,0.08273381294964029,0.0539568345323741,0.04316546762589928,0.039568345323741004,0.0539568345323741,0.02158273381294964,0.025179856115107913,0.025179856115107913,0.025179856115107913,0.025179856115107913,0.017985611510791366,0.01079136690647482,0.007194244604316547,0.01079136690647482,0.014388489208633094,0.01079136690647482,0.0035971223021582736,0.01079136690647482,0.007194244604316547,0.0035971223021582736,0.01079136690647482,0.0035971223021582736,0.014388489208633094,0.007194244604316547,0.01079136690647482,0.0,0.0,0.01079136690647482,0.007194244604316547,0.014388489208633094,0.0035971223021582736,0.0,0.014388489208633094,0.0035971223021582736,0.007194244604316547,0.0035971223021582736,0.007194244604316547,0.0,0.0035971223021582736,0.007194244604316547,0.0035971223021582736,0.0,0.0,0.0,0.0035971223021582736,0.01079136690647482,0.0,0.0035971223021582736,0.0,0.0,0.0035971223021582736,0.0,0.0,0.01079136690647482,0.0,0.0,0.0,0.0,0.0,0.0035971223021582736,0.0,0.0,0.0,0.007194244604316547,0.0,0.0,0.0,0.0,0.0,0.0,0.0,0.0,0.0035971223021582736,0.0035971223021582736,0.0,0.0,0.0,0.0,0.0,0.0,0.0,0.0,0.0,0.0,0.0,0.0,0.0,0.0,0.0,0.0,0.0,0.0,0.0,0.0,0.0,0.0,0.0,0.0,0.0
J07A3094,0.15841584158415842,0.1782178217821782,0.1485148514851485,0.06930693069306931,0.04950495049504951,0.09900990099009901,0.0891089108910891,0.039603960396039604,0.0297029702970297,0.009900990099009901,0.019801980198019802,0.009900990099009901,0.0,0.009900990099009901,0.0,0.009900990099009901,0.009900990099009901,0.0,0.009900990099009901,0.0,0.0,0.009900990099009901,0.009900990099009901,0.0,0.0,0.0,0.009900990099009901,0.0,0.0,0.0,0.0,0.009900990099009901,0.0,0.0,0.0,0.0,0.0,0.0,0.0,0.0,0.0,0.0,0.0,0.0,0.009900990099009901,0.0,0.0,0.0,0.0,0.0,0.0,0.0,0.0,0.0,0.0,0.0,0.0,0.0,0.0,0.0,0.0,0.0,0.0,0.0,0.0,0.0,0.0,0.0,0.009900990099009901,0.0,0.0,0.0,0.0,0.0,0.0,0.0,0.0,0.0,0.0,0.0,0.0,0.0,0.0,0.0,0.0,0.0,0.0,0.0,0.0,0.0,0.0,0.0,0.0,0.0,0.0,0.0,0.0,0.0,0.0,0.0,0.0
J07A3095,0.0,0.02727272727272727,0.045454545454545456,0.06363636363636363,0.1,0.01818181818181818,0.05454545454545454,0.07272727272727272,0.08181818181818182,0.045454545454545456,0.01818181818181818,0.05454545454545454,0.00909090909090909,0.045454545454545456,0.03636363636363636,0.02727272727272727,0.00909090909090909,0.02727272727272727,0.01818181818181818,0.01818181818181818,0.02727272727272727,0.00909090909090909,0.0,0.03636363636363636,0.01818181818181818,0.01818181818181818,0.0,0.01818181818181818,0.00909090909090909,0.00909090909090909,0.01818181818181818,0.0,0.0,0.00909090909090909,0.0,0.00909090909090909,0.0,0.0,0.0,0.0,0.0,0.0,0.0,0.01818181818181818,0.0,0.00909090909090909,0.0,0.0,0.00909090909090909,0.0,0.0,0.0,0.0,0.0,0.0,0.0,0.0,0.0,0.0,0.00909090909090909,0.0,0.0,0.0,0.0,0.0,0.0,0.0,0.0,0.0,0.0,0.0,0.0,0.0,0.0,0.0,0.0,0.0,0.0,0.0,0.0,0.0,0.0,0.0,0.0,0.0,0.0,0.0,0.0,0.0,0.0,0.0,0.0,0.0,0.0,0.0,0.0,0.0,0.0,0.0,0.0,0.0
J07A3096,0.182648401826484,0.1552511415525114,0.1780821917808219,0.091324200913242,0.0593607305936073,0.0502283105022831,0.0776255707762557,0.0228310502283105,0.0273972602739726,0.0182648401826484,0.0365296803652968,0.0182648401826484,0.0,0.0091324200913242,0.0045662100456621,0.0045662100456621,0.0045662100456621,0.0,0.0045662100456621,0.0091324200913242,0.0045662100456621,0.0182648401826484,0.0045662100456621,0.0091324200913242,0.0,0.0,0.0,0.0,0.0,0.0,0.0045662100456621,0.0045662100456621,0.0,0.0,0.0,0.0,0.0,0.0,0.0,0.0,0.0,0.0,0.0,0.0,0.0,0.0,0.0,0.0,0.0,0.0,0.0,0.0,0.0,0.0,0.0,0.0,0.0,0.0,0.0,0.0,0.0,0.0,0.0,0.0,0.0,0.0,0.0,0.0,0.0,0.0,0.0,0.0,0.0,0.0,0.0,0.0,0.0,0.0,0.0,0.0,0.0,0.0,0.0,0.0,0.0,0.0,0.0,0.0,0.0,0.0,0.0,0.0,0.0,0.0,0.0,0.0,0.0,0.0,0.0,0.0,0.0
J07A3097,0.17578125,0.1953125,0.1640625,0.1015625,0.09765625,0.046875,0.05078125,0.015625,0.015625,0.01953125,0.0234375,0.015625,0.0078125,0.015625,0.015625,0.0078125,0.0078125,0.0078125,0.0,0.0,0.0,0.00390625,0.00390625,0.0,0.0,0.00390625,0.0,0.0,0.0,0.0,0.0,0.0,0.00390625,0.0,0.0,0.0,0.0,0.0,0.0,0.0,0.0,0.0,0.0,0.0,0.0,0.0,0.0,0.0,0.0,0.0,0.0,0.0,0.0,0.0,0.0,0.0,0.0,0.0,0.0,0.0,0.0,0.0,0.0,0.0,0.0,0.0,0.0,0.0,0.0,0.0,0.0,0.0,0.0,0.0,0.0,0.0,0.0,0.0,0.0,0.0,0.0,0.0,0.0,0.0,0.0,0.0,0.0,0.0,0.0,0.0,0.0,0.0,0.0,0.0,0.0,0.0,0.0,0.0,0.0,0.0,0.0
J07A3098,0.23140495867768596,0.19008264462809918,0.11983471074380166,0.06611570247933884,0.0371900826446281,0.0371900826446281,0.03305785123966942,0.01652892561983471,0.024793388429752067,0.008264462809917356,0.01652892561983471,0.008264462809917356,0.008264462809917356,0.004132231404958678,0.004132231404958678,0.004132231404958678,0.012396694214876033,0.0,0.008264462809917356,0.0,0.008264462809917356,0.0,0.008264462809917356,0.0,0.0,0.012396694214876033,0.004132231404958678,0.008264462809917356,0.0,0.004132231404958678,0.0,0.0,0.008264462809917356,0.004132231404958678,0.004132231404958678,0.008264462809917356,0.0,0.004132231404958678,0.0,0.0,0.004132231404958678,0.008264462809917356,0.004132231404958678,0.0,0.004132231404958678,0.0,0.0,0.0,0.0,0.0,0.0,0.004132231404958678,0.0,0.0,0.0,0.0,0.0,0.0,0.0,0.0,0.0,0.004132231404958678,0.0,0.004132231404958678,0.004132231404958678,0.0,0.008264462809917356,0.0,0.004132231404958678,0.0,0.0,0.0,0.0,0.004132231404958678,0.0,0.004132231404958678,0.004132231404958678,0.008264462809917356,0.004132231404958678,0.008264462809917356,0.0,0.0,0.0,0.0,0.0,0.0,0.0,0.0,0.0,0.0,0.004132231404958678,0.004132231404958678,0.0,0.0,0.0,0.0,0.004132231404958678,0.0,0.0,0.0,0.0
J07A3099,0.27896995708154504,0.2017167381974249,0.15021459227467812,0.06437768240343347,0.04291845493562232,0.04291845493562232,0.02575107296137339,0.03862660944206009,0.008583690987124463,0.030042918454935622,0.04291845493562232,0.017167381974248927,0.008583690987124463,0.0,0.004291845493562232,0.004291845493562232,0.008583690987124463,0.0,0.004291845493562232,0.0,0.004291845493562232,0.0,0.0,0.0,0.0,0.004291845493562232,0.0,0.0,0.0,0.0,0.0,0.0,0.0,0.0,0.0,0.0,0.0,0.0,0.008583690987124463,0.0,0.0,0.0,0.0,0.0,0.0,0.0,0.004291845493562232,0.0,0.0,0.0,0.0,0.0,0.0,0.0,0.0,0.0,0.0,0.0,0.004291845493562232,0.0,0.0,0.0,0.0,0.0,0.0,0.0,0.0,0.0,0.0,0.0,0.0,0.0,0.0,0.0,0.0,0.0,0.0,0.0,0.0,0.0,0.0,0.0,0.0,0.0,0.0,0.0,0.0,0.0,0.0,0.0,0.0,0.0,0.0,0.0,0.0,0.0,0.0,0.0,0.0,0.0,0.0
J07A3100,0.06302521008403361,0.08823529411764706,0.10084033613445378,0.0546218487394958,0.06722689075630252,0.06722689075630252,0.046218487394957986,0.029411764705882353,0.029411764705882353,0.058823529411764705,0.04201680672268908,0.025210084033613446,0.01680672268907563,0.01680672268907563,0.008403361344537815,0.01680672268907563,0.04201680672268908,0.012605042016806723,0.012605042016806723,0.008403361344537815,0.012605042016806723,0.004201680672268907,0.0,0.0,0.008403361344537815,0.008403361344537815,0.008403361344537815,0.004201680672268907,0.004201680672268907,0.012605042016806723,0.02100840336134454,0.0,0.004201680672268907,0.012605042016806723,0.004201680672268907,0.008403361344537815,0.008403361344537815,0.0,0.004201680672268907,0.0,0.0,0.004201680672268907,0.0,0.0,0.004201680672268907,0.0,0.0,0.012605042016806723,0.008403361344537815,0.0,0.0,0.0,0.0,0.0,0.0,0.004201680672268907,0.004201680672268907,0.0,0.0,0.012605042016806723,0.004201680672268907,0.0,0.0,0.0,0.0,0.0,0.0,0.0,0.0,0.0,0.0,0.0,0.0,0.0,0.004201680672268907,0.0,0.0,0.0,0.0,0.0,0.0,0.0,0.0,0.0,0.004201680672268907,0.004201680672268907,0.0,0.0,0.0,0.0,0.0,0.0,0.0,0.0,0.0,0.0,0.0,0.0,0.0,0.0,0.0
J07A3101,0.17258883248730963,0.18781725888324874,0.13705583756345177,0.08629441624365482,0.07614213197969544,0.05583756345177665,0.06091370558375635,0.025380710659898477,0.015228426395939087,0.005076142131979695,0.025380710659898477,0.0,0.030456852791878174,0.01015228426395939,0.005076142131979695,0.025380710659898477,0.01015228426395939,0.005076142131979695,0.005076142131979695,0.01015228426395939,0.0,0.005076142131979695,0.005076142131979695,0.0,0.0,0.005076142131979695,0.0,0.01015228426395939,0.0,0.0,0.0,0.005076142131979695,0.0,0.0,0.0,0.0,0.0,0.0,0.0,0.0,0.005076142131979695,0.0,0.005076142131979695,0.0,0.0,0.0,0.005076142131979695,0.0,0.005076142131979695,0.0,0.0,0.0,0.0,0.0,0.0,0.0,0.0,0.0,0.0,0.0,0.0,0.0,0.0,0.0,0.0,0.0,0.0,0.0,0.0,0.0,0.0,0.0,0.0,0.0,0.0,0.0,0.0,0.0,0.0,0.0,0.0,0.0,0.0,0.0,0.0,0.0,0.0,0.0,0.0,0.0,0.0,0.0,0.0,0.0,0.0,0.0,0.0,0.0,0.0,0.0,0.0
J07A3102,0.09411764705882353,0.1411764705882353,0.06274509803921569,0.06274509803921569,0.07058823529411765,0.043137254901960784,0.0392156862745098,0.03137254901960784,0.023529411764705882,0.027450980392156862,0.023529411764705882,0.03137254901960784,0.011764705882352941,0.047058823529411764,0.0196078431372549,0.011764705882352941,0.023529411764705882,0.011764705882352941,0.01568627450980392,0.01568627450980392,0.011764705882352941,0.0196078431372549,0.027450980392156862,0.00784313725490196,0.00392156862745098,0.0196078431372549,0.011764705882352941,0.027450980392156862,0.0,0.00784313725490196,0.00784313725490196,0.0,0.0,0.00392156862745098,0.00392156862745098,0.00784313725490196,0.00392156862745098,0.00392156862745098,0.00392156862745098,0.0,0.0,0.00392156862745098,0.00784313725490196,0.0,0.0,0.00784313725490196,0.0,0.0,0.0,0.0,0.0,0.0,0.0,0.0,0.0,0.0,0.0,0.0,0.0,0.0,0.0,0.0,0.0,0.0,0.0,0.0,0.0,0.0,0.0,0.0,0.0,0.0,0.0,0.0,0.0,0.0,0.0,0.0,0.0,0.0,0.0,0.0,0.0,0.0,0.0,0.0,0.0,0.0,0.0,0.0,0.0,0.0,0.0,0.0,0.0,0.0,0.0,0.0,0.0,0.0,0.0
J07A3103,0.08759124087591241,0.10948905109489052,0.12408759124087591,0.051094890510948905,0.051094890510948905,0.043795620437956206,0.043795620437956206,0.043795620437956206,0.029197080291970802,0.0,0.0364963503649635,0.043795620437956206,0.021897810218978103,0.0072992700729927005,0.058394160583941604,0.021897810218978103,0.0072992700729927005,0.021897810218978103,0.014598540145985401,0.014598540145985401,0.014598540145985401,0.029197080291970802,0.021897810218978103,0.0,0.0072992700729927005,0.014598540145985401,0.0072992700729927005,0.014598540145985401,0.0,0.0,0.0072992700729927005,0.0,0.0072992700729927005,0.0,0.0072992700729927005,0.0,0.014598540145985401,0.0,0.0,0.0,0.0,0.0,0.0,0.0,0.0072992700729927005,0.0,0.0,0.0,0.0,0.0,0.0,0.0,0.0,0.0,0.0072992700729927005,0.0,0.0,0.0,0.0,0.0,0.0,0.0,0.0,0.0,0.0,0.0,0.0,0.0,0.0,0.0,0.0,0.0,0.0,0.0,0.0,0.0,0.0,0.0,0.0,0.0,0.0,0.0,0.0,0.0,0.0,0.0,0.0,0.0,0.0072992700729927005,0.0,0.0,0.0,0.0,0.0,0.0,0.0,0.0,0.0,0.0,0.0,0.0
J07A3104,0.1510204081632653,0.1346938775510204,0.1510204081632653,0.07755102040816327,0.06938775510204082,0.02857142857142857,0.04897959183673469,0.036734693877551024,0.036734693877551024,0.024489795918367346,0.036734693877551024,0.0326530612244898,0.0,0.004081632653061225,0.02040816326530612,0.012244897959183673,0.004081632653061225,0.0163265306122449,0.00816326530612245,0.004081632653061225,0.004081632653061225,0.004081632653061225,0.004081632653061225,0.00816326530612245,0.0163265306122449,0.004081632653061225,0.0163265306122449,0.0,0.0,0.0,0.004081632653061225,0.004081632653061225,0.0,0.0,0.00816326530612245,0.00816326530612245,0.0,0.0,0.004081632653061225,0.0,0.004081632653061225,0.0,0.0,0.0,0.0,0.0,0.0,0.0,0.0,0.0,0.0,0.0,0.0,0.0,0.0,0.0,0.0,0.0,0.0,0.0,0.004081632653061225,0.0,0.0,0.0,0.0,0.0,0.0,0.0,0.00816326530612245,0.0,0.0,0.0,0.0,0.0,0.0,0.0,0.0,0.0,0.0,0.0,0.0,0.0,0.0,0.0,0.0,0.0,0.0,0.0,0.0,0.0,0.0,0.0,0.0,0.0,0.0,0.0,0.0,0.0,0.0,0.0,0.0
J07A3105,0.29457364341085274,0.13178294573643412,0.07364341085271318,0.06201550387596899,0.05813953488372093,0.023255813953488372,0.023255813953488372,0.011627906976744186,0.015503875968992248,0.015503875968992248,0.015503875968992248,0.01937984496124031,0.015503875968992248,0.0,0.007751937984496124,0.007751937984496124,0.007751937984496124,0.0,0.0,0.0,0.003875968992248062,0.011627906976744186,0.003875968992248062,0.0,0.0,0.0,0.0,0.011627906976744186,0.003875968992248062,0.003875968992248062,0.003875968992248062,0.0,0.007751937984496124,0.0,0.003875968992248062,0.0,0.007751937984496124,0.007751937984496124,0.003875968992248062,0.0,0.0,0.0,0.0,0.0,0.0,0.015503875968992248,0.003875968992248062,0.0,0.003875968992248062,0.0,0.0,0.0,0.0,0.0,0.0,0.0,0.0,0.0,0.003875968992248062,0.0,0.0,0.0,0.003875968992248062,0.0,0.011627906976744186,0.0,0.0,0.0,0.003875968992248062,0.0,0.003875968992248062,0.003875968992248062,0.003875968992248062,0.0,0.003875968992248062,0.011627906976744186,0.003875968992248062,0.0,0.0,0.003875968992248062,0.003875968992248062,0.003875968992248062,0.0,0.003875968992248062,0.007751937984496124,0.007751937984496124,0.0,0.003875968992248062,0.007751937984496124,0.0,0.0,0.003875968992248062,0.003875968992248062,0.0,0.007751937984496124,0.003875968992248062,0.0,0.0,0.003875968992248062,0.0,0.0
J07A3106,0.11462450592885376,0.09881422924901186,0.09486166007905138,0.043478260869565216,0.043478260869565216,0.05138339920948617,0.039525691699604744,0.019762845849802372,0.03162055335968379,0.03162055335968379,0.043478260869565216,0.023715415019762844,0.011857707509881422,0.039525691699604744,0.03162055335968379,0.011857707509881422,0.02766798418972332,0.023715415019762844,0.007905138339920948,0.0,0.011857707509881422,0.007905138339920948,0.007905138339920948,0.011857707509881422,0.007905138339920948,0.003952569169960474,0.007905138339920948,0.011857707509881422,0.007905138339920948,0.007905138339920948,0.007905138339920948,0.003952569169960474,0.007905138339920948,0.003952569169960474,0.0,0.003952569169960474,0.0,0.0,0.0,0.003952569169960474,0.007905138339920948,0.0,0.003952569169960474,0.0,0.003952569169960474,0.007905138339920948,0.0,0.0,0.0,0.0,0.011857707509881422,0.003952569169960474,0.003952569169960474,0.0,0.0,0.0,0.0,0.003952569169960474,0.0,0.0,0.0,0.0,0.0,0.003952569169960474,0.011857707509881422,0.0,0.0,0.0,0.003952569169960474,0.003952569169960474,0.0,0.0,0.003952569169960474,0.0,0.003952569169960474,0.0,0.0,0.0,0.0,0.0,0.003952569169960474,0.0,0.0,0.0,0.003952569169960474,0.0,0.0,0.0,0.003952569169960474,0.0,0.0,0.0,0.0,0.0,0.0,0.0,0.0,0.0,0.0,0.0,0.0
J07A3107,0.010050251256281407,0.035175879396984924,0.05025125628140704,0.04522613065326633,0.04020100502512563,0.03015075376884422,0.05025125628140704,0.03015075376884422,0.03015075376884422,0.035175879396984924,0.02512562814070352,0.03015075376884422,0.01507537688442211,0.02512562814070352,0.020100502512562814,0.05025125628140704,0.035175879396984924,0.005025125628140704,0.03015075376884422,0.020100502512562814,0.03015075376884422,0.01507537688442211,0.035175879396984924,0.010050251256281407,0.020100502512562814,0.01507537688442211,0.010050251256281407,0.01507537688442211,0.0,0.005025125628140704,0.010050251256281407,0.010050251256281407,0.005025125628140704,0.010050251256281407,0.005025125628140704,0.0,0.0,0.005025125628140704,0.005025125628140704,0.005025125628140704,0.005025125628140704,0.005025125628140704,0.005025125628140704,0.010050251256281407,0.010050251256281407,0.005025125628140704,0.010050251256281407,0.005025125628140704,0.010050251256281407,0.005025125628140704,0.005025125628140704,0.010050251256281407,0.0,0.0,0.005025125628140704,0.005025125628140704,0.010050251256281407,0.0,0.0,0.010050251256281407,0.0,0.0,0.005025125628140704,0.005025125628140704,0.0,0.0,0.0,0.0,0.0,0.0,0.0,0.005025125628140704,0.005025125628140704,0.0,0.0,0.0,0.0,0.0,0.0,0.0,0.0,0.005025125628140704,0.0,0.0,0.005025125628140704,0.0,0.010050251256281407,0.010050251256281407,0.0,0.0,0.0,0.0,0.0,0.0,0.005025125628140704,0.005025125628140704,0.0,0.0,0.0,0.0,0.0
J07A3108,0.015873015873015872,0.06349206349206349,0.06349206349206349,0.07936507936507936,0.06349206349206349,0.015873015873015872,0.047619047619047616,0.1111111111111111,0.031746031746031744,0.047619047619047616,0.031746031746031744,0.031746031746031744,0.015873015873015872,0.015873015873015872,0.015873015873015872,0.015873015873015872,0.031746031746031744,0.031746031746031744,0.031746031746031744,0.031746031746031744,0.031746031746031744,0.031746031746031744,0.015873015873015872,0.015873015873015872,0.015873015873015872,0.0,0.0,0.015873015873015872,0.015873015873015872,0.015873015873015872,0.0,0.0,0.0,0.0,0.015873015873015872,0.0,0.0,0.0,0.0,0.0,0.0,0.0,0.0,0.0,0.0,0.015873015873015872,0.0,0.0,0.0,0.0,0.0,0.0,0.0,0.0,0.0,0.0,0.0,0.015873015873015872,0.0,0.0,0.0,0.0,0.0,0.0,0.0,0.0,0.0,0.0,0.0,0.0,0.0,0.0,0.0,0.0,0.0,0.0,0.0,0.0,0.0,0.0,0.0,0.0,0.0,0.0,0.0,0.0,0.0,0.0,0.0,0.0,0.0,0.0,0.0,0.0,0.0,0.0,0.0,0.0,0.0,0.0,0.0
J07A3109,0.2222222222222222,0.07037037037037037,0.09259259259259259,0.04814814814814815,0.05555555555555555,0.040740740740740744,0.07407407407407407,0.05555555555555555,0.022222222222222223,0.022222222222222223,0.018518518518518517,0.022222222222222223,0.022222222222222223,0.03333333333333333,0.011111111111111112,0.003703703703703704,0.022222222222222223,0.014814814814814815,0.022222222222222223,0.007407407407407408,0.003703703703703704,0.014814814814814815,0.007407407407407408,0.003703703703703704,0.003703703703703704,0.011111111111111112,0.003703703703703704,0.007407407407407408,0.007407407407407408,0.003703703703703704,0.014814814814814815,0.0,0.0,0.003703703703703704,0.003703703703703704,0.003703703703703704,0.003703703703703704,0.0,0.003703703703703704,0.0,0.0,0.0,0.0,0.003703703703703704,0.0,0.003703703703703704,0.0,0.0,0.0,0.0,0.0,0.0,0.003703703703703704,0.0,0.0,0.0,0.0,0.0,0.0,0.0,0.003703703703703704,0.0,0.0,0.0,0.0,0.0,0.0,0.003703703703703704,0.0,0.0,0.0,0.0,0.0,0.0,0.0,0.0,0.0,0.0,0.0,0.0,0.0,0.0,0.0,0.0,0.0,0.0,0.0,0.0,0.0,0.0,0.0,0.0,0.0,0.0,0.0,0.0,0.0,0.0,0.0,0.0,0.0
J07A3110,0.005813953488372093,0.01744186046511628,0.03488372093023256,0.040697674418604654,0.023255813953488372,0.01744186046511628,0.040697674418604654,0.01744186046511628,0.01744186046511628,0.01744186046511628,0.01744186046511628,0.029069767441860465,0.011627906976744186,0.023255813953488372,0.023255813953488372,0.023255813953488372,0.023255813953488372,0.011627906976744186,0.023255813953488372,0.029069767441860465,0.040697674418604654,0.01744186046511628,0.029069767441860465,0.01744186046511628,0.023255813953488372,0.01744186046511628,0.03488372093023256,0.01744186046511628,0.005813953488372093,0.0,0.01744186046511628,0.01744186046511628,0.011627906976744186,0.011627906976744186,0.011627906976744186,0.01744186046511628,0.005813953488372093,0.011627906976744186,0.03488372093023256,0.005813953488372093,0.011627906976744186,0.01744186046511628,0.005813953488372093,0.005813953488372093,0.005813953488372093,0.011627906976744186,0.011627906976744186,0.005813953488372093,0.011627906976744186,0.005813953488372093,0.011627906976744186,0.011627906976744186,0.0,0.01744186046511628,0.005813953488372093,0.011627906976744186,0.0,0.0,0.0,0.0,0.0,0.0,0.005813953488372093,0.005813953488372093,0.005813953488372093,0.0,0.0,0.005813953488372093,0.005813953488372093,0.005813953488372093,0.0,0.0,0.0,0.005813953488372093,0.0,0.0,0.0,0.0,0.005813953488372093,0.005813953488372093,0.0,0.0,0.0,0.0,0.0,0.0,0.0,0.0,0.0,0.0,0.0,0.0,0.0,0.0,0.0,0.0,0.0,0.0,0.0,0.0,0.0
J07A3111,0.4046692607003891,0.16342412451361868,0.08171206225680934,0.08171206225680934,0.054474708171206226,0.011673151750972763,0.023346303501945526,0.03501945525291829,0.027237354085603113,0.0311284046692607,0.0038910505836575876,0.0038910505836575876,0.011673151750972763,0.011673151750972763,0.007782101167315175,0.0038910505836575876,0.0,0.007782101167315175,0.0,0.007782101167315175,0.0038910505836575876,0.0038910505836575876,0.0038910505836575876,0.0038910505836575876,0.0,0.0,0.0038910505836575876,0.0,0.0,0.0,0.0,0.0,0.0,0.0,0.0,0.0038910505836575876,0.0,0.0,0.0,0.0,0.0,0.0,0.0,0.0,0.0,0.0,0.0,0.0,0.0,0.0,0.0,0.0,0.0,0.0,0.0,0.0,0.0,0.0,0.0,0.0,0.0,0.0038910505836575876,0.0,0.0,0.0,0.0,0.0,0.0,0.0,0.0,0.0,0.0,0.0,0.0,0.0,0.0,0.0,0.0,0.0,0.0,0.0,0.0,0.0,0.0,0.0,0.0,0.0,0.0,0.0,0.0,0.0,0.0,0.0,0.0,0.0,0.0,0.0,0.0,0.0,0.0,0.0
J07A3112,0.18226600985221675,0.16748768472906403,0.12315270935960591,0.08374384236453201,0.06403940886699508,0.059113300492610835,0.054187192118226604,0.024630541871921183,0.024630541871921183,0.009852216748768473,0.009852216748768473,0.009852216748768473,0.024630541871921183,0.009852216748768473,0.019704433497536946,0.0049261083743842365,0.009852216748768473,0.0049261083743842365,0.009852216748768473,0.0049261083743842365,0.0049261083743842365,0.0049261083743842365,0.009852216748768473,0.0,0.0,0.0,0.0,0.009852216748768473,0.009852216748768473,0.0049261083743842365,0.009852216748768473,0.0,0.0049261083743842365,0.0049261083743842365,0.0,0.0,0.014778325123152709,0.0,0.0049261083743842365,0.0,0.0,0.0049261083743842365,0.0,0.0,0.0,0.0,0.0,0.0,0.0,0.0,0.0,0.0,0.0,0.0,0.0049261083743842365,0.0,0.0,0.0049261083743842365,0.0,0.0,0.0,0.0,0.0,0.0,0.0,0.0,0.0,0.0,0.0,0.0,0.0,0.0,0.0,0.0,0.0,0.0,0.0,0.0,0.0,0.0,0.0,0.0,0.0,0.0,0.0,0.0,0.0,0.0,0.0,0.0,0.0,0.0,0.0,0.0,0.0,0.0,0.0,0.0,0.0,0.0,0.0
J07A3113,0.24528301886792453,0.19245283018867926,0.21132075471698114,0.09433962264150944,0.06792452830188679,0.03773584905660377,0.03018867924528302,0.026415094339622643,0.022641509433962263,0.018867924528301886,0.018867924528301886,0.007547169811320755,0.007547169811320755,0.0037735849056603774,0.0,0.007547169811320755,0.0037735849056603774,0.0,0.0037735849056603774,0.0,0.0,0.0,0.0,0.0,0.0,0.0,0.0,0.0,0.0,0.0,0.0,0.0,0.0,0.0,0.0,0.0,0.0,0.0,0.0,0.0,0.0,0.0,0.0,0.0,0.0,0.0,0.0,0.0,0.0,0.0,0.0,0.0,0.0,0.0,0.0,0.0,0.0,0.0,0.0,0.0,0.0,0.0,0.0,0.0,0.0,0.0,0.0,0.0,0.0,0.0,0.0,0.0,0.0,0.0,0.0,0.0,0.0,0.0,0.0,0.0,0.0,0.0,0.0,0.0,0.0,0.0,0.0,0.0,0.0,0.0,0.0,0.0,0.0,0.0,0.0,0.0,0.0,0.0,0.0,0.0,0.0
J07A3114,0.056451612903225805,0.12096774193548387,0.10483870967741936,0.07258064516129033,0.13709677419354838,0.024193548387096774,0.08870967741935484,0.06451612903225806,0.07258064516129033,0.056451612903225805,0.024193548387096774,0.024193548387096774,0.024193548387096774,0.016129032258064516,0.016129032258064516,0.008064516129032258,0.008064516129032258,0.024193548387096774,0.008064516129032258,0.008064516129032258,0.0,0.016129032258064516,0.008064516129032258,0.0,0.008064516129032258,0.0,0.008064516129032258,0.0,0.0,0.0,0.0,0.0,0.0,0.0,0.0,0.0,0.0,0.0,0.0,0.0,0.0,0.0,0.0,0.0,0.0,0.0,0.0,0.0,0.0,0.0,0.0,0.0,0.0,0.0,0.0,0.0,0.0,0.0,0.0,0.0,0.0,0.0,0.0,0.0,0.0,0.0,0.0,0.0,0.0,0.0,0.0,0.0,0.0,0.0,0.0,0.0,0.0,0.0,0.0,0.0,0.0,0.0,0.0,0.0,0.0,0.0,0.0,0.0,0.0,0.0,0.0,0.0,0.0,0.0,0.0,0.0,0.0,0.0,0.0,0.0,0.0
J07A3115,0.1684981684981685,0.14652014652014653,0.1684981684981685,0.10622710622710622,0.05860805860805861,0.03296703296703297,0.05860805860805861,0.02564102564102564,0.018315018315018316,0.03663003663003663,0.007326007326007326,0.014652014652014652,0.01098901098901099,0.014652014652014652,0.01098901098901099,0.014652014652014652,0.014652014652014652,0.0,0.01098901098901099,0.007326007326007326,0.003663003663003663,0.003663003663003663,0.0,0.007326007326007326,0.007326007326007326,0.003663003663003663,0.003663003663003663,0.0,0.01098901098901099,0.0,0.007326007326007326,0.007326007326007326,0.0,0.003663003663003663,0.0,0.0,0.0,0.0,0.0,0.003663003663003663,0.0,0.0,0.0,0.003663003663003663,0.0,0.0,0.0,0.0,0.0,0.0,0.003663003663003663,0.0,0.003663003663003663,0.0,0.0,0.0,0.0,0.0,0.0,0.0,0.0,0.0,0.0,0.0,0.0,0.0,0.0,0.0,0.0,0.0,0.0,0.0,0.0,0.0,0.0,0.0,0.0,0.0,0.0,0.0,0.0,0.0,0.0,0.0,0.0,0.0,0.0,0.0,0.0,0.0,0.0,0.0,0.0,0.0,0.0,0.0,0.0,0.0,0.0,0.0,0.0
J07A3116,0.2862903225806452,0.13709677419354838,0.17338709677419356,0.07661290322580645,0.04838709677419355,0.06048387096774194,0.03225806451612903,0.036290322580645164,0.020161290322580645,0.028225806451612902,0.028225806451612902,0.016129032258064516,0.016129032258064516,0.0,0.016129032258064516,0.004032258064516129,0.0,0.004032258064516129,0.004032258064516129,0.0,0.0,0.0,0.0,0.004032258064516129,0.0,0.0,0.0,0.004032258064516129,0.0,0.0,0.0,0.0,0.0,0.0,0.0,0.0,0.0,0.0,0.0,0.0,0.0,0.004032258064516129,0.0,0.0,0.0,0.0,0.0,0.0,0.0,0.0,0.0,0.0,0.0,0.0,0.0,0.0,0.0,0.0,0.0,0.0,0.0,0.0,0.0,0.0,0.0,0.0,0.0,0.0,0.0,0.0,0.0,0.0,0.0,0.0,0.0,0.0,0.0,0.0,0.0,0.0,0.0,0.0,0.0,0.0,0.0,0.0,0.0,0.0,0.0,0.0,0.0,0.0,0.0,0.0,0.0,0.0,0.0,0.0,0.0,0.0,0.0
J07A3117,0.2196969696969697,0.18181818181818182,0.08333333333333333,0.08333333333333333,0.06818181818181818,0.07575757575757576,0.06060606060606061,0.03787878787878788,0.015151515151515152,0.015151515151515152,0.007575757575757576,0.030303030303030304,0.015151515151515152,0.0,0.007575757575757576,0.007575757575757576,0.007575757575757576,0.007575757575757576,0.0,0.0,0.0,0.0,0.022727272727272728,0.0,0.0,0.0,0.007575757575757576,0.007575757575757576,0.015151515151515152,0.0,0.007575757575757576,0.007575757575757576,0.007575757575757576,0.0,0.0,0.0,0.0,0.0,0.0,0.0,0.0,0.0,0.0,0.0,0.0,0.0,0.0,0.0,0.0,0.0,0.0,0.0,0.0,0.0,0.0,0.0,0.0,0.0,0.0,0.0,0.0,0.0,0.0,0.0,0.0,0.0,0.0,0.0,0.0,0.0,0.0,0.0,0.0,0.0,0.0,0.0,0.0,0.0,0.0,0.0,0.0,0.0,0.0,0.0,0.0,0.0,0.0,0.0,0.0,0.0,0.0,0.0,0.0,0.0,0.0,0.0,0.0,0.0,0.0,0.0,0.0
J07A3118,0.14655172413793102,0.1939655172413793,0.14224137931034483,0.09051724137931035,0.05603448275862069,0.021551724137931036,0.05172413793103448,0.03879310344827586,0.04310344827586207,0.03017241379310345,0.017241379310344827,0.004310344827586207,0.01293103448275862,0.021551724137931036,0.008620689655172414,0.008620689655172414,0.008620689655172414,0.004310344827586207,0.017241379310344827,0.004310344827586207,0.004310344827586207,0.01293103448275862,0.004310344827586207,0.004310344827586207,0.017241379310344827,0.008620689655172414,0.0,0.004310344827586207,0.004310344827586207,0.004310344827586207,0.0,0.0,0.004310344827586207,0.004310344827586207,0.0,0.0,0.0,0.0,0.004310344827586207,0.0,0.0,0.0,0.0,0.0,0.0,0.0,0.0,0.0,0.0,0.0,0.0,0.0,0.0,0.0,0.0,0.0,0.0,0.0,0.0,0.0,0.0,0.0,0.0,0.0,0.0,0.0,0.0,0.0,0.0,0.0,0.0,0.0,0.0,0.0,0.0,0.0,0.0,0.0,0.0,0.0,0.0,0.0,0.0,0.0,0.0,0.0,0.0,0.0,0.0,0.0,0.0,0.0,0.0,0.0,0.0,0.0,0.0,0.0,0.0,0.0,0.0
J07A3119,0.10047846889952153,0.08133971291866028,0.10526315789473684,0.05263157894736842,0.07177033492822966,0.0430622009569378,0.07177033492822966,0.06698564593301436,0.04784688995215311,0.05741626794258373,0.023923444976076555,0.03827751196172249,0.03349282296650718,0.03349282296650718,0.023923444976076555,0.019138755980861243,0.009569377990430622,0.019138755980861243,0.009569377990430622,0.004784688995215311,0.009569377990430622,0.023923444976076555,0.0,0.004784688995215311,0.004784688995215311,0.004784688995215311,0.004784688995215311,0.0,0.004784688995215311,0.0,0.0,0.0,0.0,0.004784688995215311,0.009569377990430622,0.004784688995215311,0.004784688995215311,0.0,0.0,0.0,0.0,0.0,0.0,0.0,0.0,0.004784688995215311,0.0,0.0,0.0,0.0,0.0,0.0,0.0,0.0,0.0,0.0,0.0,0.0,0.0,0.0,0.0,0.0,0.0,0.0,0.0,0.0,0.0,0.0,0.0,0.0,0.0,0.0,0.0,0.0,0.0,0.0,0.0,0.0,0.0,0.0,0.0,0.0,0.0,0.0,0.0,0.0,0.0,0.0,0.0,0.0,0.0,0.0,0.0,0.0,0.0,0.0,0.0,0.0,0.0,0.0,0.0
J07A3120,0.027450980392156862,0.07450980392156863,0.050980392156862744,0.03529411764705882,0.050980392156862744,0.058823529411764705,0.06274509803921569,0.047058823529411764,0.0392156862745098,0.054901960784313725,0.03137254901960784,0.027450980392156862,0.0196078431372549,0.00392156862745098,0.023529411764705882,0.01568627450980392,0.054901960784313725,0.0,0.01568627450980392,0.0196078431372549,0.011764705882352941,0.03137254901960784,0.0,0.0196078431372549,0.00784313725490196,0.0,0.00392156862745098,0.01568627450980392,0.00784313725490196,0.01568627450980392,0.011764705882352941,0.00784313725490196,0.01568627450980392,0.00392156862745098,0.011764705882352941,0.00784313725490196,0.0,0.00392156862745098,0.011764705882352941,0.00784313725490196,0.00392156862745098,0.0,0.00784313725490196,0.0,0.00392156862745098,0.0,0.00392156862745098,0.0,0.00784313725490196,0.00784313725490196,0.0,0.00784313725490196,0.00784313725490196,0.0,0.0,0.0,0.0,0.00392156862745098,0.00392156862745098,0.0,0.0,0.0,0.0,0.0,0.0,0.00784313725490196,0.0,0.00392156862745098,0.0,0.0,0.0,0.0,0.0,0.0,0.00392156862745098,0.0,0.0,0.00392156862745098,0.0,0.0,0.0,0.0,0.0,0.00392156862745098,0.0,0.0,0.0,0.0,0.00392156862745098,0.0,0.0,0.0,0.0,0.0,0.0,0.0,0.00392156862745098,0.0,0.0,0.0,0.0
J07A3121,0.024390243902439025,0.056910569105691054,0.06097560975609756,0.07317073170731707,0.0975609756097561,0.07723577235772358,0.04065040650406504,0.04878048780487805,0.032520325203252036,0.028455284552845527,0.036585365853658534,0.04878048780487805,0.04878048780487805,0.02032520325203252,0.016260162601626018,0.04065040650406504,0.028455284552845527,0.016260162601626018,0.02032520325203252,0.016260162601626018,0.024390243902439025,0.012195121951219513,0.0040650406504065045,0.016260162601626018,0.012195121951219513,0.016260162601626018,0.016260162601626018,0.0040650406504065045,0.0,0.0,0.0,0.008130081300813009,0.008130081300813009,0.0,0.008130081300813009,0.0,0.012195121951219513,0.0,0.0,0.0,0.0,0.0040650406504065045,0.0040650406504065045,0.0,0.0040650406504065045,0.0,0.0040650406504065045,0.0,0.0,0.0,0.0,0.0040650406504065045,0.0,0.0,0.0,0.0,0.0,0.0,0.0,0.0,0.0,0.0040650406504065045,0.0,0.0,0.0,0.0,0.0,0.0,0.0,0.0,0.0,0.0,0.0,0.0,0.0,0.0,0.0,0.0,0.0,0.0,0.0,0.0,0.0,0.0,0.0,0.0,0.0,0.0,0.0,0.0,0.0,0.0,0.0,0.0,0.0,0.0,0.0,0.0,0.0,0.0,0.0
J07A3122,0.06048387096774194,0.07661290322580645,0.06048387096774194,0.03225806451612903,0.06451612903225806,0.036290322580645164,0.036290322580645164,0.020161290322580645,0.036290322580645164,0.012096774193548387,0.012096774193548387,0.036290322580645164,0.03225806451612903,0.028225806451612902,0.036290322580645164,0.020161290322580645,0.04435483870967742,0.016129032258064516,0.016129032258064516,0.024193548387096774,0.008064516129032258,0.012096774193548387,0.008064516129032258,0.024193548387096774,0.024193548387096774,0.004032258064516129,0.012096774193548387,0.020161290322580645,0.016129032258064516,0.012096774193548387,0.008064516129032258,0.004032258064516129,0.012096774193548387,0.004032258064516129,0.012096774193548387,0.004032258064516129,0.008064516129032258,0.012096774193548387,0.004032258064516129,0.004032258064516129,0.0,0.004032258064516129,0.008064516129032258,0.008064516129032258,0.004032258064516129,0.004032258064516129,0.004032258064516129,0.0,0.0,0.0,0.0,0.0,0.008064516129032258,0.004032258064516129,0.0,0.012096774193548387,0.004032258064516129,0.0,0.0,0.0,0.004032258064516129,0.0,0.0,0.004032258064516129,0.0,0.0,0.0,0.0,0.0,0.0,0.0,0.0,0.0,0.0,0.0,0.0,0.0,0.0,0.0,0.0,0.0,0.0,0.004032258064516129,0.0,0.012096774193548387,0.0,0.0,0.0,0.0,0.0,0.0,0.0,0.0,0.0,0.0,0.0,0.0,0.0,0.0,0.0,0.0
J07A3123,0.06584362139917696,0.10699588477366255,0.06584362139917696,0.08641975308641975,0.04526748971193416,0.06172839506172839,0.0411522633744856,0.0823045267489712,0.0411522633744856,0.037037037037037035,0.037037037037037035,0.03292181069958848,0.01646090534979424,0.01646090534979424,0.024691358024691357,0.0205761316872428,0.03292181069958848,0.00823045267489712,0.024691358024691357,0.00411522633744856,0.0205761316872428,0.012345679012345678,0.024691358024691357,0.01646090534979424,0.00823045267489712,0.00411522633744856,0.00411522633744856,0.00411522633744856,0.00411522633744856,0.00411522633744856,0.0,0.00411522633744856,0.0,0.00411522633744856,0.0,0.00823045267489712,0.00411522633744856,0.0,0.00823045267489712,0.0,0.00411522633744856,0.00411522633744856,0.0,0.0,0.00411522633744856,0.0,0.00411522633744856,0.0,0.0,0.0,0.0,0.0,0.0,0.0,0.0,0.0,0.0,0.0,0.0,0.0,0.0,0.0,0.0,0.0,0.0,0.0,0.0,0.0,0.0,0.0,0.0,0.0,0.0,0.0,0.0,0.0,0.0,0.0,0.0,0.0,0.0,0.0,0.0,0.0,0.0,0.0,0.0,0.0,0.0,0.0,0.0,0.0,0.0,0.0,0.0,0.0,0.0,0.0,0.0,0.0,0.0
J07A3124,0.16853932584269662,0.09363295880149813,0.08239700374531835,0.06367041198501873,0.03745318352059925,0.04119850187265917,0.06741573033707865,0.0299625468164794,0.0449438202247191,0.0149812734082397,0.026217228464419477,0.0299625468164794,0.0149812734082397,0.02247191011235955,0.0,0.0149812734082397,0.0149812734082397,0.02247191011235955,0.02247191011235955,0.00749063670411985,0.011235955056179775,0.00749063670411985,0.018726591760299626,0.011235955056179775,0.00749063670411985,0.003745318352059925,0.0,0.0,0.003745318352059925,0.00749063670411985,0.003745318352059925,0.003745318352059925,0.003745318352059925,0.00749063670411985,0.00749063670411985,0.003745318352059925,0.003745318352059925,0.0,0.00749063670411985,0.0,0.0,0.0,0.003745318352059925,0.0,0.0,0.00749063670411985,0.0,0.00749063670411985,0.003745318352059925,0.00749063670411985,0.003745318352059925,0.0,0.003745318352059925,0.0,0.0,0.003745318352059925,0.0,0.003745318352059925,0.0,0.0,0.003745318352059925,0.0,0.0,0.0,0.0,0.003745318352059925,0.0,0.003745318352059925,0.0,0.0,0.0,0.003745318352059925,0.0,0.003745318352059925,0.003745318352059925,0.0,0.0,0.0,0.0,0.0,0.0,0.0,0.0,0.0,0.0,0.0,0.0,0.0,0.0,0.0,0.0,0.0,0.0,0.0,0.0,0.0,0.0,0.0,0.0,0.0,0.0
J07A3125,0.16981132075471697,0.12830188679245283,0.10943396226415095,0.04905660377358491,0.045283018867924525,0.06037735849056604,0.052830188679245285,0.033962264150943396,0.03773584905660377,0.045283018867924525,0.022641509433962263,0.033962264150943396,0.0,0.022641509433962263,0.018867924528301886,0.007547169811320755,0.011320754716981131,0.007547169811320755,0.011320754716981131,0.011320754716981131,0.01509433962264151,0.01509433962264151,0.011320754716981131,0.0,0.007547169811320755,0.0037735849056603774,0.007547169811320755,0.0,0.011320754716981131,0.0037735849056603774,0.007547169811320755,0.0037735849056603774,0.0,0.0037735849056603774,0.007547169811320755,0.0,0.0037735849056603774,0.0037735849056603774,0.0037735849056603774,0.0,0.0,0.0037735849056603774,0.0,0.0,0.0,0.0,0.0,0.0,0.0,0.0,0.0037735849056603774,0.0,0.0,0.0,0.0,0.0,0.0,0.0037735849056603774,0.0,0.0,0.0,0.0,0.0,0.0,0.0,0.0,0.0,0.0,0.0,0.0,0.0,0.0,0.0,0.0,0.0,0.0,0.0,0.0,0.0,0.0,0.0,0.0,0.0,0.0,0.0,0.0,0.0,0.0,0.0,0.0,0.0,0.0,0.0,0.0,0.0,0.0,0.0,0.0,0.0,0.0,0.0
J07A3126,0.07468879668049792,0.12033195020746888,0.12863070539419086,0.06224066390041494,0.08713692946058091,0.03734439834024896,0.058091286307053944,0.05394190871369295,0.029045643153526972,0.05394190871369295,0.029045643153526972,0.02074688796680498,0.024896265560165973,0.024896265560165973,0.03734439834024896,0.008298755186721992,0.024896265560165973,0.016597510373443983,0.016597510373443983,0.008298755186721992,0.004149377593360996,0.0,0.0,0.012448132780082987,0.004149377593360996,0.0,0.0,0.004149377593360996,0.004149377593360996,0.0,0.004149377593360996,0.0,0.0,0.0,0.012448132780082987,0.0,0.0,0.0,0.0,0.0,0.004149377593360996,0.004149377593360996,0.004149377593360996,0.004149377593360996,0.004149377593360996,0.0,0.0,0.0,0.0,0.0,0.0,0.0,0.0,0.0,0.0,0.0,0.0,0.0,0.004149377593360996,0.0,0.0,0.0,0.0,0.0,0.004149377593360996,0.0,0.0,0.0,0.0,0.0,0.0,0.0,0.0,0.0,0.004149377593360996,0.0,0.0,0.0,0.0,0.0,0.0,0.0,0.0,0.0,0.0,0.004149377593360996,0.0,0.0,0.0,0.0,0.0,0.0,0.0,0.0,0.0,0.0,0.0,0.0,0.0,0.0,0.0
J07A3127,0.564748201438849,0.2158273381294964,0.1079136690647482,0.02158273381294964,0.03597122302158273,0.01079136690647482,0.007194244604316547,0.014388489208633094,0.01079136690647482,0.0,0.0035971223021582736,0.0,0.0035971223021582736,0.0,0.0,0.0,0.0,0.0,0.0,0.0,0.0,0.0,0.0,0.0,0.0,0.0,0.0,0.0,0.0,0.0,0.0,0.0,0.0,0.0,0.0,0.0035971223021582736,0.0,0.0,0.0,0.0,0.0,0.0,0.0,0.0,0.0,0.0,0.0,0.0,0.0,0.0,0.0,0.0,0.0,0.0,0.0,0.0,0.0,0.0,0.0,0.0,0.0,0.0,0.0,0.0,0.0,0.0,0.0,0.0,0.0,0.0,0.0,0.0,0.0,0.0,0.0,0.0,0.0,0.0,0.0,0.0,0.0,0.0,0.0,0.0,0.0,0.0,0.0,0.0,0.0,0.0,0.0,0.0,0.0,0.0,0.0,0.0,0.0,0.0,0.0,0.0,0.0
J07A3128,0.12396694214876033,0.10330578512396695,0.10743801652892562,0.07024793388429752,0.07851239669421488,0.02066115702479339,0.0371900826446281,0.03305785123966942,0.02066115702479339,0.024793388429752067,0.01652892561983471,0.0371900826446281,0.004132231404958678,0.028925619834710745,0.02066115702479339,0.03305785123966942,0.024793388429752067,0.01652892561983471,0.012396694214876033,0.004132231404958678,0.004132231404958678,0.004132231404958678,0.004132231404958678,0.008264462809917356,0.012396694214876033,0.004132231404958678,0.012396694214876033,0.0,0.008264462809917356,0.008264462809917356,0.012396694214876033,0.008264462809917356,0.008264462809917356,0.012396694214876033,0.008264462809917356,0.008264462809917356,0.008264462809917356,0.008264462809917356,0.0,0.004132231404958678,0.004132231404958678,0.0,0.008264462809917356,0.0,0.0,0.0,0.0,0.0,0.004132231404958678,0.004132231404958678,0.004132231404958678,0.0,0.0,0.0,0.0,0.0,0.004132231404958678,0.0,0.0,0.0,0.004132231404958678,0.0,0.0,0.0,0.0,0.0,0.0,0.0,0.0,0.0,0.004132231404958678,0.0,0.0,0.0,0.0,0.0,0.0,0.0,0.0,0.0,0.0,0.0,0.0,0.0,0.0,0.0,0.0,0.0,0.0,0.0,0.0,0.0,0.0,0.0,0.0,0.0,0.0,0.0,0.0,0.0,0.0
J07A3129,0.26573426573426573,0.13286713286713286,0.13636363636363635,0.08391608391608392,0.04195804195804196,0.04195804195804196,0.024475524475524476,0.024475524475524476,0.03146853146853147,0.01048951048951049,0.03146853146853147,0.024475524475524476,0.006993006993006993,0.03146853146853147,0.01048951048951049,0.006993006993006993,0.0,0.017482517482517484,0.013986013986013986,0.013986013986013986,0.0,0.0,0.0034965034965034965,0.0034965034965034965,0.006993006993006993,0.006993006993006993,0.0034965034965034965,0.0034965034965034965,0.0,0.0034965034965034965,0.006993006993006993,0.0,0.0,0.0,0.0,0.0034965034965034965,0.0,0.0034965034965034965,0.0034965034965034965,0.0,0.0,0.0,0.0,0.0,0.0,0.0,0.0,0.0,0.0,0.0,0.0,0.0,0.0,0.0,0.0,0.0,0.0,0.0,0.0,0.0,0.0,0.0,0.0,0.0,0.0,0.0,0.0,0.0,0.0,0.0,0.0,0.0,0.0,0.0,0.0,0.0,0.0,0.0,0.0,0.0,0.0,0.0,0.0,0.0,0.0,0.0,0.0,0.0,0.0,0.0,0.0,0.0,0.0,0.0,0.0,0.0,0.0,0.0,0.0,0.0,0.0
J07A3130,0.012578616352201259,0.031446540880503145,0.031446540880503145,0.05660377358490566,0.0440251572327044,0.06289308176100629,0.06289308176100629,0.031446540880503145,0.0440251572327044,0.0440251572327044,0.0440251572327044,0.03773584905660377,0.03773584905660377,0.031446540880503145,0.05660377358490566,0.018867924528301886,0.018867924528301886,0.006289308176100629,0.025157232704402517,0.018867924528301886,0.018867924528301886,0.012578616352201259,0.006289308176100629,0.012578616352201259,0.031446540880503145,0.018867924528301886,0.0,0.006289308176100629,0.006289308176100629,0.018867924528301886,0.025157232704402517,0.006289308176100629,0.0,0.0,0.012578616352201259,0.018867924528301886,0.0,0.0,0.006289308176100629,0.0,0.012578616352201259,0.0,0.006289308176100629,0.0,0.0,0.006289308176100629,0.0,0.0,0.0,0.0,0.0,0.006289308176100629,0.0,0.0,0.006289308176100629,0.012578616352201259,0.006289308176100629,0.006289308176100629,0.006289308176100629,0.0,0.0,0.0,0.0,0.0,0.0,0.0,0.0,0.006289308176100629,0.0,0.0,0.0,0.0,0.0,0.006289308176100629,0.0,0.0,0.0,0.0,0.0,0.0,0.0,0.0,0.0,0.0,0.0,0.0,0.0,0.0,0.0,0.0,0.0,0.0,0.0,0.0,0.0,0.0,0.0,0.0,0.0,0.0,0.0
J07A3131,0.12062256809338522,0.1517509727626459,0.14785992217898833,0.0933852140077821,0.06614785992217899,0.05058365758754864,0.06614785992217899,0.054474708171206226,0.01556420233463035,0.0311284046692607,0.011673151750972763,0.0038910505836575876,0.019455252918287938,0.019455252918287938,0.01556420233463035,0.007782101167315175,0.023346303501945526,0.01556420233463035,0.011673151750972763,0.007782101167315175,0.011673151750972763,0.011673151750972763,0.0,0.0,0.0038910505836575876,0.007782101167315175,0.0,0.0,0.0038910505836575876,0.0,0.0038910505836575876,0.0038910505836575876,0.0038910505836575876,0.0038910505836575876,0.007782101167315175,0.0038910505836575876,0.0,0.0,0.0,0.0,0.0,0.0,0.0,0.0,0.0,0.0,0.0,0.0,0.0,0.0,0.0,0.0,0.0,0.0,0.0,0.0,0.0,0.0,0.0,0.0,0.0,0.0,0.0,0.0,0.0,0.0,0.0,0.0,0.0,0.0,0.0,0.0,0.0,0.0,0.0,0.0,0.0,0.0,0.0,0.0,0.0,0.0,0.0,0.0,0.0,0.0,0.0,0.0,0.0,0.0,0.0,0.0,0.0,0.0,0.0,0.0,0.0,0.0,0.0,0.0,0.0
J07A3132,0.2953020134228188,0.15436241610738255,0.11409395973154363,0.0738255033557047,0.040268456375838924,0.04697986577181208,0.03355704697986577,0.040268456375838924,0.026845637583892617,0.020134228187919462,0.03355704697986577,0.006711409395973154,0.006711409395973154,0.013422818791946308,0.0,0.013422818791946308,0.006711409395973154,0.0,0.0,0.013422818791946308,0.006711409395973154,0.0,0.006711409395973154,0.0,0.006711409395973154,0.006711409395973154,0.0,0.0,0.006711409395973154,0.0,0.006711409395973154,0.006711409395973154,0.0,0.0,0.0,0.006711409395973154,0.0,0.0,0.0,0.0,0.0,0.0,0.0,0.0,0.0,0.0,0.0,0.0,0.0,0.006711409395973154,0.0,0.0,0.0,0.0,0.0,0.0,0.0,0.0,0.0,0.0,0.0,0.0,0.0,0.0,0.0,0.0,0.0,0.0,0.0,0.0,0.0,0.0,0.0,0.0,0.0,0.0,0.0,0.0,0.0,0.0,0.0,0.0,0.0,0.0,0.0,0.0,0.0,0.0,0.0,0.0,0.0,0.0,0.0,0.0,0.0,0.0,0.0,0.0,0.0,0.0,0.0
J07A3133,0.4406779661016949,0.21610169491525424,0.0847457627118644,0.0635593220338983,0.038135593220338986,0.01694915254237288,0.00847457627118644,0.025423728813559324,0.012711864406779662,0.012711864406779662,0.00847457627118644,0.012711864406779662,0.0,0.00847457627118644,0.00423728813559322,0.00423728813559322,0.00847457627118644,0.00423728813559322,0.00423728813559322,0.00847457627118644,0.0,0.0,0.0,0.0,0.0,0.0,0.0,0.0,0.0,0.00423728813559322,0.0,0.0,0.00423728813559322,0.0,0.00423728813559322,0.0,0.0,0.0,0.0,0.0,0.0,0.0,0.0,0.00423728813559322,0.0,0.0,0.0,0.0,0.0,0.0,0.0,0.0,0.0,0.0,0.0,0.0,0.0,0.0,0.0,0.0,0.0,0.0,0.0,0.0,0.0,0.0,0.0,0.0,0.0,0.0,0.0,0.0,0.0,0.0,0.0,0.0,0.0,0.0,0.0,0.0,0.0,0.0,0.0,0.0,0.0,0.0,0.0,0.0,0.0,0.0,0.0,0.0,0.0,0.0,0.0,0.0,0.0,0.0,0.0,0.0,0.0
J07A3134,0.12264150943396226,0.22641509433962265,0.09433962264150944,0.04716981132075472,0.10377358490566038,0.05660377358490566,0.03773584905660377,0.03773584905660377,0.04716981132075472,0.03773584905660377,0.009433962264150943,0.018867924528301886,0.009433962264150943,0.0,0.03773584905660377,0.009433962264150943,0.009433962264150943,0.018867924528301886,0.018867924528301886,0.009433962264150943,0.009433962264150943,0.009433962264150943,0.0,0.0,0.009433962264150943,0.0,0.0,0.0,0.009433962264150943,0.009433962264150943,0.0,0.0,0.0,0.0,0.0,0.0,0.0,0.0,0.0,0.0,0.0,0.0,0.0,0.0,0.0,0.0,0.0,0.0,0.0,0.0,0.0,0.0,0.0,0.0,0.0,0.0,0.0,0.0,0.0,0.0,0.0,0.0,0.0,0.0,0.0,0.0,0.0,0.0,0.0,0.0,0.0,0.0,0.0,0.0,0.0,0.0,0.0,0.0,0.0,0.0,0.0,0.0,0.0,0.0,0.0,0.0,0.0,0.0,0.0,0.0,0.0,0.0,0.0,0.0,0.0,0.0,0.0,0.0,0.0,0.0,0.0
J07A3135,0.0,0.012244897959183673,0.0163265306122449,0.02857142857142857,0.02040816326530612,0.02040816326530612,0.012244897959183673,0.02040816326530612,0.044897959183673466,0.02040816326530612,0.024489795918367346,0.02857142857142857,0.0326530612244898,0.0326530612244898,0.0326530612244898,0.0326530612244898,0.02857142857142857,0.0326530612244898,0.02040816326530612,0.02857142857142857,0.0163265306122449,0.024489795918367346,0.00816326530612245,0.012244897959183673,0.04081632653061224,0.004081632653061225,0.012244897959183673,0.00816326530612245,0.0326530612244898,0.00816326530612245,0.004081632653061225,0.024489795918367346,0.024489795918367346,0.012244897959183673,0.0163265306122449,0.0163265306122449,0.012244897959183673,0.004081632653061225,0.00816326530612245,0.004081632653061225,0.00816326530612245,0.004081632653061225,0.00816326530612245,0.004081632653061225,0.004081632653061225,0.012244897959183673,0.00816326530612245,0.00816326530612245,0.0163265306122449,0.00816326530612245,0.004081632653061225,0.004081632653061225,0.004081632653061225,0.004081632653061225,0.00816326530612245,0.00816326530612245,0.004081632653061225,0.012244897959183673,0.0,0.012244897959183673,0.004081632653061225,0.012244897959183673,0.0,0.00816326530612245,0.004081632653061225,0.004081632653061225,0.004081632653061225,0.0,0.0,0.0,0.004081632653061225,0.004081632653061225,0.004081632653061225,0.0,0.004081632653061225,0.00816326530612245,0.0,0.0,0.0,0.0,0.0,0.0,0.004081632653061225,0.0,0.0,0.0,0.0,0.0,0.0,0.0,0.0,0.004081632653061225,0.0,0.0,0.0,0.0,0.0,0.0,0.0,0.004081632653061225,0.0
J07A3136,0.03977272727272727,0.045454545454545456,0.09659090909090909,0.10795454545454546,0.13636363636363635,0.06818181818181818,0.056818181818181816,0.03409090909090909,0.045454545454545456,0.05113636363636364,0.05113636363636364,0.022727272727272728,0.03409090909090909,0.022727272727272728,0.005681818181818182,0.017045454545454544,0.022727272727272728,0.005681818181818182,0.017045454545454544,0.011363636363636364,0.0,0.0,0.005681818181818182,0.022727272727272728,0.022727272727272728,0.005681818181818182,0.0,0.005681818181818182,0.011363636363636364,0.0,0.005681818181818182,0.005681818181818182,0.005681818181818182,0.0,0.0,0.0,0.0,0.0,0.005681818181818182,0.0,0.0,0.005681818181818182,0.0,0.0,0.005681818181818182,0.0,0.0,0.0,0.0,0.0,0.0,0.0,0.0,0.0,0.0,0.0,0.0,0.0,0.0,0.0,0.0,0.0,0.0,0.0,0.0,0.0,0.0,0.0,0.0,0.0,0.0,0.0,0.0,0.0,0.0,0.0,0.0,0.0,0.0,0.0,0.0,0.0,0.0,0.0,0.0,0.0,0.0,0.0,0.0,0.0,0.0,0.0,0.0,0.0,0.0,0.0,0.0,0.0,0.0,0.0,0.0
J07A3137,0.13733905579399142,0.15021459227467812,0.13733905579399142,0.060085836909871244,0.08583690987124463,0.04721030042918455,0.04291845493562232,0.03862660944206009,0.02575107296137339,0.017167381974248927,0.012875536480686695,0.02575107296137339,0.034334763948497854,0.017167381974248927,0.012875536480686695,0.012875536480686695,0.012875536480686695,0.008583690987124463,0.012875536480686695,0.012875536480686695,0.008583690987124463,0.0,0.012875536480686695,0.004291845493562232,0.0,0.012875536480686695,0.012875536480686695,0.0,0.0,0.008583690987124463,0.004291845493562232,0.004291845493562232,0.0,0.0,0.0,0.0,0.004291845493562232,0.0,0.004291845493562232,0.0,0.0,0.0,0.0,0.0,0.0,0.0,0.0,0.0,0.0,0.0,0.0,0.0,0.0,0.004291845493562232,0.0,0.0,0.0,0.0,0.008583690987124463,0.0,0.0,0.0,0.0,0.0,0.004291845493562232,0.0,0.0,0.0,0.0,0.0,0.0,0.0,0.0,0.0,0.0,0.0,0.0,0.0,0.0,0.0,0.0,0.0,0.0,0.0,0.0,0.0,0.0,0.0,0.0,0.0,0.0,0.0,0.0,0.0,0.0,0.0,0.0,0.0,0.0,0.0,0.0
J07A3138,0.05668016194331984,0.06477732793522267,0.13360323886639677,0.05263157894736842,0.07692307692307693,0.044534412955465584,0.048582995951417005,0.02834008097165992,0.03643724696356275,0.024291497975708502,0.03643724696356275,0.032388663967611336,0.008097165991902834,0.004048582995951417,0.044534412955465584,0.016194331983805668,0.020242914979757085,0.024291497975708502,0.024291497975708502,0.03643724696356275,0.016194331983805668,0.004048582995951417,0.008097165991902834,0.020242914979757085,0.008097165991902834,0.004048582995951417,0.008097165991902834,0.004048582995951417,0.004048582995951417,0.008097165991902834,0.0,0.0,0.016194331983805668,0.004048582995951417,0.004048582995951417,0.008097165991902834,0.0,0.0,0.004048582995951417,0.0,0.004048582995951417,0.0,0.008097165991902834,0.004048582995951417,0.008097165991902834,0.008097165991902834,0.0,0.0,0.012145748987854251,0.0,0.0,0.0,0.0,0.0,0.0,0.004048582995951417,0.0,0.004048582995951417,0.0,0.0,0.004048582995951417,0.0,0.0,0.0,0.0,0.0,0.004048582995951417,0.0,0.0,0.0,0.0,0.0,0.004048582995951417,0.0,0.0,0.0,0.0,0.0,0.0,0.0,0.0,0.0,0.0,0.0,0.0,0.0,0.0,0.0,0.0,0.0,0.0,0.0,0.0,0.0,0.0,0.0,0.0,0.0,0.0,0.0,0.0
J07A3139,0.4576923076923077,0.17307692307692307,0.11153846153846154,0.07307692307692308,0.06538461538461539,0.026923076923076925,0.015384615384615385,0.0038461538461538464,0.019230769230769232,0.011538461538461539,0.011538461538461539,0.0038461538461538464,0.0038461538461538464,0.0038461538461538464,0.0038461538461538464,0.0038461538461538464,0.0,0.007692307692307693,0.0038461538461538464,0.0,0.0,0.0,0.0,0.0,0.0,0.0,0.0,0.0,0.0,0.0,0.0,0.0,0.0,0.0,0.0,0.0,0.0,0.0,0.0,0.0,0.0,0.0,0.0,0.0,0.0,0.0,0.0,0.0,0.0,0.0,0.0,0.0,0.0,0.0,0.0,0.0,0.0,0.0,0.0,0.0,0.0,0.0,0.0,0.0,0.0,0.0,0.0,0.0,0.0,0.0,0.0,0.0,0.0,0.0,0.0,0.0,0.0,0.0,0.0,0.0,0.0,0.0,0.0,0.0,0.0,0.0,0.0,0.0,0.0,0.0,0.0,0.0,0.0,0.0,0.0,0.0,0.0,0.0,0.0,0.0,0.0
J07A3140,0.13580246913580246,0.14814814814814814,0.08641975308641975,0.08641975308641975,0.07818930041152264,0.037037037037037035,0.0411522633744856,0.06584362139917696,0.04526748971193416,0.0411522633744856,0.024691358024691357,0.03292181069958848,0.024691358024691357,0.01646090534979424,0.024691358024691357,0.01646090534979424,0.00823045267489712,0.00823045267489712,0.00411522633744856,0.00823045267489712,0.0,0.00411522633744856,0.00411522633744856,0.012345679012345678,0.0,0.0,0.0,0.00823045267489712,0.00411522633744856,0.00411522633744856,0.00411522633744856,0.00411522633744856,0.0,0.0,0.0,0.0,0.00411522633744856,0.0,0.00411522633744856,0.0,0.0,0.0,0.0,0.0,0.0,0.00411522633744856,0.0,0.0,0.0,0.0,0.0,0.0,0.0,0.0,0.00411522633744856,0.0,0.0,0.0,0.0,0.0,0.00411522633744856,0.0,0.0,0.0,0.0,0.0,0.0,0.0,0.0,0.0,0.0,0.0,0.0,0.0,0.0,0.0,0.0,0.0,0.0,0.0,0.0,0.0,0.0,0.0,0.0,0.0,0.0,0.0,0.0,0.0,0.0,0.0,0.0,0.0,0.0,0.0,0.0,0.0,0.0,0.0,0.0
J07A3141,0.008620689655172414,0.0603448275862069,0.04310344827586207,0.02586206896551724,0.07758620689655173,0.06896551724137931,0.06896551724137931,0.07327586206896551,0.02586206896551724,0.03017241379310345,0.03879310344827586,0.05603448275862069,0.05172413793103448,0.04310344827586207,0.03879310344827586,0.02586206896551724,0.04310344827586207,0.017241379310344827,0.008620689655172414,0.03017241379310345,0.021551724137931036,0.017241379310344827,0.01293103448275862,0.017241379310344827,0.01293103448275862,0.004310344827586207,0.008620689655172414,0.0,0.01293103448275862,0.0,0.004310344827586207,0.008620689655172414,0.004310344827586207,0.004310344827586207,0.0,0.0,0.0,0.008620689655172414,0.004310344827586207,0.0,0.0,0.0,0.0,0.0,0.0,0.004310344827586207,0.0,0.004310344827586207,0.0,0.0,0.0,0.0,0.0,0.0,0.0,0.0,0.0,0.0,0.004310344827586207,0.0,0.0,0.0,0.0,0.0,0.0,0.0,0.004310344827586207,0.0,0.0,0.0,0.0,0.0,0.0,0.0,0.0,0.0,0.0,0.0,0.004310344827586207,0.0,0.0,0.0,0.0,0.0,0.0,0.0,0.0,0.0,0.0,0.0,0.0,0.0,0.0,0.0,0.0,0.0,0.0,0.0,0.0,0.0,0.0
J07A3142,0.48484848484848486,0.15151515151515152,0.09090909090909091,0.07954545454545454,0.041666666666666664,0.01893939393939394,0.01893939393939394,0.026515151515151516,0.015151515151515152,0.011363636363636364,0.003787878787878788,0.007575757575757576,0.003787878787878788,0.003787878787878788,0.0,0.0,0.007575757575757576,0.003787878787878788,0.003787878787878788,0.0,0.0,0.0,0.003787878787878788,0.0,0.003787878787878788,0.003787878787878788,0.0,0.0,0.0,0.0,0.0,0.007575757575757576,0.003787878787878788,0.003787878787878788,0.0,0.0,0.0,0.0,0.0,0.0,0.0,0.0,0.0,0.0,0.0,0.0,0.0,0.0,0.0,0.0,0.0,0.0,0.0,0.0,0.0,0.0,0.0,0.0,0.0,0.0,0.0,0.0,0.0,0.0,0.0,0.0,0.0,0.0,0.0,0.0,0.0,0.0,0.0,0.0,0.0,0.0,0.0,0.0,0.0,0.0,0.0,0.0,0.0,0.0,0.0,0.0,0.0,0.0,0.0,0.0,0.0,0.0,0.0,0.0,0.0,0.0,0.0,0.0,0.0,0.0,0.0
J07A3143,0.4263565891472868,0.16279069767441862,0.1124031007751938,0.07751937984496124,0.046511627906976744,0.027131782945736434,0.01937984496124031,0.007751937984496124,0.01937984496124031,0.003875968992248062,0.011627906976744186,0.003875968992248062,0.011627906976744186,0.003875968992248062,0.007751937984496124,0.007751937984496124,0.0,0.003875968992248062,0.0,0.0,0.0,0.0,0.0,0.0,0.0,0.0,0.0,0.0,0.003875968992248062,0.0,0.0,0.003875968992248062,0.003875968992248062,0.003875968992248062,0.0,0.0,0.0,0.0,0.0,0.0,0.003875968992248062,0.0,0.0,0.0,0.0,0.0,0.0,0.0,0.0,0.0,0.003875968992248062,0.0,0.0,0.0,0.0,0.0,0.0,0.0,0.0,0.0,0.0,0.0,0.0,0.0,0.0,0.003875968992248062,0.003875968992248062,0.0,0.0,0.0,0.0,0.0,0.003875968992248062,0.0,0.0,0.0,0.0,0.0,0.0,0.0,0.0,0.0,0.0,0.0,0.0,0.003875968992248062,0.0,0.0,0.0,0.0,0.0,0.0,0.003875968992248062,0.0,0.003875968992248062,0.0,0.0,0.0,0.0,0.0,0.0
J07A3144,0.29959514170040485,0.09716599190283401,0.08097165991902834,0.032388663967611336,0.04048582995951417,0.044534412955465584,0.044534412955465584,0.032388663967611336,0.02834008097165992,0.032388663967611336,0.024291497975708502,0.016194331983805668,0.020242914979757085,0.020242914979757085,0.016194331983805668,0.016194331983805668,0.012145748987854251,0.008097165991902834,0.024291497975708502,0.016194331983805668,0.008097165991902834,0.004048582995951417,0.008097165991902834,0.0,0.004048582995951417,0.0,0.0,0.004048582995951417,0.0,0.008097165991902834,0.012145748987854251,0.012145748987854251,0.004048582995951417,0.008097165991902834,0.0,0.0,0.004048582995951417,0.0,0.0,0.0,0.004048582995951417,0.0,0.004048582995951417,0.0,0.0,0.0,0.0,0.0,0.0,0.0,0.0,0.0,0.004048582995951417,0.0,0.004048582995951417,0.0,0.0,0.0,0.0,0.0,0.0,0.0,0.0,0.0,0.0,0.0,0.0,0.0,0.0,0.0,0.0,0.0,0.0,0.0,0.0,0.0,0.0,0.0,0.0,0.0,0.0,0.0,0.0,0.0,0.0,0.0,0.0,0.0,0.0,0.0,0.0,0.0,0.0,0.0,0.0,0.0,0.0,0.0,0.0,0.0,0.0
J07A3145,0.6422764227642277,0.21138211382113822,0.08943089430894309,0.016260162601626018,0.024390243902439025,0.016260162601626018,0.0,0.0,0.0,0.0,0.0,0.0,0.0,0.0,0.0,0.0,0.0,0.0,0.0,0.0,0.0,0.0,0.0,0.0,0.0,0.0,0.0,0.0,0.0,0.0,0.0,0.0,0.0,0.0,0.0,0.0,0.0,0.0,0.0,0.0,0.0,0.0,0.0,0.0,0.0,0.0,0.0,0.0,0.0,0.0,0.0,0.0,0.0,0.0,0.0,0.0,0.0,0.0,0.0,0.0,0.0,0.0,0.0,0.0,0.0,0.0,0.0,0.0,0.0,0.0,0.0,0.0,0.0,0.0,0.0,0.0,0.0,0.0,0.0,0.0,0.0,0.0,0.0,0.0,0.0,0.0,0.0,0.0,0.0,0.0,0.0,0.0,0.0,0.0,0.0,0.0,0.0,0.0,0.0,0.0,0.0
J07A3146,0.14652014652014653,0.17216117216117216,0.0989010989010989,0.06227106227106227,0.05860805860805861,0.01098901098901099,0.029304029304029304,0.02564102564102564,0.02564102564102564,0.02197802197802198,0.02197802197802198,0.02197802197802198,0.02564102564102564,0.01098901098901099,0.040293040293040296,0.01098901098901099,0.02564102564102564,0.018315018315018316,0.0,0.02197802197802198,0.01098901098901099,0.003663003663003663,0.007326007326007326,0.007326007326007326,0.014652014652014652,0.018315018315018316,0.003663003663003663,0.018315018315018316,0.014652014652014652,0.0,0.007326007326007326,0.003663003663003663,0.003663003663003663,0.0,0.003663003663003663,0.003663003663003663,0.0,0.003663003663003663,0.0,0.0,0.0,0.003663003663003663,0.0,0.003663003663003663,0.0,0.0,0.007326007326007326,0.003663003663003663,0.0,0.0,0.0,0.0,0.0,0.003663003663003663,0.0,0.003663003663003663,0.0,0.0,0.0,0.0,0.0,0.0,0.0,0.0,0.0,0.0,0.0,0.0,0.0,0.0,0.0,0.0,0.0,0.0,0.0,0.0,0.0,0.0,0.0,0.0,0.0,0.0,0.0,0.0,0.0,0.0,0.0,0.0,0.0,0.0,0.0,0.0,0.0,0.0,0.0,0.0,0.0,0.0,0.0,0.0,0.0
J07A3147,0.1111111111111111,0.13131313131313133,0.08080808080808081,0.08585858585858586,0.0707070707070707,0.050505050505050504,0.05555555555555555,0.03535353535353535,0.030303030303030304,0.045454545454545456,0.020202020202020204,0.050505050505050504,0.025252525252525252,0.020202020202020204,0.025252525252525252,0.030303030303030304,0.020202020202020204,0.010101010101010102,0.010101010101010102,0.015151515151515152,0.025252525252525252,0.005050505050505051,0.005050505050505051,0.010101010101010102,0.0,0.0,0.0,0.0,0.005050505050505051,0.0,0.0,0.005050505050505051,0.0,0.005050505050505051,0.0,0.0,0.0,0.0,0.005050505050505051,0.0,0.0,0.0,0.0,0.0,0.0,0.0,0.0,0.0,0.0,0.0,0.0,0.005050505050505051,0.0,0.0,0.0,0.0,0.0,0.0,0.0,0.0,0.0,0.0,0.005050505050505051,0.0,0.0,0.0,0.0,0.0,0.0,0.0,0.0,0.0,0.0,0.0,0.0,0.0,0.0,0.0,0.0,0.0,0.0,0.0,0.0,0.0,0.0,0.0,0.0,0.0,0.0,0.0,0.0,0.0,0.0,0.0,0.0,0.0,0.0,0.0,0.0,0.0,0.0
J07A3148,0.09056603773584905,0.0830188679245283,0.1169811320754717,0.045283018867924525,0.052830188679245285,0.052830188679245285,0.03773584905660377,0.052830188679245285,0.03018867924528302,0.022641509433962263,0.018867924528301886,0.03018867924528302,0.018867924528301886,0.011320754716981131,0.026415094339622643,0.011320754716981131,0.03018867924528302,0.01509433962264151,0.011320754716981131,0.011320754716981131,0.01509433962264151,0.0037735849056603774,0.011320754716981131,0.018867924528301886,0.007547169811320755,0.0037735849056603774,0.018867924528301886,0.0,0.007547169811320755,0.007547169811320755,0.011320754716981131,0.007547169811320755,0.0037735849056603774,0.0037735849056603774,0.0037735849056603774,0.0,0.0037735849056603774,0.0037735849056603774,0.0037735849056603774,0.007547169811320755,0.0,0.0,0.0,0.0,0.0037735849056603774,0.0037735849056603774,0.007547169811320755,0.0037735849056603774,0.0,0.0,0.0,0.0,0.007547169811320755,0.0037735849056603774,0.0037735849056603774,0.018867924528301886,0.0037735849056603774,0.0037735849056603774,0.0,0.011320754716981131,0.0,0.0,0.0,0.0037735849056603774,0.0,0.0,0.0,0.0,0.0,0.0,0.0,0.0,0.0,0.0,0.0,0.0,0.007547169811320755,0.0,0.0,0.0,0.0,0.0,0.0,0.0037735849056603774,0.0,0.0,0.0,0.0,0.0,0.0,0.0,0.0,0.0,0.0,0.0,0.0,0.0,0.0,0.0,0.0,0.0
J07A3149,0.7773722627737226,0.10948905109489052,0.040145985401459854,0.025547445255474453,0.01824817518248175,0.0,0.010948905109489052,0.0036496350364963502,0.0036496350364963502,0.0,0.0,0.0,0.0036496350364963502,0.0,0.0,0.0036496350364963502,0.0,0.0,0.0036496350364963502,0.0,0.0,0.0,0.0,0.0,0.0,0.0,0.0,0.0,0.0,0.0,0.0,0.0,0.0,0.0,0.0,0.0,0.0,0.0,0.0,0.0,0.0,0.0,0.0,0.0,0.0,0.0,0.0,0.0,0.0,0.0,0.0,0.0,0.0,0.0,0.0,0.0,0.0,0.0,0.0,0.0,0.0,0.0,0.0,0.0,0.0,0.0,0.0,0.0,0.0,0.0,0.0,0.0,0.0,0.0,0.0,0.0,0.0,0.0,0.0,0.0,0.0,0.0,0.0,0.0,0.0,0.0,0.0,0.0,0.0,0.0,0.0,0.0,0.0,0.0,0.0,0.0,0.0,0.0,0.0,0.0,0.0
J07A3150,0.027932960893854747,0.0446927374301676,0.10614525139664804,0.07262569832402235,0.061452513966480445,0.061452513966480445,0.11731843575418995,0.0446927374301676,0.027932960893854747,0.0446927374301676,0.05027932960893855,0.03910614525139665,0.0223463687150838,0.0111731843575419,0.03910614525139665,0.027932960893854747,0.0223463687150838,0.0111731843575419,0.01675977653631285,0.00558659217877095,0.0111731843575419,0.0223463687150838,0.00558659217877095,0.0,0.01675977653631285,0.00558659217877095,0.0223463687150838,0.00558659217877095,0.0,0.0,0.00558659217877095,0.0,0.00558659217877095,0.00558659217877095,0.00558659217877095,0.00558659217877095,0.00558659217877095,0.00558659217877095,0.0,0.0111731843575419,0.0,0.0,0.0,0.0,0.00558659217877095,0.0,0.0,0.0,0.0,0.0,0.0,0.0,0.0,0.0,0.0,0.0,0.0,0.0,0.0,0.0,0.0,0.0,0.0,0.0,0.0,0.0,0.0,0.0,0.0,0.0,0.0,0.0,0.0,0.0,0.0,0.0,0.0,0.0,0.0,0.0,0.0,0.0,0.0,0.0,0.0,0.0,0.0,0.0,0.0,0.0,0.0,0.0,0.0,0.0,0.0,0.0,0.0,0.0,0.0,0.0,0.0
J07A3151,0.1888412017167382,0.1459227467811159,0.10300429184549356,0.05150214592274678,0.07725321888412018,0.034334763948497854,0.055793991416309016,0.02575107296137339,0.034334763948497854,0.034334763948497854,0.030042918454935622,0.017167381974248927,0.008583690987124463,0.02145922746781116,0.012875536480686695,0.02145922746781116,0.017167381974248927,0.012875536480686695,0.012875536480686695,0.0,0.004291845493562232,0.008583690987124463,0.004291845493562232,0.0,0.004291845493562232,0.0,0.0,0.004291845493562232,0.0,0.012875536480686695,0.004291845493562232,0.004291845493562232,0.004291845493562232,0.0,0.004291845493562232,0.004291845493562232,0.0,0.0,0.0,0.0,0.0,0.0,0.004291845493562232,0.004291845493562232,0.0,0.0,0.0,0.0,0.004291845493562232,0.004291845493562232,0.0,0.004291845493562232,0.0,0.0,0.0,0.0,0.0,0.0,0.0,0.0,0.0,0.004291845493562232,0.0,0.0,0.004291845493562232,0.0,0.0,0.0,0.0,0.0,0.0,0.0,0.0,0.0,0.0,0.0,0.0,0.0,0.0,0.004291845493562232,0.0,0.0,0.0,0.0,0.0,0.0,0.0,0.0,0.0,0.0,0.0,0.0,0.0,0.0,0.0,0.0,0.0,0.0,0.0,0.0,0.0
J07A3152,0.2918287937743191,0.19455252918287938,0.11673151750972763,0.1245136186770428,0.038910505836575876,0.038910505836575876,0.04669260700389105,0.042801556420233464,0.023346303501945526,0.0038910505836575876,0.011673151750972763,0.007782101167315175,0.0038910505836575876,0.0038910505836575876,0.007782101167315175,0.007782101167315175,0.0038910505836575876,0.0,0.0,0.0038910505836575876,0.0038910505836575876,0.0,0.0,0.0,0.0038910505836575876,0.0038910505836575876,0.0038910505836575876,0.0,0.0,0.0,0.0,0.0,0.0,0.0038910505836575876,0.0,0.0,0.0,0.0038910505836575876,0.0,0.0,0.0,0.0,0.0,0.0,0.0,0.0,0.0,0.0,0.0038910505836575876,0.0,0.0,0.0,0.0,0.0,0.0,0.0,0.0,0.0,0.0,0.0,0.0,0.0,0.0,0.0,0.0,0.0,0.0,0.0,0.0,0.0,0.0,0.0,0.0,0.0,0.0,0.0,0.0,0.0,0.0,0.0,0.0,0.0,0.0,0.0,0.0,0.0,0.0,0.0,0.0,0.0,0.0,0.0,0.0,0.0,0.0,0.0,0.0,0.0,0.0,0.0,0.0
J07A3153,0.6104868913857678,0.13857677902621723,0.07116104868913857,0.0299625468164794,0.0299625468164794,0.0299625468164794,0.02247191011235955,0.0149812734082397,0.003745318352059925,0.003745318352059925,0.00749063670411985,0.00749063670411985,0.0,0.003745318352059925,0.0,0.0,0.011235955056179775,0.0,0.0,0.003745318352059925,0.0,0.0,0.0,0.0,0.0,0.003745318352059925,0.0,0.0,0.003745318352059925,0.0,0.0,0.0,0.0,0.0,0.0,0.0,0.003745318352059925,0.0,0.0,0.0,0.0,0.0,0.0,0.0,0.0,0.0,0.0,0.0,0.0,0.0,0.0,0.0,0.0,0.0,0.0,0.0,0.0,0.0,0.0,0.0,0.0,0.0,0.0,0.0,0.0,0.0,0.0,0.0,0.0,0.0,0.0,0.0,0.0,0.0,0.0,0.0,0.0,0.0,0.0,0.0,0.0,0.0,0.0,0.0,0.0,0.0,0.0,0.0,0.0,0.0,0.0,0.0,0.0,0.0,0.0,0.0,0.0,0.0,0.0,0.0,0.0
J07A3154,0.1198501872659176,0.13108614232209737,0.12359550561797752,0.04868913857677903,0.0749063670411985,0.056179775280898875,0.0749063670411985,0.056179775280898875,0.018726591760299626,0.0449438202247191,0.02247191011235955,0.018726591760299626,0.02247191011235955,0.0149812734082397,0.026217228464419477,0.0299625468164794,0.011235955056179775,0.003745318352059925,0.0149812734082397,0.003745318352059925,0.00749063670411985,0.00749063670411985,0.0,0.003745318352059925,0.003745318352059925,0.003745318352059925,0.003745318352059925,0.0,0.00749063670411985,0.0,0.0,0.0,0.0,0.00749063670411985,0.003745318352059925,0.003745318352059925,0.00749063670411985,0.003745318352059925,0.003745318352059925,0.0,0.0,0.0,0.0,0.0,0.003745318352059925,0.0,0.0,0.0,0.0,0.003745318352059925,0.003745318352059925,0.0,0.0,0.0,0.0,0.0,0.0,0.0,0.0,0.0,0.0,0.0,0.0,0.0,0.0,0.0,0.0,0.0,0.0,0.0,0.0,0.0,0.0,0.0,0.0,0.0,0.0,0.0,0.003745318352059925,0.0,0.0,0.0,0.0,0.0,0.0,0.0,0.0,0.0,0.0,0.0,0.0,0.0,0.0,0.0,0.0,0.0,0.0,0.0,0.0,0.0,0.0
J07A3155,0.18518518518518517,0.14814814814814814,0.14285714285714285,0.09523809523809523,0.07407407407407407,0.047619047619047616,0.05291005291005291,0.042328042328042326,0.037037037037037035,0.010582010582010581,0.015873015873015872,0.010582010582010581,0.021164021164021163,0.015873015873015872,0.010582010582010581,0.010582010582010581,0.005291005291005291,0.005291005291005291,0.015873015873015872,0.005291005291005291,0.0,0.010582010582010581,0.0,0.010582010582010581,0.005291005291005291,0.0,0.005291005291005291,0.0,0.0,0.0,0.0,0.0,0.005291005291005291,0.005291005291005291,0.0,0.0,0.0,0.0,0.0,0.0,0.0,0.0,0.005291005291005291,0.0,0.0,0.0,0.0,0.0,0.0,0.0,0.0,0.0,0.0,0.0,0.0,0.0,0.0,0.0,0.0,0.0,0.0,0.0,0.0,0.0,0.0,0.0,0.0,0.0,0.0,0.0,0.0,0.0,0.0,0.0,0.0,0.0,0.0,0.0,0.0,0.0,0.0,0.0,0.0,0.0,0.0,0.0,0.0,0.0,0.0,0.0,0.0,0.0,0.0,0.0,0.0,0.0,0.0,0.0,0.0,0.0,0.0
J07A3156,0.24452554744525548,0.17518248175182483,0.145985401459854,0.07664233576642336,0.06204379562043796,0.0364963503649635,0.040145985401459854,0.010948905109489052,0.032846715328467155,0.010948905109489052,0.014598540145985401,0.0072992700729927005,0.0072992700729927005,0.014598540145985401,0.0,0.0036496350364963502,0.01824817518248175,0.0072992700729927005,0.0036496350364963502,0.0,0.0072992700729927005,0.0036496350364963502,0.0036496350364963502,0.0,0.0036496350364963502,0.014598540145985401,0.0,0.0036496350364963502,0.0,0.0,0.010948905109489052,0.010948905109489052,0.0036496350364963502,0.0036496350364963502,0.0036496350364963502,0.0036496350364963502,0.0,0.0036496350364963502,0.0,0.0036496350364963502,0.0,0.0,0.0,0.0,0.0036496350364963502,0.0,0.0,0.0,0.0,0.0,0.0,0.0,0.0,0.0,0.0,0.0,0.0,0.0,0.0,0.0,0.0,0.0,0.0036496350364963502,0.0,0.0,0.0,0.0,0.0,0.0,0.0,0.0,0.0,0.0,0.0,0.0,0.0,0.0,0.0,0.0,0.0,0.0,0.0,0.0,0.0,0.0,0.0,0.0,0.0,0.0,0.0,0.0,0.0,0.0,0.0,0.0,0.0,0.0,0.0,0.0,0.0,0.0
J07A3157,0.08370044052863436,0.0881057268722467,0.1013215859030837,0.0881057268722467,0.07488986784140969,0.06167400881057269,0.04405286343612335,0.048458149779735685,0.030837004405286344,0.04405286343612335,0.013215859030837005,0.03524229074889868,0.030837004405286344,0.013215859030837005,0.01762114537444934,0.004405286343612335,0.01762114537444934,0.022026431718061675,0.022026431718061675,0.013215859030837005,0.004405286343612335,0.0,0.013215859030837005,0.0,0.013215859030837005,0.004405286343612335,0.0,0.004405286343612335,0.00881057268722467,0.00881057268722467,0.004405286343612335,0.0,0.0,0.013215859030837005,0.0,0.004405286343612335,0.0,0.0,0.004405286343612335,0.004405286343612335,0.004405286343612335,0.0,0.004405286343612335,0.0,0.0,0.00881057268722467,0.0,0.0,0.004405286343612335,0.0,0.0,0.0,0.004405286343612335,0.0,0.00881057268722467,0.0,0.0,0.004405286343612335,0.0,0.0,0.0,0.0,0.004405286343612335,0.0,0.004405286343612335,0.0,0.0,0.0,0.0,0.0,0.0,0.0,0.0,0.0,0.0,0.0,0.0,0.0,0.0,0.0,0.004405286343612335,0.0,0.004405286343612335,0.0,0.0,0.0,0.0,0.0,0.0,0.0,0.0,0.0,0.0,0.0,0.0,0.0,0.0,0.0,0.0,0.0,0.0
J07A3158,0.007874015748031496,0.01968503937007874,0.03543307086614173,0.023622047244094488,0.051181102362204724,0.03543307086614173,0.04330708661417323,0.03937007874015748,0.011811023622047244,0.03543307086614173,0.031496062992125984,0.003937007874015748,0.023622047244094488,0.011811023622047244,0.015748031496062992,0.023622047244094488,0.0,0.01968503937007874,0.015748031496062992,0.007874015748031496,0.015748031496062992,0.003937007874015748,0.015748031496062992,0.015748031496062992,0.01968503937007874,0.023622047244094488,0.015748031496062992,0.015748031496062992,0.01968503937007874,0.011811023622047244,0.007874015748031496,0.015748031496062992,0.0,0.011811023622047244,0.011811023622047244,0.01968503937007874,0.023622047244094488,0.015748031496062992,0.031496062992125984,0.003937007874015748,0.01968503937007874,0.007874015748031496,0.015748031496062992,0.007874015748031496,0.007874015748031496,0.011811023622047244,0.003937007874015748,0.007874015748031496,0.007874015748031496,0.011811023622047244,0.0,0.0,0.007874015748031496,0.0,0.003937007874015748,0.011811023622047244,0.003937007874015748,0.007874015748031496,0.011811023622047244,0.0,0.003937007874015748,0.003937007874015748,0.003937007874015748,0.0,0.007874015748031496,0.0,0.003937007874015748,0.007874015748031496,0.0,0.0,0.003937007874015748,0.0,0.003937007874015748,0.0,0.003937007874015748,0.003937007874015748,0.0,0.003937007874015748,0.007874015748031496,0.0,0.0,0.0,0.0,0.003937007874015748,0.0,0.0,0.003937007874015748,0.003937007874015748,0.0,0.0,0.0,0.007874015748031496,0.0,0.003937007874015748,0.0,0.007874015748031496,0.003937007874015748,0.0,0.0,0.0,0.0
J07A3159,0.05531914893617021,0.13191489361702127,0.1276595744680851,0.15319148936170213,0.10638297872340426,0.07659574468085106,0.06382978723404255,0.059574468085106386,0.0425531914893617,0.029787234042553193,0.01702127659574468,0.029787234042553193,0.01276595744680851,0.01276595744680851,0.00851063829787234,0.00425531914893617,0.01702127659574468,0.0,0.00851063829787234,0.0,0.0,0.0,0.0,0.0,0.01276595744680851,0.0,0.0,0.00851063829787234,0.0,0.0,0.0,0.0,0.0,0.00425531914893617,0.0,0.0,0.00851063829787234,0.0,0.0,0.0,0.0,0.0,0.0,0.0,0.0,0.0,0.0,0.0,0.0,0.0,0.0,0.0,0.00425531914893617,0.0,0.0,0.0,0.0,0.00425531914893617,0.0,0.0,0.0,0.0,0.0,0.0,0.0,0.0,0.0,0.0,0.0,0.0,0.0,0.0,0.0,0.0,0.0,0.0,0.0,0.0,0.0,0.0,0.0,0.0,0.0,0.0,0.0,0.0,0.0,0.0,0.0,0.0,0.0,0.0,0.0,0.0,0.0,0.0,0.0,0.0,0.0,0.0,0.0
J07A3160,0.050980392156862744,0.17254901960784313,0.1803921568627451,0.11372549019607843,0.06666666666666667,0.06666666666666667,0.050980392156862744,0.050980392156862744,0.03137254901960784,0.047058823529411764,0.03529411764705882,0.011764705882352941,0.0196078431372549,0.00784313725490196,0.00392156862745098,0.0,0.00784313725490196,0.00392156862745098,0.011764705882352941,0.01568627450980392,0.0,0.0,0.00392156862745098,0.00392156862745098,0.00784313725490196,0.00392156862745098,0.0,0.0,0.00392156862745098,0.0,0.0,0.0,0.0,0.00392156862745098,0.00392156862745098,0.0,0.00392156862745098,0.00392156862745098,0.0,0.0,0.0,0.0,0.0,0.0,0.0,0.0,0.0,0.0,0.0,0.0,0.0,0.0,0.0,0.00784313725490196,0.0,0.0,0.0,0.0,0.00392156862745098,0.0,0.0,0.0,0.0,0.0,0.0,0.0,0.0,0.0,0.0,0.0,0.0,0.0,0.0,0.0,0.0,0.0,0.0,0.0,0.0,0.0,0.0,0.0,0.0,0.0,0.0,0.0,0.0,0.0,0.0,0.0,0.0,0.0,0.0,0.0,0.0,0.0,0.0,0.0,0.0,0.0,0.0
J07A3161,0.41245136186770426,0.08560311284046693,0.07392996108949416,0.07003891050583658,0.03501945525291829,0.0311284046692607,0.058365758754863814,0.0311284046692607,0.01556420233463035,0.0038910505836575876,0.019455252918287938,0.027237354085603113,0.01556420233463035,0.007782101167315175,0.007782101167315175,0.01556420233463035,0.019455252918287938,0.011673151750972763,0.0038910505836575876,0.011673151750972763,0.0,0.007782101167315175,0.0,0.0,0.007782101167315175,0.0,0.0,0.007782101167315175,0.0,0.0,0.0,0.0038910505836575876,0.0,0.0,0.0,0.0,0.0,0.0038910505836575876,0.0,0.0,0.0,0.0,0.0,0.0,0.007782101167315175,0.0,0.0038910505836575876,0.0,0.0,0.0,0.0,0.0,0.0,0.0,0.0,0.0,0.0,0.0,0.0,0.0,0.0,0.0,0.0,0.0,0.0,0.0,0.0,0.0,0.0,0.0,0.0,0.0,0.0,0.0,0.0,0.0,0.0,0.0,0.0,0.0,0.0,0.0,0.0,0.0,0.0,0.0,0.0,0.0,0.0,0.0,0.0,0.0,0.0,0.0,0.0,0.0,0.0,0.0,0.0,0.0,0.0
J07A3162,0.3609467455621302,0.15976331360946747,0.10059171597633136,0.04142011834319527,0.0650887573964497,0.03550295857988166,0.029585798816568046,0.029585798816568046,0.029585798816568046,0.029585798816568046,0.023668639053254437,0.01775147928994083,0.0,0.011834319526627219,0.01775147928994083,0.011834319526627219,0.005917159763313609,0.005917159763313609,0.0,0.0,0.0,0.0,0.0,0.0,0.0,0.0,0.005917159763313609,0.005917159763313609,0.005917159763313609,0.005917159763313609,0.0,0.0,0.0,0.0,0.0,0.0,0.0,0.0,0.0,0.0,0.0,0.0,0.0,0.0,0.0,0.0,0.0,0.0,0.0,0.0,0.0,0.0,0.0,0.0,0.0,0.0,0.0,0.0,0.0,0.0,0.0,0.0,0.0,0.0,0.0,0.0,0.0,0.0,0.0,0.0,0.0,0.0,0.0,0.0,0.0,0.0,0.0,0.0,0.0,0.0,0.0,0.0,0.0,0.0,0.0,0.0,0.0,0.0,0.0,0.0,0.0,0.0,0.0,0.0,0.0,0.0,0.0,0.0,0.0,0.0,0.0
J07A3163,0.25,0.11194029850746269,0.11194029850746269,0.06343283582089553,0.03731343283582089,0.06343283582089553,0.03731343283582089,0.011194029850746268,0.03731343283582089,0.011194029850746268,0.029850746268656716,0.029850746268656716,0.018656716417910446,0.011194029850746268,0.014925373134328358,0.011194029850746268,0.011194029850746268,0.0037313432835820895,0.011194029850746268,0.0037313432835820895,0.029850746268656716,0.0037313432835820895,0.0,0.011194029850746268,0.007462686567164179,0.0,0.0037313432835820895,0.0037313432835820895,0.007462686567164179,0.0037313432835820895,0.007462686567164179,0.007462686567164179,0.0,0.0,0.0,0.007462686567164179,0.0037313432835820895,0.0037313432835820895,0.0,0.0,0.0,0.0,0.0,0.0037313432835820895,0.0,0.0,0.0,0.0,0.0,0.0,0.0,0.0,0.0037313432835820895,0.0,0.0,0.0,0.0,0.0,0.0,0.0,0.0037313432835820895,0.0037313432835820895,0.0,0.0,0.0,0.0,0.0,0.0,0.0,0.0,0.0,0.0,0.0,0.0,0.0,0.0,0.0,0.0,0.0,0.0,0.0037313432835820895,0.0,0.0,0.0,0.0,0.0,0.0,0.0,0.0,0.0,0.0,0.0,0.0,0.0,0.0,0.0,0.0,0.0,0.0,0.0,0.0
J07A3164,0.6350710900473934,0.12796208530805686,0.08056872037914692,0.04739336492890995,0.014218009478672985,0.018957345971563982,0.014218009478672985,0.004739336492890996,0.023696682464454975,0.004739336492890996,0.004739336492890996,0.004739336492890996,0.0,0.0,0.004739336492890996,0.004739336492890996,0.0,0.0,0.004739336492890996,0.0,0.0,0.0,0.0,0.0,0.0,0.0,0.004739336492890996,0.0,0.0,0.0,0.0,0.0,0.0,0.0,0.0,0.0,0.0,0.0,0.0,0.0,0.0,0.0,0.0,0.0,0.0,0.0,0.0,0.0,0.0,0.0,0.0,0.0,0.0,0.0,0.0,0.0,0.0,0.0,0.0,0.0,0.0,0.0,0.0,0.0,0.0,0.0,0.0,0.0,0.0,0.0,0.0,0.0,0.0,0.0,0.0,0.0,0.0,0.0,0.0,0.0,0.0,0.0,0.0,0.0,0.0,0.0,0.0,0.0,0.0,0.0,0.0,0.0,0.0,0.0,0.0,0.0,0.0,0.0,0.0,0.0,0.0
J07A3165,0.12371134020618557,0.15979381443298968,0.18041237113402062,0.08247422680412371,0.08762886597938144,0.07731958762886598,0.06701030927835051,0.030927835051546393,0.02577319587628866,0.020618556701030927,0.020618556701030927,0.015463917525773196,0.0,0.005154639175257732,0.03608247422680412,0.015463917525773196,0.005154639175257732,0.005154639175257732,0.0,0.0,0.0,0.005154639175257732,0.005154639175257732,0.0,0.0,0.005154639175257732,0.010309278350515464,0.0,0.0,0.0,0.0,0.0,0.0,0.0,0.0,0.005154639175257732,0.0,0.0,0.0,0.0,0.0,0.0,0.0,0.0,0.005154639175257732,0.0,0.005154639175257732,0.0,0.0,0.0,0.0,0.0,0.0,0.0,0.0,0.0,0.0,0.0,0.0,0.0,0.0,0.0,0.0,0.0,0.0,0.0,0.0,0.0,0.0,0.0,0.0,0.0,0.0,0.0,0.0,0.0,0.0,0.0,0.0,0.0,0.0,0.0,0.0,0.0,0.0,0.0,0.0,0.0,0.0,0.0,0.0,0.0,0.0,0.0,0.0,0.0,0.0,0.0,0.0,0.0,0.0
J07A3166,0.07727272727272727,0.1409090909090909,0.11818181818181818,0.05454545454545454,0.04090909090909091,0.02727272727272727,0.045454545454545456,0.022727272727272728,0.031818181818181815,0.013636363636363636,0.02727272727272727,0.01818181818181818,0.01818181818181818,0.013636363636363636,0.03636363636363636,0.01818181818181818,0.01818181818181818,0.013636363636363636,0.01818181818181818,0.013636363636363636,0.013636363636363636,0.00909090909090909,0.013636363636363636,0.01818181818181818,0.004545454545454545,0.013636363636363636,0.00909090909090909,0.00909090909090909,0.004545454545454545,0.00909090909090909,0.004545454545454545,0.00909090909090909,0.0,0.004545454545454545,0.00909090909090909,0.0,0.004545454545454545,0.0,0.0,0.0,0.0,0.004545454545454545,0.004545454545454545,0.0,0.0,0.00909090909090909,0.00909090909090909,0.004545454545454545,0.004545454545454545,0.0,0.0,0.0,0.004545454545454545,0.0,0.0,0.004545454545454545,0.0,0.004545454545454545,0.00909090909090909,0.004545454545454545,0.004545454545454545,0.0,0.0,0.0,0.0,0.0,0.0,0.0,0.0,0.0,0.0,0.0,0.004545454545454545,0.0,0.004545454545454545,0.0,0.004545454545454545,0.0,0.00909090909090909,0.0,0.0,0.0,0.0,0.0,0.0,0.004545454545454545,0.0,0.0,0.0,0.0,0.0,0.0,0.0,0.0,0.0,0.0,0.0,0.0,0.0,0.0,0.0
J07A3167,0.11965811965811966,0.15384615384615385,0.1111111111111111,0.07692307692307693,0.10683760683760683,0.05128205128205128,0.05128205128205128,0.021367521367521368,0.029914529914529916,0.02564102564102564,0.02564102564102564,0.017094017094017096,0.021367521367521368,0.017094017094017096,0.004273504273504274,0.02564102564102564,0.021367521367521368,0.01282051282051282,0.004273504273504274,0.008547008547008548,0.008547008547008548,0.0,0.0,0.004273504273504274,0.008547008547008548,0.008547008547008548,0.004273504273504274,0.0,0.008547008547008548,0.008547008547008548,0.0,0.01282051282051282,0.008547008547008548,0.004273504273504274,0.0,0.0,0.0,0.0,0.004273504273504274,0.004273504273504274,0.0,0.0,0.0,0.0,0.0,0.0,0.004273504273504274,0.0,0.0,0.0,0.0,0.0,0.0,0.0,0.0,0.0,0.004273504273504274,0.0,0.0,0.0,0.0,0.0,0.0,0.0,0.0,0.0,0.0,0.0,0.0,0.0,0.0,0.0,0.0,0.0,0.0,0.0,0.0,0.0,0.0,0.0,0.0,0.0,0.0,0.0,0.0,0.0,0.0,0.0,0.0,0.0,0.0,0.0,0.0,0.0,0.0,0.0,0.0,0.0,0.0,0.0,0.0
J07A3168,0.10775862068965517,0.16810344827586207,0.10775862068965517,0.06896551724137931,0.05172413793103448,0.04741379310344827,0.021551724137931036,0.06896551724137931,0.03017241379310345,0.021551724137931036,0.04310344827586207,0.02586206896551724,0.02586206896551724,0.021551724137931036,0.004310344827586207,0.021551724137931036,0.004310344827586207,0.017241379310344827,0.004310344827586207,0.008620689655172414,0.02586206896551724,0.017241379310344827,0.008620689655172414,0.004310344827586207,0.0,0.01293103448275862,0.004310344827586207,0.008620689655172414,0.0,0.0,0.0,0.004310344827586207,0.01293103448275862,0.0,0.0,0.008620689655172414,0.008620689655172414,0.004310344827586207,0.004310344827586207,0.0,0.0,0.0,0.0,0.004310344827586207,0.0,0.0,0.0,0.0,0.0,0.0,0.0,0.0,0.0,0.0,0.0,0.0,0.0,0.0,0.0,0.0,0.0,0.0,0.0,0.0,0.0,0.0,0.0,0.0,0.0,0.0,0.0,0.0,0.0,0.0,0.0,0.0,0.0,0.0,0.0,0.0,0.0,0.0,0.0,0.0,0.0,0.0,0.0,0.0,0.0,0.0,0.0,0.0,0.0,0.0,0.0,0.0,0.0,0.0,0.0,0.0,0.0
J07A3169,0.06302521008403361,0.10504201680672269,0.15966386554621848,0.08403361344537816,0.08823529411764706,0.025210084033613446,0.09243697478991597,0.02100840336134454,0.0546218487394958,0.025210084033613446,0.03361344537815126,0.046218487394957986,0.01680672268907563,0.029411764705882353,0.02100840336134454,0.008403361344537815,0.008403361344537815,0.004201680672268907,0.012605042016806723,0.0,0.01680672268907563,0.004201680672268907,0.008403361344537815,0.0,0.0,0.0,0.012605042016806723,0.008403361344537815,0.008403361344537815,0.008403361344537815,0.012605042016806723,0.0,0.0,0.0,0.004201680672268907,0.0,0.008403361344537815,0.0,0.0,0.0,0.0,0.0,0.0,0.004201680672268907,0.0,0.0,0.0,0.0,0.0,0.0,0.0,0.0,0.0,0.0,0.0,0.0,0.0,0.0,0.0,0.0,0.0,0.0,0.0,0.0,0.0,0.0,0.004201680672268907,0.0,0.0,0.0,0.0,0.0,0.0,0.0,0.0,0.0,0.0,0.0,0.0,0.0,0.0,0.0,0.0,0.0,0.0,0.0,0.0,0.0,0.0,0.0,0.0,0.0,0.0,0.0,0.0,0.0,0.0,0.0,0.0,0.0,0.0
J07A3170,0.026200873362445413,0.03056768558951965,0.07860262008733625,0.034934497816593885,0.043668122270742356,0.034934497816593885,0.05240174672489083,0.039301310043668124,0.034934497816593885,0.034934497816593885,0.034934497816593885,0.03056768558951965,0.05240174672489083,0.03056768558951965,0.043668122270742356,0.008733624454148471,0.048034934497816595,0.021834061135371178,0.039301310043668124,0.008733624454148471,0.008733624454148471,0.013100436681222707,0.039301310043668124,0.013100436681222707,0.017467248908296942,0.013100436681222707,0.017467248908296942,0.013100436681222707,0.0,0.026200873362445413,0.008733624454148471,0.013100436681222707,0.008733624454148471,0.004366812227074236,0.004366812227074236,0.021834061135371178,0.008733624454148471,0.004366812227074236,0.008733624454148471,0.0,0.0,0.008733624454148471,0.0,0.004366812227074236,0.0,0.0,0.004366812227074236,0.0,0.0,0.0,0.0,0.004366812227074236,0.0,0.004366812227074236,0.0,0.0,0.0,0.0,0.0,0.0,0.0,0.0,0.0,0.0,0.0,0.0,0.0,0.0,0.0,0.0,0.0,0.0,0.0,0.0,0.0,0.0,0.0,0.0,0.0,0.0,0.0,0.0,0.0,0.0,0.0,0.0,0.0,0.0,0.0,0.0,0.0,0.0,0.0,0.0,0.0,0.0,0.0,0.0,0.0,0.0,0.0
J07A3171,0.12544802867383512,0.12544802867383512,0.06810035842293907,0.05017921146953405,0.03942652329749104,0.03942652329749104,0.02867383512544803,0.03225806451612903,0.025089605734767026,0.02867383512544803,0.021505376344086023,0.03225806451612903,0.021505376344086023,0.007168458781362007,0.0035842293906810036,0.014336917562724014,0.0035842293906810036,0.010752688172043012,0.007168458781362007,0.014336917562724014,0.007168458781362007,0.007168458781362007,0.0,0.0,0.0035842293906810036,0.0,0.014336917562724014,0.0035842293906810036,0.010752688172043012,0.0,0.010752688172043012,0.0,0.010752688172043012,0.0035842293906810036,0.0035842293906810036,0.007168458781362007,0.0,0.0035842293906810036,0.0035842293906810036,0.0,0.007168458781362007,0.014336917562724014,0.007168458781362007,0.0035842293906810036,0.0,0.0035842293906810036,0.0035842293906810036,0.0,0.0035842293906810036,0.0035842293906810036,0.0035842293906810036,0.0035842293906810036,0.0,0.007168458781362007,0.0035842293906810036,0.0,0.0035842293906810036,0.0035842293906810036,0.0035842293906810036,0.0035842293906810036,0.007168458781362007,0.0035842293906810036,0.0035842293906810036,0.0035842293906810036,0.007168458781362007,0.0035842293906810036,0.0,0.007168458781362007,0.0,0.0,0.007168458781362007,0.0,0.0,0.0035842293906810036,0.007168458781362007,0.007168458781362007,0.0,0.0035842293906810036,0.0035842293906810036,0.0,0.0035842293906810036,0.007168458781362007,0.0,0.0,0.0035842293906810036,0.0035842293906810036,0.007168458781362007,0.0,0.014336917562724014,0.0035842293906810036,0.0,0.0035842293906810036,0.0035842293906810036,0.0035842293906810036,0.0,0.007168458781362007,0.0,0.0035842293906810036,0.0,0.0,0.0
J07A3172,0.010638297872340425,0.01773049645390071,0.03546099290780142,0.014184397163120567,0.02127659574468085,0.014184397163120567,0.031914893617021274,0.02127659574468085,0.014184397163120567,0.024822695035460994,0.01773049645390071,0.01773049645390071,0.014184397163120567,0.01773049645390071,0.02127659574468085,0.0070921985815602835,0.010638297872340425,0.0035460992907801418,0.03546099290780142,0.01773049645390071,0.0035460992907801418,0.010638297872340425,0.02127659574468085,0.010638297872340425,0.0070921985815602835,0.01773049645390071,0.0035460992907801418,0.0070921985815602835,0.010638297872340425,0.010638297872340425,0.01773049645390071,0.010638297872340425,0.014184397163120567,0.0035460992907801418,0.0070921985815602835,0.014184397163120567,0.0070921985815602835,0.0035460992907801418,0.014184397163120567,0.010638297872340425,0.010638297872340425,0.0035460992907801418,0.0,0.0035460992907801418,0.0035460992907801418,0.014184397163120567,0.014184397163120567,0.0070921985815602835,0.0070921985815602835,0.0070921985815602835,0.0070921985815602835,0.01773049645390071,0.0070921985815602835,0.0,0.014184397163120567,0.0070921985815602835,0.0,0.0035460992907801418,0.0070921985815602835,0.0035460992907801418,0.0,0.010638297872340425,0.014184397163120567,0.0,0.0070921985815602835,0.0070921985815602835,0.0035460992907801418,0.0035460992907801418,0.010638297872340425,0.010638297872340425,0.010638297872340425,0.010638297872340425,0.014184397163120567,0.0070921985815602835,0.010638297872340425,0.0035460992907801418,0.014184397163120567,0.0070921985815602835,0.0035460992907801418,0.0070921985815602835,0.010638297872340425,0.0070921985815602835,0.0,0.0070921985815602835,0.0035460992907801418,0.0035460992907801418,0.0070921985815602835,0.0035460992907801418,0.010638297872340425,0.0070921985815602835,0.01773049645390071,0.01773049645390071,0.0,0.0070921985815602835,0.0,0.0,0.0035460992907801418,0.0035460992907801418,0.010638297872340425,0.010638297872340425,0.0
J07A3173,0.4406779661016949,0.22033898305084745,0.15254237288135594,0.06779661016949153,0.0,0.01694915254237288,0.03389830508474576,0.01694915254237288,0.0,0.01694915254237288,0.0,0.01694915254237288,0.0,0.0,0.0,0.0,0.01694915254237288,0.0,0.0,0.0,0.0,0.0,0.0,0.0,0.0,0.0,0.0,0.0,0.0,0.0,0.0,0.0,0.0,0.0,0.0,0.0,0.0,0.0,0.0,0.0,0.0,0.0,0.0,0.0,0.0,0.0,0.0,0.0,0.0,0.0,0.0,0.0,0.0,0.0,0.0,0.0,0.0,0.0,0.0,0.0,0.0,0.0,0.0,0.0,0.0,0.0,0.0,0.0,0.0,0.0,0.0,0.0,0.0,0.0,0.0,0.0,0.0,0.0,0.0,0.0,0.0,0.0,0.0,0.0,0.0,0.0,0.0,0.0,0.0,0.0,0.0,0.0,0.0,0.0,0.0,0.0,0.0,0.0,0.0,0.0,0.0
J07A3174,0.5892857142857143,0.19285714285714287,0.07857142857142857,0.03214285714285714,0.02857142857142857,0.014285714285714285,0.0035714285714285713,0.007142857142857143,0.010714285714285714,0.007142857142857143,0.0035714285714285713,0.0035714285714285713,0.007142857142857143,0.0,0.0,0.007142857142857143,0.0035714285714285713,0.0,0.0,0.0,0.0,0.0,0.0,0.0,0.0,0.0,0.0,0.0,0.0,0.0,0.0035714285714285713,0.0,0.0,0.0,0.0,0.0,0.0,0.0,0.0035714285714285713,0.0,0.0,0.0,0.0,0.0,0.0,0.0,0.0,0.0035714285714285713,0.0,0.0,0.0,0.0,0.0,0.0,0.0,0.0,0.0,0.0,0.0,0.0,0.0,0.0,0.0,0.0,0.0,0.0,0.0,0.0,0.0,0.0,0.0,0.0,0.0,0.0,0.0,0.0,0.0,0.0,0.0,0.0,0.0,0.0,0.0,0.0,0.0,0.0,0.0,0.0,0.0,0.0,0.0,0.0,0.0,0.0,0.0,0.0,0.0,0.0,0.0,0.0,0.0
J07A3175,0.2140077821011673,0.1828793774319066,0.11284046692607004,0.07003891050583658,0.07782101167315175,0.042801556420233464,0.04669260700389105,0.0311284046692607,0.01556420233463035,0.027237354085603113,0.011673151750972763,0.01556420233463035,0.01556420233463035,0.007782101167315175,0.007782101167315175,0.007782101167315175,0.01556420233463035,0.007782101167315175,0.007782101167315175,0.011673151750972763,0.007782101167315175,0.007782101167315175,0.0,0.007782101167315175,0.0,0.0,0.011673151750972763,0.0,0.0,0.007782101167315175,0.0038910505836575876,0.0,0.0,0.0,0.0,0.0,0.0,0.007782101167315175,0.0038910505836575876,0.0,0.0038910505836575876,0.0,0.0,0.0,0.0,0.0,0.0,0.0,0.0,0.0,0.0,0.0,0.0,0.0038910505836575876,0.0,0.0,0.0038910505836575876,0.0,0.0,0.0,0.0,0.0,0.0,0.0,0.0,0.0,0.0,0.0,0.0,0.0,0.0,0.0,0.0,0.0,0.0,0.0,0.0,0.0,0.0,0.0,0.0,0.0,0.0,0.0,0.0,0.0,0.0,0.0,0.0,0.0,0.0,0.0,0.0,0.0,0.0,0.0,0.0,0.0,0.0,0.0,0.0
J07A3176,0.5018315018315018,0.18681318681318682,0.11721611721611722,0.040293040293040296,0.040293040293040296,0.02564102564102564,0.01098901098901099,0.014652014652014652,0.014652014652014652,0.007326007326007326,0.003663003663003663,0.003663003663003663,0.01098901098901099,0.007326007326007326,0.003663003663003663,0.0,0.003663003663003663,0.0,0.0,0.0,0.0,0.0,0.003663003663003663,0.0,0.0,0.0,0.0,0.0,0.0,0.0,0.0,0.0,0.0,0.0,0.0,0.0,0.0,0.003663003663003663,0.0,0.0,0.0,0.0,0.0,0.0,0.0,0.0,0.0,0.0,0.0,0.0,0.0,0.0,0.0,0.0,0.0,0.0,0.0,0.0,0.0,0.0,0.0,0.0,0.0,0.0,0.0,0.0,0.0,0.0,0.0,0.0,0.0,0.0,0.0,0.0,0.0,0.0,0.0,0.0,0.0,0.0,0.0,0.0,0.0,0.0,0.0,0.0,0.0,0.0,0.0,0.0,0.0,0.0,0.0,0.0,0.0,0.0,0.0,0.0,0.0,0.0,0.0
J07A3177,0.4584837545126354,0.1263537906137184,0.11913357400722022,0.04693140794223827,0.04332129963898917,0.02527075812274368,0.036101083032490974,0.01444043321299639,0.018050541516245487,0.010830324909747292,0.01444043321299639,0.0036101083032490976,0.0036101083032490976,0.0036101083032490976,0.0036101083032490976,0.0,0.007220216606498195,0.0036101083032490976,0.007220216606498195,0.0036101083032490976,0.0,0.007220216606498195,0.0036101083032490976,0.0036101083032490976,0.0,0.0036101083032490976,0.0036101083032490976,0.0,0.0,0.007220216606498195,0.0036101083032490976,0.0,0.0,0.007220216606498195,0.0,0.0,0.0036101083032490976,0.0,0.0,0.0,0.0,0.0,0.0,0.0,0.0,0.0,0.0,0.0,0.0,0.0036101083032490976,0.0,0.0,0.0,0.0,0.0,0.0,0.0,0.0,0.0,0.0,0.0,0.0,0.0,0.0,0.0,0.0,0.0036101083032490976,0.0,0.0,0.0,0.0,0.0,0.0,0.0,0.0,0.0,0.0,0.0,0.0,0.0,0.0,0.0,0.0,0.0,0.0,0.0,0.0,0.0,0.0,0.0,0.0,0.0,0.0,0.0,0.0,0.0,0.0,0.0,0.0,0.0,0.0
J07A3178,0.07421875,0.0703125,0.109375,0.046875,0.078125,0.0390625,0.0625,0.04296875,0.02734375,0.04296875,0.03125,0.0390625,0.02734375,0.015625,0.05078125,0.0234375,0.0078125,0.01171875,0.01171875,0.03125,0.01953125,0.01171875,0.0078125,0.0078125,0.0,0.01171875,0.01171875,0.0078125,0.0078125,0.0078125,0.0078125,0.0078125,0.01171875,0.0,0.0,0.0,0.0,0.00390625,0.0,0.0,0.0,0.0,0.0,0.0078125,0.00390625,0.0,0.00390625,0.0,0.0,0.00390625,0.0,0.0,0.0,0.0,0.00390625,0.00390625,0.0,0.0,0.0,0.0,0.0,0.00390625,0.0,0.0,0.0,0.0,0.0,0.0,0.0,0.0,0.0,0.0,0.0,0.0,0.0,0.0,0.0,0.0,0.0,0.0,0.0,0.0,0.0,0.0,0.0,0.0,0.0,0.0,0.0,0.0,0.0,0.0,0.0,0.0,0.0,0.0,0.0,0.0,0.0,0.0,0.0
J07A3179,0.06334841628959276,0.08597285067873303,0.1085972850678733,0.05429864253393665,0.08597285067873303,0.06334841628959276,0.058823529411764705,0.049773755656108594,0.05429864253393665,0.05429864253393665,0.03167420814479638,0.027149321266968326,0.01809954751131222,0.02262443438914027,0.00904977375565611,0.013574660633484163,0.02262443438914027,0.013574660633484163,0.02262443438914027,0.004524886877828055,0.00904977375565611,0.00904977375565611,0.00904977375565611,0.00904977375565611,0.004524886877828055,0.00904977375565611,0.004524886877828055,0.004524886877828055,0.004524886877828055,0.00904977375565611,0.00904977375565611,0.013574660633484163,0.00904977375565611,0.0,0.004524886877828055,0.0,0.004524886877828055,0.004524886877828055,0.004524886877828055,0.0,0.004524886877828055,0.0,0.0,0.004524886877828055,0.0,0.0,0.0,0.0,0.0,0.0,0.0,0.0,0.0,0.0,0.0,0.0,0.0,0.004524886877828055,0.0,0.0,0.0,0.0,0.0,0.0,0.0,0.0,0.0,0.0,0.0,0.0,0.0,0.0,0.0,0.0,0.0,0.0,0.0,0.0,0.0,0.0,0.0,0.0,0.0,0.0,0.0,0.0,0.0,0.0,0.0,0.0,0.0,0.0,0.0,0.0,0.0,0.0,0.0,0.0,0.0,0.0,0.0
J07A3180,0.13924050632911392,0.1518987341772152,0.14556962025316456,0.06962025316455696,0.0379746835443038,0.0379746835443038,0.04430379746835443,0.04430379746835443,0.0189873417721519,0.0189873417721519,0.05063291139240506,0.0379746835443038,0.0379746835443038,0.02531645569620253,0.012658227848101266,0.006329113924050633,0.006329113924050633,0.012658227848101266,0.012658227848101266,0.006329113924050633,0.0,0.006329113924050633,0.0,0.006329113924050633,0.006329113924050633,0.0,0.012658227848101266,0.0,0.006329113924050633,0.0,0.0,0.012658227848101266,0.006329113924050633,0.006329113924050633,0.006329113924050633,0.006329113924050633,0.0,0.0,0.0,0.0,0.0,0.0,0.0,0.0,0.0,0.0,0.0,0.0,0.0,0.0,0.0,0.0,0.0,0.0,0.0,0.0,0.006329113924050633,0.0,0.0,0.0,0.0,0.0,0.0,0.0,0.0,0.0,0.0,0.0,0.0,0.0,0.0,0.0,0.0,0.0,0.0,0.0,0.0,0.0,0.0,0.0,0.0,0.0,0.0,0.0,0.0,0.0,0.0,0.0,0.0,0.0,0.0,0.0,0.0,0.0,0.0,0.0,0.0,0.0,0.0,0.0,0.0
J07A3181,0.7583892617449665,0.1342281879194631,0.040268456375838924,0.026845637583892617,0.006711409395973154,0.006711409395973154,0.006711409395973154,0.006711409395973154,0.006711409395973154,0.0,0.0,0.0,0.0,0.0,0.0,0.0,0.0,0.0,0.0,0.0,0.0,0.0,0.0,0.0,0.0,0.0,0.006711409395973154,0.0,0.0,0.0,0.0,0.0,0.0,0.0,0.0,0.0,0.0,0.0,0.0,0.0,0.0,0.0,0.0,0.0,0.0,0.0,0.0,0.0,0.0,0.0,0.0,0.0,0.0,0.0,0.0,0.0,0.0,0.0,0.0,0.0,0.0,0.0,0.0,0.0,0.0,0.0,0.0,0.0,0.0,0.0,0.0,0.0,0.0,0.0,0.0,0.0,0.0,0.0,0.0,0.0,0.0,0.0,0.0,0.0,0.0,0.0,0.0,0.0,0.0,0.0,0.0,0.0,0.0,0.0,0.0,0.0,0.0,0.0,0.0,0.0,0.0
J07A3182,0.0,0.024242424242424242,0.030303030303030304,0.030303030303030304,0.030303030303030304,0.048484848484848485,0.048484848484848485,0.04242424242424243,0.024242424242424242,0.06666666666666667,0.01818181818181818,0.048484848484848485,0.030303030303030304,0.03636363636363636,0.03636363636363636,0.03636363636363636,0.03636363636363636,0.030303030303030304,0.012121212121212121,0.048484848484848485,0.030303030303030304,0.012121212121212121,0.006060606060606061,0.01818181818181818,0.012121212121212121,0.012121212121212121,0.03636363636363636,0.0,0.01818181818181818,0.024242424242424242,0.0,0.024242424242424242,0.024242424242424242,0.006060606060606061,0.024242424242424242,0.01818181818181818,0.006060606060606061,0.012121212121212121,0.006060606060606061,0.0,0.006060606060606061,0.0,0.012121212121212121,0.012121212121212121,0.0,0.0,0.0,0.0,0.0,0.0,0.0,0.0,0.0,0.0,0.0,0.0,0.0,0.0,0.0,0.0,0.0,0.0,0.0,0.0,0.0,0.0,0.0,0.0,0.0,0.0,0.0,0.0,0.0,0.0,0.0,0.0,0.0,0.0,0.0,0.0,0.0,0.0,0.0,0.0,0.0,0.0,0.0,0.0,0.0,0.0,0.0,0.0,0.0,0.0,0.0,0.0,0.0,0.0,0.0,0.0,0.0
J07A3183,0.03879310344827586,0.09913793103448276,0.06896551724137931,0.05172413793103448,0.07327586206896551,0.034482758620689655,0.04310344827586207,0.05172413793103448,0.07327586206896551,0.03879310344827586,0.02586206896551724,0.03879310344827586,0.04310344827586207,0.01293103448275862,0.034482758620689655,0.01293103448275862,0.021551724137931036,0.02586206896551724,0.021551724137931036,0.02586206896551724,0.008620689655172414,0.0,0.03017241379310345,0.008620689655172414,0.01293103448275862,0.004310344827586207,0.01293103448275862,0.0,0.008620689655172414,0.004310344827586207,0.008620689655172414,0.008620689655172414,0.008620689655172414,0.008620689655172414,0.01293103448275862,0.004310344827586207,0.008620689655172414,0.0,0.0,0.004310344827586207,0.0,0.0,0.0,0.0,0.008620689655172414,0.0,0.0,0.0,0.0,0.0,0.0,0.0,0.0,0.0,0.0,0.0,0.0,0.0,0.0,0.0,0.0,0.0,0.0,0.0,0.0,0.0,0.0,0.0,0.0,0.0,0.0,0.0,0.0,0.0,0.0,0.0,0.0,0.0,0.0,0.0,0.0,0.0,0.0,0.0,0.0,0.0,0.0,0.0,0.0,0.0,0.0,0.0,0.0,0.0,0.0,0.0,0.0,0.0,0.0,0.0,0.0
J07A3184,0.07228915662650602,0.15261044176706828,0.14056224899598393,0.07630522088353414,0.0642570281124498,0.060240963855421686,0.05622489959839357,0.04417670682730924,0.040160642570281124,0.0321285140562249,0.012048192771084338,0.040160642570281124,0.0321285140562249,0.03614457831325301,0.004016064257028112,0.012048192771084338,0.008032128514056224,0.008032128514056224,0.01606425702811245,0.004016064257028112,0.0,0.004016064257028112,0.008032128514056224,0.01606425702811245,0.004016064257028112,0.004016064257028112,0.004016064257028112,0.0,0.0,0.004016064257028112,0.008032128514056224,0.0,0.0,0.0,0.01606425702811245,0.008032128514056224,0.008032128514056224,0.0,0.0,0.0,0.0,0.0,0.0,0.0,0.0,0.0,0.0,0.0,0.0,0.0,0.0,0.0,0.0,0.0,0.0,0.0,0.0,0.004016064257028112,0.0,0.0,0.0,0.0,0.0,0.0,0.0,0.0,0.0,0.0,0.0,0.0,0.0,0.0,0.0,0.0,0.0,0.0,0.0,0.0,0.0,0.0,0.0,0.0,0.0,0.0,0.0,0.0,0.0,0.0,0.0,0.0,0.0,0.0,0.0,0.0,0.0,0.0,0.0,0.0,0.0,0.0,0.0
J07A3185,0.366412213740458,0.12213740458015267,0.0648854961832061,0.08015267175572519,0.08396946564885496,0.015267175572519083,0.05343511450381679,0.04961832061068702,0.026717557251908396,0.04580152671755725,0.011450381679389313,0.015267175572519083,0.026717557251908396,0.003816793893129771,0.003816793893129771,0.011450381679389313,0.003816793893129771,0.0,0.0,0.0,0.0,0.003816793893129771,0.0,0.007633587786259542,0.0,0.0,0.003816793893129771,0.0,0.0,0.0,0.0,0.0,0.0,0.0,0.0,0.0,0.0,0.0,0.0,0.0,0.0,0.0,0.0,0.0,0.0,0.0,0.0,0.0,0.0,0.0,0.0,0.0,0.0,0.0,0.0,0.0,0.0,0.0,0.0,0.0,0.0,0.0,0.0,0.0,0.0,0.0,0.0,0.0,0.0,0.0,0.0,0.0,0.0,0.0,0.0,0.0,0.0,0.0,0.0,0.0,0.0,0.0,0.0,0.0,0.0,0.0,0.0,0.0,0.0,0.0,0.0,0.0,0.0,0.0,0.0,0.0,0.0,0.0,0.0,0.0,0.0
J07A3186,0.8214285714285714,0.10714285714285714,0.0,0.0,0.023809523809523808,0.0,0.03571428571428571,0.0,0.0,0.0,0.011904761904761904,0.0,0.0,0.0,0.0,0.0,0.0,0.0,0.0,0.0,0.0,0.0,0.0,0.0,0.0,0.0,0.0,0.0,0.0,0.0,0.0,0.0,0.0,0.0,0.0,0.0,0.0,0.0,0.0,0.0,0.0,0.0,0.0,0.0,0.0,0.0,0.0,0.0,0.0,0.0,0.0,0.0,0.0,0.0,0.0,0.0,0.0,0.0,0.0,0.0,0.0,0.0,0.0,0.0,0.0,0.0,0.0,0.0,0.0,0.0,0.0,0.0,0.0,0.0,0.0,0.0,0.0,0.0,0.0,0.0,0.0,0.0,0.0,0.0,0.0,0.0,0.0,0.0,0.0,0.0,0.0,0.0,0.0,0.0,0.0,0.0,0.0,0.0,0.0,0.0,0.0
J07A3187,0.11538461538461539,0.16666666666666666,0.13675213675213677,0.05982905982905983,0.06837606837606838,0.05555555555555555,0.05128205128205128,0.04700854700854701,0.02564102564102564,0.01282051282051282,0.03418803418803419,0.02564102564102564,0.008547008547008548,0.02564102564102564,0.01282051282051282,0.021367521367521368,0.004273504273504274,0.008547008547008548,0.008547008547008548,0.008547008547008548,0.021367521367521368,0.004273504273504274,0.017094017094017096,0.01282051282051282,0.0,0.008547008547008548,0.004273504273504274,0.004273504273504274,0.0,0.0,0.0,0.008547008547008548,0.004273504273504274,0.004273504273504274,0.0,0.004273504273504274,0.0,0.0,0.0,0.0,0.0,0.0,0.0,0.0,0.0,0.004273504273504274,0.0,0.0,0.0,0.0,0.0,0.0,0.0,0.0,0.0,0.0,0.0,0.0,0.0,0.0,0.0,0.0,0.0,0.0,0.0,0.0,0.0,0.0,0.0,0.0,0.004273504273504274,0.0,0.0,0.0,0.0,0.0,0.0,0.0,0.0,0.0,0.0,0.0,0.0,0.0,0.0,0.0,0.0,0.0,0.0,0.0,0.0,0.0,0.0,0.0,0.0,0.0,0.0,0.0,0.0,0.0,0.0
J07A3188,0.0603448275862069,0.15086206896551724,0.1336206896551724,0.05603448275862069,0.09913793103448276,0.0603448275862069,0.0603448275862069,0.04741379310344827,0.03017241379310345,0.03879310344827586,0.03017241379310345,0.02586206896551724,0.034482758620689655,0.017241379310344827,0.021551724137931036,0.017241379310344827,0.008620689655172414,0.008620689655172414,0.017241379310344827,0.01293103448275862,0.017241379310344827,0.01293103448275862,0.0,0.008620689655172414,0.004310344827586207,0.0,0.0,0.0,0.0,0.0,0.004310344827586207,0.004310344827586207,0.0,0.004310344827586207,0.0,0.004310344827586207,0.0,0.004310344827586207,0.0,0.0,0.0,0.0,0.004310344827586207,0.0,0.0,0.0,0.0,0.0,0.0,0.0,0.0,0.0,0.0,0.0,0.0,0.0,0.0,0.0,0.0,0.0,0.0,0.0,0.0,0.0,0.0,0.0,0.0,0.0,0.0,0.0,0.0,0.0,0.0,0.0,0.0,0.0,0.0,0.0,0.0,0.0,0.0,0.0,0.0,0.0,0.0,0.0,0.0,0.0,0.0,0.0,0.0,0.0,0.0,0.0,0.0,0.0,0.0,0.0,0.0,0.0,0.0
J07A3189,0.0,0.043478260869565216,0.06521739130434782,0.06521739130434782,0.07608695652173914,0.09782608695652174,0.13043478260869565,0.03260869565217391,0.09782608695652174,0.043478260869565216,0.03260869565217391,0.03260869565217391,0.05434782608695652,0.010869565217391304,0.03260869565217391,0.010869565217391304,0.021739130434782608,0.021739130434782608,0.021739130434782608,0.010869565217391304,0.021739130434782608,0.010869565217391304,0.0,0.0,0.021739130434782608,0.0,0.0,0.010869565217391304,0.0,0.010869565217391304,0.010869565217391304,0.0,0.0,0.0,0.0,0.0,0.0,0.0,0.0,0.0,0.0,0.0,0.0,0.0,0.010869565217391304,0.0,0.0,0.0,0.0,0.0,0.0,0.0,0.0,0.0,0.0,0.0,0.0,0.0,0.0,0.0,0.0,0.0,0.0,0.0,0.0,0.0,0.0,0.0,0.0,0.0,0.0,0.0,0.0,0.0,0.0,0.0,0.0,0.0,0.0,0.0,0.0,0.0,0.0,0.0,0.0,0.0,0.0,0.0,0.0,0.0,0.0,0.0,0.0,0.0,0.0,0.0,0.0,0.0,0.0,0.0,0.0
J07A3190,0.034934497816593885,0.15283842794759825,0.13100436681222707,0.06550218340611354,0.11353711790393013,0.0611353711790393,0.07423580786026202,0.034934497816593885,0.06986899563318777,0.017467248908296942,0.026200873362445413,0.013100436681222707,0.034934497816593885,0.0,0.026200873362445413,0.008733624454148471,0.008733624454148471,0.021834061135371178,0.004366812227074236,0.013100436681222707,0.017467248908296942,0.013100436681222707,0.004366812227074236,0.004366812227074236,0.0,0.004366812227074236,0.004366812227074236,0.0,0.004366812227074236,0.0,0.008733624454148471,0.008733624454148471,0.0,0.004366812227074236,0.0,0.0,0.004366812227074236,0.0,0.0,0.0,0.0,0.0,0.0,0.0,0.0,0.0,0.0,0.0,0.0,0.0,0.004366812227074236,0.0,0.0,0.0,0.0,0.0,0.0,0.0,0.0,0.0,0.0,0.0,0.0,0.0,0.0,0.0,0.0,0.0,0.0,0.0,0.0,0.0,0.0,0.0,0.0,0.0,0.004366812227074236,0.0,0.0,0.0,0.0,0.0,0.0,0.0,0.0,0.0,0.0,0.0,0.0,0.0,0.0,0.0,0.0,0.0,0.0,0.0,0.0,0.0,0.0,0.0,0.0
J07A3191,0.53125,0.11328125,0.046875,0.03125,0.0390625,0.015625,0.02734375,0.015625,0.015625,0.01171875,0.015625,0.0078125,0.01171875,0.0078125,0.00390625,0.0,0.0078125,0.00390625,0.0,0.0078125,0.0,0.0078125,0.00390625,0.0,0.01171875,0.00390625,0.00390625,0.0,0.01171875,0.01171875,0.0,0.0,0.0078125,0.0,0.0,0.0,0.0,0.00390625,0.0,0.0,0.0,0.00390625,0.00390625,0.0,0.0,0.0,0.0,0.00390625,0.0,0.0,0.0,0.0,0.0,0.0,0.0,0.0,0.00390625,0.0,0.0,0.0,0.0,0.00390625,0.0,0.0,0.0,0.0,0.0,0.0,0.0,0.0,0.0,0.0,0.0,0.0,0.0,0.0,0.0,0.0,0.0,0.0,0.0,0.0,0.0,0.0,0.0,0.0,0.0,0.0,0.0,0.0,0.0,0.0,0.0,0.0,0.0,0.0,0.0,0.0,0.0,0.0,0.0
J07A3192,0.4492753623188406,0.25120772946859904,0.10628019323671498,0.04830917874396135,0.03864734299516908,0.014492753623188406,0.014492753623188406,0.00966183574879227,0.0,0.0,0.014492753623188406,0.00966183574879227,0.004830917874396135,0.004830917874396135,0.004830917874396135,0.0,0.0,0.0,0.0,0.004830917874396135,0.004830917874396135,0.0,0.0,0.0,0.0,0.004830917874396135,0.0,0.0,0.0,0.0,0.0,0.0,0.0,0.0,0.004830917874396135,0.0,0.004830917874396135,0.0,0.0,0.004830917874396135,0.0,0.0,0.0,0.0,0.0,0.0,0.0,0.0,0.0,0.0,0.0,0.0,0.0,0.0,0.0,0.0,0.0,0.0,0.0,0.0,0.0,0.0,0.0,0.0,0.0,0.0,0.0,0.0,0.0,0.0,0.0,0.0,0.0,0.0,0.0,0.0,0.0,0.0,0.0,0.0,0.0,0.0,0.0,0.0,0.0,0.0,0.0,0.0,0.0,0.0,0.0,0.0,0.0,0.0,0.0,0.0,0.0,0.0,0.0,0.0,0.0
J07A3193,0.20155038759689922,0.16279069767441862,0.08527131782945736,0.06201550387596899,0.04263565891472868,0.01937984496124031,0.031007751937984496,0.01937984496124031,0.01937984496124031,0.011627906976744186,0.007751937984496124,0.007751937984496124,0.011627906976744186,0.003875968992248062,0.007751937984496124,0.007751937984496124,0.011627906976744186,0.007751937984496124,0.007751937984496124,0.003875968992248062,0.007751937984496124,0.003875968992248062,0.0,0.0,0.003875968992248062,0.007751937984496124,0.0,0.003875968992248062,0.007751937984496124,0.003875968992248062,0.007751937984496124,0.003875968992248062,0.003875968992248062,0.011627906976744186,0.007751937984496124,0.003875968992248062,0.003875968992248062,0.0,0.007751937984496124,0.0,0.0,0.003875968992248062,0.003875968992248062,0.007751937984496124,0.0,0.003875968992248062,0.007751937984496124,0.0,0.0,0.003875968992248062,0.003875968992248062,0.007751937984496124,0.011627906976744186,0.003875968992248062,0.007751937984496124,0.0,0.0,0.003875968992248062,0.0,0.003875968992248062,0.0,0.003875968992248062,0.007751937984496124,0.011627906976744186,0.0,0.0,0.003875968992248062,0.0,0.0,0.003875968992248062,0.003875968992248062,0.003875968992248062,0.003875968992248062,0.0,0.003875968992248062,0.003875968992248062,0.003875968992248062,0.015503875968992248,0.007751937984496124,0.0,0.007751937984496124,0.0,0.0,0.0,0.003875968992248062,0.0,0.003875968992248062,0.003875968992248062,0.0,0.003875968992248062,0.0,0.0,0.003875968992248062,0.0,0.0,0.0,0.0,0.0,0.0,0.0,0.0
